-- MySQL dump 10.19  Distrib 10.3.39-MariaDB, for debian-linux-gnu (x86_64)
--
-- Host: localhost    Database: atomo_sc_kpembele
-- ------------------------------------------------------
-- Server version	10.3.39-MariaDB-0ubuntu0.20.04.2

/*!40101 SET @OLD_CHARACTER_SET_CLIENT=@@CHARACTER_SET_CLIENT */;
/*!40101 SET @OLD_CHARACTER_SET_RESULTS=@@CHARACTER_SET_RESULTS */;
/*!40101 SET @OLD_COLLATION_CONNECTION=@@COLLATION_CONNECTION */;
/*!40101 SET NAMES utf8mb4 */;
/*!40103 SET @OLD_TIME_ZONE=@@TIME_ZONE */;
/*!40103 SET TIME_ZONE='+00:00' */;
/*!40014 SET @OLD_UNIQUE_CHECKS=@@UNIQUE_CHECKS, UNIQUE_CHECKS=0 */;
/*!40014 SET @OLD_FOREIGN_KEY_CHECKS=@@FOREIGN_KEY_CHECKS, FOREIGN_KEY_CHECKS=0 */;
/*!40101 SET @OLD_SQL_MODE=@@SQL_MODE, SQL_MODE='NO_AUTO_VALUE_ON_ZERO' */;
/*!40111 SET @OLD_SQL_NOTES=@@SQL_NOTES, SQL_NOTES=0 */;

--
-- Table structure for table `agts`
--

DROP TABLE IF EXISTS `agts`;
/*!40101 SET @saved_cs_client     = @@character_set_client */;
/*!40101 SET character_set_client = utf8 */;
CREATE TABLE `agts` (
  `id` bigint(20) unsigned NOT NULL AUTO_INCREMENT,
  `private_key` text DEFAULT NULL,
  `public_key` text DEFAULT NULL,
  `created_at` timestamp NULL DEFAULT NULL,
  `updated_at` timestamp NULL DEFAULT NULL,
  PRIMARY KEY (`id`)
) ENGINE=InnoDB AUTO_INCREMENT=2 DEFAULT CHARSET=utf8mb4 COLLATE=utf8mb4_unicode_ci;
/*!40101 SET character_set_client = @saved_cs_client */;

--
-- Dumping data for table `agts`
--

LOCK TABLES `agts` WRITE;
/*!40000 ALTER TABLE `agts` DISABLE KEYS */;
INSERT INTO `agts` VALUES (1,'MIICXAIBAAKBgQC4dcYScJrnD1xCbBAlSwQN80TYmlMhC1q3fqyL0y2ygQOmtKKYJkDDp/bx0F7ZJ4psVDAmJ1PC2SlHfVPtSZrsVTIf/OlWMsrkLQ+bSf2vJuzUgDagZ/htowIn3io6myiY+Ehq9vDjCd65XV/Hq2sDZoksXMpQU8kQoIF4P2oJqwIDAQABAoGBAJdMauHXIQdjDv6gWoHsTPAQWKj9tC/He2pE6cxqs/HVZqRHR5Ja1gZl7+SaUCH4D88ZIsE4wrhwnS45OyzHkdzg6pe1CNhKi1Md3pCsDSzuyes0KpW6Gl1WeNWo4gLd0cxd0shLtq6aUPW17RMGq2qqEbfH4THB21/8OrHz+A25AkEA2sZTr+ea759PgO9W24uRx4NwPhfOObYzc4SVwNJlkxMmkUBIgKzTXykKyHRVI5V55mUf2c7Fmrbh7Q7eHMFeXQJBANfYuWkMspfSotDMMewIy6Vu5Z4WTAM3VqVlWU0YwsTOxJtuYbQejStDBz9mBCLGZpmJXlhRG9TYKxLt82cFt6cCQFoqFt+OcpqDa/7VpVSCZyh1EVNl+EZswzO+1wFLNTWyVNjUR41QrSSxA5Kt71DlEAJWdxQLVgF3khFjaUMsprkCQEmNzBkVP6LnH56hhv2VPbiBYvQNSxfperhgIh9Yqb6ha3RAGEFmC9tLOyQKoqwrCfmWSzUzZpWQmJUZy1E3LI8CQAWL67LsimFT8lsq+6RiwOSWHlMHFCtpqDLCbWA0PgDNYBmE5HBjyLHC/Fyv7LtSRAnsKJP71VOwQJJKw2PUbQA=','MIGfMA0GCSqGSIb3DQEBAQUAA4GNADCBiQKBgQC4dcYScJrnD1xCbBAlSwQN80TYmlMhC1q3fqyL0y2ygQOmtKKYJkDDp/bx0F7ZJ4psVDAmJ1PC2SlHfVPtSZrsVTIf/OlWMsrkLQ+bSf2vJuzUgDagZ/htowIn3io6myiY+Ehq9vDjCd65XV/Hq2sDZoksXMpQU8kQoIF4P2oJqwIDAQAB',NULL,NULL);
/*!40000 ALTER TABLE `agts` ENABLE KEYS */;
UNLOCK TABLES;

--
-- Table structure for table `armazems`
--

DROP TABLE IF EXISTS `armazems`;
/*!40101 SET @saved_cs_client     = @@character_set_client */;
/*!40101 SET character_set_client = utf8 */;
CREATE TABLE `armazems` (
  `id` bigint(20) unsigned NOT NULL AUTO_INCREMENT,
  `codigo` varchar(191) DEFAULT NULL,
  `designacao` varchar(191) DEFAULT NULL,
  `descricao` varchar(191) DEFAULT NULL,
  `status` tinyint(1) DEFAULT NULL,
  `created_at` timestamp NULL DEFAULT NULL,
  `updated_at` timestamp NULL DEFAULT NULL,
  PRIMARY KEY (`id`)
) ENGINE=InnoDB AUTO_INCREMENT=2 DEFAULT CHARSET=utf8mb4 COLLATE=utf8mb4_unicode_ci;
/*!40101 SET character_set_client = @saved_cs_client */;

--
-- Dumping data for table `armazems`
--

LOCK TABLES `armazems` WRITE;
/*!40000 ALTER TABLE `armazems` DISABLE KEYS */;
INSERT INTO `armazems` VALUES (1,'0001','Sede','I\'ve got.',1,NULL,NULL);
/*!40000 ALTER TABLE `armazems` ENABLE KEYS */;
UNLOCK TABLES;

--
-- Table structure for table `artigos`
--

DROP TABLE IF EXISTS `artigos`;
/*!40101 SET @saved_cs_client     = @@character_set_client */;
/*!40101 SET character_set_client = utf8 */;
CREATE TABLE `artigos` (
  `id` bigint(20) unsigned NOT NULL AUTO_INCREMENT,
  `codigo` varchar(191) DEFAULT NULL,
  `designacao` varchar(191) DEFAULT NULL,
  `tipo_id` bigint(20) unsigned DEFAULT NULL,
  `retencao_id` bigint(20) unsigned DEFAULT NULL,
  `categoria_id` bigint(20) unsigned DEFAULT NULL,
  `imposto_id` bigint(20) unsigned DEFAULT NULL,
  `preco` double DEFAULT NULL,
  `imagem_1` varchar(191) DEFAULT NULL,
  `imagem_2` varchar(191) DEFAULT NULL,
  `imagem_3` varchar(191) DEFAULT NULL,
  `unidade` varchar(191) DEFAULT NULL,
  `fornecedor_id` bigint(20) unsigned DEFAULT NULL,
  `codigo_barra` varchar(191) DEFAULT NULL,
  `is_stock` tinyint(1) DEFAULT NULL,
  `stock_minimo` varchar(191) DEFAULT NULL,
  `stock_maximo` varchar(191) DEFAULT NULL,
  `observacao` varchar(191) DEFAULT NULL,
  `status` tinyint(1) DEFAULT NULL,
  `created_at` timestamp NULL DEFAULT NULL,
  `updated_at` timestamp NULL DEFAULT NULL,
  PRIMARY KEY (`id`),
  KEY `artigos_tipo_id_foreign` (`tipo_id`),
  KEY `artigos_retencao_id_foreign` (`retencao_id`),
  KEY `artigos_categoria_id_foreign` (`categoria_id`),
  KEY `artigos_imposto_id_foreign` (`imposto_id`),
  KEY `artigos_fornecedor_id_foreign` (`fornecedor_id`),
  CONSTRAINT `artigos_categoria_id_foreign` FOREIGN KEY (`categoria_id`) REFERENCES `categorias` (`id`) ON DELETE SET NULL ON UPDATE CASCADE,
  CONSTRAINT `artigos_fornecedor_id_foreign` FOREIGN KEY (`fornecedor_id`) REFERENCES `fornecedors` (`id`) ON DELETE SET NULL ON UPDATE CASCADE,
  CONSTRAINT `artigos_imposto_id_foreign` FOREIGN KEY (`imposto_id`) REFERENCES `impostos` (`id`) ON DELETE SET NULL ON UPDATE CASCADE,
  CONSTRAINT `artigos_retencao_id_foreign` FOREIGN KEY (`retencao_id`) REFERENCES `retencaos` (`id`) ON DELETE SET NULL ON UPDATE CASCADE,
  CONSTRAINT `artigos_tipo_id_foreign` FOREIGN KEY (`tipo_id`) REFERENCES `tipos` (`id`) ON DELETE SET NULL ON UPDATE CASCADE
) ENGINE=InnoDB AUTO_INCREMENT=61 DEFAULT CHARSET=utf8mb4 COLLATE=utf8mb4_unicode_ci;
/*!40101 SET character_set_client = @saved_cs_client */;

--
-- Dumping data for table `artigos`
--

LOCK TABLES `artigos` WRITE;
/*!40000 ALTER TABLE `artigos` DISABLE KEYS */;
INSERT INTO `artigos` VALUES (1,'2024-0001','Energia Monofásico',2,1,2,1,8500,'null.png','null.png','null.png',NULL,NULL,NULL,0,'0','0',NULL,1,'2024-02-06 09:35:29','2024-05-22 09:25:42'),(2,'2024-0002','Tubos de Irrigação 1.5p',1,1,1,4,50000,'null.png','null.png','null.png',NULL,NULL,NULL,1,'50','100',NULL,1,'2024-02-06 10:31:01','2024-02-27 10:34:25'),(3,'2024-0003','Tubos de Irrigação 2 p',1,1,1,1,70000,'null.png','null.png','null.png','1',NULL,NULL,1,'50','100',NULL,1,'2024-02-06 10:51:48','2024-02-09 08:24:41'),(4,'2024-0003','Janeiro Monofásico',1,1,1,4,8500,'null.png','null.png','null.png',NULL,NULL,NULL,0,'0','0',NULL,1,'2024-02-06 10:52:21','2024-02-06 11:05:43'),(5,'2024-0005','Tubos de Irrigação 2 ,5p',1,1,1,1,100000,'null.png','null.png','null.png','1',NULL,NULL,1,'50','100',NULL,1,'2024-02-06 10:54:37','2024-02-09 08:25:11'),(6,'2024-0006','Tubos de Irrigação 3p',1,1,1,1,150000,'null.png','null.png','null.png','1',NULL,NULL,1,'50','100',NULL,1,'2024-02-06 10:57:39','2024-02-08 08:33:27'),(7,'2024-0007','Tubos de Irrigação 4p',1,1,1,1,250000,'null.png','null.png','null.png','1',NULL,NULL,1,'25','50',NULL,1,'2024-02-06 10:59:21','2024-02-08 08:32:08'),(8,'2024-0008','Energia Trifásico',2,1,2,1,15000,'null.png','null.png','null.png','mensal',NULL,NULL,0,'0','0',NULL,1,'2024-02-06 11:03:25','2024-02-06 11:03:32'),(9,'2024-0009','Energia bairro Jorge',2,1,2,1,5000,'null.png','null.png','null.png','mensal',NULL,NULL,0,'0','0',NULL,1,'2024-02-06 11:04:46','2024-02-06 11:04:53'),(10,'2024-0010','FEVEREIRO',2,1,2,4,8500,'null.png','null.png','null.png',NULL,NULL,NULL,0,'0','0',NULL,1,'2024-02-06 11:36:35','2024-02-06 11:36:35'),(11,'2024-0011','MARÇO',2,1,2,4,8500,'null.png','null.png','null.png',NULL,NULL,NULL,0,'0','0',NULL,1,'2024-02-06 11:42:01','2024-02-06 11:42:01'),(12,'2024-0012','OUTUBRO',2,1,2,4,8500,'null.png','null.png','null.png',NULL,NULL,NULL,0,'0','0',NULL,1,'2024-02-06 11:44:04','2024-02-06 11:44:04'),(13,'2024-0013','NOVEMBRO',2,1,2,4,8500,'null.png','null.png','null.png',NULL,NULL,NULL,0,'0','0',NULL,1,'2024-02-06 11:44:38','2024-02-06 11:44:38'),(14,'2024-0014','DEZEMBRO',2,1,2,4,8500,'null.png','null.png','null.png',NULL,NULL,NULL,0,'0','0',NULL,1,'2024-02-06 11:45:04','2024-02-06 11:45:04'),(15,'2024-0015','JANEIRO /TRIFASICO',2,1,2,4,15000,'null.png','null.png','null.png',NULL,NULL,NULL,0,'0','0',NULL,1,'2024-02-06 11:50:12','2024-02-06 11:50:12'),(16,'2024-0016','JANEIRO 5000',2,1,2,4,5000,'null.png','null.png','null.png',NULL,NULL,NULL,0,'0','0',NULL,1,'2024-02-06 12:12:44','2024-02-06 12:12:44'),(17,'2024-0017','ABRIL 5000',2,1,2,4,5000,'null.png','null.png','null.png',NULL,NULL,NULL,0,'0','0',NULL,1,'2024-02-06 12:14:06','2024-02-06 12:14:06'),(18,'2024-0018','DEZEMBRO 5000',2,1,2,4,5000,'null.png','null.png','null.png',NULL,NULL,NULL,0,'0','0',NULL,1,'2024-02-06 12:30:56','2024-02-06 12:30:56'),(19,'2024-0019','NOVEMBRO 5000',2,1,2,4,5000,'null.png','null.png','null.png',NULL,NULL,NULL,0,'0','0',NULL,1,'2024-02-06 12:37:51','2024-02-06 12:37:51'),(20,'2024-0020','OUTUBRO 5000',2,1,2,4,5000,'null.png','null.png','null.png',NULL,NULL,NULL,0,'0','0',NULL,1,'2024-02-06 12:38:19','2024-02-06 12:38:19'),(21,'2024-0021','MANGUEIRA DE CANALIZAÇAO',1,1,1,4,70000,'null.png','null.png','null.png',NULL,NULL,NULL,0,'0','0',NULL,1,'2024-02-06 14:46:18','2024-02-06 14:46:18'),(22,'2024-0022','MANGUEIRA DE CANALIZAÇAO',1,1,1,4,50000,'null.png','null.png','null.png',NULL,NULL,NULL,0,'0','0',NULL,1,'2024-02-07 12:07:15','2024-02-07 12:07:15'),(23,'2024-0023','DEZEMBRO 15000',2,1,2,4,15000,'null.png','null.png','null.png',NULL,NULL,NULL,0,'0','0',NULL,1,'2024-02-07 13:21:33','2024-02-07 13:21:33'),(24,'2024-0024','novembro15000',2,1,2,4,15000,'null.png','null.png','null.png',NULL,NULL,NULL,0,'0','0',NULL,1,'2024-02-09 09:10:30','2024-02-09 09:10:30'),(25,'2024-0025','JUNHO 8500',2,1,2,4,8500,'null.png','null.png','null.png',NULL,NULL,NULL,0,'0','0',NULL,1,'2024-02-09 09:58:48','2024-02-09 09:58:48'),(26,'2024-0026','julho 8500',2,1,2,4,8500,'null.png','null.png','null.png',NULL,NULL,NULL,0,'0','0',NULL,1,'2024-02-15 08:53:51','2024-02-15 08:53:51'),(27,'2024-0027','agosto8500',2,1,2,4,8500,'null.png','null.png','null.png',NULL,NULL,NULL,0,'0','0',NULL,1,'2024-02-15 08:54:28','2024-02-15 08:54:28'),(28,'2024-0028','janeiro 5000',2,1,2,4,5000,'null.png','null.png','null.png',NULL,NULL,NULL,0,'0','0',NULL,1,'2024-02-15 09:09:39','2024-02-15 09:09:39'),(29,'2024-0029','fevereiro5000',2,1,2,4,5000,'null.png','null.png','null.png',NULL,NULL,NULL,0,'0','0',NULL,1,'2024-02-15 09:10:44','2024-02-15 09:10:44'),(30,'2024-0030','janeiro8000',2,1,2,4,8000,'null.png','null.png','null.png',NULL,NULL,NULL,0,'0','0',NULL,1,'2024-02-15 09:12:27','2024-02-15 09:12:27'),(31,'2024-0031','MANGUEIRA2 POLEGADA',2,1,2,4,85000,'null.png','null.png','null.png',NULL,NULL,NULL,0,'0','0',NULL,1,'2024-02-23 08:48:05','2024-02-23 08:48:05'),(32,'2024-0032','MANGUEIRA 70000',2,1,2,4,70000,'null.png','null.png','null.png',NULL,NULL,NULL,0,'0','0',NULL,1,'2024-02-27 08:58:14','2024-02-27 08:58:14'),(33,'2024-0033','MANGUEIRA50000',2,1,2,4,50000,'null.png','null.png','null.png',NULL,NULL,NULL,0,'0','0',NULL,1,'2024-02-27 08:59:15','2024-02-27 08:59:15'),(34,'2024-0034','MANGUEIRA 100000',2,1,2,4,100000,'null.png','null.png','null.png',NULL,NULL,NULL,0,'0','0',NULL,1,'2024-02-27 08:59:50','2024-02-27 08:59:50'),(35,'2024-0035','MANUEIRA 3PLGDA',2,1,2,4,150000,'null.png','null.png','null.png',NULL,NULL,NULL,0,'0','0',NULL,1,'2024-02-27 09:03:02','2024-02-27 09:03:02'),(36,'2024-0036','MANGUEIRA70000',2,1,2,4,70000,'null.png','null.png','null.png',NULL,NULL,NULL,0,'0','0',NULL,1,'2024-02-27 10:30:53','2024-02-27 10:30:53'),(37,'2024-0037','MANGUEIRA75000',1,1,1,4,75000,'null.png','null.png','null.png',NULL,NULL,NULL,0,'0','0',NULL,1,'2024-02-27 12:16:20','2024-02-27 12:16:20'),(38,'2024-0038','2/5 POLEGADA 105',1,1,1,4,105000,'null.png','null.png','null.png',NULL,NULL,NULL,0,'0','0',NULL,1,'2024-02-27 12:17:14','2024-02-27 12:17:14'),(39,'2024-0039','MUDANÇA /ENERGIA TRIFASICA',1,1,1,4,100000,'null.png','null.png','null.png',NULL,NULL,NULL,0,'0','0',NULL,1,'2024-02-29 08:03:05','2024-02-29 08:03:05'),(40,'2024-0040','ENERGIA MONOFASICA',1,1,1,4,150000,'null.png','null.png','null.png',NULL,NULL,NULL,0,'0','0',NULL,1,'2024-02-29 08:03:40','2024-02-29 08:03:40'),(41,'2024-0041','FEVEREIRO 15000',1,1,1,4,15000,'null.png','null.png','null.png',NULL,NULL,NULL,0,'0','0',NULL,1,'2024-03-06 13:38:38','2024-03-06 13:38:38'),(42,'2024-0042','MARÇO15000',1,1,1,4,15000,'null.png','null.png','null.png',NULL,NULL,NULL,0,'0','0',NULL,1,'2024-03-06 13:40:16','2024-03-06 13:40:16'),(43,'2024-0043','ABRIL8500',1,1,1,4,8500,'null.png','null.png','null.png',NULL,NULL,NULL,0,'0','0',NULL,1,'2024-03-13 09:08:09','2024-03-13 09:08:09'),(44,'2024-0044','TAXA RELIGAÇAO',1,1,1,4,3000,'null.png','null.png','null.png',NULL,NULL,NULL,0,'0','0',NULL,1,'2024-03-13 09:09:29','2024-03-13 09:09:29'),(45,'2024-0045','SETEMBRO8500',1,1,1,4,8500,'null.png','null.png','null.png',NULL,NULL,NULL,0,'0','0',NULL,1,'2024-03-13 09:20:08','2024-03-13 09:20:08'),(46,'2024-0046','MARÇO5000',1,1,1,4,5000,'null.png','null.png','null.png',NULL,NULL,NULL,0,'0','0',NULL,1,'2024-04-10 08:29:51','2024-04-10 08:29:51'),(47,'2024-0047','ABRIL 15.000',1,1,1,4,15000,'null.png','null.png','null.png',NULL,NULL,NULL,0,'0','0',NULL,1,'2024-04-10 14:07:01','2024-04-10 14:07:01'),(48,'2024-0048','OLÉO DIESEL',2,1,2,4,25350,'null.png','null.png','null.png','0',NULL,NULL,1,'39999999','4999999998',NULL,1,'2024-05-22 06:25:43','2024-05-22 11:03:29'),(49,'2024-0049','OLÉO DIESEL',1,1,1,4,253.5,'null.png','null.png','null.png',NULL,NULL,NULL,0,'0','0',NULL,1,'2024-05-22 07:10:14','2024-05-22 07:10:14'),(50,'2024-0050','DIESEL OLÉO',2,1,2,4,25350,'null.png','null.png','null.png',NULL,NULL,NULL,0,'0','0',NULL,1,'2024-05-22 07:15:52','2024-05-22 07:15:52'),(51,'2024-0051','OLÉOS DIESEL',2,1,2,4,25350,'null.png','null.png','null.png',NULL,NULL,NULL,1,'0','0',NULL,1,'2024-05-22 09:14:28','2024-05-22 11:53:37'),(52,'2024-0052','LIQUIDO DIESEL',1,1,1,4,25350,'null.png','null.png','null.png','320',1,NULL,1,'1000','10000',NULL,1,'2024-05-22 10:40:02','2024-05-22 11:42:16'),(53,'2024-0053','diesel Óleo',1,1,1,4,25350,'null.png','null.png','null.png','1',1,NULL,0,'0','0',NULL,1,'2024-05-22 11:15:19','2024-05-22 11:31:48'),(54,'2024-0054','Óleo Diesel',1,1,1,4,8112000,'null.png','null.png','null.png','320',1,NULL,1,'0','0',NULL,1,'2024-05-22 11:27:02','2024-05-22 11:31:11'),(55,'2024-0055','OLEO DO MOTOR',1,1,1,1,25350,'null.png','null.png','null.png','100',1,NULL,0,'0','0',NULL,1,'2024-05-22 11:53:13','2024-05-22 11:53:13'),(56,'2024-0056','Oil Diesel',1,1,1,1,25350,'null.png','null.png','null.png','320',1,NULL,1,'1000','10000',NULL,1,'2024-05-23 05:28:07','2024-05-23 05:34:28'),(57,'2024-0057','CONTRATO MONOFASICO',1,1,1,4,150000,'null.png','null.png','null.png',NULL,NULL,NULL,0,'0','0',NULL,1,'2024-05-31 11:32:05','2024-05-31 11:32:05'),(58,'2024-0058','CONTRATO TRIFASICO',1,1,1,4,250000,'null.png','null.png','null.png',NULL,NULL,NULL,0,'0','0',NULL,1,'2024-05-31 11:34:13','2024-05-31 11:34:13'),(59,'2024-0059','mangueira de canalização 3 polegada',2,1,2,1,200000,'null.png','null.png','null.png',NULL,NULL,NULL,1,'0','0',NULL,1,'2024-10-01 12:34:29','2024-10-03 11:18:08'),(60,'2024-0060','mangueira 2/5',1,1,1,1,120000,'null.png','null.png','null.png',NULL,NULL,NULL,0,'0','0',NULL,1,'2024-10-11 05:27:37','2024-10-11 05:27:37');
/*!40000 ALTER TABLE `artigos` ENABLE KEYS */;
UNLOCK TABLES;

--
-- Table structure for table `bancos`
--

DROP TABLE IF EXISTS `bancos`;
/*!40101 SET @saved_cs_client     = @@character_set_client */;
/*!40101 SET character_set_client = utf8 */;
CREATE TABLE `bancos` (
  `id` bigint(20) unsigned NOT NULL AUTO_INCREMENT,
  `nome` varchar(191) NOT NULL,
  `numero` varchar(191) NOT NULL,
  `iban` varchar(191) NOT NULL,
  `swift` varchar(191) DEFAULT NULL,
  `created_at` timestamp NULL DEFAULT NULL,
  `updated_at` timestamp NULL DEFAULT NULL,
  PRIMARY KEY (`id`)
) ENGINE=InnoDB AUTO_INCREMENT=2 DEFAULT CHARSET=utf8mb4 COLLATE=utf8mb4_unicode_ci;
/*!40101 SET character_set_client = @saved_cs_client */;

--
-- Dumping data for table `bancos`
--

LOCK TABLES `bancos` WRITE;
/*!40000 ALTER TABLE `bancos` DISABLE KEYS */;
INSERT INTO `bancos` VALUES (1,'BANCO Atlântico Millenium','34639314101','0055.0000.3463.9314.1016.3','K.Pembele, Lda','2023-07-05 10:29:53','2024-02-06 10:24:06');
/*!40000 ALTER TABLE `bancos` ENABLE KEYS */;
UNLOCK TABLES;

--
-- Table structure for table `bugs`
--

DROP TABLE IF EXISTS `bugs`;
/*!40101 SET @saved_cs_client     = @@character_set_client */;
/*!40101 SET character_set_client = utf8 */;
CREATE TABLE `bugs` (
  `id` bigint(20) unsigned NOT NULL AUTO_INCREMENT,
  `descricao` text NOT NULL,
  `status` enum('Pendente','Em Andamento','Resolvido') NOT NULL DEFAULT 'Pendente',
  `criador_id` bigint(20) unsigned NOT NULL,
  `executor_id` bigint(20) unsigned DEFAULT NULL,
  `created_at` timestamp NULL DEFAULT NULL,
  `updated_at` timestamp NULL DEFAULT NULL,
  PRIMARY KEY (`id`),
  KEY `bugs_criador_id_foreign` (`criador_id`),
  KEY `bugs_executor_id_foreign` (`executor_id`),
  CONSTRAINT `bugs_criador_id_foreign` FOREIGN KEY (`criador_id`) REFERENCES `users` (`id`),
  CONSTRAINT `bugs_executor_id_foreign` FOREIGN KEY (`executor_id`) REFERENCES `users` (`id`)
) ENGINE=InnoDB DEFAULT CHARSET=utf8mb4 COLLATE=utf8mb4_unicode_ci;
/*!40101 SET character_set_client = @saved_cs_client */;

--
-- Dumping data for table `bugs`
--

LOCK TABLES `bugs` WRITE;
/*!40000 ALTER TABLE `bugs` DISABLE KEYS */;
/*!40000 ALTER TABLE `bugs` ENABLE KEYS */;
UNLOCK TABLES;

--
-- Table structure for table `categorias`
--

DROP TABLE IF EXISTS `categorias`;
/*!40101 SET @saved_cs_client     = @@character_set_client */;
/*!40101 SET character_set_client = utf8 */;
CREATE TABLE `categorias` (
  `id` bigint(20) unsigned NOT NULL AUTO_INCREMENT,
  `codigo` varchar(191) DEFAULT NULL,
  `designacao` varchar(191) DEFAULT NULL,
  `descricao` varchar(191) DEFAULT NULL,
  `status` tinyint(1) DEFAULT NULL,
  `created_at` timestamp NULL DEFAULT NULL,
  `updated_at` timestamp NULL DEFAULT NULL,
  PRIMARY KEY (`id`)
) ENGINE=InnoDB AUTO_INCREMENT=3 DEFAULT CHARSET=utf8mb4 COLLATE=utf8mb4_unicode_ci;
/*!40101 SET character_set_client = @saved_cs_client */;

--
-- Dumping data for table `categorias`
--

LOCK TABLES `categorias` WRITE;
/*!40000 ALTER TABLE `categorias` DISABLE KEYS */;
INSERT INTO `categorias` VALUES (1,'0001','Produto',NULL,1,'2024-02-06 09:32:27','2024-02-06 09:32:27'),(2,'0002','Serviço',NULL,1,'2024-02-06 09:32:38','2024-02-06 09:32:38');
/*!40000 ALTER TABLE `categorias` ENABLE KEYS */;
UNLOCK TABLES;

--
-- Table structure for table `clientes`
--

DROP TABLE IF EXISTS `clientes`;
/*!40101 SET @saved_cs_client     = @@character_set_client */;
/*!40101 SET character_set_client = utf8 */;
CREATE TABLE `clientes` (
  `id` bigint(20) unsigned NOT NULL AUTO_INCREMENT,
  `codigo` varchar(191) DEFAULT NULL,
  `designacao` varchar(191) DEFAULT NULL,
  `contribuinte` varchar(191) DEFAULT NULL,
  `zona` varchar(191) DEFAULT NULL,
  `identificacao` varchar(191) DEFAULT NULL,
  `observacao` varchar(191) DEFAULT NULL,
  `imagem` varchar(191) DEFAULT NULL,
  `status` tinyint(1) DEFAULT NULL,
  `id_endereco` bigint(20) unsigned DEFAULT NULL,
  `id_contacto` bigint(20) unsigned DEFAULT NULL,
  `created_at` timestamp NULL DEFAULT NULL,
  `updated_at` timestamp NULL DEFAULT NULL,
  PRIMARY KEY (`id`),
  KEY `clientes_id_endereco_foreign` (`id_endereco`),
  KEY `clientes_id_contacto_foreign` (`id_contacto`),
  CONSTRAINT `clientes_id_contacto_foreign` FOREIGN KEY (`id_contacto`) REFERENCES `contactos` (`id`) ON DELETE CASCADE,
  CONSTRAINT `clientes_id_endereco_foreign` FOREIGN KEY (`id_endereco`) REFERENCES `enderecos` (`id`) ON DELETE CASCADE
) ENGINE=InnoDB AUTO_INCREMENT=186 DEFAULT CHARSET=utf8mb4 COLLATE=utf8mb4_unicode_ci;
/*!40101 SET character_set_client = @saved_cs_client */;

--
-- Dumping data for table `clientes`
--

LOCK TABLES `clientes` WRITE;
/*!40000 ALTER TABLE `clientes` DISABLE KEYS */;
INSERT INTO `clientes` VALUES (1,'2024-0001','Mercado do 30 (Trinta)',NULL,NULL,NULL,NULL,'null.png',1,1,1,'2024-02-06 09:37:39','2024-02-08 08:23:11'),(2,'2024-0002','António Fernades',NULL,NULL,NULL,NULL,'null.png',1,2,2,'2024-02-06 10:49:31','2024-02-06 10:49:31'),(3,'2024-0003','ARLINDO DA SILVA',NULL,NULL,NULL,NULL,'null.png',1,3,3,'2024-02-06 11:14:13','2024-02-06 11:14:13'),(4,'2024-0004','ABEL VIEIRA',NULL,NULL,NULL,NULL,'null.png',1,4,4,'2024-02-06 11:15:01','2024-02-06 11:15:01'),(5,'2024-0005','NAZARE EDUARDO',NULL,NULL,NULL,NULL,'null.png',1,5,5,'2024-02-06 11:27:51','2024-02-06 11:27:51'),(6,'2024-0006','DOMINGAS GAMA',NULL,NULL,NULL,NULL,'null.png',1,6,6,'2024-02-06 11:35:28','2024-02-06 11:35:28'),(7,'2024-0007','ETELVINA ANDRADE',NULL,NULL,NULL,NULL,'null.png',1,7,7,'2024-02-06 11:42:47','2024-02-06 11:42:47'),(8,'2024-0008','ADLADA MOISES',NULL,NULL,NULL,NULL,'null.png',1,8,8,'2024-02-06 11:49:16','2024-02-06 11:49:16'),(9,'2024-0009','VICTORIA GINGA',NULL,NULL,NULL,NULL,'null.png',1,9,9,'2024-02-06 11:51:43','2024-02-06 11:51:43'),(10,'2024-0010','SIMAO ANDRE',NULL,NULL,NULL,NULL,'null.png',1,10,10,'2024-02-06 12:01:24','2024-02-06 12:01:24'),(11,'2024-0011','IVO ZANGUE',NULL,NULL,NULL,NULL,'null.png',1,11,11,'2024-02-06 12:11:46','2024-02-06 12:11:46'),(12,'2024-0012','INACIA MUSSONGA',NULL,NULL,NULL,NULL,'null.png',1,12,12,'2024-02-06 12:24:37','2024-02-06 12:24:37'),(13,'2024-0013','JOSE ADELINO',NULL,NULL,NULL,NULL,'null.png',1,13,13,'2024-02-06 12:25:01','2024-02-06 12:25:01'),(14,'2024-0014','ELISIO  MARIO CHAVES NEVES',NULL,NULL,NULL,NULL,'null.png',1,14,14,'2024-02-06 12:25:20','2024-03-20 10:17:14'),(15,'2024-0015','MARIZA CAMBUANA',NULL,NULL,NULL,NULL,'null.png',1,15,15,'2024-02-06 12:25:48','2024-02-06 12:25:48'),(16,'2024-0016','MOISES JOAQUIM VUNGE',NULL,NULL,NULL,NULL,'null.png',1,16,16,'2024-02-06 12:26:17','2024-02-06 12:26:17'),(17,'2024-0017','MANUEL NGOLA',NULL,NULL,NULL,NULL,'null.png',1,17,17,'2024-02-06 12:26:36','2024-02-06 12:26:36'),(18,'2024-0018','NVUNDA LOPES',NULL,NULL,NULL,NULL,'null.png',1,18,18,'2024-02-06 12:27:34','2024-02-06 12:27:34'),(19,'2024-0019','MOISES ALFREDO LOURENÇO',NULL,NULL,NULL,NULL,'null.png',1,19,19,'2024-02-06 12:30:19','2024-02-06 12:30:19'),(20,'2024-0020','ADELIA FLORA PAULO DA SILVA',NULL,NULL,NULL,NULL,'null.png',1,20,20,'2024-02-06 13:03:43','2024-02-06 13:03:43'),(21,'2024-0021','ADELINO MARTINHO',NULL,NULL,NULL,NULL,'null.png',1,21,21,'2024-02-06 13:04:09','2024-02-06 13:04:09'),(22,'2024-0022','ARTUR ERNESTO PAULO',NULL,NULL,NULL,NULL,'null.png',1,22,22,'2024-02-06 13:04:38','2024-02-06 13:04:38'),(23,'2024-0023','ANA VANESSA LOPES',NULL,NULL,NULL,NULL,'null.png',1,23,23,'2024-02-06 13:05:04','2024-02-06 13:05:04'),(24,'2024-0024','ALBINO  JOSE LANDES',NULL,NULL,NULL,NULL,'null.png',1,24,24,'2024-02-06 13:05:36','2024-02-06 13:05:36'),(25,'2024-0025','ANTONIO LOURENÇO GOSTINHO',NULL,NULL,NULL,NULL,'null.png',1,25,25,'2024-02-06 13:06:06','2024-02-06 13:06:06'),(26,'2024-0026','ANTONIO SANCHO',NULL,NULL,NULL,NULL,'null.png',1,26,26,'2024-02-06 13:06:46','2024-02-06 13:06:46'),(27,'2024-0027','ANA JOAO DA COSTA',NULL,NULL,NULL,NULL,'null.png',1,27,27,'2024-02-06 13:07:10','2024-02-06 13:07:10'),(28,'2024-0028','AUGUSTO OLIVIO ANTONIO AFONSO',NULL,NULL,NULL,NULL,'null.png',1,28,28,'2024-02-06 13:08:03','2024-02-06 13:08:03'),(29,'2024-0029','ABEL MIGUEL DE FIGUEIREDO',NULL,NULL,NULL,NULL,'null.png',1,29,29,'2024-02-06 13:09:51','2024-02-06 13:09:51'),(30,'2024-0030','AZENAIDA KATUMBELA',NULL,NULL,NULL,NULL,'null.png',1,30,30,'2024-02-06 13:10:31','2024-02-06 13:10:31'),(31,'2024-0031','ALBERTO ANTONIO LUIS',NULL,NULL,NULL,NULL,'null.png',1,31,31,'2024-02-06 13:14:00','2024-02-06 13:14:00'),(32,'2024-0032','ABELINHA TETA MATUDIDI',NULL,NULL,NULL,NULL,'null.png',1,32,32,'2024-02-06 13:14:27','2024-02-06 13:14:27'),(33,'2024-0033','ANDRE SABALO',NULL,NULL,NULL,NULL,'null.png',1,33,33,'2024-02-06 13:14:43','2024-02-06 13:14:43'),(34,'2024-0034','BAPTISTA MUSSONGA',NULL,NULL,NULL,NULL,'null.png',1,34,34,'2024-02-06 13:15:46','2024-02-06 13:15:46'),(35,'2024-0035','BRINTO MATA',NULL,NULL,NULL,NULL,'null.png',1,35,35,'2024-02-06 13:16:55','2024-02-06 13:16:55'),(36,'2024-0036','CONSTANTINO ARTUR',NULL,NULL,NULL,NULL,'null.png',1,36,36,'2024-02-06 13:17:22','2024-02-06 13:17:22'),(37,'2024-0037','CORREIA VICENTE PONGOLOLO',NULL,NULL,NULL,NULL,'null.png',1,37,37,'2024-02-06 13:17:51','2024-02-06 13:17:51'),(38,'2024-0038','CLAUDIA CARDOSO RODRIGUES',NULL,NULL,NULL,NULL,'null.png',1,38,38,'2024-02-06 13:28:34','2024-02-06 13:28:34'),(39,'2024-0039','CIZA CELESTINA GOMES',NULL,NULL,NULL,NULL,'null.png',1,39,39,'2024-02-06 13:29:01','2024-02-06 13:29:01'),(40,'2024-0040','CRUZ BENEDITO MIGUEL NOY',NULL,NULL,NULL,NULL,'null.png',1,40,40,'2024-02-06 13:29:28','2024-02-06 13:29:28'),(41,'2024-0041','CARLOS CARDOSO VIOLA',NULL,NULL,NULL,NULL,'null.png',1,41,41,'2024-02-06 13:29:59','2024-02-06 13:29:59'),(42,'2024-0042','CHRISTIAN CHIDIMNA /RESTAURANTE',NULL,NULL,NULL,NULL,'null.png',1,42,42,'2024-02-06 13:30:45','2024-02-06 13:30:45'),(43,'2024-0043','CHRISTIAN CHIDIMNA / CASA',NULL,NULL,NULL,NULL,'null.png',1,43,43,'2024-02-06 13:31:30','2024-02-06 13:31:30'),(44,'2024-0044','DOMINGOS BUMBA SARDINHA',NULL,NULL,NULL,NULL,'null.png',1,44,44,'2024-02-06 13:31:59','2024-02-06 13:31:59'),(45,'2024-0045','DORIVALDO FERNANDES DOMINGOS',NULL,NULL,NULL,NULL,'null.png',1,45,45,'2024-02-06 13:32:35','2024-02-06 13:32:35'),(46,'2024-0046','DIOGO MIGUEL ANTONIO',NULL,NULL,NULL,NULL,'null.png',1,46,46,'2024-02-06 13:33:01','2024-02-06 13:34:06'),(47,'2024-0047','ELVIRA MIGUEL',NULL,NULL,NULL,NULL,'null.png',1,47,47,'2024-02-06 13:34:23','2024-02-06 13:34:23'),(48,'2024-0048','DOMINGOS PACHECO',NULL,NULL,NULL,NULL,'null.png',1,48,48,'2024-02-06 13:34:52','2024-02-06 13:34:52'),(49,'2024-0049','DIOLINDA C.DA SILVA MIDOSI',NULL,NULL,NULL,NULL,'null.png',1,49,49,'2024-02-06 13:35:25','2024-02-06 13:35:25'),(50,'2024-0050','DAVID URBANO',NULL,NULL,NULL,NULL,'null.png',1,50,50,'2024-02-06 13:35:48','2024-02-06 13:35:48'),(51,'2024-0051','FRANCISCO EVARISTO',NULL,NULL,NULL,NULL,'null.png',1,51,51,'2024-02-06 13:36:26','2024-02-06 13:36:26'),(52,'2024-0052','ERNESTO ANTONIO LIMA',NULL,NULL,NULL,NULL,'null.png',1,52,52,'2024-02-06 13:43:11','2024-02-06 13:43:11'),(53,'2024-0053','ELISIO MANUEL DA CONCEIÇAO',NULL,NULL,NULL,NULL,'null.png',1,53,53,'2024-02-06 13:43:36','2024-02-06 13:43:36'),(54,'2024-0054','ESTEVAO JOVETI',NULL,NULL,NULL,NULL,'null.png',1,54,54,'2024-02-06 13:43:54','2024-02-06 13:43:54'),(55,'2024-0055','ERNESTO JOAO',NULL,NULL,NULL,NULL,'null.png',1,55,55,'2024-02-06 13:44:16','2024-02-06 13:44:16'),(56,'2024-0056','EVANDER CARLOS SILVA',NULL,NULL,NULL,NULL,'null.png',1,56,56,'2024-02-06 13:45:30','2024-02-06 13:45:30'),(57,'2024-0057','FERREIRA KILAY',NULL,NULL,NULL,NULL,'null.png',1,57,57,'2024-02-06 13:51:54','2024-02-06 13:51:54'),(58,'2024-0058','FRANCISCA HUGO ANDRADE',NULL,NULL,NULL,NULL,'null.png',1,58,58,'2024-02-06 13:52:18','2024-02-06 13:52:18'),(59,'2024-0059','FELIZARDA TEIXEIRA',NULL,NULL,NULL,NULL,'null.png',1,59,59,'2024-02-06 13:52:46','2024-02-06 13:52:46'),(60,'2024-0060','FILIPE NZANZA',NULL,NULL,NULL,NULL,'null.png',1,60,60,'2024-02-06 13:53:06','2024-02-06 13:53:06'),(61,'2024-0061','FELICIANA FIGUEIRA',NULL,NULL,NULL,NULL,'null.png',1,61,61,'2024-02-06 13:53:25','2024-02-06 13:53:25'),(62,'2024-0062','FILIPE JUNIOR',NULL,NULL,NULL,NULL,'null.png',1,62,62,'2024-02-06 13:53:49','2024-02-06 13:53:49'),(63,'2024-0063','FILIPE MANUEL FERNANDO',NULL,NULL,NULL,NULL,'null.png',1,63,63,'2024-02-06 13:54:06','2024-02-06 13:54:06'),(64,'2024-0064','FELIZARDO MIGUEL JOSE ARMISIO',NULL,NULL,NULL,NULL,'null.png',1,64,64,'2024-02-06 13:54:30','2024-02-06 13:54:30'),(65,'2024-0065','GEOFFERY CHIMIZIE ONYEYIRI',NULL,NULL,NULL,NULL,'null.png',1,65,65,'2024-02-06 13:55:07','2024-02-06 13:55:07'),(66,'2024-0066','GRAÇA JOSE FELICIANO',NULL,NULL,NULL,NULL,'null.png',1,66,66,'2024-02-06 13:55:28','2024-02-06 13:55:28'),(67,'2024-0067','GILSON ARMANDO LIPANDINGA',NULL,NULL,NULL,NULL,'null.png',1,67,67,'2024-02-06 13:55:58','2024-02-06 13:55:58'),(68,'2024-0068','GEZMA MARIANO',NULL,NULL,NULL,NULL,'null.png',1,68,68,'2024-02-06 13:56:17','2024-02-06 13:56:17'),(69,'2024-0069','HUGO MONTEIRO MIGUEL',NULL,NULL,NULL,NULL,'null.png',1,69,69,'2024-02-06 13:56:42','2024-02-06 13:56:42'),(70,'2024-0070','HELIO LISSANDRO XAVIER',NULL,NULL,NULL,NULL,'null.png',1,70,70,'2024-02-06 13:57:09','2024-02-06 13:57:09'),(71,'2024-0071','HENRIQUE M. FERNANDO ROSA',NULL,NULL,NULL,NULL,'null.png',1,71,71,'2024-02-06 13:57:36','2024-02-06 13:57:36'),(72,'2024-0072','HERMINIA DE .L. O. DOS SANTOS',NULL,NULL,NULL,NULL,'null.png',1,72,72,'2024-02-06 13:58:02','2024-02-06 13:58:02'),(73,'2024-0073','MARIO BARREIRO',NULL,NULL,NULL,NULL,'null.png',1,73,73,'2024-02-06 14:43:22','2024-02-06 14:43:22'),(74,'2024-0074','IGOR MARVI NUNES LEITAO',NULL,NULL,NULL,NULL,'null.png',1,74,74,'2024-02-07 12:16:07','2024-02-07 12:16:07'),(75,'2024-0075','IVO CANGONGUE ZANGUE',NULL,NULL,NULL,NULL,'null.png',1,75,75,'2024-02-07 12:17:56','2024-02-07 12:17:56'),(76,'2024-0076','IGREJA A.D.P.SOSSEGO',NULL,NULL,NULL,NULL,'null.png',1,76,76,'2024-02-07 12:18:20','2024-02-07 12:18:20'),(77,'2024-0077','ILDA JOAO /CANTINA',NULL,NULL,NULL,NULL,'null.png',1,77,77,'2024-02-07 12:19:24','2024-02-07 12:19:24'),(78,'2024-0078','INACIA DOMINGOS MUSSONGA',NULL,NULL,NULL,NULL,'null.png',1,78,78,'2024-02-07 12:19:46','2024-02-07 12:19:46'),(79,'2024-0079','ILIDIO NEVES DO ESPIRITO SANTO',NULL,NULL,NULL,NULL,'null.png',1,79,79,'2024-02-07 12:20:22','2024-02-07 12:20:22'),(80,'2024-0080','JUSTA T.C.DA SILVA',NULL,NULL,NULL,NULL,'null.png',1,80,80,'2024-02-07 12:20:48','2024-02-07 12:20:48'),(81,'2024-0081','JAMAKSON CHIKOTI',NULL,NULL,NULL,NULL,'null.png',1,81,81,'2024-02-07 12:22:42','2024-02-07 12:22:42'),(82,'2024-0082','JOAO CHINAI',NULL,NULL,NULL,NULL,'null.png',1,82,82,'2024-02-07 12:23:13','2024-02-07 12:23:13'),(83,'2024-0083','JOAO BAPTISTA JOAQUI SIMAO',NULL,NULL,NULL,NULL,'null.png',1,83,83,'2024-02-07 12:24:01','2024-02-07 12:24:01'),(84,'2024-0084','JOAO ANTONIO QUINTAS',NULL,NULL,NULL,NULL,'null.png',1,84,84,'2024-02-07 12:24:29','2024-02-07 12:24:29'),(85,'2024-0085','JOSE  PUATY MENO MBUCO',NULL,NULL,NULL,NULL,'null.png',1,85,85,'2024-02-07 12:24:58','2024-02-07 12:24:58'),(86,'2024-0086','KUZU TULANDA',NULL,NULL,NULL,NULL,'null.png',1,86,86,'2024-02-07 12:25:18','2024-02-07 12:25:18'),(87,'2024-0087','LUZIA GOMES ANTONIO',NULL,NULL,NULL,NULL,'null.png',1,87,87,'2024-02-07 12:27:20','2024-02-07 12:27:20'),(88,'2024-0088','LUCAS SUMBULA',NULL,NULL,NULL,NULL,'null.png',1,88,88,'2024-02-07 12:28:29','2024-02-07 12:28:29'),(89,'2024-0089','LUCAS MARTINS',NULL,NULL,NULL,NULL,'null.png',1,89,89,'2024-02-07 12:29:14','2024-02-07 12:29:14'),(90,'2024-0090','LUISA ESTER INES CAMUNDA',NULL,NULL,NULL,NULL,'null.png',1,90,90,'2024-02-07 12:33:00','2024-02-07 12:33:00'),(91,'2024-0091','LUCAS EVANGELISTA F. VUNGA',NULL,NULL,NULL,NULL,'null.png',1,91,91,'2024-02-07 12:34:07','2024-02-07 12:34:07'),(92,'2024-0092','LUDGER BEN-HUR CASTRO AMARO',NULL,NULL,NULL,NULL,'null.png',1,92,92,'2024-02-07 12:36:43','2024-02-07 12:36:43'),(93,'2024-0093','MARIA KAPENDA',NULL,NULL,NULL,NULL,'null.png',1,93,93,'2024-02-07 12:37:13','2024-02-07 12:37:13'),(94,'2024-0094','MIGUELL LUCAS PAULINO',NULL,NULL,NULL,NULL,'null.png',1,94,94,'2024-02-07 12:37:36','2024-02-07 12:37:36'),(95,'2024-0095','MANUEL NOGUEIRA DIAS',NULL,NULL,NULL,NULL,'null.png',1,95,95,'2024-02-07 12:40:15','2024-02-07 12:40:15'),(96,'2024-0096','MARIO GARCIA DE SOUSA',NULL,NULL,NULL,NULL,'null.png',1,96,96,'2024-02-07 12:40:38','2024-02-07 12:40:38'),(97,'2024-0097','MARGARIDA ROSA',NULL,NULL,NULL,NULL,'null.png',1,97,97,'2024-02-07 12:41:02','2024-02-07 12:41:02'),(98,'2024-0098','MAURA ROSA CITA',NULL,NULL,NULL,NULL,'null.png',1,98,98,'2024-02-07 12:41:22','2024-02-07 12:41:22'),(99,'2024-0099','MAURA JOSE ANDRADE',NULL,NULL,NULL,NULL,'null.png',1,99,99,'2024-02-07 12:43:40','2024-02-07 12:43:40'),(100,'2024-0100','MANUEL JOSE MUHONGO',NULL,NULL,NULL,NULL,'null.png',1,100,100,'2024-02-07 12:44:17','2024-02-07 12:44:17'),(101,'2024-0101','MADALENA CARLOS',NULL,NULL,NULL,NULL,'null.png',1,101,101,'2024-02-07 12:44:45','2024-02-07 12:44:45'),(102,'2024-0102','MARISA CIDADE DA COSTA LEITE',NULL,NULL,NULL,NULL,'null.png',1,102,102,'2024-02-07 12:45:20','2024-02-07 12:45:20'),(103,'2024-0103','MIGUEL FRANCISCO FONTES',NULL,NULL,NULL,NULL,'null.png',1,103,103,'2024-02-07 12:46:18','2024-02-07 12:46:18'),(104,'2024-0104','MITSON E,D,ARMANDO',NULL,NULL,NULL,NULL,'null.png',1,104,104,'2024-02-07 12:47:21','2024-02-07 12:47:21'),(105,'2024-0105','MANUEL YAMBA',NULL,NULL,NULL,NULL,'null.png',1,105,105,'2024-02-07 12:48:01','2024-02-07 12:48:01'),(106,'2024-0106','JOSE SEBASTIAO PINTO',NULL,NULL,NULL,NULL,'null.png',1,106,106,'2024-02-07 12:48:53','2024-02-07 12:48:53'),(107,'2024-0107','JOAO MACHEL PIRES FILIPE',NULL,NULL,NULL,NULL,'null.png',1,107,107,'2024-02-07 12:49:37','2024-02-07 12:49:37'),(108,'2024-0108','ROMAM ESMERALD MWANNEKA',NULL,NULL,NULL,NULL,'null.png',1,108,108,'2024-02-07 12:50:03','2024-02-07 12:50:03'),(109,'2024-0109','ROSALINA SILVA',NULL,NULL,NULL,NULL,'null.png',1,109,109,'2024-02-07 12:54:00','2024-02-07 12:54:00'),(110,'2024-0110','VICTOR ANTONIO',NULL,NULL,NULL,NULL,'null.png',1,110,110,'2024-02-07 13:32:40','2024-02-07 13:32:40'),(111,'2024-0111','SERGIO SACHICUATA',NULL,NULL,NULL,NULL,'null.png',1,111,111,'2024-02-07 13:33:35','2024-02-07 13:33:35'),(112,'2024-0112','STEFANY CABRAL MONTEIRO',NULL,NULL,NULL,NULL,'null.png',1,112,112,'2024-02-07 13:35:20','2024-02-07 13:35:20'),(113,'2024-0113','SERGIO MATOS RIBEIRO DE ALMEIDA',NULL,NULL,NULL,NULL,'null.png',1,113,113,'2024-02-07 13:36:13','2024-02-07 13:36:13'),(114,'2024-0114','SIMAO FRANCISCO SIC',NULL,NULL,NULL,NULL,'null.png',1,114,114,'2024-02-07 13:37:38','2024-02-07 13:37:38'),(115,'2024-0115','SARINA INDIRA NUNO LEITAO',NULL,NULL,NULL,NULL,'null.png',1,115,115,'2024-02-07 13:39:25','2024-02-07 13:39:25'),(116,'2024-0116','SANDRA FERNANDO',NULL,NULL,NULL,NULL,'null.png',1,116,116,'2024-02-07 13:40:18','2024-02-07 13:40:18'),(117,'2024-0117','SUZANA SAKANENO',NULL,NULL,NULL,NULL,'null.png',1,117,117,'2024-02-07 13:41:00','2024-02-07 13:41:00'),(118,'2024-0118','TEODORO VICENTE',NULL,NULL,NULL,NULL,'null.png',1,118,118,'2024-02-07 13:41:26','2024-02-07 13:41:26'),(119,'2024-0119','TERESA CARLOS AVELINO',NULL,NULL,NULL,NULL,'null.png',1,119,119,'2024-02-07 13:41:50','2024-02-07 13:41:50'),(120,'2024-0120','VIRGINIA VALERIA DONDELE DOS SANTOS',NULL,NULL,NULL,NULL,'null.png',1,120,120,'2024-02-07 13:42:23','2024-02-07 13:42:23'),(121,'2024-0121','VICTORIA CHAUL',NULL,NULL,NULL,NULL,'null.png',1,121,121,'2024-02-07 13:42:44','2024-02-07 13:42:44'),(122,'2024-0122','VICTORIA OSORIO GINGA',NULL,NULL,NULL,NULL,'null.png',1,122,122,'2024-02-07 13:43:11','2024-02-07 13:43:11'),(123,'2024-0123','VICENCIA  A.L. ANDRE',NULL,NULL,NULL,NULL,'null.png',1,123,123,'2024-02-07 13:43:48','2024-02-07 13:43:48'),(124,'2024-0124','WALTER NJINGA PEDRO',NULL,NULL,NULL,NULL,'null.png',1,124,124,'2024-02-07 13:44:09','2024-02-07 13:44:09'),(125,'2024-0125','ZACARIAS DOMINGOS SIMAO RUFINO',NULL,NULL,NULL,NULL,'null.png',1,125,125,'2024-02-07 13:44:41','2024-02-07 13:44:41'),(126,'2024-0126','YOLANDA ANTONIO',NULL,NULL,NULL,NULL,'null.png',1,126,126,'2024-02-07 13:45:25','2024-02-07 13:45:25'),(127,'2024-0127','JOANA QUINTAS',NULL,NULL,NULL,NULL,'null.png',1,127,127,'2024-02-08 08:12:59','2024-02-08 08:12:59'),(128,'2024-0128','CONTANTINO TENDELE',NULL,NULL,NULL,NULL,'null.png',1,128,128,'2024-02-08 08:13:44','2024-02-08 08:13:44'),(129,'2024-0129','JOLITO JOAO MAKUMBI',NULL,NULL,NULL,NULL,'null.png',1,129,129,'2024-02-08 08:14:11','2024-02-08 08:14:11'),(130,'2024-0130','RAUL CARMO MBUITI',NULL,NULL,NULL,NULL,'null.png',1,130,130,'2024-02-08 08:14:51','2024-02-08 08:14:51'),(131,'2024-0131','ZECA DA COSTA',NULL,NULL,NULL,NULL,'null.png',1,131,131,'2024-02-08 08:15:10','2024-02-08 08:15:10'),(132,'2024-0132','RICARDINA CATUCA ROSARIO',NULL,NULL,NULL,NULL,'null.png',1,132,132,'2024-02-08 08:15:35','2024-02-08 08:15:35'),(133,'2024-0133','KLEMAC MARITIMO SERVICE ,LDA',NULL,NULL,NULL,NULL,'null.png',1,133,133,'2024-02-08 08:16:06','2024-02-08 08:16:06'),(134,'2024-0134','FRANCISCO MIGUEL GONGA',NULL,NULL,NULL,NULL,'null.png',1,134,134,'2024-02-08 08:16:52','2024-02-08 08:16:52'),(135,'2024-0135','MONTEIRO LUIS',NULL,NULL,NULL,NULL,'null.png',1,135,135,'2024-02-08 08:17:17','2024-02-08 08:17:17'),(136,'2024-0136','MARIA ALMEIDA',NULL,NULL,NULL,NULL,'null.png',1,136,136,'2024-02-08 08:17:43','2024-02-08 08:17:43'),(137,'2024-0137','DINIZ MANUEL JULIO',NULL,NULL,NULL,NULL,'null.png',1,137,137,'2024-02-08 08:18:04','2024-02-08 08:18:04'),(138,'2024-0134','Mercado Kikolo',NULL,NULL,NULL,NULL,'null.png',1,138,138,'2024-02-08 08:18:48','2024-02-08 08:27:21'),(139,'2024-0138','MARCIO JOAO FARIA FELIX',NULL,NULL,NULL,NULL,'null.png',1,139,139,'2024-02-08 08:19:06','2024-02-08 08:19:06'),(140,'2024-0140','DELFINA DOMINGOS',NULL,NULL,NULL,NULL,'null.png',1,140,140,'2024-02-08 08:19:29','2024-02-08 08:19:29'),(141,'2024-0141','DUMILDE ADILSON B. CARDOSO',NULL,NULL,NULL,NULL,'null.png',1,141,141,'2024-02-08 08:19:56','2024-02-08 08:19:56'),(142,'2024-0142','LUIS CRISTOVAO',NULL,NULL,NULL,NULL,'null.png',1,142,142,'2024-02-08 08:20:38','2024-02-08 08:20:38'),(143,'2024-0142','Mercado do Sabadão',NULL,NULL,NULL,NULL,'null.png',1,143,143,'2024-02-08 08:20:55','2024-02-08 08:28:28'),(144,'2024-0143','TERESA MARAVILHA JAMBA CAUAWANDA',NULL,NULL,NULL,NULL,'null.png',1,144,144,'2024-02-08 08:21:20','2024-02-08 08:21:20'),(145,'2024-0145','JOELSON SEBASTIAO QUIOSA SOARES',NULL,NULL,NULL,NULL,'null.png',1,145,145,'2024-02-08 08:21:49','2024-02-08 08:21:49'),(146,'2024-0146','ANTONIO CLAUDIO PEDRO PASCOAL',NULL,NULL,NULL,NULL,'null.png',1,146,146,'2024-02-08 08:22:18','2024-02-08 08:22:18'),(147,'2024-0147','WALTER MANUEL DA SILVA',NULL,NULL,NULL,NULL,'null.png',1,147,147,'2024-02-08 08:22:45','2024-02-08 08:22:45'),(148,'2024-0148','SERGIO JOAO',NULL,NULL,NULL,NULL,'null.png',1,148,148,'2024-02-08 08:23:00','2024-02-08 08:23:00'),(149,'2024-0149','MIGUEL NUNES DOS SANTOS',NULL,NULL,NULL,NULL,'null.png',1,149,149,'2024-02-08 08:23:21','2024-02-08 08:23:21'),(150,'2024-0150','UGOCHUKWU JEREMAIH',NULL,NULL,NULL,NULL,'null.png',1,150,150,'2024-02-08 08:28:09','2024-02-08 08:28:09'),(151,'2024-0151','ANGELINA ELIZABETH CAPUCULA',NULL,NULL,NULL,NULL,'null.png',1,151,151,'2024-02-08 08:28:35','2024-02-08 08:28:35'),(152,'2024-0152','PASCOAL OZOGBOMNIA',NULL,NULL,NULL,NULL,'null.png',1,152,152,'2024-02-08 08:28:58','2024-02-08 08:28:58'),(153,'2024-0153','PAULINO ANTONIO',NULL,NULL,NULL,NULL,'null.png',1,153,153,'2024-02-08 08:29:19','2024-02-08 08:29:19'),(154,'2024-0154','PRUDENCIA G.DE .L. R GOMES',NULL,NULL,NULL,NULL,'null.png',1,154,154,'2024-02-08 08:29:53','2024-02-08 08:29:53'),(155,'2024-0155','HELTON ANDRE NKOSI',NULL,NULL,NULL,NULL,'null.png',1,155,155,'2024-02-08 08:30:14','2024-02-08 08:30:14'),(156,'2024-0156','HELENA FERNANDO JOAO',NULL,NULL,NULL,NULL,'null.png',1,156,156,'2024-02-08 08:30:38','2024-02-08 08:30:38'),(157,'2024-0157','Mercado do Sabadão',NULL,NULL,NULL,NULL,'null.png',1,157,157,'2024-02-09 08:37:54','2024-02-09 08:48:46'),(158,'2024-0158','Mercado do Kikolo',NULL,NULL,NULL,NULL,'null.png',1,158,158,'2024-02-09 08:39:25','2024-02-09 08:49:13'),(159,'2024-0159','TRANSKOSMOS,LDA','5403105395',NULL,NULL,NULL,'null.png',1,159,159,'2024-02-23 08:49:25','2024-02-23 08:49:25'),(160,'2024-0160','MERCADO DO KIKOLO',NULL,NULL,NULL,NULL,'null.png',1,160,160,'2024-02-27 11:43:57','2024-02-27 11:43:57'),(161,'2024-0161','LUCAS CAMBUTA',NULL,NULL,NULL,NULL,'null.png',1,161,161,'2024-02-27 12:13:42','2024-02-27 12:13:42'),(162,'2024-0162','FRANCISCO',NULL,NULL,NULL,NULL,'null.png',1,162,162,'2024-02-27 12:27:44','2024-02-27 12:27:44'),(163,'2024-0163','IRACELMO GASPAR DA COSTA XAVIER',NULL,NULL,NULL,NULL,'null.png',1,163,163,'2024-02-28 14:59:25','2024-02-28 14:59:25'),(164,'2024-0164','GEOFFERY CHIMIZIE ONYEYIRI 2 CONTRATO',NULL,NULL,NULL,NULL,'null.png',1,164,164,'2024-03-13 10:25:49','2024-03-13 10:25:49'),(165,'2024-0165','ABELARDO BONGUE CHILONGA FELIX',NULL,NULL,NULL,NULL,'null.png',1,165,165,'2024-03-20 10:06:46','2024-03-20 10:06:46'),(166,'2024-0166','VALDEMAR JOSE LUBANO',NULL,NULL,NULL,NULL,'null.png',1,166,166,'2024-03-20 10:07:27','2024-03-20 10:07:27'),(167,'2024-0167','ANTONIO LINO KAMBANGULA',NULL,NULL,NULL,NULL,'null.png',1,167,167,'2024-03-20 10:07:56','2024-03-20 10:07:56'),(168,'2024-0168','MARQUES LAURINDO DE MELO LUIMBI',NULL,NULL,NULL,NULL,'null.png',1,168,168,'2024-03-20 10:10:13','2024-03-20 10:10:13'),(169,'2024-0169','Westaves  África , Lda','5001651234/ Bairro Quiminha -Icolo e Bengo',NULL,NULL,NULL,'null.png',1,169,169,'2024-04-03 13:00:37','2024-04-03 13:10:52'),(170,'2024-0170','ANTONIO LINO KAMBANGULA',NULL,NULL,NULL,NULL,'null.png',1,170,170,'2024-04-10 14:00:29','2024-04-10 14:00:29'),(171,'2024-0171','TEODORO ALHO INERTES SA.','5191012984',NULL,NULL,NULL,'null.png',1,171,171,'2024-05-22 06:27:31','2024-05-22 11:23:00'),(172,'2024-0172','TEODORO ALHO',NULL,NULL,NULL,NULL,'null.png',1,172,172,'2024-05-22 09:07:41','2024-05-22 11:42:58'),(173,'2024-0173','TEODOROALHOINERTES SA',NULL,NULL,NULL,NULL,'null.png',1,173,173,'2024-05-22 10:55:49','2024-05-22 11:42:42'),(174,'2024-0174','OLEO DO MOTOR','5191012984',NULL,NULL,NULL,'null.png',1,174,174,'2024-05-22 11:21:05','2024-05-22 11:21:05'),(175,'2024-0175','Teodoro Alho Inertes SA','5191012984',NULL,NULL,NULL,'null.png',1,175,175,'2024-05-22 11:24:08','2024-05-22 11:40:27'),(176,'2024-0176','TEODORO ALHO INERTES SA.','5191012984',NULL,NULL,NULL,'null.png',1,176,176,'2024-05-22 11:49:30','2024-05-22 11:50:39'),(177,'2024-0177','TEODORO ALHO INERTES SA.','5191012984',NULL,NULL,NULL,'null.png',1,177,177,'2024-05-23 05:25:58','2024-05-23 05:25:58'),(178,'2024-0178','PEDRO CACHINGONA',NULL,NULL,NULL,NULL,'null.png',1,178,178,'2024-05-31 11:23:00','2024-05-31 11:23:00'),(179,'2024-0179','NSIAMIDELE TANDU',NULL,NULL,NULL,NULL,'null.png',1,179,179,'2024-05-31 11:23:55','2024-05-31 11:23:55'),(180,'2024-0180','EURIDSE SEBASTIAO',NULL,NULL,NULL,NULL,'null.png',1,180,180,'2024-05-31 11:25:01','2024-05-31 11:25:01'),(181,'2024-0181','JOAO MUTEBA',NULL,NULL,NULL,NULL,'null.png',1,181,181,'2024-05-31 11:25:59','2024-05-31 11:25:59'),(182,'2024-0182','HG -ERGOS',NULL,NULL,NULL,NULL,'null.png',1,182,182,'2024-05-31 11:45:27','2024-05-31 11:45:27'),(183,'2024-0183','TERRA FLORESTAL -COMERCIO E SERVIÇO,LDA','5417530557',NULL,NULL,NULL,'null.png',1,183,183,'2024-10-01 12:36:54','2024-10-02 08:40:27'),(184,'2024-0184','FATIMA MULEMBA',NULL,NULL,NULL,NULL,'null.png',1,184,184,'2024-10-02 08:44:08','2024-10-02 08:44:08'),(185,'2024-0185','DORIVALDO BARTOLOMEU',NULL,NULL,NULL,NULL,'null.png',1,185,185,'2024-10-02 08:45:55','2024-10-02 08:45:55');
/*!40000 ALTER TABLE `clientes` ENABLE KEYS */;
UNLOCK TABLES;

--
-- Table structure for table `condicoes_pagamentos`
--

DROP TABLE IF EXISTS `condicoes_pagamentos`;
/*!40101 SET @saved_cs_client     = @@character_set_client */;
/*!40101 SET character_set_client = utf8 */;
CREATE TABLE `condicoes_pagamentos` (
  `id` bigint(20) unsigned NOT NULL AUTO_INCREMENT,
  `codigo` varchar(191) DEFAULT NULL,
  `designacao` varchar(191) DEFAULT NULL,
  `descricao` varchar(191) DEFAULT NULL,
  `status` tinyint(1) DEFAULT NULL,
  `created_at` timestamp NULL DEFAULT NULL,
  `updated_at` timestamp NULL DEFAULT NULL,
  PRIMARY KEY (`id`)
) ENGINE=InnoDB AUTO_INCREMENT=6 DEFAULT CHARSET=utf8mb4 COLLATE=utf8mb4_unicode_ci;
/*!40101 SET character_set_client = @saved_cs_client */;

--
-- Dumping data for table `condicoes_pagamentos`
--

LOCK TABLES `condicoes_pagamentos` WRITE;
/*!40000 ALTER TABLE `condicoes_pagamentos` DISABLE KEYS */;
INSERT INTO `condicoes_pagamentos` VALUES (1,NULL,'Pronto Pagemento',NULL,NULL,NULL,NULL),(2,NULL,'30 Dias',NULL,NULL,NULL,NULL),(3,NULL,'60 Dias',NULL,NULL,NULL,NULL),(4,NULL,'90 Dias',NULL,NULL,NULL,NULL),(5,NULL,'120 Dias',NULL,NULL,NULL,NULL);
/*!40000 ALTER TABLE `condicoes_pagamentos` ENABLE KEYS */;
UNLOCK TABLES;

--
-- Table structure for table `contactos`
--

DROP TABLE IF EXISTS `contactos`;
/*!40101 SET @saved_cs_client     = @@character_set_client */;
/*!40101 SET character_set_client = utf8 */;
CREATE TABLE `contactos` (
  `id` bigint(20) unsigned NOT NULL AUTO_INCREMENT,
  `telemovel` varchar(191) DEFAULT NULL,
  `contacto` varchar(191) DEFAULT NULL,
  `telefone` varchar(191) DEFAULT NULL,
  `fax` varchar(191) DEFAULT NULL,
  `email` varchar(191) DEFAULT NULL,
  `facebook` varchar(191) DEFAULT NULL,
  `whatsapp` varchar(191) DEFAULT NULL,
  `skype` varchar(191) DEFAULT NULL,
  `twitter` varchar(191) DEFAULT NULL,
  `linkedin` varchar(191) DEFAULT NULL,
  `website` varchar(191) DEFAULT NULL,
  `created_at` timestamp NULL DEFAULT NULL,
  `updated_at` timestamp NULL DEFAULT NULL,
  PRIMARY KEY (`id`)
) ENGINE=InnoDB AUTO_INCREMENT=186 DEFAULT CHARSET=utf8 COLLATE=utf8_general_ci;
/*!40101 SET character_set_client = @saved_cs_client */;

--
-- Dumping data for table `contactos`
--

LOCK TABLES `contactos` WRITE;
/*!40000 ALTER TABLE `contactos` DISABLE KEYS */;
INSERT INTO `contactos` VALUES (1,NULL,NULL,NULL,NULL,NULL,NULL,NULL,NULL,NULL,NULL,NULL,NULL,NULL),(2,NULL,NULL,NULL,NULL,NULL,NULL,NULL,NULL,NULL,NULL,NULL,NULL,NULL),(3,NULL,NULL,NULL,NULL,NULL,NULL,NULL,NULL,NULL,NULL,NULL,NULL,NULL),(4,NULL,NULL,NULL,NULL,NULL,NULL,NULL,NULL,NULL,NULL,NULL,NULL,NULL),(5,NULL,NULL,NULL,NULL,NULL,NULL,NULL,NULL,NULL,NULL,NULL,NULL,NULL),(6,NULL,NULL,NULL,NULL,NULL,NULL,NULL,NULL,NULL,NULL,NULL,NULL,NULL),(7,NULL,NULL,NULL,NULL,NULL,NULL,NULL,NULL,NULL,NULL,NULL,NULL,NULL),(8,NULL,NULL,NULL,NULL,NULL,NULL,NULL,NULL,NULL,NULL,NULL,NULL,NULL),(9,NULL,NULL,NULL,NULL,NULL,NULL,NULL,NULL,NULL,NULL,NULL,NULL,NULL),(10,NULL,NULL,NULL,NULL,NULL,NULL,NULL,NULL,NULL,NULL,NULL,NULL,NULL),(11,NULL,NULL,NULL,NULL,NULL,NULL,NULL,NULL,NULL,NULL,NULL,NULL,NULL),(12,NULL,NULL,NULL,NULL,NULL,NULL,NULL,NULL,NULL,NULL,NULL,NULL,NULL),(13,NULL,NULL,NULL,NULL,NULL,NULL,NULL,NULL,NULL,NULL,NULL,NULL,NULL),(14,NULL,NULL,NULL,NULL,NULL,NULL,NULL,NULL,NULL,NULL,NULL,NULL,NULL),(15,NULL,NULL,NULL,NULL,NULL,NULL,NULL,NULL,NULL,NULL,NULL,NULL,NULL),(16,NULL,NULL,NULL,NULL,NULL,NULL,NULL,NULL,NULL,NULL,NULL,NULL,NULL),(17,NULL,NULL,NULL,NULL,NULL,NULL,NULL,NULL,NULL,NULL,NULL,NULL,NULL),(18,NULL,NULL,NULL,NULL,NULL,NULL,NULL,NULL,NULL,NULL,NULL,NULL,NULL),(19,NULL,NULL,NULL,NULL,NULL,NULL,NULL,NULL,NULL,NULL,NULL,NULL,NULL),(20,NULL,NULL,NULL,NULL,NULL,NULL,NULL,NULL,NULL,NULL,NULL,NULL,NULL),(21,NULL,NULL,NULL,NULL,NULL,NULL,NULL,NULL,NULL,NULL,NULL,NULL,NULL),(22,NULL,NULL,NULL,NULL,NULL,NULL,NULL,NULL,NULL,NULL,NULL,NULL,NULL),(23,NULL,NULL,NULL,NULL,NULL,NULL,NULL,NULL,NULL,NULL,NULL,NULL,NULL),(24,NULL,NULL,NULL,NULL,NULL,NULL,NULL,NULL,NULL,NULL,NULL,NULL,NULL),(25,NULL,NULL,NULL,NULL,NULL,NULL,NULL,NULL,NULL,NULL,NULL,NULL,NULL),(26,NULL,NULL,NULL,NULL,NULL,NULL,NULL,NULL,NULL,NULL,NULL,NULL,NULL),(27,NULL,NULL,NULL,NULL,NULL,NULL,NULL,NULL,NULL,NULL,NULL,NULL,NULL),(28,NULL,NULL,NULL,NULL,NULL,NULL,NULL,NULL,NULL,NULL,NULL,NULL,NULL),(29,NULL,NULL,NULL,NULL,NULL,NULL,NULL,NULL,NULL,NULL,NULL,NULL,NULL),(30,NULL,NULL,NULL,NULL,NULL,NULL,NULL,NULL,NULL,NULL,NULL,NULL,NULL),(31,NULL,NULL,NULL,NULL,NULL,NULL,NULL,NULL,NULL,NULL,NULL,NULL,NULL),(32,NULL,NULL,NULL,NULL,NULL,NULL,NULL,NULL,NULL,NULL,NULL,NULL,NULL),(33,NULL,NULL,NULL,NULL,NULL,NULL,NULL,NULL,NULL,NULL,NULL,NULL,NULL),(34,NULL,NULL,NULL,NULL,NULL,NULL,NULL,NULL,NULL,NULL,NULL,NULL,NULL),(35,NULL,NULL,NULL,NULL,NULL,NULL,NULL,NULL,NULL,NULL,NULL,NULL,NULL),(36,NULL,NULL,NULL,NULL,NULL,NULL,NULL,NULL,NULL,NULL,NULL,NULL,NULL),(37,NULL,NULL,NULL,NULL,NULL,NULL,NULL,NULL,NULL,NULL,NULL,NULL,NULL),(38,NULL,NULL,NULL,NULL,NULL,NULL,NULL,NULL,NULL,NULL,NULL,NULL,NULL),(39,NULL,NULL,NULL,NULL,NULL,NULL,NULL,NULL,NULL,NULL,NULL,NULL,NULL),(40,NULL,NULL,NULL,NULL,NULL,NULL,NULL,NULL,NULL,NULL,NULL,NULL,NULL),(41,NULL,NULL,NULL,NULL,NULL,NULL,NULL,NULL,NULL,NULL,NULL,NULL,NULL),(42,NULL,NULL,NULL,NULL,NULL,NULL,NULL,NULL,NULL,NULL,NULL,NULL,NULL),(43,NULL,NULL,NULL,NULL,NULL,NULL,NULL,NULL,NULL,NULL,NULL,NULL,NULL),(44,NULL,NULL,NULL,NULL,NULL,NULL,NULL,NULL,NULL,NULL,NULL,NULL,NULL),(45,NULL,NULL,NULL,NULL,NULL,NULL,NULL,NULL,NULL,NULL,NULL,NULL,NULL),(46,NULL,NULL,NULL,NULL,NULL,NULL,NULL,NULL,NULL,NULL,NULL,NULL,NULL),(47,NULL,NULL,NULL,NULL,NULL,NULL,NULL,NULL,NULL,NULL,NULL,NULL,NULL),(48,NULL,NULL,NULL,NULL,NULL,NULL,NULL,NULL,NULL,NULL,NULL,NULL,NULL),(49,NULL,NULL,NULL,NULL,NULL,NULL,NULL,NULL,NULL,NULL,NULL,NULL,NULL),(50,NULL,NULL,NULL,NULL,NULL,NULL,NULL,NULL,NULL,NULL,NULL,NULL,NULL),(51,NULL,NULL,NULL,NULL,NULL,NULL,NULL,NULL,NULL,NULL,NULL,NULL,NULL),(52,NULL,NULL,NULL,NULL,NULL,NULL,NULL,NULL,NULL,NULL,NULL,NULL,NULL),(53,NULL,NULL,NULL,NULL,NULL,NULL,NULL,NULL,NULL,NULL,NULL,NULL,NULL),(54,NULL,NULL,NULL,NULL,NULL,NULL,NULL,NULL,NULL,NULL,NULL,NULL,NULL),(55,NULL,NULL,NULL,NULL,NULL,NULL,NULL,NULL,NULL,NULL,NULL,NULL,NULL),(56,NULL,NULL,NULL,NULL,NULL,NULL,NULL,NULL,NULL,NULL,NULL,NULL,NULL),(57,NULL,NULL,NULL,NULL,NULL,NULL,NULL,NULL,NULL,NULL,NULL,NULL,NULL),(58,NULL,NULL,NULL,NULL,NULL,NULL,NULL,NULL,NULL,NULL,NULL,NULL,NULL),(59,NULL,NULL,NULL,NULL,NULL,NULL,NULL,NULL,NULL,NULL,NULL,NULL,NULL),(60,NULL,NULL,NULL,NULL,NULL,NULL,NULL,NULL,NULL,NULL,NULL,NULL,NULL),(61,NULL,NULL,NULL,NULL,NULL,NULL,NULL,NULL,NULL,NULL,NULL,NULL,NULL),(62,NULL,NULL,NULL,NULL,NULL,NULL,NULL,NULL,NULL,NULL,NULL,NULL,NULL),(63,NULL,NULL,NULL,NULL,NULL,NULL,NULL,NULL,NULL,NULL,NULL,NULL,NULL),(64,NULL,NULL,NULL,NULL,NULL,NULL,NULL,NULL,NULL,NULL,NULL,NULL,NULL),(65,NULL,NULL,NULL,NULL,NULL,NULL,NULL,NULL,NULL,NULL,NULL,NULL,NULL),(66,NULL,NULL,NULL,NULL,NULL,NULL,NULL,NULL,NULL,NULL,NULL,NULL,NULL),(67,NULL,NULL,NULL,NULL,NULL,NULL,NULL,NULL,NULL,NULL,NULL,NULL,NULL),(68,NULL,NULL,NULL,NULL,NULL,NULL,NULL,NULL,NULL,NULL,NULL,NULL,NULL),(69,NULL,NULL,NULL,NULL,NULL,NULL,NULL,NULL,NULL,NULL,NULL,NULL,NULL),(70,NULL,NULL,NULL,NULL,NULL,NULL,NULL,NULL,NULL,NULL,NULL,NULL,NULL),(71,NULL,NULL,NULL,NULL,NULL,NULL,NULL,NULL,NULL,NULL,NULL,NULL,NULL),(72,NULL,NULL,NULL,NULL,NULL,NULL,NULL,NULL,NULL,NULL,NULL,NULL,NULL),(73,NULL,NULL,NULL,NULL,NULL,NULL,NULL,NULL,NULL,NULL,NULL,NULL,NULL),(74,NULL,NULL,NULL,NULL,NULL,NULL,NULL,NULL,NULL,NULL,NULL,NULL,NULL),(75,NULL,NULL,NULL,NULL,NULL,NULL,NULL,NULL,NULL,NULL,NULL,NULL,NULL),(76,NULL,NULL,NULL,NULL,NULL,NULL,NULL,NULL,NULL,NULL,NULL,NULL,NULL),(77,NULL,NULL,NULL,NULL,NULL,NULL,NULL,NULL,NULL,NULL,NULL,NULL,NULL),(78,NULL,NULL,NULL,NULL,NULL,NULL,NULL,NULL,NULL,NULL,NULL,NULL,NULL),(79,NULL,NULL,NULL,NULL,NULL,NULL,NULL,NULL,NULL,NULL,NULL,NULL,NULL),(80,NULL,NULL,NULL,NULL,NULL,NULL,NULL,NULL,NULL,NULL,NULL,NULL,NULL),(81,NULL,NULL,NULL,NULL,NULL,NULL,NULL,NULL,NULL,NULL,NULL,NULL,NULL),(82,NULL,NULL,NULL,NULL,NULL,NULL,NULL,NULL,NULL,NULL,NULL,NULL,NULL),(83,NULL,NULL,NULL,NULL,NULL,NULL,NULL,NULL,NULL,NULL,NULL,NULL,NULL),(84,NULL,NULL,NULL,NULL,NULL,NULL,NULL,NULL,NULL,NULL,NULL,NULL,NULL),(85,NULL,NULL,NULL,NULL,NULL,NULL,NULL,NULL,NULL,NULL,NULL,NULL,NULL),(86,NULL,NULL,NULL,NULL,NULL,NULL,NULL,NULL,NULL,NULL,NULL,NULL,NULL),(87,NULL,NULL,NULL,NULL,NULL,NULL,NULL,NULL,NULL,NULL,NULL,NULL,NULL),(88,NULL,NULL,NULL,NULL,NULL,NULL,NULL,NULL,NULL,NULL,NULL,NULL,NULL),(89,NULL,NULL,NULL,NULL,NULL,NULL,NULL,NULL,NULL,NULL,NULL,NULL,NULL),(90,NULL,NULL,NULL,NULL,NULL,NULL,NULL,NULL,NULL,NULL,NULL,NULL,NULL),(91,NULL,NULL,NULL,NULL,NULL,NULL,NULL,NULL,NULL,NULL,NULL,NULL,NULL),(92,NULL,NULL,NULL,NULL,NULL,NULL,NULL,NULL,NULL,NULL,NULL,NULL,NULL),(93,NULL,NULL,NULL,NULL,NULL,NULL,NULL,NULL,NULL,NULL,NULL,NULL,NULL),(94,NULL,NULL,NULL,NULL,NULL,NULL,NULL,NULL,NULL,NULL,NULL,NULL,NULL),(95,NULL,NULL,NULL,NULL,NULL,NULL,NULL,NULL,NULL,NULL,NULL,NULL,NULL),(96,NULL,NULL,NULL,NULL,NULL,NULL,NULL,NULL,NULL,NULL,NULL,NULL,NULL),(97,NULL,NULL,NULL,NULL,NULL,NULL,NULL,NULL,NULL,NULL,NULL,NULL,NULL),(98,NULL,NULL,NULL,NULL,NULL,NULL,NULL,NULL,NULL,NULL,NULL,NULL,NULL),(99,NULL,NULL,NULL,NULL,NULL,NULL,NULL,NULL,NULL,NULL,NULL,NULL,NULL),(100,NULL,NULL,NULL,NULL,NULL,NULL,NULL,NULL,NULL,NULL,NULL,NULL,NULL),(101,NULL,NULL,NULL,NULL,NULL,NULL,NULL,NULL,NULL,NULL,NULL,NULL,NULL),(102,NULL,NULL,NULL,NULL,NULL,NULL,NULL,NULL,NULL,NULL,NULL,NULL,NULL),(103,NULL,NULL,NULL,NULL,NULL,NULL,NULL,NULL,NULL,NULL,NULL,NULL,NULL),(104,NULL,NULL,NULL,NULL,NULL,NULL,NULL,NULL,NULL,NULL,NULL,NULL,NULL),(105,NULL,NULL,NULL,NULL,NULL,NULL,NULL,NULL,NULL,NULL,NULL,NULL,NULL),(106,NULL,NULL,NULL,NULL,NULL,NULL,NULL,NULL,NULL,NULL,NULL,NULL,NULL),(107,NULL,NULL,NULL,NULL,NULL,NULL,NULL,NULL,NULL,NULL,NULL,NULL,NULL),(108,NULL,NULL,NULL,NULL,NULL,NULL,NULL,NULL,NULL,NULL,NULL,NULL,NULL),(109,NULL,NULL,NULL,NULL,NULL,NULL,NULL,NULL,NULL,NULL,NULL,NULL,NULL),(110,NULL,NULL,NULL,NULL,NULL,NULL,NULL,NULL,NULL,NULL,NULL,NULL,NULL),(111,NULL,NULL,NULL,NULL,NULL,NULL,NULL,NULL,NULL,NULL,NULL,NULL,NULL),(112,NULL,NULL,NULL,NULL,NULL,NULL,NULL,NULL,NULL,NULL,NULL,NULL,NULL),(113,NULL,NULL,NULL,NULL,NULL,NULL,NULL,NULL,NULL,NULL,NULL,NULL,NULL),(114,NULL,NULL,NULL,NULL,NULL,NULL,NULL,NULL,NULL,NULL,NULL,NULL,NULL),(115,NULL,NULL,NULL,NULL,NULL,NULL,NULL,NULL,NULL,NULL,NULL,NULL,NULL),(116,NULL,NULL,NULL,NULL,NULL,NULL,NULL,NULL,NULL,NULL,NULL,NULL,NULL),(117,NULL,NULL,NULL,NULL,NULL,NULL,NULL,NULL,NULL,NULL,NULL,NULL,NULL),(118,NULL,NULL,NULL,NULL,NULL,NULL,NULL,NULL,NULL,NULL,NULL,NULL,NULL),(119,NULL,NULL,NULL,NULL,NULL,NULL,NULL,NULL,NULL,NULL,NULL,NULL,NULL),(120,NULL,NULL,NULL,NULL,NULL,NULL,NULL,NULL,NULL,NULL,NULL,NULL,NULL),(121,NULL,NULL,NULL,NULL,NULL,NULL,NULL,NULL,NULL,NULL,NULL,NULL,NULL),(122,NULL,NULL,NULL,NULL,NULL,NULL,NULL,NULL,NULL,NULL,NULL,NULL,NULL),(123,NULL,NULL,NULL,NULL,NULL,NULL,NULL,NULL,NULL,NULL,NULL,NULL,NULL),(124,NULL,NULL,NULL,NULL,NULL,NULL,NULL,NULL,NULL,NULL,NULL,NULL,NULL),(125,NULL,NULL,NULL,NULL,NULL,NULL,NULL,NULL,NULL,NULL,NULL,NULL,NULL),(126,NULL,NULL,NULL,NULL,NULL,NULL,NULL,NULL,NULL,NULL,NULL,NULL,NULL),(127,NULL,NULL,NULL,NULL,NULL,NULL,NULL,NULL,NULL,NULL,NULL,NULL,NULL),(128,NULL,NULL,NULL,NULL,NULL,NULL,NULL,NULL,NULL,NULL,NULL,NULL,NULL),(129,NULL,NULL,NULL,NULL,NULL,NULL,NULL,NULL,NULL,NULL,NULL,NULL,NULL),(130,NULL,NULL,NULL,NULL,NULL,NULL,NULL,NULL,NULL,NULL,NULL,NULL,NULL),(131,NULL,NULL,NULL,NULL,NULL,NULL,NULL,NULL,NULL,NULL,NULL,NULL,NULL),(132,NULL,NULL,NULL,NULL,NULL,NULL,NULL,NULL,NULL,NULL,NULL,NULL,NULL),(133,NULL,NULL,NULL,NULL,NULL,NULL,NULL,NULL,NULL,NULL,NULL,NULL,NULL),(134,NULL,NULL,NULL,NULL,NULL,NULL,NULL,NULL,NULL,NULL,NULL,NULL,NULL),(135,NULL,NULL,NULL,NULL,NULL,NULL,NULL,NULL,NULL,NULL,NULL,NULL,NULL),(136,NULL,NULL,NULL,NULL,NULL,NULL,NULL,NULL,NULL,NULL,NULL,NULL,NULL),(137,NULL,NULL,NULL,NULL,NULL,NULL,NULL,NULL,NULL,NULL,NULL,NULL,NULL),(138,NULL,NULL,NULL,NULL,NULL,NULL,NULL,NULL,NULL,NULL,NULL,NULL,NULL),(139,NULL,NULL,NULL,NULL,NULL,NULL,NULL,NULL,NULL,NULL,NULL,NULL,NULL),(140,NULL,NULL,NULL,NULL,NULL,NULL,NULL,NULL,NULL,NULL,NULL,NULL,NULL),(141,NULL,NULL,NULL,NULL,NULL,NULL,NULL,NULL,NULL,NULL,NULL,NULL,NULL),(142,NULL,NULL,NULL,NULL,NULL,NULL,NULL,NULL,NULL,NULL,NULL,NULL,NULL),(143,NULL,NULL,NULL,NULL,NULL,NULL,NULL,NULL,NULL,NULL,NULL,NULL,NULL),(144,NULL,NULL,NULL,NULL,NULL,NULL,NULL,NULL,NULL,NULL,NULL,NULL,NULL),(145,NULL,NULL,NULL,NULL,NULL,NULL,NULL,NULL,NULL,NULL,NULL,NULL,NULL),(146,NULL,NULL,NULL,NULL,NULL,NULL,NULL,NULL,NULL,NULL,NULL,NULL,NULL),(147,NULL,NULL,NULL,NULL,NULL,NULL,NULL,NULL,NULL,NULL,NULL,NULL,NULL),(148,NULL,NULL,NULL,NULL,NULL,NULL,NULL,NULL,NULL,NULL,NULL,NULL,NULL),(149,NULL,NULL,NULL,NULL,NULL,NULL,NULL,NULL,NULL,NULL,NULL,NULL,NULL),(150,NULL,NULL,NULL,NULL,NULL,NULL,NULL,NULL,NULL,NULL,NULL,NULL,NULL),(151,NULL,NULL,NULL,NULL,NULL,NULL,NULL,NULL,NULL,NULL,NULL,NULL,NULL),(152,NULL,NULL,NULL,NULL,NULL,NULL,NULL,NULL,NULL,NULL,NULL,NULL,NULL),(153,NULL,NULL,NULL,NULL,NULL,NULL,NULL,NULL,NULL,NULL,NULL,NULL,NULL),(154,NULL,NULL,NULL,NULL,NULL,NULL,NULL,NULL,NULL,NULL,NULL,NULL,NULL),(155,NULL,NULL,NULL,NULL,NULL,NULL,NULL,NULL,NULL,NULL,NULL,NULL,NULL),(156,NULL,NULL,NULL,NULL,NULL,NULL,NULL,NULL,NULL,NULL,NULL,NULL,NULL),(157,NULL,NULL,NULL,NULL,NULL,NULL,NULL,NULL,NULL,NULL,NULL,NULL,NULL),(158,NULL,NULL,NULL,NULL,NULL,NULL,NULL,NULL,NULL,NULL,NULL,NULL,NULL),(159,NULL,NULL,NULL,NULL,NULL,NULL,NULL,NULL,NULL,NULL,NULL,NULL,NULL),(160,NULL,NULL,NULL,NULL,NULL,NULL,NULL,NULL,NULL,NULL,NULL,NULL,NULL),(161,NULL,NULL,NULL,NULL,NULL,NULL,NULL,NULL,NULL,NULL,NULL,NULL,NULL),(162,NULL,NULL,NULL,NULL,NULL,NULL,NULL,NULL,NULL,NULL,NULL,NULL,NULL),(163,NULL,NULL,NULL,NULL,NULL,NULL,NULL,NULL,NULL,NULL,NULL,NULL,NULL),(164,NULL,NULL,NULL,NULL,NULL,NULL,NULL,NULL,NULL,NULL,NULL,NULL,NULL),(165,NULL,NULL,NULL,NULL,NULL,NULL,NULL,NULL,NULL,NULL,NULL,NULL,NULL),(166,NULL,NULL,NULL,NULL,NULL,NULL,NULL,NULL,NULL,NULL,NULL,NULL,NULL),(167,NULL,NULL,NULL,NULL,NULL,NULL,NULL,NULL,NULL,NULL,NULL,NULL,NULL),(168,NULL,NULL,NULL,NULL,NULL,NULL,NULL,NULL,NULL,NULL,NULL,NULL,NULL),(169,NULL,NULL,NULL,NULL,NULL,NULL,NULL,NULL,NULL,NULL,NULL,NULL,NULL),(170,NULL,NULL,NULL,NULL,NULL,NULL,NULL,NULL,NULL,NULL,NULL,NULL,NULL),(171,'99999999','6','8',NULL,'2',NULL,NULL,NULL,'1','1','3',NULL,NULL),(172,NULL,NULL,NULL,NULL,NULL,NULL,NULL,NULL,NULL,NULL,NULL,NULL,NULL),(173,NULL,NULL,NULL,NULL,NULL,NULL,NULL,NULL,NULL,NULL,NULL,NULL,NULL),(174,'1','1','1','1234','admin@admin.com',NULL,NULL,NULL,'1','1','3',NULL,NULL),(175,'1','1','1','1234','admin@admin.com',NULL,NULL,NULL,'1','1','3',NULL,NULL),(176,'1','1','1','1234','admin@admin.com',NULL,NULL,NULL,'1','1','3',NULL,NULL),(177,NULL,NULL,NULL,NULL,NULL,NULL,NULL,NULL,NULL,NULL,NULL,NULL,NULL),(178,NULL,NULL,NULL,NULL,NULL,NULL,NULL,NULL,NULL,NULL,NULL,NULL,NULL),(179,NULL,NULL,NULL,NULL,NULL,NULL,NULL,NULL,NULL,NULL,NULL,NULL,NULL),(180,NULL,NULL,NULL,NULL,NULL,NULL,NULL,NULL,NULL,NULL,NULL,NULL,NULL),(181,NULL,NULL,NULL,NULL,NULL,NULL,NULL,NULL,NULL,NULL,NULL,NULL,NULL),(182,NULL,NULL,NULL,NULL,NULL,NULL,NULL,NULL,NULL,NULL,NULL,NULL,NULL),(183,NULL,NULL,NULL,NULL,NULL,NULL,NULL,NULL,NULL,NULL,NULL,NULL,NULL),(184,NULL,NULL,NULL,NULL,NULL,NULL,NULL,NULL,NULL,NULL,NULL,NULL,NULL),(185,NULL,NULL,NULL,NULL,NULL,NULL,NULL,NULL,NULL,NULL,NULL,NULL,NULL);
/*!40000 ALTER TABLE `contactos` ENABLE KEYS */;
UNLOCK TABLES;

--
-- Table structure for table `departamentos`
--

DROP TABLE IF EXISTS `departamentos`;
/*!40101 SET @saved_cs_client     = @@character_set_client */;
/*!40101 SET character_set_client = utf8 */;
CREATE TABLE `departamentos` (
  `id` bigint(20) unsigned NOT NULL AUTO_INCREMENT,
  `codigo` varchar(191) DEFAULT NULL,
  `designacao` varchar(191) DEFAULT NULL,
  `descricao` varchar(191) DEFAULT NULL,
  `status` tinyint(1) DEFAULT NULL,
  `created_at` timestamp NULL DEFAULT NULL,
  `updated_at` timestamp NULL DEFAULT NULL,
  PRIMARY KEY (`id`)
) ENGINE=InnoDB AUTO_INCREMENT=4 DEFAULT CHARSET=utf8mb4 COLLATE=utf8mb4_unicode_ci;
/*!40101 SET character_set_client = @saved_cs_client */;

--
-- Dumping data for table `departamentos`
--

LOCK TABLES `departamentos` WRITE;
/*!40000 ALTER TABLE `departamentos` DISABLE KEYS */;
INSERT INTO `departamentos` VALUES (1,'0001','Administração','Administração',1,NULL,'2023-11-14 15:11:56'),(2,'0001','Gestão','Gestão',1,NULL,NULL),(3,'0001','Vendas','Vendas',1,NULL,NULL);
/*!40000 ALTER TABLE `departamentos` ENABLE KEYS */;
UNLOCK TABLES;

--
-- Table structure for table `empresas`
--

DROP TABLE IF EXISTS `empresas`;
/*!40101 SET @saved_cs_client     = @@character_set_client */;
/*!40101 SET character_set_client = utf8 */;
CREATE TABLE `empresas` (
  `id` bigint(20) unsigned NOT NULL AUTO_INCREMENT,
  `designacao` varchar(191) NOT NULL,
  `nif` varchar(191) NOT NULL,
  `registo_comercial` varchar(191) DEFAULT NULL,
  `data_fundacao` date NOT NULL,
  `csocial` varchar(191) DEFAULT NULL,
  `representante` varchar(191) NOT NULL,
  `ndi_rep` varchar(191) NOT NULL,
  `descricao` varchar(191) DEFAULT NULL,
  `foto` varchar(191) DEFAULT NULL,
  `status` tinyint(1) DEFAULT NULL,
  `id_endereco` bigint(20) unsigned NOT NULL,
  `id_contacto` bigint(20) unsigned NOT NULL,
  `created_at` timestamp NULL DEFAULT NULL,
  `updated_at` timestamp NULL DEFAULT NULL,
  PRIMARY KEY (`id`),
  KEY `empresas_id_endereco_foreign` (`id_endereco`),
  KEY `empresas_id_contacto_foreign` (`id_contacto`),
  CONSTRAINT `empresas_id_contacto_foreign` FOREIGN KEY (`id_contacto`) REFERENCES `contactos` (`id`) ON DELETE CASCADE,
  CONSTRAINT `empresas_id_endereco_foreign` FOREIGN KEY (`id_endereco`) REFERENCES `enderecos` (`id`) ON DELETE CASCADE
) ENGINE=InnoDB AUTO_INCREMENT=2 DEFAULT CHARSET=utf8mb4 COLLATE=utf8mb4_unicode_ci;
/*!40101 SET character_set_client = @saved_cs_client */;

--
-- Dumping data for table `empresas`
--

LOCK TABLES `empresas` WRITE;
/*!40000 ALTER TABLE `empresas` DISABLE KEYS */;
INSERT INTO `empresas` VALUES (1,'K. Pembele, Indústria Limitada','5484025940','5484025940','2016-10-12',NULL,'Francisco Bartolomeu Manuel','000559111LA037',NULL,'1707221394.jpg',1,1,1,NULL,NULL);
/*!40000 ALTER TABLE `empresas` ENABLE KEYS */;
UNLOCK TABLES;

--
-- Table structure for table `enderecos`
--

DROP TABLE IF EXISTS `enderecos`;
/*!40101 SET @saved_cs_client     = @@character_set_client */;
/*!40101 SET character_set_client = utf8 */;
CREATE TABLE `enderecos` (
  `id` bigint(20) unsigned NOT NULL AUTO_INCREMENT,
  `pais` varchar(191) DEFAULT NULL,
  `cidade` varchar(191) DEFAULT NULL,
  `endereco` varchar(191) DEFAULT NULL,
  `created_at` timestamp NULL DEFAULT NULL,
  `updated_at` timestamp NULL DEFAULT NULL,
  PRIMARY KEY (`id`)
) ENGINE=InnoDB AUTO_INCREMENT=186 DEFAULT CHARSET=utf8mb4 COLLATE=utf8mb4_unicode_ci;
/*!40101 SET character_set_client = @saved_cs_client */;

--
-- Dumping data for table `enderecos`
--

LOCK TABLES `enderecos` WRITE;
/*!40000 ALTER TABLE `enderecos` DISABLE KEYS */;
INSERT INTO `enderecos` VALUES (1,'Angola','Luanda','Mercado do Trinta (30), Viana',NULL,NULL),(2,'Angola',NULL,'Chana',NULL,NULL),(3,'Angola',NULL,'Chana',NULL,NULL),(4,'Angola',NULL,'FABRICA',NULL,NULL),(5,'Angola',NULL,'Chana',NULL,NULL),(6,'Angola',NULL,'Chana',NULL,NULL),(7,'Angola',NULL,'Chana',NULL,NULL),(8,'Angola',NULL,'FABRICA',NULL,NULL),(9,'Angola',NULL,'FABRICA',NULL,NULL),(10,'Angola',NULL,'FABRICA',NULL,NULL),(11,'Angola',NULL,'FABRICA',NULL,NULL),(12,'Angola',NULL,'Chana',NULL,NULL),(13,'Angola',NULL,'FABRICA',NULL,NULL),(14,'Angola',NULL,'FABRICA',NULL,NULL),(15,'Angola',NULL,'FABRICA',NULL,NULL),(16,'Angola',NULL,'FABRICA',NULL,NULL),(17,'Angola',NULL,'FABRICA',NULL,NULL),(18,'Angola',NULL,'FABRICA',NULL,NULL),(19,'Angola',NULL,'JORGE',NULL,NULL),(20,'Angola',NULL,'Chana',NULL,NULL),(21,'Angola',NULL,'Chana',NULL,NULL),(22,'Angola',NULL,'JORGE',NULL,NULL),(23,'Angola',NULL,'Chana',NULL,NULL),(24,'Angola',NULL,'JORGE',NULL,NULL),(25,'Angola',NULL,'JORGE',NULL,NULL),(26,'Angola',NULL,'FABRICA',NULL,NULL),(27,'Angola',NULL,'FABRICA',NULL,NULL),(28,'Angola',NULL,'JORGE',NULL,NULL),(29,'Angola',NULL,'FABRICA',NULL,NULL),(30,'Angola',NULL,'FABRICA',NULL,NULL),(31,'Angola',NULL,'FABRICA',NULL,NULL),(32,'Angola',NULL,'FABRICA',NULL,NULL),(33,'Angola',NULL,'JORGE',NULL,NULL),(34,'Angola',NULL,'JORGE',NULL,NULL),(35,'Angola',NULL,'FABRICA',NULL,NULL),(36,'Angola',NULL,'Chana',NULL,NULL),(37,'Angola',NULL,'LUKEMBO',NULL,NULL),(38,'Angola',NULL,'JORGE',NULL,NULL),(39,'Angola',NULL,'LUKEMBO',NULL,NULL),(40,'Angola',NULL,'FABRICA',NULL,NULL),(41,'Angola',NULL,'JORGE',NULL,NULL),(42,'Angola',NULL,'FABRICA',NULL,NULL),(43,'Angola',NULL,'FABRICA',NULL,NULL),(44,'Angola',NULL,'FABRICA',NULL,NULL),(45,'Angola',NULL,'FABRICA',NULL,NULL),(46,'Angola',NULL,'JORGE',NULL,NULL),(47,'Angola',NULL,'JORGE',NULL,NULL),(48,'Angola',NULL,'Chana',NULL,NULL),(49,'Angola',NULL,'FABRICA',NULL,NULL),(50,'Angola',NULL,'Chana',NULL,NULL),(51,'Angola',NULL,'FABRICA',NULL,NULL),(52,'Angola',NULL,'FABRICA',NULL,NULL),(53,'Angola',NULL,'Chana',NULL,NULL),(54,'Angola',NULL,'JORGE',NULL,NULL),(55,'Angola',NULL,'JORGE',NULL,NULL),(56,'Angola',NULL,'Chana',NULL,NULL),(57,'Angola',NULL,'Chana',NULL,NULL),(58,'Angola',NULL,'JORGE',NULL,NULL),(59,'Angola',NULL,'FABRICA',NULL,NULL),(60,'Angola',NULL,'FABRICA',NULL,NULL),(61,'Angola',NULL,'JORGE',NULL,NULL),(62,'Angola',NULL,'Chana',NULL,NULL),(63,'Angola',NULL,'Chana',NULL,NULL),(64,'Angola',NULL,'FABRICA',NULL,NULL),(65,'Angola',NULL,'FABRICA',NULL,NULL),(66,'Angola',NULL,'Chana',NULL,NULL),(67,'Angola',NULL,'Chana',NULL,NULL),(68,'Angola',NULL,'Chana',NULL,NULL),(69,'Angola',NULL,'FABRICA',NULL,NULL),(70,'Angola',NULL,'FABRICA',NULL,NULL),(71,'Angola',NULL,'Chana',NULL,NULL),(72,'Angola',NULL,'FABRICA',NULL,NULL),(73,'Angola',NULL,'FABRICA',NULL,NULL),(74,'Angola',NULL,'CHANA',NULL,NULL),(75,'Angola',NULL,'Chana',NULL,NULL),(76,'Angola',NULL,'Chana',NULL,NULL),(77,'Angola',NULL,'Chana',NULL,NULL),(78,'Angola',NULL,'JORGE',NULL,NULL),(79,'Angola',NULL,'Chana',NULL,NULL),(80,'Angola',NULL,'FABRICA',NULL,NULL),(81,'Angola',NULL,'Chana',NULL,NULL),(82,'Angola',NULL,'Chana',NULL,NULL),(83,'Angola',NULL,'FABRICA',NULL,NULL),(84,'Angola',NULL,'FABRICA',NULL,NULL),(85,'Angola',NULL,'FABRICA',NULL,NULL),(86,'Angola',NULL,'Chana',NULL,NULL),(87,'Angola',NULL,'JORGE',NULL,NULL),(88,'Angola',NULL,'Chana',NULL,NULL),(89,'Angola',NULL,'FABRICA',NULL,NULL),(90,'Angola',NULL,'FABRICA',NULL,NULL),(91,'Angola',NULL,'FABRICA',NULL,NULL),(92,'Angola',NULL,'FABRICA',NULL,NULL),(93,'Angola',NULL,'JORGE',NULL,NULL),(94,'Angola',NULL,'Chana',NULL,NULL),(95,'Angola',NULL,'FABRICA',NULL,NULL),(96,'Angola',NULL,'Chana',NULL,NULL),(97,'Angola',NULL,'Chana',NULL,NULL),(98,'Angola',NULL,'Chana',NULL,NULL),(99,'Angola',NULL,'JORGE',NULL,NULL),(100,'Angola',NULL,'JORGE',NULL,NULL),(101,'Angola',NULL,'JORGE',NULL,NULL),(102,'Angola',NULL,'FABRICA',NULL,NULL),(103,'Angola',NULL,'FABRICA',NULL,NULL),(104,'Angola',NULL,'FABRICA',NULL,NULL),(105,'Angola',NULL,'FABRICA',NULL,NULL),(106,'Angola',NULL,'JORGE',NULL,NULL),(107,'Angola',NULL,'FABRICA',NULL,NULL),(108,'Angola',NULL,'FABRICA',NULL,NULL),(109,'Angola',NULL,'FABRICA',NULL,NULL),(110,'Angola',NULL,'JORGE',NULL,NULL),(111,'Angola',NULL,'FABRICA',NULL,NULL),(112,'Angola',NULL,'FABRICA',NULL,NULL),(113,'Angola',NULL,'FABRICA',NULL,NULL),(114,'Angola',NULL,'Chana',NULL,NULL),(115,'Angola',NULL,'Chana',NULL,NULL),(116,'Angola',NULL,'FABRICA',NULL,NULL),(117,'Angola',NULL,'FABRICA',NULL,NULL),(118,'Angola',NULL,'FABRICA',NULL,NULL),(119,'Angola',NULL,'Chana',NULL,NULL),(120,'Angola',NULL,'FABRICA',NULL,NULL),(121,'Angola',NULL,'Chana',NULL,NULL),(122,'Angola',NULL,'Chana',NULL,NULL),(123,'Angola',NULL,'Chana',NULL,NULL),(124,'Angola',NULL,'FABRICA',NULL,NULL),(125,'Angola',NULL,'FABRICA',NULL,NULL),(126,'Angola',NULL,'FABRICA',NULL,NULL),(127,'Angola',NULL,'FABRICA',NULL,NULL),(128,'Angola',NULL,'FABRICA',NULL,NULL),(129,'Angola',NULL,'FABRICA',NULL,NULL),(130,'Angola',NULL,'FABRICA',NULL,NULL),(131,'Angola',NULL,'JORGE',NULL,NULL),(132,'Angola',NULL,'FABRICA',NULL,NULL),(133,'Angola',NULL,'FABRICA',NULL,NULL),(134,'Angola',NULL,'FABRICA',NULL,NULL),(135,'Angola',NULL,'Chana',NULL,NULL),(136,'Angola',NULL,'FABRICA',NULL,NULL),(137,'Angola',NULL,'FABRICA',NULL,NULL),(138,'Angola','Luanda','Distrito do Kikolo, Cacuaco',NULL,NULL),(139,'Angola',NULL,'FABRICA',NULL,NULL),(140,'Angola',NULL,'JORGE',NULL,NULL),(141,'Angola',NULL,'FABRICA',NULL,NULL),(142,'Angola',NULL,'JORGE',NULL,NULL),(143,'Angola','Luanda','Município de Viana',NULL,NULL),(144,'Angola',NULL,'FABRICA',NULL,NULL),(145,'Angola',NULL,'FABRICA',NULL,NULL),(146,'Angola',NULL,'FABRICA',NULL,NULL),(147,'Angola',NULL,'FABRICA',NULL,NULL),(148,'Angola',NULL,'FABRICA',NULL,NULL),(149,'Angola',NULL,'FABRICA',NULL,NULL),(150,'Angola',NULL,'FABRICA',NULL,NULL),(151,'Angola',NULL,'FABRICA',NULL,NULL),(152,'Angola',NULL,'FABRICA',NULL,NULL),(153,'Angola',NULL,'FABRICA',NULL,NULL),(154,'Angola',NULL,'FABRICA',NULL,NULL),(155,'Angola',NULL,'FABRICA',NULL,NULL),(156,'Angola',NULL,'JORGE',NULL,NULL),(157,'Angola','Luanda','Bairro da Funda, Município do Cacuaco, Luanda',NULL,NULL),(158,'Angola','Luanda','Distrito Urbano do Kikolo, Município do Cacuaco',NULL,NULL),(159,'Angola',NULL,NULL,NULL,NULL),(160,'Angola',NULL,'PRAÇA',NULL,NULL),(161,'Angola',NULL,'LUANDA',NULL,NULL),(162,'Angola',NULL,'LUANDA',NULL,NULL),(163,'Angola',NULL,'FABRICA',NULL,NULL),(164,'Angola',NULL,'FABRICA',NULL,NULL),(165,'Angola',NULL,'FABRICA',NULL,NULL),(166,'Angola',NULL,'FABRICA',NULL,NULL),(167,'Angola',NULL,'FABRICA',NULL,NULL),(168,'Angola',NULL,'FABRICA',NULL,NULL),(169,'Angola',NULL,'Bairro Quiminha - Icolo e Bengo',NULL,NULL),(170,'Angola',NULL,'FABRICA',NULL,NULL),(171,'Angola','Bengo','Estrada das Mabubas, Catete',NULL,NULL),(172,'Angola',NULL,'BENGO',NULL,NULL),(173,'Angola',NULL,NULL,NULL,NULL),(174,'Angola','Bengo','Estrada das Mabubas, Catete',NULL,NULL),(175,'Angola','Bengo','Estrada das Mabubas, Catete',NULL,NULL),(176,'Angola','CAXITO','Estrada das Mabubas, Catete',NULL,NULL),(177,'Angola','Caxito','ESTRADA DAS MABUBAS CAXITO',NULL,NULL),(178,'Angola',NULL,'FABRICA',NULL,NULL),(179,'Angola',NULL,'FABRICA',NULL,NULL),(180,'Angola',NULL,'FABRICA',NULL,NULL),(181,'Angola',NULL,'FABRICA',NULL,NULL),(182,'Angola',NULL,'FABRICA',NULL,NULL),(183,'Angola','LUANDA','LUANDA',NULL,NULL),(184,'Angola',NULL,NULL,NULL,NULL),(185,'Angola',NULL,NULL,NULL,NULL);
/*!40000 ALTER TABLE `enderecos` ENABLE KEYS */;
UNLOCK TABLES;

--
-- Table structure for table `fabricantes`
--

DROP TABLE IF EXISTS `fabricantes`;
/*!40101 SET @saved_cs_client     = @@character_set_client */;
/*!40101 SET character_set_client = utf8 */;
CREATE TABLE `fabricantes` (
  `id` bigint(20) unsigned NOT NULL AUTO_INCREMENT,
  `codigo` varchar(191) DEFAULT NULL,
  `designacao` varchar(191) DEFAULT NULL,
  `descricao` varchar(191) DEFAULT NULL,
  `status` tinyint(1) DEFAULT NULL,
  `created_at` timestamp NULL DEFAULT NULL,
  `updated_at` timestamp NULL DEFAULT NULL,
  PRIMARY KEY (`id`)
) ENGINE=InnoDB DEFAULT CHARSET=utf8mb4 COLLATE=utf8mb4_unicode_ci;
/*!40101 SET character_set_client = @saved_cs_client */;

--
-- Dumping data for table `fabricantes`
--

LOCK TABLES `fabricantes` WRITE;
/*!40000 ALTER TABLE `fabricantes` DISABLE KEYS */;
/*!40000 ALTER TABLE `fabricantes` ENABLE KEYS */;
UNLOCK TABLES;

--
-- Table structure for table `factura_recibos`
--

DROP TABLE IF EXISTS `factura_recibos`;
/*!40101 SET @saved_cs_client     = @@character_set_client */;
/*!40101 SET character_set_client = utf8 */;
CREATE TABLE `factura_recibos` (
  `id` bigint(20) unsigned NOT NULL AUTO_INCREMENT,
  `numero` varchar(191) DEFAULT NULL,
  `cliente_id` bigint(20) unsigned DEFAULT NULL,
  `cliente_nome` varchar(191) DEFAULT NULL,
  `contribuinte` varchar(191) DEFAULT NULL,
  `endereco` varchar(191) DEFAULT NULL,
  `data` datetime DEFAULT NULL,
  `data_vencimento` datetime DEFAULT NULL,
  `formapagamento_id` bigint(20) unsigned DEFAULT NULL,
  `moeda_id` bigint(20) unsigned DEFAULT NULL,
  `utilizador_id` bigint(20) unsigned DEFAULT NULL,
  `utilizador_nome` varchar(191) DEFAULT NULL,
  `observacao` text DEFAULT NULL,
  `subtotal` double(8,2) DEFAULT NULL,
  `desconto` double(8,2) DEFAULT NULL,
  `imposto` double(8,2) DEFAULT NULL,
  `retencao` double(8,2) DEFAULT NULL,
  `total` double(8,2) DEFAULT NULL,
  `hash` text DEFAULT NULL,
  `status` tinyint(1) DEFAULT NULL,
  `is_nota` tinyint(1) DEFAULT NULL,
  `created_at` timestamp NULL DEFAULT NULL,
  `updated_at` timestamp NULL DEFAULT NULL,
  PRIMARY KEY (`id`),
  KEY `factura_recibos_cliente_id_foreign` (`cliente_id`),
  KEY `factura_recibos_formapagamento_id_foreign` (`formapagamento_id`),
  KEY `factura_recibos_moeda_id_foreign` (`moeda_id`),
  KEY `factura_recibos_utilizador_id_foreign` (`utilizador_id`),
  CONSTRAINT `factura_recibos_cliente_id_foreign` FOREIGN KEY (`cliente_id`) REFERENCES `clientes` (`id`) ON DELETE NO ACTION ON UPDATE CASCADE,
  CONSTRAINT `factura_recibos_formapagamento_id_foreign` FOREIGN KEY (`formapagamento_id`) REFERENCES `formas_pagamentos` (`id`) ON DELETE NO ACTION ON UPDATE CASCADE,
  CONSTRAINT `factura_recibos_moeda_id_foreign` FOREIGN KEY (`moeda_id`) REFERENCES `moedas` (`id`) ON DELETE NO ACTION ON UPDATE CASCADE,
  CONSTRAINT `factura_recibos_utilizador_id_foreign` FOREIGN KEY (`utilizador_id`) REFERENCES `users` (`id`) ON DELETE NO ACTION ON UPDATE CASCADE
) ENGINE=InnoDB AUTO_INCREMENT=285 DEFAULT CHARSET=utf8mb4 COLLATE=utf8mb4_unicode_ci;
/*!40101 SET character_set_client = @saved_cs_client */;

--
-- Dumping data for table `factura_recibos`
--

LOCK TABLES `factura_recibos` WRITE;
/*!40000 ALTER TABLE `factura_recibos` DISABLE KEYS */;
INSERT INTO `factura_recibos` VALUES (1,'FR 2024/1',4,'ABEL VIEIRA',NULL,'FABRICA','2024-02-06 00:00:00','2024-02-06 00:00:00',2,1,3,'Engrácia Costa',NULL,8500.00,0.00,0.00,0.00,8500.00,'MIICXAIBAAKBgQC4dcYScJrnD1xCbBAlSwQN80TYmlMhC1q3fqyL0y2ygQOmtKKYJkDDp/bx0F7ZJ4psVDAmJ1PC2SlHfVPtSZrsVTIf/OlWMsrkLQ+bSf2vJuzUgDagZ/htowIn3io6myiY+Ehq9vDjCd65XV/Hq2sDZoksXMpQU8kQoIF4P2oJqwIDAQABAoGBAJdMauHXIQdjDv6gWoHsTPAQWKj9tC/He2pE6cxqs/HVZqRHR5Ja1gZl7',1,1,'2024-02-06 11:17:43','2024-02-06 11:17:43'),(2,'FR 2024/2',5,'NAZARE EDUARDO',NULL,'Chana','2024-02-06 00:00:00','2024-02-06 00:00:00',2,1,3,'Engrácia Costa',NULL,17000.00,0.00,0.00,0.00,17000.00,'MIICXAIBAAKBgQC4dcYScJrnD1xCbBAlSwQN80TYmlMhC1q3fqyL0y2ygQOmtKKYJkDDp/bx0F7ZJ4psVDAmJ1PC2SlHfVPtSZrsVTIf/OlWMsrkLQ+bSf2vJuzUgDagZ/htowIn3io6myiY+Ehq9vDjCd65XV/Hq2sDZoksXMpQU8kQoIF4P2oJqwIDAQABAoGBAJdMauHXIQdjDv6gWoHsTPAQWKj9tC/He2pE6cxqs/HVZqRHR5Ja1gZl7',1,1,'2024-02-06 11:28:50','2024-02-06 11:28:50'),(3,'FR 2024/3',7,'ETELVINA ANDRADE',NULL,'Chana','2024-02-06 00:00:00','2024-02-06 00:00:00',2,1,3,'Engrácia Costa',NULL,25500.00,0.00,0.00,0.00,25500.00,'MIICXAIBAAKBgQC4dcYScJrnD1xCbBAlSwQN80TYmlMhC1q3fqyL0y2ygQOmtKKYJkDDp/bx0F7ZJ4psVDAmJ1PC2SlHfVPtSZrsVTIf/OlWMsrkLQ+bSf2vJuzUgDagZ/htowIn3io6myiY+Ehq9vDjCd65XV/Hq2sDZoksXMpQU8kQoIF4P2oJqwIDAQABAoGBAJdMauHXIQdjDv6gWoHsTPAQWKj9tC/He2pE6cxqs/HVZqRHR5Ja1gZl7',1,1,'2024-02-06 11:46:39','2024-02-06 11:46:39'),(4,'FR 2024/4',8,'ADLADA MOISES',NULL,'FABRICA','2024-02-06 00:00:00','2024-02-06 00:00:00',2,1,3,'Engrácia Costa',NULL,15000.00,0.00,0.00,0.00,15000.00,'MIICXAIBAAKBgQC4dcYScJrnD1xCbBAlSwQN80TYmlMhC1q3fqyL0y2ygQOmtKKYJkDDp/bx0F7ZJ4psVDAmJ1PC2SlHfVPtSZrsVTIf/OlWMsrkLQ+bSf2vJuzUgDagZ/htowIn3io6myiY+Ehq9vDjCd65XV/Hq2sDZoksXMpQU8kQoIF4P2oJqwIDAQABAoGBAJdMauHXIQdjDv6gWoHsTPAQWKj9tC/He2pE6cxqs/HVZqRHR5Ja1gZl7',1,1,'2024-02-06 11:50:57','2024-02-06 11:50:57'),(5,'FR 2024/5',9,'VICTORIA GINGA',NULL,'FABRICA','2024-02-06 00:00:00','2024-02-06 00:00:00',2,1,3,'Engrácia Costa',NULL,15000.00,0.00,0.00,0.00,15000.00,'MIICXAIBAAKBgQC4dcYScJrnD1xCbBAlSwQN80TYmlMhC1q3fqyL0y2ygQOmtKKYJkDDp/bx0F7ZJ4psVDAmJ1PC2SlHfVPtSZrsVTIf/OlWMsrkLQ+bSf2vJuzUgDagZ/htowIn3io6myiY+Ehq9vDjCd65XV/Hq2sDZoksXMpQU8kQoIF4P2oJqwIDAQABAoGBAJdMauHXIQdjDv6gWoHsTPAQWKj9tC/He2pE6cxqs/HVZqRHR5Ja1gZl7',1,1,'2024-02-06 11:53:42','2024-02-06 11:53:42'),(6,'FR 2024/6',6,'DOMINGAS GAMA',NULL,'Chana','2024-02-06 00:00:00','2024-02-06 00:00:00',1,1,3,'Engrácia Costa',NULL,8500.00,0.00,0.00,0.00,8500.00,'MIICXAIBAAKBgQC4dcYScJrnD1xCbBAlSwQN80TYmlMhC1q3fqyL0y2ygQOmtKKYJkDDp/bx0F7ZJ4psVDAmJ1PC2SlHfVPtSZrsVTIf/OlWMsrkLQ+bSf2vJuzUgDagZ/htowIn3io6myiY+Ehq9vDjCd65XV/Hq2sDZoksXMpQU8kQoIF4P2oJqwIDAQABAoGBAJdMauHXIQdjDv6gWoHsTPAQWKj9tC/He2pE6cxqs/HVZqRHR5Ja1gZl7',1,0,'2024-02-06 11:58:17','2024-02-07 08:38:15'),(7,'FR 2024/7',10,'SIMAO ANDRE',NULL,'FABRICA','2024-02-06 00:00:00','2024-02-06 00:00:00',3,1,3,'Engrácia Costa',NULL,8500.00,0.00,0.00,0.00,8500.00,'MIICXAIBAAKBgQC4dcYScJrnD1xCbBAlSwQN80TYmlMhC1q3fqyL0y2ygQOmtKKYJkDDp/bx0F7ZJ4psVDAmJ1PC2SlHfVPtSZrsVTIf/OlWMsrkLQ+bSf2vJuzUgDagZ/htowIn3io6myiY+Ehq9vDjCd65XV/Hq2sDZoksXMpQU8kQoIF4P2oJqwIDAQABAoGBAJdMauHXIQdjDv6gWoHsTPAQWKj9tC/He2pE6cxqs/HVZqRHR5Ja1gZl7',1,1,'2024-02-06 12:02:18','2024-02-06 12:02:18'),(8,'FR 2024/8',11,'IVO ZANGUE',NULL,'FABRICA','2024-02-06 00:00:00','2024-02-06 00:00:00',1,1,3,'Engrácia Costa',NULL,17000.00,0.00,0.00,0.00,17000.00,'MIICXAIBAAKBgQC4dcYScJrnD1xCbBAlSwQN80TYmlMhC1q3fqyL0y2ygQOmtKKYJkDDp/bx0F7ZJ4psVDAmJ1PC2SlHfVPtSZrsVTIf/OlWMsrkLQ+bSf2vJuzUgDagZ/htowIn3io6myiY+Ehq9vDjCd65XV/Hq2sDZoksXMpQU8kQoIF4P2oJqwIDAQABAoGBAJdMauHXIQdjDv6gWoHsTPAQWKj9tC/He2pE6cxqs/HVZqRHR5Ja1gZl7',1,1,'2024-02-06 12:16:23','2024-02-06 12:16:23'),(9,'FR 2024/9',19,'MOISES ALFREDO LOURENÇO',NULL,'JORGE','2024-02-06 00:00:00','2024-02-06 00:00:00',1,1,3,'Engrácia Costa',NULL,5000.00,0.00,0.00,0.00,5000.00,'MIICXAIBAAKBgQC4dcYScJrnD1xCbBAlSwQN80TYmlMhC1q3fqyL0y2ygQOmtKKYJkDDp/bx0F7ZJ4psVDAmJ1PC2SlHfVPtSZrsVTIf/OlWMsrkLQ+bSf2vJuzUgDagZ/htowIn3io6myiY+Ehq9vDjCd65XV/Hq2sDZoksXMpQU8kQoIF4P2oJqwIDAQABAoGBAJdMauHXIQdjDv6gWoHsTPAQWKj9tC/He2pE6cxqs/HVZqRHR5Ja1gZl7',1,1,'2024-02-06 12:33:26','2024-02-06 12:33:26'),(10,'FR 2024/10',12,'INACIA MUSSONGA',NULL,'Chana','2024-02-06 00:00:00','2024-02-06 00:00:00',1,1,3,'Engrácia Costa',NULL,10000.00,0.00,0.00,0.00,10000.00,'MIICXAIBAAKBgQC4dcYScJrnD1xCbBAlSwQN80TYmlMhC1q3fqyL0y2ygQOmtKKYJkDDp/bx0F7ZJ4psVDAmJ1PC2SlHfVPtSZrsVTIf/OlWMsrkLQ+bSf2vJuzUgDagZ/htowIn3io6myiY+Ehq9vDjCd65XV/Hq2sDZoksXMpQU8kQoIF4P2oJqwIDAQABAoGBAJdMauHXIQdjDv6gWoHsTPAQWKj9tC/He2pE6cxqs/HVZqRHR5Ja1gZl7',1,1,'2024-02-06 12:39:26','2024-02-06 12:39:26'),(11,'FR 2024/11',17,'MANUEL NGOLA',NULL,'FABRICA','2024-02-06 00:00:00','2024-02-06 00:00:00',2,1,3,'Engrácia Costa',NULL,34000.00,0.00,0.00,0.00,34000.00,'MIICXAIBAAKBgQC4dcYScJrnD1xCbBAlSwQN80TYmlMhC1q3fqyL0y2ygQOmtKKYJkDDp/bx0F7ZJ4psVDAmJ1PC2SlHfVPtSZrsVTIf/OlWMsrkLQ+bSf2vJuzUgDagZ/htowIn3io6myiY+Ehq9vDjCd65XV/Hq2sDZoksXMpQU8kQoIF4P2oJqwIDAQABAoGBAJdMauHXIQdjDv6gWoHsTPAQWKj9tC/He2pE6cxqs/HVZqRHR5Ja1gZl7',1,1,'2024-02-06 12:44:30','2024-02-06 12:44:30'),(12,'FR 2024/12',18,'NVUNDA LOPES',NULL,'FABRICA','2024-02-06 00:00:00','2024-02-06 00:00:00',2,1,3,'Engrácia Costa',NULL,25500.00,0.00,0.00,0.00,25500.00,'MIICXAIBAAKBgQC4dcYScJrnD1xCbBAlSwQN80TYmlMhC1q3fqyL0y2ygQOmtKKYJkDDp/bx0F7ZJ4psVDAmJ1PC2SlHfVPtSZrsVTIf/OlWMsrkLQ+bSf2vJuzUgDagZ/htowIn3io6myiY+Ehq9vDjCd65XV/Hq2sDZoksXMpQU8kQoIF4P2oJqwIDAQABAoGBAJdMauHXIQdjDv6gWoHsTPAQWKj9tC/He2pE6cxqs/HVZqRHR5Ja1gZl7',1,1,'2024-02-06 12:47:08','2024-02-06 12:47:08'),(13,'FR 2024/13',13,'JOSE ADELINO',NULL,'FABRICA','2024-02-06 00:00:00','2024-02-06 00:00:00',2,1,3,'Engrácia Costa',NULL,17000.00,0.00,0.00,0.00,17000.00,'MIICXAIBAAKBgQC4dcYScJrnD1xCbBAlSwQN80TYmlMhC1q3fqyL0y2ygQOmtKKYJkDDp/bx0F7ZJ4psVDAmJ1PC2SlHfVPtSZrsVTIf/OlWMsrkLQ+bSf2vJuzUgDagZ/htowIn3io6myiY+Ehq9vDjCd65XV/Hq2sDZoksXMpQU8kQoIF4P2oJqwIDAQABAoGBAJdMauHXIQdjDv6gWoHsTPAQWKj9tC/He2pE6cxqs/HVZqRHR5Ja1gZl7',1,1,'2024-02-06 12:49:45','2024-02-06 12:49:45'),(14,'FR 2024/14',16,'MOISES JOAQUIM VUNGE',NULL,'FABRICA','2024-02-06 00:00:00','2024-02-06 00:00:00',3,1,3,'Engrácia Costa',NULL,8500.00,0.00,0.00,0.00,8500.00,'MIICXAIBAAKBgQC4dcYScJrnD1xCbBAlSwQN80TYmlMhC1q3fqyL0y2ygQOmtKKYJkDDp/bx0F7ZJ4psVDAmJ1PC2SlHfVPtSZrsVTIf/OlWMsrkLQ+bSf2vJuzUgDagZ/htowIn3io6myiY+Ehq9vDjCd65XV/Hq2sDZoksXMpQU8kQoIF4P2oJqwIDAQABAoGBAJdMauHXIQdjDv6gWoHsTPAQWKj9tC/He2pE6cxqs/HVZqRHR5Ja1gZl7',1,1,'2024-02-06 12:52:42','2024-02-06 12:52:42'),(15,'FR 2024/15',15,'MARIZA CAMBUANA',NULL,'FABRICA','2024-02-06 00:00:00','2024-02-06 00:00:00',2,1,3,'Engrácia Costa',NULL,8500.00,0.00,0.00,0.00,8500.00,'MIICXAIBAAKBgQC4dcYScJrnD1xCbBAlSwQN80TYmlMhC1q3fqyL0y2ygQOmtKKYJkDDp/bx0F7ZJ4psVDAmJ1PC2SlHfVPtSZrsVTIf/OlWMsrkLQ+bSf2vJuzUgDagZ/htowIn3io6myiY+Ehq9vDjCd65XV/Hq2sDZoksXMpQU8kQoIF4P2oJqwIDAQABAoGBAJdMauHXIQdjDv6gWoHsTPAQWKj9tC/He2pE6cxqs/HVZqRHR5Ja1gZl7',1,1,'2024-02-06 12:55:02','2024-02-06 12:55:02'),(16,'FR 2024/16',14,'ELISIO NEVES',NULL,'FABRICA','2024-02-06 00:00:00','2024-02-06 00:00:00',2,1,3,'Engrácia Costa',NULL,8500.00,0.00,0.00,0.00,8500.00,'MIICXAIBAAKBgQC4dcYScJrnD1xCbBAlSwQN80TYmlMhC1q3fqyL0y2ygQOmtKKYJkDDp/bx0F7ZJ4psVDAmJ1PC2SlHfVPtSZrsVTIf/OlWMsrkLQ+bSf2vJuzUgDagZ/htowIn3io6myiY+Ehq9vDjCd65XV/Hq2sDZoksXMpQU8kQoIF4P2oJqwIDAQABAoGBAJdMauHXIQdjDv6gWoHsTPAQWKj9tC/He2pE6cxqs/HVZqRHR5Ja1gZl7',1,1,'2024-02-06 12:59:36','2024-02-06 12:59:36'),(17,'FR 2024/17',51,'FRANCISCO EVARISTO',NULL,'FABRICA','2024-02-06 00:00:00','2024-02-06 00:00:00',1,1,3,'Engrácia Costa',NULL,8500.00,0.00,0.00,0.00,8500.00,'MIICXAIBAAKBgQC4dcYScJrnD1xCbBAlSwQN80TYmlMhC1q3fqyL0y2ygQOmtKKYJkDDp/bx0F7ZJ4psVDAmJ1PC2SlHfVPtSZrsVTIf/OlWMsrkLQ+bSf2vJuzUgDagZ/htowIn3io6myiY+Ehq9vDjCd65XV/Hq2sDZoksXMpQU8kQoIF4P2oJqwIDAQABAoGBAJdMauHXIQdjDv6gWoHsTPAQWKj9tC/He2pE6cxqs/HVZqRHR5Ja1gZl7',1,1,'2024-02-06 13:37:39','2024-02-06 13:37:39'),(18,'FR 2024/18',73,'MARIO BARREIRO',NULL,'FABRICA','2024-02-06 00:00:00','2024-02-06 00:00:00',3,1,3,'Engrácia Costa',NULL,700000.00,0.00,0.00,0.00,700000.00,'MIICXAIBAAKBgQC4dcYScJrnD1xCbBAlSwQN80TYmlMhC1q3fqyL0y2ygQOmtKKYJkDDp/bx0F7ZJ4psVDAmJ1PC2SlHfVPtSZrsVTIf/OlWMsrkLQ+bSf2vJuzUgDagZ/htowIn3io6myiY+Ehq9vDjCd65XV/Hq2sDZoksXMpQU8kQoIF4P2oJqwIDAQABAoGBAJdMauHXIQdjDv6gWoHsTPAQWKj9tC/He2pE6cxqs/HVZqRHR5Ja1gZl7',1,1,'2024-02-06 14:50:48','2024-02-06 14:50:48'),(19,'FR 2024/19',73,'MARIO BARREIRO',NULL,'FABRICA','2024-02-07 00:00:00','2024-02-07 00:00:00',3,1,3,'Engrácia Costa',NULL,550000.00,0.00,0.00,0.00,550000.00,'MIICXAIBAAKBgQC4dcYScJrnD1xCbBAlSwQN80TYmlMhC1q3fqyL0y2ygQOmtKKYJkDDp/bx0F7ZJ4psVDAmJ1PC2SlHfVPtSZrsVTIf/OlWMsrkLQ+bSf2vJuzUgDagZ/htowIn3io6myiY+Ehq9vDjCd65XV/Hq2sDZoksXMpQU8kQoIF4P2oJqwIDAQABAoGBAJdMauHXIQdjDv6gWoHsTPAQWKj9tC/He2pE6cxqs/HVZqRHR5Ja1gZl7',1,1,'2024-02-07 12:14:28','2024-02-07 12:14:28'),(20,'FR 2024/20',104,'MITSON E,D,ARMANDO',NULL,'FABRICA','2024-02-07 00:00:00','2024-02-07 00:00:00',3,1,3,'Engrácia Costa',NULL,30000.00,0.00,0.00,0.00,30000.00,'MIICXAIBAAKBgQC4dcYScJrnD1xCbBAlSwQN80TYmlMhC1q3fqyL0y2ygQOmtKKYJkDDp/bx0F7ZJ4psVDAmJ1PC2SlHfVPtSZrsVTIf/OlWMsrkLQ+bSf2vJuzUgDagZ/htowIn3io6myiY+Ehq9vDjCd65XV/Hq2sDZoksXMpQU8kQoIF4P2oJqwIDAQABAoGBAJdMauHXIQdjDv6gWoHsTPAQWKj9tC/He2pE6cxqs/HVZqRHR5Ja1gZl7',1,1,'2024-02-07 13:22:50','2024-02-07 13:22:50'),(21,'FR 2024/21',6,'DOMINGAS GAMA',NULL,'Chana','2024-02-07 00:00:00','2024-02-07 00:00:00',1,1,3,'Engrácia Costa','FACTURA ACTUALIZADA ,REFERENTE A NOTA DE CREDITO ,VALOR VVDDRO5.000KZ',5000.00,0.00,0.00,0.00,5000.00,'MIICXAIBAAKBgQC4dcYScJrnD1xCbBAlSwQN80TYmlMhC1q3fqyL0y2ygQOmtKKYJkDDp/bx0F7ZJ4psVDAmJ1PC2SlHfVPtSZrsVTIf/OlWMsrkLQ+bSf2vJuzUgDagZ/htowIn3io6myiY+Ehq9vDjCd65XV/Hq2sDZoksXMpQU8kQoIF4P2oJqwIDAQABAoGBAJdMauHXIQdjDv6gWoHsTPAQWKj9tC/He2pE6cxqs/HVZqRHR5Ja1gZl7',1,1,'2024-02-07 13:58:39','2024-02-07 13:58:39'),(22,'FR 2024/22',53,'ELISIO MANUEL DA CONCEIÇAO',NULL,'Chana','2024-02-07 00:00:00','2024-02-07 00:00:00',1,1,3,'Engrácia Costa',NULL,17000.00,0.00,0.00,0.00,17000.00,'MIICXAIBAAKBgQC4dcYScJrnD1xCbBAlSwQN80TYmlMhC1q3fqyL0y2ygQOmtKKYJkDDp/bx0F7ZJ4psVDAmJ1PC2SlHfVPtSZrsVTIf/OlWMsrkLQ+bSf2vJuzUgDagZ/htowIn3io6myiY+Ehq9vDjCd65XV/Hq2sDZoksXMpQU8kQoIF4P2oJqwIDAQABAoGBAJdMauHXIQdjDv6gWoHsTPAQWKj9tC/He2pE6cxqs/HVZqRHR5Ja1gZl7',1,1,'2024-02-07 14:08:13','2024-02-07 14:08:13'),(23,'FR 2024/23',49,'DIOLINDA C.DA SILVA MIDOSI',NULL,'FABRICA','2024-02-08 00:00:00','2024-02-08 00:00:00',3,1,3,'Engrácia Costa',NULL,8500.00,0.00,0.00,0.00,8500.00,'MIICXAIBAAKBgQC4dcYScJrnD1xCbBAlSwQN80TYmlMhC1q3fqyL0y2ygQOmtKKYJkDDp/bx0F7ZJ4psVDAmJ1PC2SlHfVPtSZrsVTIf/OlWMsrkLQ+bSf2vJuzUgDagZ/htowIn3io6myiY+Ehq9vDjCd65XV/Hq2sDZoksXMpQU8kQoIF4P2oJqwIDAQABAoGBAJdMauHXIQdjDv6gWoHsTPAQWKj9tC/He2pE6cxqs/HVZqRHR5Ja1gZl7',1,1,'2024-02-08 08:32:25','2024-02-08 08:32:25'),(24,'FR 2024/24',1,'Mercado do 30 (Trinta)',NULL,'Mercado do Trinta (30), Viana','2024-02-08 00:00:00','2024-01-01 00:00:00',1,1,2,'Francisco Bartolomeu Manuel',NULL,55000.00,0.00,0.00,0.00,55000.00,'MIICXAIBAAKBgQC4dcYScJrnD1xCbBAlSwQN80TYmlMhC1q3fqyL0y2ygQOmtKKYJkDDp/bx0F7ZJ4psVDAmJ1PC2SlHfVPtSZrsVTIf/OlWMsrkLQ+bSf2vJuzUgDagZ/htowIn3io6myiY+Ehq9vDjCd65XV/Hq2sDZoksXMpQU8kQoIF4P2oJqwIDAQABAoGBAJdMauHXIQdjDv6gWoHsTPAQWKj9tC/He2pE6cxqs/HVZqRHR5Ja1gZl7',1,1,'2024-02-08 08:42:35','2024-02-08 08:42:35'),(25,'FR 2024/25',109,'ROSALINA SILVA',NULL,'FABRICA','2024-02-08 00:00:00','2024-02-08 00:00:00',2,1,3,'Engrácia Costa',NULL,8500.00,0.00,0.00,0.00,8500.00,'MIICXAIBAAKBgQC4dcYScJrnD1xCbBAlSwQN80TYmlMhC1q3fqyL0y2ygQOmtKKYJkDDp/bx0F7ZJ4psVDAmJ1PC2SlHfVPtSZrsVTIf/OlWMsrkLQ+bSf2vJuzUgDagZ/htowIn3io6myiY+Ehq9vDjCd65XV/Hq2sDZoksXMpQU8kQoIF4P2oJqwIDAQABAoGBAJdMauHXIQdjDv6gWoHsTPAQWKj9tC/He2pE6cxqs/HVZqRHR5Ja1gZl7',1,1,'2024-02-08 09:52:37','2024-02-08 09:52:37'),(26,'FR 2024/26',139,'MARCIO JOAO FARIA FELIX',NULL,'FABRICA','2024-02-08 00:00:00','2024-02-08 00:00:00',3,1,3,'Engrácia Costa',NULL,25500.00,0.00,0.00,0.00,25500.00,'MIICXAIBAAKBgQC4dcYScJrnD1xCbBAlSwQN80TYmlMhC1q3fqyL0y2ygQOmtKKYJkDDp/bx0F7ZJ4psVDAmJ1PC2SlHfVPtSZrsVTIf/OlWMsrkLQ+bSf2vJuzUgDagZ/htowIn3io6myiY+Ehq9vDjCd65XV/Hq2sDZoksXMpQU8kQoIF4P2oJqwIDAQABAoGBAJdMauHXIQdjDv6gWoHsTPAQWKj9tC/He2pE6cxqs/HVZqRHR5Ja1gZl7',1,1,'2024-02-08 14:16:58','2024-02-08 14:16:58'),(27,'FR 2024/27',92,'LUDGER BEN-HUR CASTRO AMARO',NULL,'FABRICA','2024-02-08 00:00:00','2024-02-08 00:00:00',3,1,3,'Engrácia Costa',NULL,30000.00,0.00,0.00,0.00,30000.00,'MIICXAIBAAKBgQC4dcYScJrnD1xCbBAlSwQN80TYmlMhC1q3fqyL0y2ygQOmtKKYJkDDp/bx0F7ZJ4psVDAmJ1PC2SlHfVPtSZrsVTIf/OlWMsrkLQ+bSf2vJuzUgDagZ/htowIn3io6myiY+Ehq9vDjCd65XV/Hq2sDZoksXMpQU8kQoIF4P2oJqwIDAQABAoGBAJdMauHXIQdjDv6gWoHsTPAQWKj9tC/He2pE6cxqs/HVZqRHR5Ja1gZl7',1,1,'2024-02-08 14:21:01','2024-02-08 14:21:01'),(28,'FR 2024/28',124,'WALTER NJINGA PEDRO',NULL,'FABRICA','2024-02-08 00:00:00','2024-02-08 00:00:00',2,1,3,'Engrácia Costa',NULL,17000.00,0.00,0.00,0.00,17000.00,'MIICXAIBAAKBgQC4dcYScJrnD1xCbBAlSwQN80TYmlMhC1q3fqyL0y2ygQOmtKKYJkDDp/bx0F7ZJ4psVDAmJ1PC2SlHfVPtSZrsVTIf/OlWMsrkLQ+bSf2vJuzUgDagZ/htowIn3io6myiY+Ehq9vDjCd65XV/Hq2sDZoksXMpQU8kQoIF4P2oJqwIDAQABAoGBAJdMauHXIQdjDv6gWoHsTPAQWKj9tC/He2pE6cxqs/HVZqRHR5Ja1gZl7',1,1,'2024-02-08 14:27:22','2024-02-08 14:27:22'),(29,'FR 2024/29',112,'STEFANY CABRAL MONTEIRO',NULL,'FABRICA','2024-02-08 00:00:00','2024-02-08 00:00:00',2,1,3,'Engrácia Costa',NULL,8500.00,0.00,0.00,0.00,8500.00,'MIICXAIBAAKBgQC4dcYScJrnD1xCbBAlSwQN80TYmlMhC1q3fqyL0y2ygQOmtKKYJkDDp/bx0F7ZJ4psVDAmJ1PC2SlHfVPtSZrsVTIf/OlWMsrkLQ+bSf2vJuzUgDagZ/htowIn3io6myiY+Ehq9vDjCd65XV/Hq2sDZoksXMpQU8kQoIF4P2oJqwIDAQABAoGBAJdMauHXIQdjDv6gWoHsTPAQWKj9tC/He2pE6cxqs/HVZqRHR5Ja1gZl7',1,1,'2024-02-08 14:29:26','2024-02-08 14:29:26'),(30,'FR 2024/30',55,'ERNESTO JOAO',NULL,'JORGE','2024-02-08 00:00:00','2024-02-08 00:00:00',1,1,3,'Engrácia Costa',NULL,10000.00,0.00,0.00,0.00,10000.00,'MIICXAIBAAKBgQC4dcYScJrnD1xCbBAlSwQN80TYmlMhC1q3fqyL0y2ygQOmtKKYJkDDp/bx0F7ZJ4psVDAmJ1PC2SlHfVPtSZrsVTIf/OlWMsrkLQ+bSf2vJuzUgDagZ/htowIn3io6myiY+Ehq9vDjCd65XV/Hq2sDZoksXMpQU8kQoIF4P2oJqwIDAQABAoGBAJdMauHXIQdjDv6gWoHsTPAQWKj9tC/He2pE6cxqs/HVZqRHR5Ja1gZl7',1,1,'2024-02-08 14:31:00','2024-02-08 14:31:00'),(31,'FR 2024/31',86,'KUZU TULANDA',NULL,'Chana','2024-02-08 00:00:00','2024-02-08 00:00:00',3,1,3,'Engrácia Costa',NULL,8500.00,0.00,0.00,0.00,8500.00,'MIICXAIBAAKBgQC4dcYScJrnD1xCbBAlSwQN80TYmlMhC1q3fqyL0y2ygQOmtKKYJkDDp/bx0F7ZJ4psVDAmJ1PC2SlHfVPtSZrsVTIf/OlWMsrkLQ+bSf2vJuzUgDagZ/htowIn3io6myiY+Ehq9vDjCd65XV/Hq2sDZoksXMpQU8kQoIF4P2oJqwIDAQABAoGBAJdMauHXIQdjDv6gWoHsTPAQWKj9tC/He2pE6cxqs/HVZqRHR5Ja1gZl7',1,1,'2024-02-08 14:31:38','2024-02-08 14:31:38'),(32,'FR 2024/32',151,'ANGELINA ELIZABETH CAPUCULA',NULL,'FABRICA','2024-02-08 00:00:00','2024-02-08 00:00:00',3,1,3,'Engrácia Costa',NULL,15000.00,0.00,0.00,0.00,15000.00,'MIICXAIBAAKBgQC4dcYScJrnD1xCbBAlSwQN80TYmlMhC1q3fqyL0y2ygQOmtKKYJkDDp/bx0F7ZJ4psVDAmJ1PC2SlHfVPtSZrsVTIf/OlWMsrkLQ+bSf2vJuzUgDagZ/htowIn3io6myiY+Ehq9vDjCd65XV/Hq2sDZoksXMpQU8kQoIF4P2oJqwIDAQABAoGBAJdMauHXIQdjDv6gWoHsTPAQWKj9tC/He2pE6cxqs/HVZqRHR5Ja1gZl7',1,1,'2024-02-08 14:32:10','2024-02-08 14:32:10'),(33,'FR 2024/33',105,'MANUEL YAMBA',NULL,'FABRICA','2024-02-08 00:00:00','2024-02-08 00:00:00',3,1,3,'Engrácia Costa',NULL,8500.00,0.00,0.00,0.00,8500.00,'MIICXAIBAAKBgQC4dcYScJrnD1xCbBAlSwQN80TYmlMhC1q3fqyL0y2ygQOmtKKYJkDDp/bx0F7ZJ4psVDAmJ1PC2SlHfVPtSZrsVTIf/OlWMsrkLQ+bSf2vJuzUgDagZ/htowIn3io6myiY+Ehq9vDjCd65XV/Hq2sDZoksXMpQU8kQoIF4P2oJqwIDAQABAoGBAJdMauHXIQdjDv6gWoHsTPAQWKj9tC/He2pE6cxqs/HVZqRHR5Ja1gZl7',1,1,'2024-02-08 14:32:44','2024-02-08 14:32:44'),(34,'FR 2024/34',117,'SUZANA SAKANENO',NULL,'FABRICA','2024-02-08 00:00:00','2024-02-08 00:00:00',2,1,3,'Engrácia Costa',NULL,8500.00,0.00,0.00,0.00,8500.00,'MIICXAIBAAKBgQC4dcYScJrnD1xCbBAlSwQN80TYmlMhC1q3fqyL0y2ygQOmtKKYJkDDp/bx0F7ZJ4psVDAmJ1PC2SlHfVPtSZrsVTIf/OlWMsrkLQ+bSf2vJuzUgDagZ/htowIn3io6myiY+Ehq9vDjCd65XV/Hq2sDZoksXMpQU8kQoIF4P2oJqwIDAQABAoGBAJdMauHXIQdjDv6gWoHsTPAQWKj9tC/He2pE6cxqs/HVZqRHR5Ja1gZl7',1,1,'2024-02-08 14:35:05','2024-02-08 14:35:05'),(35,'FR 2024/35',1,'Mercado do 30 (Trinta)',NULL,'Mercado do Trinta (30), Viana','2024-02-09 00:00:00','2024-01-01 00:00:00',1,1,2,'Francisco Bartolomeu Manuel',NULL,450000.00,0.00,0.00,0.00,450000.00,'MIICXAIBAAKBgQC4dcYScJrnD1xCbBAlSwQN80TYmlMhC1q3fqyL0y2ygQOmtKKYJkDDp/bx0F7ZJ4psVDAmJ1PC2SlHfVPtSZrsVTIf/OlWMsrkLQ+bSf2vJuzUgDagZ/htowIn3io6myiY+Ehq9vDjCd65XV/Hq2sDZoksXMpQU8kQoIF4P2oJqwIDAQABAoGBAJdMauHXIQdjDv6gWoHsTPAQWKj9tC/He2pE6cxqs/HVZqRHR5Ja1gZl7',1,1,'2024-02-09 08:33:07','2024-02-09 08:33:07'),(36,'FR 2024/36',40,'CRUZ BENEDITO MIGUEL NOY',NULL,'FABRICA','2024-02-09 00:00:00','2024-02-09 00:00:00',3,1,3,'Engrácia Costa',NULL,45000.00,0.00,0.00,0.00,45000.00,'MIICXAIBAAKBgQC4dcYScJrnD1xCbBAlSwQN80TYmlMhC1q3fqyL0y2ygQOmtKKYJkDDp/bx0F7ZJ4psVDAmJ1PC2SlHfVPtSZrsVTIf/OlWMsrkLQ+bSf2vJuzUgDagZ/htowIn3io6myiY+Ehq9vDjCd65XV/Hq2sDZoksXMpQU8kQoIF4P2oJqwIDAQABAoGBAJdMauHXIQdjDv6gWoHsTPAQWKj9tC/He2pE6cxqs/HVZqRHR5Ja1gZl7',1,1,'2024-02-09 09:12:31','2024-02-09 09:12:31'),(37,'FR 2024/37',110,'VICTOR ANTONIO',NULL,'JORGE','2024-02-09 00:00:00','2024-02-09 00:00:00',3,1,3,'Engrácia Costa',NULL,5000.00,0.00,0.00,0.00,5000.00,'MIICXAIBAAKBgQC4dcYScJrnD1xCbBAlSwQN80TYmlMhC1q3fqyL0y2ygQOmtKKYJkDDp/bx0F7ZJ4psVDAmJ1PC2SlHfVPtSZrsVTIf/OlWMsrkLQ+bSf2vJuzUgDagZ/htowIn3io6myiY+Ehq9vDjCd65XV/Hq2sDZoksXMpQU8kQoIF4P2oJqwIDAQABAoGBAJdMauHXIQdjDv6gWoHsTPAQWKj9tC/He2pE6cxqs/HVZqRHR5Ja1gZl7',1,1,'2024-02-09 09:19:26','2024-02-09 09:19:26'),(38,'FR 2024/38',85,'JOSE  PUATY MENO MBUCO',NULL,'FABRICA','2024-02-09 00:00:00','2024-02-09 00:00:00',3,1,3,'Engrácia Costa',NULL,17000.00,0.00,0.00,0.00,17000.00,'MIICXAIBAAKBgQC4dcYScJrnD1xCbBAlSwQN80TYmlMhC1q3fqyL0y2ygQOmtKKYJkDDp/bx0F7ZJ4psVDAmJ1PC2SlHfVPtSZrsVTIf/OlWMsrkLQ+bSf2vJuzUgDagZ/htowIn3io6myiY+Ehq9vDjCd65XV/Hq2sDZoksXMpQU8kQoIF4P2oJqwIDAQABAoGBAJdMauHXIQdjDv6gWoHsTPAQWKj9tC/He2pE6cxqs/HVZqRHR5Ja1gZl7',1,1,'2024-02-09 09:20:46','2024-02-09 09:20:46'),(39,'FR 2024/39',90,'LUISA ESTER INES CAMUNDA',NULL,'FABRICA','2024-02-09 00:00:00','2024-02-09 00:00:00',2,1,3,'Engrácia Costa','JANEIRO ATE JUNHO 6 MESES PAGO 51.000',51000.00,0.00,0.00,0.00,51000.00,'MIICXAIBAAKBgQC4dcYScJrnD1xCbBAlSwQN80TYmlMhC1q3fqyL0y2ygQOmtKKYJkDDp/bx0F7ZJ4psVDAmJ1PC2SlHfVPtSZrsVTIf/OlWMsrkLQ+bSf2vJuzUgDagZ/htowIn3io6myiY+Ehq9vDjCd65XV/Hq2sDZoksXMpQU8kQoIF4P2oJqwIDAQABAoGBAJdMauHXIQdjDv6gWoHsTPAQWKj9tC/He2pE6cxqs/HVZqRHR5Ja1gZl7',1,1,'2024-02-09 10:00:56','2024-02-09 10:00:56'),(40,'FR 2024/40',125,'ZACARIAS DOMINGOS SIMAO RUFINO',NULL,'FABRICA','2024-02-15 00:00:00','2024-02-15 00:00:00',3,1,3,'Engrácia Costa',NULL,17000.00,0.00,0.00,0.00,17000.00,'MIICXAIBAAKBgQC4dcYScJrnD1xCbBAlSwQN80TYmlMhC1q3fqyL0y2ygQOmtKKYJkDDp/bx0F7ZJ4psVDAmJ1PC2SlHfVPtSZrsVTIf/OlWMsrkLQ+bSf2vJuzUgDagZ/htowIn3io6myiY+Ehq9vDjCd65XV/Hq2sDZoksXMpQU8kQoIF4P2oJqwIDAQABAoGBAJdMauHXIQdjDv6gWoHsTPAQWKj9tC/He2pE6cxqs/HVZqRHR5Ja1gZl7',1,1,'2024-02-15 08:46:31','2024-02-15 08:46:31'),(41,'FR 2024/41',95,'MANUEL NOGUEIRA DIAS',NULL,'FABRICA','2024-02-15 00:00:00','2024-02-15 00:00:00',2,1,3,'Engrácia Costa','obs: tinha saldo de 2.000kz transferiu 15.000 kz',17000.00,0.00,0.00,0.00,17000.00,'MIICXAIBAAKBgQC4dcYScJrnD1xCbBAlSwQN80TYmlMhC1q3fqyL0y2ygQOmtKKYJkDDp/bx0F7ZJ4psVDAmJ1PC2SlHfVPtSZrsVTIf/OlWMsrkLQ+bSf2vJuzUgDagZ/htowIn3io6myiY+Ehq9vDjCd65XV/Hq2sDZoksXMpQU8kQoIF4P2oJqwIDAQABAoGBAJdMauHXIQdjDv6gWoHsTPAQWKj9tC/He2pE6cxqs/HVZqRHR5Ja1gZl7',1,1,'2024-02-15 08:56:15','2024-02-15 08:56:15'),(42,'FR 2024/42',70,'HELIO LISSANDRO XAVIER',NULL,'FABRICA','2024-02-15 00:00:00','2024-02-15 00:00:00',2,1,3,'Engrácia Costa',NULL,17000.00,0.00,0.00,0.00,17000.00,'MIICXAIBAAKBgQC4dcYScJrnD1xCbBAlSwQN80TYmlMhC1q3fqyL0y2ygQOmtKKYJkDDp/bx0F7ZJ4psVDAmJ1PC2SlHfVPtSZrsVTIf/OlWMsrkLQ+bSf2vJuzUgDagZ/htowIn3io6myiY+Ehq9vDjCd65XV/Hq2sDZoksXMpQU8kQoIF4P2oJqwIDAQABAoGBAJdMauHXIQdjDv6gWoHsTPAQWKj9tC/He2pE6cxqs/HVZqRHR5Ja1gZl7',1,1,'2024-02-15 08:58:36','2024-02-15 08:58:36'),(43,'FR 2024/43',137,'DINIZ MANUEL JULIO',NULL,'FABRICA','2024-02-15 00:00:00','2024-02-15 00:00:00',2,1,3,'Engrácia Costa',NULL,8500.00,0.00,0.00,0.00,8500.00,'MIICXAIBAAKBgQC4dcYScJrnD1xCbBAlSwQN80TYmlMhC1q3fqyL0y2ygQOmtKKYJkDDp/bx0F7ZJ4psVDAmJ1PC2SlHfVPtSZrsVTIf/OlWMsrkLQ+bSf2vJuzUgDagZ/htowIn3io6myiY+Ehq9vDjCd65XV/Hq2sDZoksXMpQU8kQoIF4P2oJqwIDAQABAoGBAJdMauHXIQdjDv6gWoHsTPAQWKj9tC/He2pE6cxqs/HVZqRHR5Ja1gZl7',1,1,'2024-02-15 08:59:15','2024-02-15 08:59:15'),(44,'FR 2024/44',119,'TERESA CARLOS AVELINO',NULL,'Chana','2024-02-15 00:00:00','2024-02-15 00:00:00',2,1,3,'Engrácia Costa',NULL,8500.00,0.00,0.00,0.00,8500.00,'MIICXAIBAAKBgQC4dcYScJrnD1xCbBAlSwQN80TYmlMhC1q3fqyL0y2ygQOmtKKYJkDDp/bx0F7ZJ4psVDAmJ1PC2SlHfVPtSZrsVTIf/OlWMsrkLQ+bSf2vJuzUgDagZ/htowIn3io6myiY+Ehq9vDjCd65XV/Hq2sDZoksXMpQU8kQoIF4P2oJqwIDAQABAoGBAJdMauHXIQdjDv6gWoHsTPAQWKj9tC/He2pE6cxqs/HVZqRHR5Ja1gZl7',1,1,'2024-02-15 09:00:19','2024-02-15 09:00:19'),(45,'FR 2024/45',74,'IGOR MARVI NUNES LEITAO',NULL,'CHANA','2024-02-15 00:00:00','2024-02-15 00:00:00',2,1,3,'Engrácia Costa',NULL,30000.00,0.00,0.00,0.00,30000.00,'MIICXAIBAAKBgQC4dcYScJrnD1xCbBAlSwQN80TYmlMhC1q3fqyL0y2ygQOmtKKYJkDDp/bx0F7ZJ4psVDAmJ1PC2SlHfVPtSZrsVTIf/OlWMsrkLQ+bSf2vJuzUgDagZ/htowIn3io6myiY+Ehq9vDjCd65XV/Hq2sDZoksXMpQU8kQoIF4P2oJqwIDAQABAoGBAJdMauHXIQdjDv6gWoHsTPAQWKj9tC/He2pE6cxqs/HVZqRHR5Ja1gZl7',1,1,'2024-02-15 09:01:27','2024-02-15 09:01:27'),(46,'FR 2024/46',28,'AUGUSTO OLIVIO ANTONIO AFONSO',NULL,'JORGE','2024-02-15 00:00:00','2024-02-15 00:00:00',2,1,3,'Engrácia Costa',NULL,10000.00,0.00,0.00,0.00,10000.00,'MIICXAIBAAKBgQC4dcYScJrnD1xCbBAlSwQN80TYmlMhC1q3fqyL0y2ygQOmtKKYJkDDp/bx0F7ZJ4psVDAmJ1PC2SlHfVPtSZrsVTIf/OlWMsrkLQ+bSf2vJuzUgDagZ/htowIn3io6myiY+Ehq9vDjCd65XV/Hq2sDZoksXMpQU8kQoIF4P2oJqwIDAQABAoGBAJdMauHXIQdjDv6gWoHsTPAQWKj9tC/He2pE6cxqs/HVZqRHR5Ja1gZl7',1,1,'2024-02-15 09:03:02','2024-02-15 09:03:02'),(47,'FR 2024/47',44,'DOMINGOS BUMBA SARDINHA',NULL,'FABRICA','2024-02-15 00:00:00','2024-02-15 00:00:00',2,1,3,'Engrácia Costa',NULL,8500.00,0.00,0.00,0.00,8500.00,'MIICXAIBAAKBgQC4dcYScJrnD1xCbBAlSwQN80TYmlMhC1q3fqyL0y2ygQOmtKKYJkDDp/bx0F7ZJ4psVDAmJ1PC2SlHfVPtSZrsVTIf/OlWMsrkLQ+bSf2vJuzUgDagZ/htowIn3io6myiY+Ehq9vDjCd65XV/Hq2sDZoksXMpQU8kQoIF4P2oJqwIDAQABAoGBAJdMauHXIQdjDv6gWoHsTPAQWKj9tC/He2pE6cxqs/HVZqRHR5Ja1gZl7',1,1,'2024-02-15 09:04:01','2024-02-15 09:04:01'),(48,'FR 2024/48',83,'JOAO BAPTISTA JOAQUI SIMAO',NULL,'FABRICA','2024-02-15 00:00:00','2024-02-15 00:00:00',3,1,3,'Engrácia Costa',NULL,25500.00,0.00,0.00,0.00,25500.00,'MIICXAIBAAKBgQC4dcYScJrnD1xCbBAlSwQN80TYmlMhC1q3fqyL0y2ygQOmtKKYJkDDp/bx0F7ZJ4psVDAmJ1PC2SlHfVPtSZrsVTIf/OlWMsrkLQ+bSf2vJuzUgDagZ/htowIn3io6myiY+Ehq9vDjCd65XV/Hq2sDZoksXMpQU8kQoIF4P2oJqwIDAQABAoGBAJdMauHXIQdjDv6gWoHsTPAQWKj9tC/He2pE6cxqs/HVZqRHR5Ja1gZl7',1,1,'2024-02-15 09:07:34','2024-02-15 09:07:34'),(49,'FR 2024/49',38,'CLAUDIA CARDOSO RODRIGUES',NULL,'JORGE','2024-02-15 00:00:00','2024-02-15 00:00:00',1,1,3,'Engrácia Costa',NULL,8000.00,0.00,0.00,0.00,8000.00,'MIICXAIBAAKBgQC4dcYScJrnD1xCbBAlSwQN80TYmlMhC1q3fqyL0y2ygQOmtKKYJkDDp/bx0F7ZJ4psVDAmJ1PC2SlHfVPtSZrsVTIf/OlWMsrkLQ+bSf2vJuzUgDagZ/htowIn3io6myiY+Ehq9vDjCd65XV/Hq2sDZoksXMpQU8kQoIF4P2oJqwIDAQABAoGBAJdMauHXIQdjDv6gWoHsTPAQWKj9tC/He2pE6cxqs/HVZqRHR5Ja1gZl7',1,1,'2024-02-15 09:13:23','2024-02-15 09:13:23'),(50,'FR 2024/50',21,'ADELINO MARTINHO',NULL,'Chana','2024-02-16 00:00:00','2024-02-16 00:00:00',1,1,3,'Engrácia Costa',NULL,17000.00,0.00,0.00,0.00,17000.00,'MIICXAIBAAKBgQC4dcYScJrnD1xCbBAlSwQN80TYmlMhC1q3fqyL0y2ygQOmtKKYJkDDp/bx0F7ZJ4psVDAmJ1PC2SlHfVPtSZrsVTIf/OlWMsrkLQ+bSf2vJuzUgDagZ/htowIn3io6myiY+Ehq9vDjCd65XV/Hq2sDZoksXMpQU8kQoIF4P2oJqwIDAQABAoGBAJdMauHXIQdjDv6gWoHsTPAQWKj9tC/He2pE6cxqs/HVZqRHR5Ja1gZl7',1,1,'2024-02-16 08:09:34','2024-02-16 08:09:34'),(51,'FR 2024/51',100,'MANUEL JOSE MUHONGO',NULL,'JORGE','2024-02-16 00:00:00','2024-02-16 00:00:00',1,1,3,'Engrácia Costa',NULL,5000.00,0.00,0.00,0.00,5000.00,'MIICXAIBAAKBgQC4dcYScJrnD1xCbBAlSwQN80TYmlMhC1q3fqyL0y2ygQOmtKKYJkDDp/bx0F7ZJ4psVDAmJ1PC2SlHfVPtSZrsVTIf/OlWMsrkLQ+bSf2vJuzUgDagZ/htowIn3io6myiY+Ehq9vDjCd65XV/Hq2sDZoksXMpQU8kQoIF4P2oJqwIDAQABAoGBAJdMauHXIQdjDv6gWoHsTPAQWKj9tC/He2pE6cxqs/HVZqRHR5Ja1gZl7',1,1,'2024-02-16 11:34:21','2024-02-16 11:34:21'),(52,'FR 2024/52',128,'CONTANTINO TENDELE',NULL,'FABRICA','2024-02-19 00:00:00','2024-02-19 00:00:00',2,1,3,'Engrácia Costa',NULL,25500.00,0.00,0.00,0.00,25500.00,'MIICXAIBAAKBgQC4dcYScJrnD1xCbBAlSwQN80TYmlMhC1q3fqyL0y2ygQOmtKKYJkDDp/bx0F7ZJ4psVDAmJ1PC2SlHfVPtSZrsVTIf/OlWMsrkLQ+bSf2vJuzUgDagZ/htowIn3io6myiY+Ehq9vDjCd65XV/Hq2sDZoksXMpQU8kQoIF4P2oJqwIDAQABAoGBAJdMauHXIQdjDv6gWoHsTPAQWKj9tC/He2pE6cxqs/HVZqRHR5Ja1gZl7',1,1,'2024-02-19 08:12:17','2024-02-19 08:12:17'),(53,'FR 2024/53',50,'DAVID URBANO',NULL,'Chana','2024-02-19 00:00:00','2024-02-19 00:00:00',3,1,3,'Engrácia Costa',NULL,17000.00,0.00,0.00,0.00,17000.00,'MIICXAIBAAKBgQC4dcYScJrnD1xCbBAlSwQN80TYmlMhC1q3fqyL0y2ygQOmtKKYJkDDp/bx0F7ZJ4psVDAmJ1PC2SlHfVPtSZrsVTIf/OlWMsrkLQ+bSf2vJuzUgDagZ/htowIn3io6myiY+Ehq9vDjCd65XV/Hq2sDZoksXMpQU8kQoIF4P2oJqwIDAQABAoGBAJdMauHXIQdjDv6gWoHsTPAQWKj9tC/He2pE6cxqs/HVZqRHR5Ja1gZl7',1,1,'2024-02-19 12:33:16','2024-02-19 12:33:16'),(54,'FR 2024/54',32,'ABELINHA TETA MATUDIDI',NULL,'FABRICA','2024-02-20 00:00:00','2024-02-20 00:00:00',1,1,3,'Engrácia Costa',NULL,8500.00,0.00,0.00,0.00,8500.00,'MIICXAIBAAKBgQC4dcYScJrnD1xCbBAlSwQN80TYmlMhC1q3fqyL0y2ygQOmtKKYJkDDp/bx0F7ZJ4psVDAmJ1PC2SlHfVPtSZrsVTIf/OlWMsrkLQ+bSf2vJuzUgDagZ/htowIn3io6myiY+Ehq9vDjCd65XV/Hq2sDZoksXMpQU8kQoIF4P2oJqwIDAQABAoGBAJdMauHXIQdjDv6gWoHsTPAQWKj9tC/He2pE6cxqs/HVZqRHR5Ja1gZl7',1,1,'2024-02-20 07:58:38','2024-02-20 07:58:38'),(55,'FR 2024/55',42,'CHRISTIAN CHIDIMNA /RESTAURANTE',NULL,'FABRICA','2024-02-20 00:00:00','2024-02-20 00:00:00',1,1,3,'Engrácia Costa',NULL,17000.00,0.00,0.00,0.00,17000.00,'MIICXAIBAAKBgQC4dcYScJrnD1xCbBAlSwQN80TYmlMhC1q3fqyL0y2ygQOmtKKYJkDDp/bx0F7ZJ4psVDAmJ1PC2SlHfVPtSZrsVTIf/OlWMsrkLQ+bSf2vJuzUgDagZ/htowIn3io6myiY+Ehq9vDjCd65XV/Hq2sDZoksXMpQU8kQoIF4P2oJqwIDAQABAoGBAJdMauHXIQdjDv6gWoHsTPAQWKj9tC/He2pE6cxqs/HVZqRHR5Ja1gZl7',1,1,'2024-02-20 08:15:29','2024-02-20 08:15:29'),(56,'FR 2024/56',47,'ELVIRA MIGUEL',NULL,'JORGE','2024-02-20 00:00:00','2024-02-20 00:00:00',1,1,3,'Engrácia Costa',NULL,5000.00,0.00,0.00,0.00,5000.00,'MIICXAIBAAKBgQC4dcYScJrnD1xCbBAlSwQN80TYmlMhC1q3fqyL0y2ygQOmtKKYJkDDp/bx0F7ZJ4psVDAmJ1PC2SlHfVPtSZrsVTIf/OlWMsrkLQ+bSf2vJuzUgDagZ/htowIn3io6myiY+Ehq9vDjCd65XV/Hq2sDZoksXMpQU8kQoIF4P2oJqwIDAQABAoGBAJdMauHXIQdjDv6gWoHsTPAQWKj9tC/He2pE6cxqs/HVZqRHR5Ja1gZl7',1,1,'2024-02-20 08:15:57','2024-02-20 08:15:57'),(57,'FR 2024/57',87,'LUZIA GOMES ANTONIO',NULL,'JORGE','2024-02-23 00:00:00','2024-02-23 00:00:00',1,1,3,'Engrácia Costa',NULL,5000.00,0.00,0.00,0.00,5000.00,'MIICXAIBAAKBgQC4dcYScJrnD1xCbBAlSwQN80TYmlMhC1q3fqyL0y2ygQOmtKKYJkDDp/bx0F7ZJ4psVDAmJ1PC2SlHfVPtSZrsVTIf/OlWMsrkLQ+bSf2vJuzUgDagZ/htowIn3io6myiY+Ehq9vDjCd65XV/Hq2sDZoksXMpQU8kQoIF4P2oJqwIDAQABAoGBAJdMauHXIQdjDv6gWoHsTPAQWKj9tC/He2pE6cxqs/HVZqRHR5Ja1gZl7',1,1,'2024-02-23 09:23:20','2024-02-23 09:23:20'),(58,'FR 2024/58',67,'GILSON ARMANDO LIPANDINGA',NULL,'Chana','2024-02-23 00:00:00','2024-02-23 00:00:00',2,1,3,'Engrácia Costa',NULL,30000.00,0.00,0.00,0.00,30000.00,'MIICXAIBAAKBgQC4dcYScJrnD1xCbBAlSwQN80TYmlMhC1q3fqyL0y2ygQOmtKKYJkDDp/bx0F7ZJ4psVDAmJ1PC2SlHfVPtSZrsVTIf/OlWMsrkLQ+bSf2vJuzUgDagZ/htowIn3io6myiY+Ehq9vDjCd65XV/Hq2sDZoksXMpQU8kQoIF4P2oJqwIDAQABAoGBAJdMauHXIQdjDv6gWoHsTPAQWKj9tC/He2pE6cxqs/HVZqRHR5Ja1gZl7',1,1,'2024-02-23 12:08:50','2024-02-23 12:08:50'),(59,'FR 2024/59',135,'MONTEIRO LUIS',NULL,'Chana','2024-02-26 00:00:00','2024-02-26 00:00:00',1,1,3,'Engrácia Costa',NULL,8500.00,0.00,0.00,0.00,8500.00,'MIICXAIBAAKBgQC4dcYScJrnD1xCbBAlSwQN80TYmlMhC1q3fqyL0y2ygQOmtKKYJkDDp/bx0F7ZJ4psVDAmJ1PC2SlHfVPtSZrsVTIf/OlWMsrkLQ+bSf2vJuzUgDagZ/htowIn3io6myiY+Ehq9vDjCd65XV/Hq2sDZoksXMpQU8kQoIF4P2oJqwIDAQABAoGBAJdMauHXIQdjDv6gWoHsTPAQWKj9tC/He2pE6cxqs/HVZqRHR5Ja1gZl7',1,1,'2024-02-26 10:36:00','2024-02-26 10:36:00'),(60,'FR 2024/60',116,'SANDRA FERNANDO',NULL,'FABRICA','2024-02-26 00:00:00','2024-02-26 00:00:00',2,1,3,'Engrácia Costa',NULL,17000.00,0.00,0.00,0.00,17000.00,'MIICXAIBAAKBgQC4dcYScJrnD1xCbBAlSwQN80TYmlMhC1q3fqyL0y2ygQOmtKKYJkDDp/bx0F7ZJ4psVDAmJ1PC2SlHfVPtSZrsVTIf/OlWMsrkLQ+bSf2vJuzUgDagZ/htowIn3io6myiY+Ehq9vDjCd65XV/Hq2sDZoksXMpQU8kQoIF4P2oJqwIDAQABAoGBAJdMauHXIQdjDv6gWoHsTPAQWKj9tC/He2pE6cxqs/HVZqRHR5Ja1gZl7',1,1,'2024-02-26 10:36:44','2024-02-26 10:36:44'),(61,'FR 2024/61',73,'MARIO BARREIRO',NULL,'FABRICA','2024-02-27 00:00:00','2024-02-27 00:00:00',2,1,3,'Engrácia Costa',NULL,250000.00,0.00,0.00,0.00,250000.00,'MIICXAIBAAKBgQC4dcYScJrnD1xCbBAlSwQN80TYmlMhC1q3fqyL0y2ygQOmtKKYJkDDp/bx0F7ZJ4psVDAmJ1PC2SlHfVPtSZrsVTIf/OlWMsrkLQ+bSf2vJuzUgDagZ/htowIn3io6myiY+Ehq9vDjCd65XV/Hq2sDZoksXMpQU8kQoIF4P2oJqwIDAQABAoGBAJdMauHXIQdjDv6gWoHsTPAQWKj9tC/He2pE6cxqs/HVZqRHR5Ja1gZl7',1,1,'2024-02-27 10:38:40','2024-02-27 10:38:40'),(62,'FR 2024/62',1,'Mercado do 30 (Trinta)',NULL,'Mercado do Trinta (30), Viana','2024-02-27 00:00:00','2024-02-27 00:00:00',1,1,3,'Engrácia Costa',NULL,680000.00,0.00,0.00,0.00,680000.00,'MIICXAIBAAKBgQC4dcYScJrnD1xCbBAlSwQN80TYmlMhC1q3fqyL0y2ygQOmtKKYJkDDp/bx0F7ZJ4psVDAmJ1PC2SlHfVPtSZrsVTIf/OlWMsrkLQ+bSf2vJuzUgDagZ/htowIn3io6myiY+Ehq9vDjCd65XV/Hq2sDZoksXMpQU8kQoIF4P2oJqwIDAQABAoGBAJdMauHXIQdjDv6gWoHsTPAQWKj9tC/He2pE6cxqs/HVZqRHR5Ja1gZl7',1,1,'2024-02-27 11:37:54','2024-02-27 11:37:54'),(63,'FR 2024/63',73,'MARIO BARREIRO',NULL,'FABRICA','2024-02-27 00:00:00','2024-02-27 00:00:00',2,1,3,'Engrácia Costa',NULL,770000.00,0.00,0.00,0.00,770000.00,'MIICXAIBAAKBgQC4dcYScJrnD1xCbBAlSwQN80TYmlMhC1q3fqyL0y2ygQOmtKKYJkDDp/bx0F7ZJ4psVDAmJ1PC2SlHfVPtSZrsVTIf/OlWMsrkLQ+bSf2vJuzUgDagZ/htowIn3io6myiY+Ehq9vDjCd65XV/Hq2sDZoksXMpQU8kQoIF4P2oJqwIDAQABAoGBAJdMauHXIQdjDv6gWoHsTPAQWKj9tC/He2pE6cxqs/HVZqRHR5Ja1gZl7',1,1,'2024-02-27 11:41:58','2024-02-27 11:41:58'),(64,'FR 2024/64',160,'MERCADO DO KIKOLO',NULL,'PRAÇA','2024-02-27 00:00:00','2024-02-27 00:00:00',2,1,3,'Engrácia Costa',NULL,590000.00,0.00,0.00,0.00,590000.00,'MIICXAIBAAKBgQC4dcYScJrnD1xCbBAlSwQN80TYmlMhC1q3fqyL0y2ygQOmtKKYJkDDp/bx0F7ZJ4psVDAmJ1PC2SlHfVPtSZrsVTIf/OlWMsrkLQ+bSf2vJuzUgDagZ/htowIn3io6myiY+Ehq9vDjCd65XV/Hq2sDZoksXMpQU8kQoIF4P2oJqwIDAQABAoGBAJdMauHXIQdjDv6gWoHsTPAQWKj9tC/He2pE6cxqs/HVZqRHR5Ja1gZl7',1,1,'2024-02-27 11:47:30','2024-02-27 11:47:30'),(65,'FR 2024/65',1,'Mercado do 30 (Trinta)',NULL,'Mercado do Trinta (30), Viana','2024-02-27 00:00:00','2024-02-27 00:00:00',3,1,3,'Engrácia Costa',NULL,630000.00,0.00,0.00,0.00,630000.00,'MIICXAIBAAKBgQC4dcYScJrnD1xCbBAlSwQN80TYmlMhC1q3fqyL0y2ygQOmtKKYJkDDp/bx0F7ZJ4psVDAmJ1PC2SlHfVPtSZrsVTIf/OlWMsrkLQ+bSf2vJuzUgDagZ/htowIn3io6myiY+Ehq9vDjCd65XV/Hq2sDZoksXMpQU8kQoIF4P2oJqwIDAQABAoGBAJdMauHXIQdjDv6gWoHsTPAQWKj9tC/He2pE6cxqs/HVZqRHR5Ja1gZl7',1,1,'2024-02-27 11:49:38','2024-02-27 11:49:38'),(66,'FR 2024/66',143,'Mercado do Sabadão',NULL,'Município de Viana','2024-02-27 00:00:00','2024-02-27 00:00:00',1,1,3,'Engrácia Costa','DIA 5',100000.00,0.00,0.00,0.00,100000.00,'MIICXAIBAAKBgQC4dcYScJrnD1xCbBAlSwQN80TYmlMhC1q3fqyL0y2ygQOmtKKYJkDDp/bx0F7ZJ4psVDAmJ1PC2SlHfVPtSZrsVTIf/OlWMsrkLQ+bSf2vJuzUgDagZ/htowIn3io6myiY+Ehq9vDjCd65XV/Hq2sDZoksXMpQU8kQoIF4P2oJqwIDAQABAoGBAJdMauHXIQdjDv6gWoHsTPAQWKj9tC/He2pE6cxqs/HVZqRHR5Ja1gZl7',1,1,'2024-02-27 11:51:54','2024-02-27 11:51:54'),(67,'FR 2024/67',1,'Mercado do 30 (Trinta)',NULL,'Mercado do Trinta (30), Viana','2024-02-27 00:00:00','2024-02-27 00:00:00',1,1,3,'Engrácia Costa',NULL,450000.00,0.00,0.00,0.00,450000.00,'MIICXAIBAAKBgQC4dcYScJrnD1xCbBAlSwQN80TYmlMhC1q3fqyL0y2ygQOmtKKYJkDDp/bx0F7ZJ4psVDAmJ1PC2SlHfVPtSZrsVTIf/OlWMsrkLQ+bSf2vJuzUgDagZ/htowIn3io6myiY+Ehq9vDjCd65XV/Hq2sDZoksXMpQU8kQoIF4P2oJqwIDAQABAoGBAJdMauHXIQdjDv6gWoHsTPAQWKj9tC/He2pE6cxqs/HVZqRHR5Ja1gZl7',1,1,'2024-02-27 11:58:04','2024-02-27 11:58:04'),(68,'FR 2024/68',157,'Mercado do Sabadão',NULL,'Bairro da Funda, Município do Cacuaco, Luanda','2024-02-27 00:00:00','2024-02-27 00:00:00',2,1,3,'Engrácia Costa','DIA 2',680000.00,0.00,0.00,0.00,680000.00,'MIICXAIBAAKBgQC4dcYScJrnD1xCbBAlSwQN80TYmlMhC1q3fqyL0y2ygQOmtKKYJkDDp/bx0F7ZJ4psVDAmJ1PC2SlHfVPtSZrsVTIf/OlWMsrkLQ+bSf2vJuzUgDagZ/htowIn3io6myiY+Ehq9vDjCd65XV/Hq2sDZoksXMpQU8kQoIF4P2oJqwIDAQABAoGBAJdMauHXIQdjDv6gWoHsTPAQWKj9tC/He2pE6cxqs/HVZqRHR5Ja1gZl7',1,1,'2024-02-27 11:59:29','2024-02-27 11:59:29'),(69,'FR 2024/69',73,'MARIO BARREIRO',NULL,'FABRICA','2024-02-27 00:00:00','2024-02-27 00:00:00',2,1,3,'Engrácia Costa',NULL,770000.00,0.00,0.00,0.00,770000.00,'MIICXAIBAAKBgQC4dcYScJrnD1xCbBAlSwQN80TYmlMhC1q3fqyL0y2ygQOmtKKYJkDDp/bx0F7ZJ4psVDAmJ1PC2SlHfVPtSZrsVTIf/OlWMsrkLQ+bSf2vJuzUgDagZ/htowIn3io6myiY+Ehq9vDjCd65XV/Hq2sDZoksXMpQU8kQoIF4P2oJqwIDAQABAoGBAJdMauHXIQdjDv6gWoHsTPAQWKj9tC/He2pE6cxqs/HVZqRHR5Ja1gZl7',1,1,'2024-02-27 12:18:12','2024-02-27 12:18:12'),(70,'FR 2024/70',73,'MARIO BARREIRO',NULL,'FABRICA','2024-02-27 00:00:00','2024-02-27 00:00:00',2,1,3,'Engrácia Costa',NULL,700000.00,0.00,0.00,0.00,700000.00,'MIICXAIBAAKBgQC4dcYScJrnD1xCbBAlSwQN80TYmlMhC1q3fqyL0y2ygQOmtKKYJkDDp/bx0F7ZJ4psVDAmJ1PC2SlHfVPtSZrsVTIf/OlWMsrkLQ+bSf2vJuzUgDagZ/htowIn3io6myiY+Ehq9vDjCd65XV/Hq2sDZoksXMpQU8kQoIF4P2oJqwIDAQABAoGBAJdMauHXIQdjDv6gWoHsTPAQWKj9tC/He2pE6cxqs/HVZqRHR5Ja1gZl7',1,1,'2024-02-27 12:18:52','2024-02-27 12:18:52'),(71,'FR 2024/71',161,'LUCAS CAMBUTA',NULL,'LUANDA','2024-02-27 00:00:00','2024-02-27 00:00:00',3,1,3,'Engrácia Costa','ENCOMENDA DIA 16',180000.00,0.00,0.00,0.00,180000.00,'MIICXAIBAAKBgQC4dcYScJrnD1xCbBAlSwQN80TYmlMhC1q3fqyL0y2ygQOmtKKYJkDDp/bx0F7ZJ4psVDAmJ1PC2SlHfVPtSZrsVTIf/OlWMsrkLQ+bSf2vJuzUgDagZ/htowIn3io6myiY+Ehq9vDjCd65XV/Hq2sDZoksXMpQU8kQoIF4P2oJqwIDAQABAoGBAJdMauHXIQdjDv6gWoHsTPAQWKj9tC/He2pE6cxqs/HVZqRHR5Ja1gZl7',1,1,'2024-02-27 12:19:58','2024-02-27 12:19:58'),(72,'FR 2024/72',73,'MARIO BARREIRO',NULL,'FABRICA','2024-02-27 00:00:00','2024-02-27 00:00:00',2,1,3,'Engrácia Costa','DIA 19',610000.00,0.00,0.00,0.00,610000.00,'MIICXAIBAAKBgQC4dcYScJrnD1xCbBAlSwQN80TYmlMhC1q3fqyL0y2ygQOmtKKYJkDDp/bx0F7ZJ4psVDAmJ1PC2SlHfVPtSZrsVTIf/OlWMsrkLQ+bSf2vJuzUgDagZ/htowIn3io6myiY+Ehq9vDjCd65XV/Hq2sDZoksXMpQU8kQoIF4P2oJqwIDAQABAoGBAJdMauHXIQdjDv6gWoHsTPAQWKj9tC/He2pE6cxqs/HVZqRHR5Ja1gZl7',1,1,'2024-02-27 12:22:26','2024-02-27 12:22:26'),(73,'FR 2024/73',160,'MERCADO DO KIKOLO',NULL,'PRAÇA','2024-02-27 00:00:00','2024-02-27 00:00:00',3,1,3,'Engrácia Costa','DIA /1',300000.00,0.00,0.00,0.00,300000.00,'MIICXAIBAAKBgQC4dcYScJrnD1xCbBAlSwQN80TYmlMhC1q3fqyL0y2ygQOmtKKYJkDDp/bx0F7ZJ4psVDAmJ1PC2SlHfVPtSZrsVTIf/OlWMsrkLQ+bSf2vJuzUgDagZ/htowIn3io6myiY+Ehq9vDjCd65XV/Hq2sDZoksXMpQU8kQoIF4P2oJqwIDAQABAoGBAJdMauHXIQdjDv6gWoHsTPAQWKj9tC/He2pE6cxqs/HVZqRHR5Ja1gZl7',1,1,'2024-02-27 12:23:52','2024-02-27 12:23:52'),(74,'FR 2024/74',160,'MERCADO DO KIKOLO',NULL,'PRAÇA','2024-02-27 00:00:00','2024-02-27 00:00:00',2,1,3,'Engrácia Costa','DIA 24',750000.00,0.00,0.00,0.00,750000.00,'MIICXAIBAAKBgQC4dcYScJrnD1xCbBAlSwQN80TYmlMhC1q3fqyL0y2ygQOmtKKYJkDDp/bx0F7ZJ4psVDAmJ1PC2SlHfVPtSZrsVTIf/OlWMsrkLQ+bSf2vJuzUgDagZ/htowIn3io6myiY+Ehq9vDjCd65XV/Hq2sDZoksXMpQU8kQoIF4P2oJqwIDAQABAoGBAJdMauHXIQdjDv6gWoHsTPAQWKj9tC/He2pE6cxqs/HVZqRHR5Ja1gZl7',1,1,'2024-02-27 12:25:30','2024-02-27 12:25:30'),(75,'FR 2024/75',162,'FRANCISCO',NULL,'LUANDA','2024-02-27 00:00:00','2024-02-27 00:00:00',1,1,3,'Engrácia Costa','DIA 1/2',75000.00,0.00,0.00,0.00,75000.00,'MIICXAIBAAKBgQC4dcYScJrnD1xCbBAlSwQN80TYmlMhC1q3fqyL0y2ygQOmtKKYJkDDp/bx0F7ZJ4psVDAmJ1PC2SlHfVPtSZrsVTIf/OlWMsrkLQ+bSf2vJuzUgDagZ/htowIn3io6myiY+Ehq9vDjCd65XV/Hq2sDZoksXMpQU8kQoIF4P2oJqwIDAQABAoGBAJdMauHXIQdjDv6gWoHsTPAQWKj9tC/He2pE6cxqs/HVZqRHR5Ja1gZl7',1,1,'2024-02-27 12:28:32','2024-02-27 12:28:32'),(76,'FR 2024/76',98,'MAURA ROSA CITA',NULL,'Chana','2024-02-28 00:00:00','2024-02-28 00:00:00',3,1,3,'Engrácia Costa',NULL,30000.00,0.00,0.00,0.00,30000.00,'MIICXAIBAAKBgQC4dcYScJrnD1xCbBAlSwQN80TYmlMhC1q3fqyL0y2ygQOmtKKYJkDDp/bx0F7ZJ4psVDAmJ1PC2SlHfVPtSZrsVTIf/OlWMsrkLQ+bSf2vJuzUgDagZ/htowIn3io6myiY+Ehq9vDjCd65XV/Hq2sDZoksXMpQU8kQoIF4P2oJqwIDAQABAoGBAJdMauHXIQdjDv6gWoHsTPAQWKj9tC/He2pE6cxqs/HVZqRHR5Ja1gZl7',1,1,'2024-02-28 12:57:54','2024-02-28 12:57:54'),(77,'FR 2024/77',70,'HELIO LISSANDRO XAVIER',NULL,'FABRICA','2024-02-28 00:00:00','2024-02-28 00:00:00',3,1,3,'Engrácia Costa',NULL,8500.00,0.00,0.00,0.00,8500.00,'MIICXAIBAAKBgQC4dcYScJrnD1xCbBAlSwQN80TYmlMhC1q3fqyL0y2ygQOmtKKYJkDDp/bx0F7ZJ4psVDAmJ1PC2SlHfVPtSZrsVTIf/OlWMsrkLQ+bSf2vJuzUgDagZ/htowIn3io6myiY+Ehq9vDjCd65XV/Hq2sDZoksXMpQU8kQoIF4P2oJqwIDAQABAoGBAJdMauHXIQdjDv6gWoHsTPAQWKj9tC/He2pE6cxqs/HVZqRHR5Ja1gZl7',1,1,'2024-02-28 15:00:11','2024-02-28 15:00:11'),(78,'FR 2024/78',163,'IRACELMO GASPAR DA COSTA XAVIER',NULL,'FABRICA','2024-02-28 00:00:00','2024-02-28 00:00:00',3,1,3,'Engrácia Costa',NULL,8500.00,0.00,0.00,0.00,8500.00,'MIICXAIBAAKBgQC4dcYScJrnD1xCbBAlSwQN80TYmlMhC1q3fqyL0y2ygQOmtKKYJkDDp/bx0F7ZJ4psVDAmJ1PC2SlHfVPtSZrsVTIf/OlWMsrkLQ+bSf2vJuzUgDagZ/htowIn3io6myiY+Ehq9vDjCd65XV/Hq2sDZoksXMpQU8kQoIF4P2oJqwIDAQABAoGBAJdMauHXIQdjDv6gWoHsTPAQWKj9tC/He2pE6cxqs/HVZqRHR5Ja1gZl7',1,1,'2024-02-28 15:00:43','2024-02-28 15:00:43'),(79,'FR 2024/79',91,'LUCAS EVANGELISTA F. VUNGA',NULL,'FABRICA','2024-02-29 00:00:00','2024-02-29 00:00:00',2,1,3,'Engrácia Costa',NULL,100000.00,0.00,0.00,0.00,100000.00,'MIICXAIBAAKBgQC4dcYScJrnD1xCbBAlSwQN80TYmlMhC1q3fqyL0y2ygQOmtKKYJkDDp/bx0F7ZJ4psVDAmJ1PC2SlHfVPtSZrsVTIf/OlWMsrkLQ+bSf2vJuzUgDagZ/htowIn3io6myiY+Ehq9vDjCd65XV/Hq2sDZoksXMpQU8kQoIF4P2oJqwIDAQABAoGBAJdMauHXIQdjDv6gWoHsTPAQWKj9tC/He2pE6cxqs/HVZqRHR5Ja1gZl7',1,1,'2024-02-29 08:05:03','2024-02-29 08:05:03'),(80,'FR 2024/80',99,'MAURA JOSE ANDRADE',NULL,'JORGE','2024-03-04 00:00:00','2024-03-04 00:00:00',2,1,3,'Engrácia Costa',NULL,5000.00,0.00,0.00,0.00,5000.00,'MIICXAIBAAKBgQC4dcYScJrnD1xCbBAlSwQN80TYmlMhC1q3fqyL0y2ygQOmtKKYJkDDp/bx0F7ZJ4psVDAmJ1PC2SlHfVPtSZrsVTIf/OlWMsrkLQ+bSf2vJuzUgDagZ/htowIn3io6myiY+Ehq9vDjCd65XV/Hq2sDZoksXMpQU8kQoIF4P2oJqwIDAQABAoGBAJdMauHXIQdjDv6gWoHsTPAQWKj9tC/He2pE6cxqs/HVZqRHR5Ja1gZl7',1,1,'2024-03-04 10:01:36','2024-03-04 10:01:36'),(81,'FR 2024/81',11,'IVO ZANGUE',NULL,'FABRICA','2024-03-04 00:00:00','2024-03-04 00:00:00',1,1,3,'Engrácia Costa',NULL,8500.00,0.00,0.00,0.00,8500.00,'MIICXAIBAAKBgQC4dcYScJrnD1xCbBAlSwQN80TYmlMhC1q3fqyL0y2ygQOmtKKYJkDDp/bx0F7ZJ4psVDAmJ1PC2SlHfVPtSZrsVTIf/OlWMsrkLQ+bSf2vJuzUgDagZ/htowIn3io6myiY+Ehq9vDjCd65XV/Hq2sDZoksXMpQU8kQoIF4P2oJqwIDAQABAoGBAJdMauHXIQdjDv6gWoHsTPAQWKj9tC/He2pE6cxqs/HVZqRHR5Ja1gZl7',1,1,'2024-03-04 10:02:21','2024-03-04 10:02:21'),(82,'FR 2024/82',113,'SERGIO MATOS RIBEIRO DE ALMEIDA',NULL,'FABRICA','2024-03-04 00:00:00','2024-03-04 00:00:00',1,1,3,'Engrácia Costa',NULL,25500.00,0.00,0.00,0.00,25500.00,'MIICXAIBAAKBgQC4dcYScJrnD1xCbBAlSwQN80TYmlMhC1q3fqyL0y2ygQOmtKKYJkDDp/bx0F7ZJ4psVDAmJ1PC2SlHfVPtSZrsVTIf/OlWMsrkLQ+bSf2vJuzUgDagZ/htowIn3io6myiY+Ehq9vDjCd65XV/Hq2sDZoksXMpQU8kQoIF4P2oJqwIDAQABAoGBAJdMauHXIQdjDv6gWoHsTPAQWKj9tC/He2pE6cxqs/HVZqRHR5Ja1gZl7',1,1,'2024-03-04 10:04:08','2024-03-04 10:04:08'),(83,'FR 2024/83',73,'MARIO BARREIRO',NULL,'FABRICA','2024-03-05 00:00:00','2024-03-05 00:00:00',1,1,3,'Engrácia Costa',NULL,600000.00,0.00,0.00,0.00,600000.00,'MIICXAIBAAKBgQC4dcYScJrnD1xCbBAlSwQN80TYmlMhC1q3fqyL0y2ygQOmtKKYJkDDp/bx0F7ZJ4psVDAmJ1PC2SlHfVPtSZrsVTIf/OlWMsrkLQ+bSf2vJuzUgDagZ/htowIn3io6myiY+Ehq9vDjCd65XV/Hq2sDZoksXMpQU8kQoIF4P2oJqwIDAQABAoGBAJdMauHXIQdjDv6gWoHsTPAQWKj9tC/He2pE6cxqs/HVZqRHR5Ja1gZl7',1,1,'2024-03-05 14:17:09','2024-03-05 14:17:09'),(84,'FR 2024/84',73,'MARIO BARREIRO',NULL,'FABRICA','2024-03-05 00:00:00','2024-03-05 00:00:00',1,1,3,'Engrácia Costa',NULL,750000.00,0.00,0.00,0.00,750000.00,'MIICXAIBAAKBgQC4dcYScJrnD1xCbBAlSwQN80TYmlMhC1q3fqyL0y2ygQOmtKKYJkDDp/bx0F7ZJ4psVDAmJ1PC2SlHfVPtSZrsVTIf/OlWMsrkLQ+bSf2vJuzUgDagZ/htowIn3io6myiY+Ehq9vDjCd65XV/Hq2sDZoksXMpQU8kQoIF4P2oJqwIDAQABAoGBAJdMauHXIQdjDv6gWoHsTPAQWKj9tC/He2pE6cxqs/HVZqRHR5Ja1gZl7',1,1,'2024-03-05 14:21:00','2024-03-05 14:21:00'),(85,'FR 2024/85',1,'Mercado do 30 (Trinta)',NULL,'Mercado do Trinta (30), Viana','2024-03-06 00:00:00','2024-03-06 00:00:00',1,1,3,'Engrácia Costa',NULL,620000.00,0.00,0.00,0.00,620000.00,'MIICXAIBAAKBgQC4dcYScJrnD1xCbBAlSwQN80TYmlMhC1q3fqyL0y2ygQOmtKKYJkDDp/bx0F7ZJ4psVDAmJ1PC2SlHfVPtSZrsVTIf/OlWMsrkLQ+bSf2vJuzUgDagZ/htowIn3io6myiY+Ehq9vDjCd65XV/Hq2sDZoksXMpQU8kQoIF4P2oJqwIDAQABAoGBAJdMauHXIQdjDv6gWoHsTPAQWKj9tC/He2pE6cxqs/HVZqRHR5Ja1gZl7',1,1,'2024-03-06 13:21:41','2024-03-06 13:21:41'),(86,'FR 2024/86',73,'MARIO BARREIRO',NULL,'FABRICA','2024-03-06 00:00:00','2024-03-06 00:00:00',1,1,3,'Engrácia Costa',NULL,560000.00,0.00,0.00,0.00,560000.00,'MIICXAIBAAKBgQC4dcYScJrnD1xCbBAlSwQN80TYmlMhC1q3fqyL0y2ygQOmtKKYJkDDp/bx0F7ZJ4psVDAmJ1PC2SlHfVPtSZrsVTIf/OlWMsrkLQ+bSf2vJuzUgDagZ/htowIn3io6myiY+Ehq9vDjCd65XV/Hq2sDZoksXMpQU8kQoIF4P2oJqwIDAQABAoGBAJdMauHXIQdjDv6gWoHsTPAQWKj9tC/He2pE6cxqs/HVZqRHR5Ja1gZl7',1,1,'2024-03-06 13:22:47','2024-03-06 13:22:47'),(87,'FR 2024/87',94,'MIGUELL LUCAS PAULINO',NULL,'Chana','2024-03-06 00:00:00','2024-03-06 00:00:00',3,1,3,'Engrácia Costa',NULL,17000.00,0.00,0.00,0.00,17000.00,'MIICXAIBAAKBgQC4dcYScJrnD1xCbBAlSwQN80TYmlMhC1q3fqyL0y2ygQOmtKKYJkDDp/bx0F7ZJ4psVDAmJ1PC2SlHfVPtSZrsVTIf/OlWMsrkLQ+bSf2vJuzUgDagZ/htowIn3io6myiY+Ehq9vDjCd65XV/Hq2sDZoksXMpQU8kQoIF4P2oJqwIDAQABAoGBAJdMauHXIQdjDv6gWoHsTPAQWKj9tC/He2pE6cxqs/HVZqRHR5Ja1gZl7',1,1,'2024-03-06 13:36:28','2024-03-06 13:36:28'),(88,'FR 2024/88',9,'VICTORIA GINGA',NULL,'FABRICA','2024-03-06 00:00:00','2024-03-06 00:00:00',1,1,3,'Engrácia Costa',NULL,15000.00,0.00,0.00,0.00,15000.00,'MIICXAIBAAKBgQC4dcYScJrnD1xCbBAlSwQN80TYmlMhC1q3fqyL0y2ygQOmtKKYJkDDp/bx0F7ZJ4psVDAmJ1PC2SlHfVPtSZrsVTIf/OlWMsrkLQ+bSf2vJuzUgDagZ/htowIn3io6myiY+Ehq9vDjCd65XV/Hq2sDZoksXMpQU8kQoIF4P2oJqwIDAQABAoGBAJdMauHXIQdjDv6gWoHsTPAQWKj9tC/He2pE6cxqs/HVZqRHR5Ja1gZl7',1,1,'2024-03-06 13:39:10','2024-03-06 13:39:10'),(89,'FR 2024/89',76,'IGREJA A.D.P.SOSSEGO',NULL,'Chana','2024-03-06 00:00:00','2024-03-06 00:00:00',1,1,3,'Engrácia Costa',NULL,45000.00,0.00,0.00,0.00,45000.00,'MIICXAIBAAKBgQC4dcYScJrnD1xCbBAlSwQN80TYmlMhC1q3fqyL0y2ygQOmtKKYJkDDp/bx0F7ZJ4psVDAmJ1PC2SlHfVPtSZrsVTIf/OlWMsrkLQ+bSf2vJuzUgDagZ/htowIn3io6myiY+Ehq9vDjCd65XV/Hq2sDZoksXMpQU8kQoIF4P2oJqwIDAQABAoGBAJdMauHXIQdjDv6gWoHsTPAQWKj9tC/He2pE6cxqs/HVZqRHR5Ja1gZl7',1,1,'2024-03-06 13:41:04','2024-03-06 13:41:04'),(90,'FR 2024/90',109,'ROSALINA SILVA',NULL,'FABRICA','2024-03-06 00:00:00','2024-03-06 00:00:00',3,1,3,'Engrácia Costa',NULL,8500.00,0.00,0.00,0.00,8500.00,'MIICXAIBAAKBgQC4dcYScJrnD1xCbBAlSwQN80TYmlMhC1q3fqyL0y2ygQOmtKKYJkDDp/bx0F7ZJ4psVDAmJ1PC2SlHfVPtSZrsVTIf/OlWMsrkLQ+bSf2vJuzUgDagZ/htowIn3io6myiY+Ehq9vDjCd65XV/Hq2sDZoksXMpQU8kQoIF4P2oJqwIDAQABAoGBAJdMauHXIQdjDv6gWoHsTPAQWKj9tC/He2pE6cxqs/HVZqRHR5Ja1gZl7',1,1,'2024-03-06 13:41:50','2024-03-06 13:41:50'),(91,'FR 2024/91',156,'HELENA FERNANDO JOAO',NULL,'JORGE','2024-03-06 00:00:00','2024-03-06 00:00:00',1,1,3,'Engrácia Costa',NULL,10000.00,0.00,0.00,0.00,10000.00,'MIICXAIBAAKBgQC4dcYScJrnD1xCbBAlSwQN80TYmlMhC1q3fqyL0y2ygQOmtKKYJkDDp/bx0F7ZJ4psVDAmJ1PC2SlHfVPtSZrsVTIf/OlWMsrkLQ+bSf2vJuzUgDagZ/htowIn3io6myiY+Ehq9vDjCd65XV/Hq2sDZoksXMpQU8kQoIF4P2oJqwIDAQABAoGBAJdMauHXIQdjDv6gWoHsTPAQWKj9tC/He2pE6cxqs/HVZqRHR5Ja1gZl7',1,1,'2024-03-06 13:42:23','2024-03-06 13:42:23'),(92,'FR 2024/92',117,'SUZANA SAKANENO',NULL,'FABRICA','2024-03-12 00:00:00','2024-03-12 00:00:00',2,1,3,'Engrácia Costa',NULL,17000.00,0.00,0.00,0.00,17000.00,'MIICXAIBAAKBgQC4dcYScJrnD1xCbBAlSwQN80TYmlMhC1q3fqyL0y2ygQOmtKKYJkDDp/bx0F7ZJ4psVDAmJ1PC2SlHfVPtSZrsVTIf/OlWMsrkLQ+bSf2vJuzUgDagZ/htowIn3io6myiY+Ehq9vDjCd65XV/Hq2sDZoksXMpQU8kQoIF4P2oJqwIDAQABAoGBAJdMauHXIQdjDv6gWoHsTPAQWKj9tC/He2pE6cxqs/HVZqRHR5Ja1gZl7',1,1,'2024-03-12 09:12:43','2024-03-12 09:12:43'),(93,'FR 2024/93',118,'TEODORO VICENTE',NULL,'FABRICA','2024-03-12 00:00:00','2024-03-12 00:00:00',2,1,3,'Engrácia Costa',NULL,8500.00,0.00,0.00,0.00,8500.00,'MIICXAIBAAKBgQC4dcYScJrnD1xCbBAlSwQN80TYmlMhC1q3fqyL0y2ygQOmtKKYJkDDp/bx0F7ZJ4psVDAmJ1PC2SlHfVPtSZrsVTIf/OlWMsrkLQ+bSf2vJuzUgDagZ/htowIn3io6myiY+Ehq9vDjCd65XV/Hq2sDZoksXMpQU8kQoIF4P2oJqwIDAQABAoGBAJdMauHXIQdjDv6gWoHsTPAQWKj9tC/He2pE6cxqs/HVZqRHR5Ja1gZl7',1,1,'2024-03-12 09:13:46','2024-03-12 09:13:46'),(94,'FR 2024/94',119,'TERESA CARLOS AVELINO',NULL,'Chana','2024-03-12 00:00:00','2024-03-12 00:00:00',1,1,3,'Engrácia Costa',NULL,8500.00,0.00,0.00,0.00,8500.00,'MIICXAIBAAKBgQC4dcYScJrnD1xCbBAlSwQN80TYmlMhC1q3fqyL0y2ygQOmtKKYJkDDp/bx0F7ZJ4psVDAmJ1PC2SlHfVPtSZrsVTIf/OlWMsrkLQ+bSf2vJuzUgDagZ/htowIn3io6myiY+Ehq9vDjCd65XV/Hq2sDZoksXMpQU8kQoIF4P2oJqwIDAQABAoGBAJdMauHXIQdjDv6gWoHsTPAQWKj9tC/He2pE6cxqs/HVZqRHR5Ja1gZl7',1,1,'2024-03-12 09:14:18','2024-03-12 09:14:18'),(95,'FR 2024/95',8,'ADLADA MOISES',NULL,'FABRICA','2024-03-12 00:00:00','2024-03-12 00:00:00',1,1,3,'Engrácia Costa',NULL,15000.00,0.00,0.00,0.00,15000.00,'MIICXAIBAAKBgQC4dcYScJrnD1xCbBAlSwQN80TYmlMhC1q3fqyL0y2ygQOmtKKYJkDDp/bx0F7ZJ4psVDAmJ1PC2SlHfVPtSZrsVTIf/OlWMsrkLQ+bSf2vJuzUgDagZ/htowIn3io6myiY+Ehq9vDjCd65XV/Hq2sDZoksXMpQU8kQoIF4P2oJqwIDAQABAoGBAJdMauHXIQdjDv6gWoHsTPAQWKj9tC/He2pE6cxqs/HVZqRHR5Ja1gZl7',1,1,'2024-03-12 09:15:20','2024-03-12 09:15:20'),(96,'FR 2024/96',79,'ILIDIO NEVES DO ESPIRITO SANTO',NULL,'Chana','2024-03-13 00:00:00','2024-03-13 00:00:00',3,1,3,'Engrácia Costa',NULL,45500.00,0.00,0.00,0.00,45500.00,'MIICXAIBAAKBgQC4dcYScJrnD1xCbBAlSwQN80TYmlMhC1q3fqyL0y2ygQOmtKKYJkDDp/bx0F7ZJ4psVDAmJ1PC2SlHfVPtSZrsVTIf/OlWMsrkLQ+bSf2vJuzUgDagZ/htowIn3io6myiY+Ehq9vDjCd65XV/Hq2sDZoksXMpQU8kQoIF4P2oJqwIDAQABAoGBAJdMauHXIQdjDv6gWoHsTPAQWKj9tC/He2pE6cxqs/HVZqRHR5Ja1gZl7',1,1,'2024-03-13 09:11:11','2024-03-13 09:11:11'),(97,'FR 2024/97',110,'VICTOR ANTONIO',NULL,'JORGE','2024-03-13 00:00:00','2024-03-13 00:00:00',1,1,3,'Engrácia Costa',NULL,5000.00,0.00,0.00,0.00,5000.00,'MIICXAIBAAKBgQC4dcYScJrnD1xCbBAlSwQN80TYmlMhC1q3fqyL0y2ygQOmtKKYJkDDp/bx0F7ZJ4psVDAmJ1PC2SlHfVPtSZrsVTIf/OlWMsrkLQ+bSf2vJuzUgDagZ/htowIn3io6myiY+Ehq9vDjCd65XV/Hq2sDZoksXMpQU8kQoIF4P2oJqwIDAQABAoGBAJdMauHXIQdjDv6gWoHsTPAQWKj9tC/He2pE6cxqs/HVZqRHR5Ja1gZl7',1,1,'2024-03-13 09:14:10','2024-03-13 09:14:10'),(98,'FR 2024/98',41,'CARLOS CARDOSO VIOLA',NULL,'JORGE','2024-03-13 00:00:00','2024-03-13 00:00:00',3,1,3,'Engrácia Costa',NULL,10000.00,0.00,0.00,0.00,10000.00,'MIICXAIBAAKBgQC4dcYScJrnD1xCbBAlSwQN80TYmlMhC1q3fqyL0y2ygQOmtKKYJkDDp/bx0F7ZJ4psVDAmJ1PC2SlHfVPtSZrsVTIf/OlWMsrkLQ+bSf2vJuzUgDagZ/htowIn3io6myiY+Ehq9vDjCd65XV/Hq2sDZoksXMpQU8kQoIF4P2oJqwIDAQABAoGBAJdMauHXIQdjDv6gWoHsTPAQWKj9tC/He2pE6cxqs/HVZqRHR5Ja1gZl7',1,1,'2024-03-13 09:15:50','2024-03-13 09:15:50'),(99,'FR 2024/99',105,'MANUEL YAMBA',NULL,'FABRICA','2024-03-13 00:00:00','2024-03-13 00:00:00',3,1,3,'Engrácia Costa',NULL,8500.00,0.00,0.00,0.00,8500.00,'MIICXAIBAAKBgQC4dcYScJrnD1xCbBAlSwQN80TYmlMhC1q3fqyL0y2ygQOmtKKYJkDDp/bx0F7ZJ4psVDAmJ1PC2SlHfVPtSZrsVTIf/OlWMsrkLQ+bSf2vJuzUgDagZ/htowIn3io6myiY+Ehq9vDjCd65XV/Hq2sDZoksXMpQU8kQoIF4P2oJqwIDAQABAoGBAJdMauHXIQdjDv6gWoHsTPAQWKj9tC/He2pE6cxqs/HVZqRHR5Ja1gZl7',1,1,'2024-03-13 09:16:30','2024-03-13 09:16:30'),(100,'FR 2024/100',37,'CORREIA VICENTE PONGOLOLO',NULL,'LUKEMBO','2024-03-13 00:00:00','2024-03-13 00:00:00',1,1,3,'Engrácia Costa',NULL,17000.00,0.00,0.00,0.00,17000.00,'MIICXAIBAAKBgQC4dcYScJrnD1xCbBAlSwQN80TYmlMhC1q3fqyL0y2ygQOmtKKYJkDDp/bx0F7ZJ4psVDAmJ1PC2SlHfVPtSZrsVTIf/OlWMsrkLQ+bSf2vJuzUgDagZ/htowIn3io6myiY+Ehq9vDjCd65XV/Hq2sDZoksXMpQU8kQoIF4P2oJqwIDAQABAoGBAJdMauHXIQdjDv6gWoHsTPAQWKj9tC/He2pE6cxqs/HVZqRHR5Ja1gZl7',1,1,'2024-03-13 09:17:16','2024-03-13 09:17:16'),(101,'FR 2024/101',1,'Mercado do 30 (Trinta)',NULL,'Mercado do Trinta (30), Viana','2024-03-13 00:00:00','2024-03-13 00:00:00',3,1,3,'Engrácia Costa',NULL,17000.00,0.00,0.00,0.00,17000.00,'MIICXAIBAAKBgQC4dcYScJrnD1xCbBAlSwQN80TYmlMhC1q3fqyL0y2ygQOmtKKYJkDDp/bx0F7ZJ4psVDAmJ1PC2SlHfVPtSZrsVTIf/OlWMsrkLQ+bSf2vJuzUgDagZ/htowIn3io6myiY+Ehq9vDjCd65XV/Hq2sDZoksXMpQU8kQoIF4P2oJqwIDAQABAoGBAJdMauHXIQdjDv6gWoHsTPAQWKj9tC/He2pE6cxqs/HVZqRHR5Ja1gZl7',1,1,'2024-03-13 09:18:16','2024-03-13 09:18:16'),(102,'FR 2024/102',120,'VIRGINIA VALERIA DONDELE DOS SANTOS',NULL,'FABRICA','2024-03-13 00:00:00','2024-03-13 00:00:00',1,1,3,'Engrácia Costa',NULL,34000.00,0.00,0.00,0.00,34000.00,'MIICXAIBAAKBgQC4dcYScJrnD1xCbBAlSwQN80TYmlMhC1q3fqyL0y2ygQOmtKKYJkDDp/bx0F7ZJ4psVDAmJ1PC2SlHfVPtSZrsVTIf/OlWMsrkLQ+bSf2vJuzUgDagZ/htowIn3io6myiY+Ehq9vDjCd65XV/Hq2sDZoksXMpQU8kQoIF4P2oJqwIDAQABAoGBAJdMauHXIQdjDv6gWoHsTPAQWKj9tC/He2pE6cxqs/HVZqRHR5Ja1gZl7',1,1,'2024-03-13 09:21:31','2024-03-13 09:21:31'),(103,'FR 2024/103',19,'MOISES ALFREDO LOURENÇO',NULL,'JORGE','2024-03-13 00:00:00','2024-03-13 00:00:00',1,1,3,'Engrácia Costa',NULL,5000.00,0.00,0.00,0.00,5000.00,'MIICXAIBAAKBgQC4dcYScJrnD1xCbBAlSwQN80TYmlMhC1q3fqyL0y2ygQOmtKKYJkDDp/bx0F7ZJ4psVDAmJ1PC2SlHfVPtSZrsVTIf/OlWMsrkLQ+bSf2vJuzUgDagZ/htowIn3io6myiY+Ehq9vDjCd65XV/Hq2sDZoksXMpQU8kQoIF4P2oJqwIDAQABAoGBAJdMauHXIQdjDv6gWoHsTPAQWKj9tC/He2pE6cxqs/HVZqRHR5Ja1gZl7',1,1,'2024-03-13 09:24:43','2024-03-13 09:24:43'),(104,'FR 2024/104',58,'FRANCISCA HUGO ANDRADE',NULL,'JORGE','2024-03-13 00:00:00','2024-03-13 00:00:00',1,1,3,'Engrácia Costa',NULL,5000.00,0.00,0.00,0.00,5000.00,'MIICXAIBAAKBgQC4dcYScJrnD1xCbBAlSwQN80TYmlMhC1q3fqyL0y2ygQOmtKKYJkDDp/bx0F7ZJ4psVDAmJ1PC2SlHfVPtSZrsVTIf/OlWMsrkLQ+bSf2vJuzUgDagZ/htowIn3io6myiY+Ehq9vDjCd65XV/Hq2sDZoksXMpQU8kQoIF4P2oJqwIDAQABAoGBAJdMauHXIQdjDv6gWoHsTPAQWKj9tC/He2pE6cxqs/HVZqRHR5Ja1gZl7',1,1,'2024-03-13 10:14:51','2024-03-13 10:14:51'),(105,'FR 2024/105',31,'ALBERTO ANTONIO LUIS',NULL,'FABRICA','2024-03-13 00:00:00','2024-03-13 00:00:00',3,1,3,'Engrácia Costa',NULL,25500.00,0.00,0.00,0.00,25500.00,'MIICXAIBAAKBgQC4dcYScJrnD1xCbBAlSwQN80TYmlMhC1q3fqyL0y2ygQOmtKKYJkDDp/bx0F7ZJ4psVDAmJ1PC2SlHfVPtSZrsVTIf/OlWMsrkLQ+bSf2vJuzUgDagZ/htowIn3io6myiY+Ehq9vDjCd65XV/Hq2sDZoksXMpQU8kQoIF4P2oJqwIDAQABAoGBAJdMauHXIQdjDv6gWoHsTPAQWKj9tC/He2pE6cxqs/HVZqRHR5Ja1gZl7',1,1,'2024-03-13 10:17:01','2024-03-13 10:17:01'),(106,'FR 2024/106',82,'JOAO CHINAI',NULL,'Chana','2024-03-13 00:00:00','2024-03-13 00:00:00',1,1,3,'Engrácia Costa',NULL,8500.00,0.00,0.00,0.00,8500.00,'MIICXAIBAAKBgQC4dcYScJrnD1xCbBAlSwQN80TYmlMhC1q3fqyL0y2ygQOmtKKYJkDDp/bx0F7ZJ4psVDAmJ1PC2SlHfVPtSZrsVTIf/OlWMsrkLQ+bSf2vJuzUgDagZ/htowIn3io6myiY+Ehq9vDjCd65XV/Hq2sDZoksXMpQU8kQoIF4P2oJqwIDAQABAoGBAJdMauHXIQdjDv6gWoHsTPAQWKj9tC/He2pE6cxqs/HVZqRHR5Ja1gZl7',1,1,'2024-03-13 10:17:41','2024-03-13 10:17:41'),(107,'FR 2024/107',14,'ELISIO NEVES',NULL,'FABRICA','2024-03-13 00:00:00','2024-03-13 00:00:00',3,1,3,'Engrácia Costa',NULL,8500.00,0.00,0.00,0.00,8500.00,'MIICXAIBAAKBgQC4dcYScJrnD1xCbBAlSwQN80TYmlMhC1q3fqyL0y2ygQOmtKKYJkDDp/bx0F7ZJ4psVDAmJ1PC2SlHfVPtSZrsVTIf/OlWMsrkLQ+bSf2vJuzUgDagZ/htowIn3io6myiY+Ehq9vDjCd65XV/Hq2sDZoksXMpQU8kQoIF4P2oJqwIDAQABAoGBAJdMauHXIQdjDv6gWoHsTPAQWKj9tC/He2pE6cxqs/HVZqRHR5Ja1gZl7',1,1,'2024-03-13 10:18:55','2024-03-13 10:18:55'),(108,'FR 2024/108',10,'SIMAO ANDRE',NULL,'FABRICA','2024-03-13 00:00:00','2024-03-13 00:00:00',3,1,3,'Engrácia Costa',NULL,8500.00,0.00,0.00,0.00,8500.00,'MIICXAIBAAKBgQC4dcYScJrnD1xCbBAlSwQN80TYmlMhC1q3fqyL0y2ygQOmtKKYJkDDp/bx0F7ZJ4psVDAmJ1PC2SlHfVPtSZrsVTIf/OlWMsrkLQ+bSf2vJuzUgDagZ/htowIn3io6myiY+Ehq9vDjCd65XV/Hq2sDZoksXMpQU8kQoIF4P2oJqwIDAQABAoGBAJdMauHXIQdjDv6gWoHsTPAQWKj9tC/He2pE6cxqs/HVZqRHR5Ja1gZl7',1,1,'2024-03-13 10:19:25','2024-03-13 10:19:25'),(109,'FR 2024/109',65,'GEOFFERY CHIMIZIE ONYEYIRI',NULL,'FABRICA','2024-03-13 00:00:00','2024-03-13 00:00:00',3,1,3,'Engrácia Costa','PAGAMENTO DE JANEIRO ATE DEZEMBRO 12 MESES',102000.00,0.00,0.00,0.00,102000.00,'MIICXAIBAAKBgQC4dcYScJrnD1xCbBAlSwQN80TYmlMhC1q3fqyL0y2ygQOmtKKYJkDDp/bx0F7ZJ4psVDAmJ1PC2SlHfVPtSZrsVTIf/OlWMsrkLQ+bSf2vJuzUgDagZ/htowIn3io6myiY+Ehq9vDjCd65XV/Hq2sDZoksXMpQU8kQoIF4P2oJqwIDAQABAoGBAJdMauHXIQdjDv6gWoHsTPAQWKj9tC/He2pE6cxqs/HVZqRHR5Ja1gZl7',1,1,'2024-03-13 10:21:07','2024-03-13 10:21:07'),(110,'FR 2024/110',164,'GEOFFERY CHIMIZIE ONYEYIRI 2 CONTRATO',NULL,'FABRICA','2024-03-13 00:00:00','2024-03-13 00:00:00',3,1,3,'Engrácia Costa',NULL,150000.00,0.00,0.00,0.00,150000.00,'MIICXAIBAAKBgQC4dcYScJrnD1xCbBAlSwQN80TYmlMhC1q3fqyL0y2ygQOmtKKYJkDDp/bx0F7ZJ4psVDAmJ1PC2SlHfVPtSZrsVTIf/OlWMsrkLQ+bSf2vJuzUgDagZ/htowIn3io6myiY+Ehq9vDjCd65XV/Hq2sDZoksXMpQU8kQoIF4P2oJqwIDAQABAoGBAJdMauHXIQdjDv6gWoHsTPAQWKj9tC/He2pE6cxqs/HVZqRHR5Ja1gZl7',1,1,'2024-03-13 10:27:08','2024-03-13 10:27:08'),(111,'FR 2024/111',6,'DOMINGAS GAMA',NULL,'Chana','2024-03-19 00:00:00','2024-03-19 00:00:00',1,1,3,'Engrácia Costa',NULL,5000.00,0.00,0.00,0.00,5000.00,'MIICXAIBAAKBgQC4dcYScJrnD1xCbBAlSwQN80TYmlMhC1q3fqyL0y2ygQOmtKKYJkDDp/bx0F7ZJ4psVDAmJ1PC2SlHfVPtSZrsVTIf/OlWMsrkLQ+bSf2vJuzUgDagZ/htowIn3io6myiY+Ehq9vDjCd65XV/Hq2sDZoksXMpQU8kQoIF4P2oJqwIDAQABAoGBAJdMauHXIQdjDv6gWoHsTPAQWKj9tC/He2pE6cxqs/HVZqRHR5Ja1gZl7',1,1,'2024-03-19 12:23:33','2024-03-19 12:23:33'),(112,'FR 2024/112',26,'ANTONIO SANCHO',NULL,'FABRICA','2024-03-19 00:00:00','2024-03-19 00:00:00',2,1,3,'Engrácia Costa',NULL,42500.00,0.00,0.00,0.00,42500.00,'MIICXAIBAAKBgQC4dcYScJrnD1xCbBAlSwQN80TYmlMhC1q3fqyL0y2ygQOmtKKYJkDDp/bx0F7ZJ4psVDAmJ1PC2SlHfVPtSZrsVTIf/OlWMsrkLQ+bSf2vJuzUgDagZ/htowIn3io6myiY+Ehq9vDjCd65XV/Hq2sDZoksXMpQU8kQoIF4P2oJqwIDAQABAoGBAJdMauHXIQdjDv6gWoHsTPAQWKj9tC/He2pE6cxqs/HVZqRHR5Ja1gZl7',1,1,'2024-03-19 13:15:31','2024-03-19 13:15:31'),(113,'FR 2024/113',30,'AZENAIDA KATUMBELA',NULL,'FABRICA','2024-03-19 00:00:00','2024-03-19 00:00:00',2,1,3,'Engrácia Costa','OBS. TEM SALDO DE 1.000 KZ',45000.00,0.00,0.00,0.00,45000.00,'MIICXAIBAAKBgQC4dcYScJrnD1xCbBAlSwQN80TYmlMhC1q3fqyL0y2ygQOmtKKYJkDDp/bx0F7ZJ4psVDAmJ1PC2SlHfVPtSZrsVTIf/OlWMsrkLQ+bSf2vJuzUgDagZ/htowIn3io6myiY+Ehq9vDjCd65XV/Hq2sDZoksXMpQU8kQoIF4P2oJqwIDAQABAoGBAJdMauHXIQdjDv6gWoHsTPAQWKj9tC/He2pE6cxqs/HVZqRHR5Ja1gZl7',1,1,'2024-03-19 13:17:07','2024-03-19 13:17:07'),(114,'FR 2024/114',114,'SIMAO FRANCISCO SIC',NULL,'Chana','2024-03-19 00:00:00','2024-03-19 00:00:00',1,1,3,'Engrácia Costa',NULL,17000.00,0.00,0.00,0.00,17000.00,'MIICXAIBAAKBgQC4dcYScJrnD1xCbBAlSwQN80TYmlMhC1q3fqyL0y2ygQOmtKKYJkDDp/bx0F7ZJ4psVDAmJ1PC2SlHfVPtSZrsVTIf/OlWMsrkLQ+bSf2vJuzUgDagZ/htowIn3io6myiY+Ehq9vDjCd65XV/Hq2sDZoksXMpQU8kQoIF4P2oJqwIDAQABAoGBAJdMauHXIQdjDv6gWoHsTPAQWKj9tC/He2pE6cxqs/HVZqRHR5Ja1gZl7',1,1,'2024-03-19 13:18:04','2024-03-19 13:18:04'),(115,'FR 2024/115',123,'VICENCIA  A.L. ANDRE',NULL,'Chana','2024-03-19 00:00:00','2024-03-19 00:00:00',2,1,3,'Engrácia Costa',NULL,17000.00,0.00,0.00,0.00,17000.00,'MIICXAIBAAKBgQC4dcYScJrnD1xCbBAlSwQN80TYmlMhC1q3fqyL0y2ygQOmtKKYJkDDp/bx0F7ZJ4psVDAmJ1PC2SlHfVPtSZrsVTIf/OlWMsrkLQ+bSf2vJuzUgDagZ/htowIn3io6myiY+Ehq9vDjCd65XV/Hq2sDZoksXMpQU8kQoIF4P2oJqwIDAQABAoGBAJdMauHXIQdjDv6gWoHsTPAQWKj9tC/He2pE6cxqs/HVZqRHR5Ja1gZl7',1,1,'2024-03-19 13:19:13','2024-03-19 13:19:13'),(116,'FR 2024/116',49,'DIOLINDA C.DA SILVA MIDOSI',NULL,'FABRICA','2024-03-20 00:00:00','2024-03-20 00:00:00',1,1,3,'Engrácia Costa',NULL,8500.00,0.00,0.00,0.00,8500.00,'MIICXAIBAAKBgQC4dcYScJrnD1xCbBAlSwQN80TYmlMhC1q3fqyL0y2ygQOmtKKYJkDDp/bx0F7ZJ4psVDAmJ1PC2SlHfVPtSZrsVTIf/OlWMsrkLQ+bSf2vJuzUgDagZ/htowIn3io6myiY+Ehq9vDjCd65XV/Hq2sDZoksXMpQU8kQoIF4P2oJqwIDAQABAoGBAJdMauHXIQdjDv6gWoHsTPAQWKj9tC/He2pE6cxqs/HVZqRHR5Ja1gZl7',1,1,'2024-03-20 10:18:13','2024-03-20 10:18:13'),(117,'FR 2024/117',130,'RAUL CARMO MBUITI',NULL,'FABRICA','2024-03-20 00:00:00','2024-03-20 00:00:00',2,1,3,'Engrácia Costa','TRANSFERENCIA DE 4 MESES',32000.00,0.00,0.00,0.00,32000.00,'MIICXAIBAAKBgQC4dcYScJrnD1xCbBAlSwQN80TYmlMhC1q3fqyL0y2ygQOmtKKYJkDDp/bx0F7ZJ4psVDAmJ1PC2SlHfVPtSZrsVTIf/OlWMsrkLQ+bSf2vJuzUgDagZ/htowIn3io6myiY+Ehq9vDjCd65XV/Hq2sDZoksXMpQU8kQoIF4P2oJqwIDAQABAoGBAJdMauHXIQdjDv6gWoHsTPAQWKj9tC/He2pE6cxqs/HVZqRHR5Ja1gZl7',1,1,'2024-03-20 10:19:56','2024-03-20 10:19:56'),(118,'FR 2024/118',51,'FRANCISCO EVARISTO',NULL,'FABRICA','2024-03-20 00:00:00','2024-03-20 00:00:00',1,1,3,'Engrácia Costa',NULL,8500.00,0.00,0.00,0.00,8500.00,'MIICXAIBAAKBgQC4dcYScJrnD1xCbBAlSwQN80TYmlMhC1q3fqyL0y2ygQOmtKKYJkDDp/bx0F7ZJ4psVDAmJ1PC2SlHfVPtSZrsVTIf/OlWMsrkLQ+bSf2vJuzUgDagZ/htowIn3io6myiY+Ehq9vDjCd65XV/Hq2sDZoksXMpQU8kQoIF4P2oJqwIDAQABAoGBAJdMauHXIQdjDv6gWoHsTPAQWKj9tC/He2pE6cxqs/HVZqRHR5Ja1gZl7',1,1,'2024-03-20 10:20:36','2024-03-20 10:20:36'),(119,'FR 2024/119',97,'MARGARIDA ROSA',NULL,'Chana','2024-03-21 00:00:00','2024-03-21 00:00:00',2,1,3,'Engrácia Costa',NULL,17000.00,0.00,0.00,0.00,17000.00,'MIICXAIBAAKBgQC4dcYScJrnD1xCbBAlSwQN80TYmlMhC1q3fqyL0y2ygQOmtKKYJkDDp/bx0F7ZJ4psVDAmJ1PC2SlHfVPtSZrsVTIf/OlWMsrkLQ+bSf2vJuzUgDagZ/htowIn3io6myiY+Ehq9vDjCd65XV/Hq2sDZoksXMpQU8kQoIF4P2oJqwIDAQABAoGBAJdMauHXIQdjDv6gWoHsTPAQWKj9tC/He2pE6cxqs/HVZqRHR5Ja1gZl7',1,1,'2024-03-21 14:12:22','2024-03-21 14:12:22'),(120,'FR 2024/120',121,'VICTORIA CHAUL',NULL,'Chana','2024-03-21 00:00:00','2024-03-21 00:00:00',2,1,3,'Engrácia Costa',NULL,51000.00,0.00,0.00,0.00,51000.00,'MIICXAIBAAKBgQC4dcYScJrnD1xCbBAlSwQN80TYmlMhC1q3fqyL0y2ygQOmtKKYJkDDp/bx0F7ZJ4psVDAmJ1PC2SlHfVPtSZrsVTIf/OlWMsrkLQ+bSf2vJuzUgDagZ/htowIn3io6myiY+Ehq9vDjCd65XV/Hq2sDZoksXMpQU8kQoIF4P2oJqwIDAQABAoGBAJdMauHXIQdjDv6gWoHsTPAQWKj9tC/He2pE6cxqs/HVZqRHR5Ja1gZl7',1,1,'2024-03-21 14:21:15','2024-03-21 14:21:15'),(121,'FR 2024/121',92,'LUDGER BEN-HUR CASTRO AMARO',NULL,'FABRICA','2024-03-21 00:00:00','2024-03-21 00:00:00',3,1,3,'Engrácia Costa','MARÇO E ABRIL',30000.00,0.00,0.00,0.00,30000.00,'MIICXAIBAAKBgQC4dcYScJrnD1xCbBAlSwQN80TYmlMhC1q3fqyL0y2ygQOmtKKYJkDDp/bx0F7ZJ4psVDAmJ1PC2SlHfVPtSZrsVTIf/OlWMsrkLQ+bSf2vJuzUgDagZ/htowIn3io6myiY+Ehq9vDjCd65XV/Hq2sDZoksXMpQU8kQoIF4P2oJqwIDAQABAoGBAJdMauHXIQdjDv6gWoHsTPAQWKj9tC/He2pE6cxqs/HVZqRHR5Ja1gZl7',1,1,'2024-03-21 14:23:16','2024-03-21 14:23:16'),(122,'FR 2024/122',167,'ANTONIO LINO KAMBANGULA',NULL,'FABRICA','2024-03-21 00:00:00','2024-03-21 00:00:00',3,1,3,'Engrácia Costa',NULL,8500.00,0.00,0.00,0.00,8500.00,'MIICXAIBAAKBgQC4dcYScJrnD1xCbBAlSwQN80TYmlMhC1q3fqyL0y2ygQOmtKKYJkDDp/bx0F7ZJ4psVDAmJ1PC2SlHfVPtSZrsVTIf/OlWMsrkLQ+bSf2vJuzUgDagZ/htowIn3io6myiY+Ehq9vDjCd65XV/Hq2sDZoksXMpQU8kQoIF4P2oJqwIDAQABAoGBAJdMauHXIQdjDv6gWoHsTPAQWKj9tC/He2pE6cxqs/HVZqRHR5Ja1gZl7',1,1,'2024-03-21 14:24:14','2024-03-21 14:24:14'),(123,'FR 2024/123',78,'INACIA DOMINGOS MUSSONGA',NULL,'JORGE','2024-03-21 00:00:00','2024-03-21 00:00:00',1,1,3,'Engrácia Costa',NULL,5000.00,0.00,0.00,0.00,5000.00,'MIICXAIBAAKBgQC4dcYScJrnD1xCbBAlSwQN80TYmlMhC1q3fqyL0y2ygQOmtKKYJkDDp/bx0F7ZJ4psVDAmJ1PC2SlHfVPtSZrsVTIf/OlWMsrkLQ+bSf2vJuzUgDagZ/htowIn3io6myiY+Ehq9vDjCd65XV/Hq2sDZoksXMpQU8kQoIF4P2oJqwIDAQABAoGBAJdMauHXIQdjDv6gWoHsTPAQWKj9tC/He2pE6cxqs/HVZqRHR5Ja1gZl7',1,1,'2024-03-21 14:24:37','2024-03-21 14:24:37'),(124,'FR 2024/124',135,'MONTEIRO LUIS',NULL,'Chana','2024-03-21 00:00:00','2024-03-21 00:00:00',1,1,3,'Engrácia Costa',NULL,8500.00,0.00,0.00,0.00,8500.00,'MIICXAIBAAKBgQC4dcYScJrnD1xCbBAlSwQN80TYmlMhC1q3fqyL0y2ygQOmtKKYJkDDp/bx0F7ZJ4psVDAmJ1PC2SlHfVPtSZrsVTIf/OlWMsrkLQ+bSf2vJuzUgDagZ/htowIn3io6myiY+Ehq9vDjCd65XV/Hq2sDZoksXMpQU8kQoIF4P2oJqwIDAQABAoGBAJdMauHXIQdjDv6gWoHsTPAQWKj9tC/He2pE6cxqs/HVZqRHR5Ja1gZl7',1,1,'2024-03-21 14:25:11','2024-03-21 14:25:11'),(125,'FR 2024/125',63,'FILIPE MANUEL FERNANDO',NULL,'Chana','2024-03-21 00:00:00','2024-03-21 00:00:00',1,1,3,'Engrácia Costa',NULL,17000.00,0.00,0.00,0.00,17000.00,'MIICXAIBAAKBgQC4dcYScJrnD1xCbBAlSwQN80TYmlMhC1q3fqyL0y2ygQOmtKKYJkDDp/bx0F7ZJ4psVDAmJ1PC2SlHfVPtSZrsVTIf/OlWMsrkLQ+bSf2vJuzUgDagZ/htowIn3io6myiY+Ehq9vDjCd65XV/Hq2sDZoksXMpQU8kQoIF4P2oJqwIDAQABAoGBAJdMauHXIQdjDv6gWoHsTPAQWKj9tC/He2pE6cxqs/HVZqRHR5Ja1gZl7',1,1,'2024-03-21 14:26:16','2024-03-21 14:26:16'),(126,'FR 2024/126',130,'RAUL CARMO MBUITI',NULL,'FABRICA','2024-03-25 00:00:00','2024-03-25 00:00:00',1,1,3,'Engrácia Costa',NULL,8500.00,0.00,0.00,0.00,8500.00,'MIICXAIBAAKBgQC4dcYScJrnD1xCbBAlSwQN80TYmlMhC1q3fqyL0y2ygQOmtKKYJkDDp/bx0F7ZJ4psVDAmJ1PC2SlHfVPtSZrsVTIf/OlWMsrkLQ+bSf2vJuzUgDagZ/htowIn3io6myiY+Ehq9vDjCd65XV/Hq2sDZoksXMpQU8kQoIF4P2oJqwIDAQABAoGBAJdMauHXIQdjDv6gWoHsTPAQWKj9tC/He2pE6cxqs/HVZqRHR5Ja1gZl7',1,1,'2024-03-25 08:15:55','2024-03-25 08:15:55'),(127,'FR 2024/127',148,'SERGIO JOAO',NULL,'FABRICA','2024-03-25 00:00:00','2024-03-25 00:00:00',1,1,3,'Engrácia Costa',NULL,8500.00,0.00,0.00,0.00,8500.00,'MIICXAIBAAKBgQC4dcYScJrnD1xCbBAlSwQN80TYmlMhC1q3fqyL0y2ygQOmtKKYJkDDp/bx0F7ZJ4psVDAmJ1PC2SlHfVPtSZrsVTIf/OlWMsrkLQ+bSf2vJuzUgDagZ/htowIn3io6myiY+Ehq9vDjCd65XV/Hq2sDZoksXMpQU8kQoIF4P2oJqwIDAQABAoGBAJdMauHXIQdjDv6gWoHsTPAQWKj9tC/He2pE6cxqs/HVZqRHR5Ja1gZl7',1,1,'2024-03-25 08:16:23','2024-03-25 08:16:23'),(128,'FR 2024/128',169,'Westaves  África , Lda','5001651234/ Bairro Quiminha -Icolo e Bengo','Bairro Quiminha - Icolo e Bengo','2024-04-03 00:00:00','2024-04-03 00:00:00',2,1,3,'Engrácia Costa',NULL,680000.00,0.00,0.00,0.00,680000.00,'MIICXAIBAAKBgQC4dcYScJrnD1xCbBAlSwQN80TYmlMhC1q3fqyL0y2ygQOmtKKYJkDDp/bx0F7ZJ4psVDAmJ1PC2SlHfVPtSZrsVTIf/OlWMsrkLQ+bSf2vJuzUgDagZ/htowIn3io6myiY+Ehq9vDjCd65XV/Hq2sDZoksXMpQU8kQoIF4P2oJqwIDAQABAoGBAJdMauHXIQdjDv6gWoHsTPAQWKj9tC/He2pE6cxqs/HVZqRHR5Ja1gZl7',1,1,'2024-04-03 14:30:37','2024-04-03 14:30:37'),(129,'FR 2024/129',24,'ALBINO  JOSE LANDES',NULL,'JORGE','2024-04-09 00:00:00','2024-04-09 00:00:00',3,1,3,'Engrácia Costa',NULL,10000.00,0.00,0.00,0.00,10000.00,'MIICXAIBAAKBgQC4dcYScJrnD1xCbBAlSwQN80TYmlMhC1q3fqyL0y2ygQOmtKKYJkDDp/bx0F7ZJ4psVDAmJ1PC2SlHfVPtSZrsVTIf/OlWMsrkLQ+bSf2vJuzUgDagZ/htowIn3io6myiY+Ehq9vDjCd65XV/Hq2sDZoksXMpQU8kQoIF4P2oJqwIDAQABAoGBAJdMauHXIQdjDv6gWoHsTPAQWKj9tC/He2pE6cxqs/HVZqRHR5Ja1gZl7',1,1,'2024-04-09 07:57:41','2024-04-09 07:57:41'),(130,'FR 2024/130',15,'MARIZA CAMBUANA',NULL,'FABRICA','2024-04-09 00:00:00','2024-04-09 00:00:00',3,1,3,'Engrácia Costa',NULL,25500.00,0.00,0.00,0.00,25500.00,'MIICXAIBAAKBgQC4dcYScJrnD1xCbBAlSwQN80TYmlMhC1q3fqyL0y2ygQOmtKKYJkDDp/bx0F7ZJ4psVDAmJ1PC2SlHfVPtSZrsVTIf/OlWMsrkLQ+bSf2vJuzUgDagZ/htowIn3io6myiY+Ehq9vDjCd65XV/Hq2sDZoksXMpQU8kQoIF4P2oJqwIDAQABAoGBAJdMauHXIQdjDv6gWoHsTPAQWKj9tC/He2pE6cxqs/HVZqRHR5Ja1gZl7',1,1,'2024-04-09 07:59:23','2024-04-09 07:59:23'),(131,'FR 2024/131',99,'MAURA JOSE ANDRADE',NULL,'JORGE','2024-04-09 00:00:00','2024-04-09 00:00:00',1,1,3,'Engrácia Costa',NULL,5000.00,0.00,0.00,0.00,5000.00,'MIICXAIBAAKBgQC4dcYScJrnD1xCbBAlSwQN80TYmlMhC1q3fqyL0y2ygQOmtKKYJkDDp/bx0F7ZJ4psVDAmJ1PC2SlHfVPtSZrsVTIf/OlWMsrkLQ+bSf2vJuzUgDagZ/htowIn3io6myiY+Ehq9vDjCd65XV/Hq2sDZoksXMpQU8kQoIF4P2oJqwIDAQABAoGBAJdMauHXIQdjDv6gWoHsTPAQWKj9tC/He2pE6cxqs/HVZqRHR5Ja1gZl7',1,1,'2024-04-09 08:00:08','2024-04-09 08:00:08'),(132,'FR 2024/132',86,'KUZU TULANDA',NULL,'Chana','2024-04-09 00:00:00','2024-04-09 00:00:00',1,1,3,'Engrácia Costa',NULL,8500.00,0.00,0.00,0.00,8500.00,'MIICXAIBAAKBgQC4dcYScJrnD1xCbBAlSwQN80TYmlMhC1q3fqyL0y2ygQOmtKKYJkDDp/bx0F7ZJ4psVDAmJ1PC2SlHfVPtSZrsVTIf/OlWMsrkLQ+bSf2vJuzUgDagZ/htowIn3io6myiY+Ehq9vDjCd65XV/Hq2sDZoksXMpQU8kQoIF4P2oJqwIDAQABAoGBAJdMauHXIQdjDv6gWoHsTPAQWKj9tC/He2pE6cxqs/HVZqRHR5Ja1gZl7',1,1,'2024-04-09 08:00:53','2024-04-09 08:00:53'),(133,'FR 2024/133',113,'SERGIO MATOS RIBEIRO DE ALMEIDA',NULL,'FABRICA','2024-04-09 00:00:00','2024-04-09 00:00:00',1,1,3,'Engrácia Costa',NULL,8500.00,0.00,0.00,0.00,8500.00,'MIICXAIBAAKBgQC4dcYScJrnD1xCbBAlSwQN80TYmlMhC1q3fqyL0y2ygQOmtKKYJkDDp/bx0F7ZJ4psVDAmJ1PC2SlHfVPtSZrsVTIf/OlWMsrkLQ+bSf2vJuzUgDagZ/htowIn3io6myiY+Ehq9vDjCd65XV/Hq2sDZoksXMpQU8kQoIF4P2oJqwIDAQABAoGBAJdMauHXIQdjDv6gWoHsTPAQWKj9tC/He2pE6cxqs/HVZqRHR5Ja1gZl7',1,1,'2024-04-09 08:02:10','2024-04-09 08:02:10'),(134,'FR 2024/134',13,'JOSE ADELINO',NULL,'FABRICA','2024-04-09 00:00:00','2024-04-09 00:00:00',3,1,3,'Engrácia Costa',NULL,17000.00,0.00,0.00,0.00,17000.00,'MIICXAIBAAKBgQC4dcYScJrnD1xCbBAlSwQN80TYmlMhC1q3fqyL0y2ygQOmtKKYJkDDp/bx0F7ZJ4psVDAmJ1PC2SlHfVPtSZrsVTIf/OlWMsrkLQ+bSf2vJuzUgDagZ/htowIn3io6myiY+Ehq9vDjCd65XV/Hq2sDZoksXMpQU8kQoIF4P2oJqwIDAQABAoGBAJdMauHXIQdjDv6gWoHsTPAQWKj9tC/He2pE6cxqs/HVZqRHR5Ja1gZl7',1,1,'2024-04-09 08:02:45','2024-04-09 08:02:45'),(135,'FR 2024/135',69,'HUGO MONTEIRO MIGUEL',NULL,'FABRICA','2024-04-09 00:00:00','2024-04-09 00:00:00',1,1,3,'Engrácia Costa',NULL,8500.00,0.00,0.00,0.00,8500.00,'MIICXAIBAAKBgQC4dcYScJrnD1xCbBAlSwQN80TYmlMhC1q3fqyL0y2ygQOmtKKYJkDDp/bx0F7ZJ4psVDAmJ1PC2SlHfVPtSZrsVTIf/OlWMsrkLQ+bSf2vJuzUgDagZ/htowIn3io6myiY+Ehq9vDjCd65XV/Hq2sDZoksXMpQU8kQoIF4P2oJqwIDAQABAoGBAJdMauHXIQdjDv6gWoHsTPAQWKj9tC/He2pE6cxqs/HVZqRHR5Ja1gZl7',1,1,'2024-04-09 08:03:13','2024-04-09 08:03:13'),(136,'FR 2024/136',98,'MAURA ROSA CITA',NULL,'Chana','2024-04-09 00:00:00','2024-04-09 00:00:00',3,1,3,'Engrácia Costa','ABRIL',30000.00,0.00,0.00,0.00,30000.00,'MIICXAIBAAKBgQC4dcYScJrnD1xCbBAlSwQN80TYmlMhC1q3fqyL0y2ygQOmtKKYJkDDp/bx0F7ZJ4psVDAmJ1PC2SlHfVPtSZrsVTIf/OlWMsrkLQ+bSf2vJuzUgDagZ/htowIn3io6myiY+Ehq9vDjCd65XV/Hq2sDZoksXMpQU8kQoIF4P2oJqwIDAQABAoGBAJdMauHXIQdjDv6gWoHsTPAQWKj9tC/He2pE6cxqs/HVZqRHR5Ja1gZl7',1,1,'2024-04-09 08:04:26','2024-04-09 08:04:26'),(137,'FR 2024/137',21,'ADELINO MARTINHO',NULL,'Chana','2024-04-09 00:00:00','2024-04-09 00:00:00',1,1,3,'Engrácia Costa',NULL,8500.00,0.00,0.00,0.00,8500.00,'MIICXAIBAAKBgQC4dcYScJrnD1xCbBAlSwQN80TYmlMhC1q3fqyL0y2ygQOmtKKYJkDDp/bx0F7ZJ4psVDAmJ1PC2SlHfVPtSZrsVTIf/OlWMsrkLQ+bSf2vJuzUgDagZ/htowIn3io6myiY+Ehq9vDjCd65XV/Hq2sDZoksXMpQU8kQoIF4P2oJqwIDAQABAoGBAJdMauHXIQdjDv6gWoHsTPAQWKj9tC/He2pE6cxqs/HVZqRHR5Ja1gZl7',1,1,'2024-04-09 14:30:04','2024-04-09 14:30:04'),(138,'FR 2024/138',61,'FELICIANA FIGUEIRA',NULL,'JORGE','2024-04-09 00:00:00','2024-04-09 00:00:00',1,1,3,'Engrácia Costa',NULL,5000.00,0.00,0.00,0.00,5000.00,'MIICXAIBAAKBgQC4dcYScJrnD1xCbBAlSwQN80TYmlMhC1q3fqyL0y2ygQOmtKKYJkDDp/bx0F7ZJ4psVDAmJ1PC2SlHfVPtSZrsVTIf/OlWMsrkLQ+bSf2vJuzUgDagZ/htowIn3io6myiY+Ehq9vDjCd65XV/Hq2sDZoksXMpQU8kQoIF4P2oJqwIDAQABAoGBAJdMauHXIQdjDv6gWoHsTPAQWKj9tC/He2pE6cxqs/HVZqRHR5Ja1gZl7',1,1,'2024-04-09 14:30:36','2024-04-09 14:30:36'),(139,'FR 2024/139',10,'SIMAO ANDRE',NULL,'FABRICA','2024-04-09 00:00:00','2024-04-09 00:00:00',3,1,3,'Engrácia Costa',NULL,8500.00,0.00,0.00,0.00,8500.00,'MIICXAIBAAKBgQC4dcYScJrnD1xCbBAlSwQN80TYmlMhC1q3fqyL0y2ygQOmtKKYJkDDp/bx0F7ZJ4psVDAmJ1PC2SlHfVPtSZrsVTIf/OlWMsrkLQ+bSf2vJuzUgDagZ/htowIn3io6myiY+Ehq9vDjCd65XV/Hq2sDZoksXMpQU8kQoIF4P2oJqwIDAQABAoGBAJdMauHXIQdjDv6gWoHsTPAQWKj9tC/He2pE6cxqs/HVZqRHR5Ja1gZl7',1,1,'2024-04-09 14:31:03','2024-04-09 14:31:03'),(140,'FR 2024/140',103,'MIGUEL FRANCISCO FONTES',NULL,'FABRICA','2024-04-09 00:00:00','2024-04-09 00:00:00',1,1,3,'Engrácia Costa',NULL,17000.00,0.00,0.00,0.00,17000.00,'MIICXAIBAAKBgQC4dcYScJrnD1xCbBAlSwQN80TYmlMhC1q3fqyL0y2ygQOmtKKYJkDDp/bx0F7ZJ4psVDAmJ1PC2SlHfVPtSZrsVTIf/OlWMsrkLQ+bSf2vJuzUgDagZ/htowIn3io6myiY+Ehq9vDjCd65XV/Hq2sDZoksXMpQU8kQoIF4P2oJqwIDAQABAoGBAJdMauHXIQdjDv6gWoHsTPAQWKj9tC/He2pE6cxqs/HVZqRHR5Ja1gZl7',1,1,'2024-04-09 14:34:17','2024-04-09 14:34:17'),(141,'FR 2024/141',40,'CRUZ BENEDITO MIGUEL NOY',NULL,'FABRICA','2024-04-09 00:00:00','2024-04-09 00:00:00',3,1,3,'Engrácia Costa',NULL,30000.00,0.00,0.00,0.00,30000.00,'MIICXAIBAAKBgQC4dcYScJrnD1xCbBAlSwQN80TYmlMhC1q3fqyL0y2ygQOmtKKYJkDDp/bx0F7ZJ4psVDAmJ1PC2SlHfVPtSZrsVTIf/OlWMsrkLQ+bSf2vJuzUgDagZ/htowIn3io6myiY+Ehq9vDjCd65XV/Hq2sDZoksXMpQU8kQoIF4P2oJqwIDAQABAoGBAJdMauHXIQdjDv6gWoHsTPAQWKj9tC/He2pE6cxqs/HVZqRHR5Ja1gZl7',1,1,'2024-04-09 14:34:46','2024-04-09 14:34:46'),(142,'FR 2024/142',59,'FELIZARDA TEIXEIRA',NULL,'FABRICA','2024-04-10 00:00:00','2024-04-10 00:00:00',3,1,3,'Engrácia Costa',NULL,17000.00,0.00,0.00,0.00,17000.00,'MIICXAIBAAKBgQC4dcYScJrnD1xCbBAlSwQN80TYmlMhC1q3fqyL0y2ygQOmtKKYJkDDp/bx0F7ZJ4psVDAmJ1PC2SlHfVPtSZrsVTIf/OlWMsrkLQ+bSf2vJuzUgDagZ/htowIn3io6myiY+Ehq9vDjCd65XV/Hq2sDZoksXMpQU8kQoIF4P2oJqwIDAQABAoGBAJdMauHXIQdjDv6gWoHsTPAQWKj9tC/He2pE6cxqs/HVZqRHR5Ja1gZl7',1,1,'2024-04-10 08:28:26','2024-04-10 08:28:26'),(143,'FR 2024/143',110,'VICTOR ANTONIO',NULL,'JORGE','2024-04-10 00:00:00','2024-04-10 00:00:00',3,1,3,'Engrácia Costa',NULL,5000.00,0.00,0.00,0.00,5000.00,'MIICXAIBAAKBgQC4dcYScJrnD1xCbBAlSwQN80TYmlMhC1q3fqyL0y2ygQOmtKKYJkDDp/bx0F7ZJ4psVDAmJ1PC2SlHfVPtSZrsVTIf/OlWMsrkLQ+bSf2vJuzUgDagZ/htowIn3io6myiY+Ehq9vDjCd65XV/Hq2sDZoksXMpQU8kQoIF4P2oJqwIDAQABAoGBAJdMauHXIQdjDv6gWoHsTPAQWKj9tC/He2pE6cxqs/HVZqRHR5Ja1gZl7',1,1,'2024-04-10 08:30:23','2024-04-10 08:30:23'),(144,'FR 2024/144',8,'ADLADA MOISES',NULL,'FABRICA','2024-04-10 00:00:00','2024-04-10 00:00:00',3,1,3,'Engrácia Costa',NULL,15000.00,0.00,0.00,0.00,15000.00,'MIICXAIBAAKBgQC4dcYScJrnD1xCbBAlSwQN80TYmlMhC1q3fqyL0y2ygQOmtKKYJkDDp/bx0F7ZJ4psVDAmJ1PC2SlHfVPtSZrsVTIf/OlWMsrkLQ+bSf2vJuzUgDagZ/htowIn3io6myiY+Ehq9vDjCd65XV/Hq2sDZoksXMpQU8kQoIF4P2oJqwIDAQABAoGBAJdMauHXIQdjDv6gWoHsTPAQWKj9tC/He2pE6cxqs/HVZqRHR5Ja1gZl7',1,1,'2024-04-10 13:57:27','2024-04-10 13:57:27'),(145,'FR 2024/145',76,'IGREJA A.D.P.SOSSEGO',NULL,'Chana','2024-04-10 00:00:00','2024-04-10 00:00:00',3,1,3,'Engrácia Costa','OBS ABRIL',15000.00,0.00,0.00,0.00,15000.00,'MIICXAIBAAKBgQC4dcYScJrnD1xCbBAlSwQN80TYmlMhC1q3fqyL0y2ygQOmtKKYJkDDp/bx0F7ZJ4psVDAmJ1PC2SlHfVPtSZrsVTIf/OlWMsrkLQ+bSf2vJuzUgDagZ/htowIn3io6myiY+Ehq9vDjCd65XV/Hq2sDZoksXMpQU8kQoIF4P2oJqwIDAQABAoGBAJdMauHXIQdjDv6gWoHsTPAQWKj9tC/He2pE6cxqs/HVZqRHR5Ja1gZl7',1,1,'2024-04-10 13:59:01','2024-04-10 13:59:01'),(146,'FR 2024/146',170,'ANTONIO LINO KAMBANGULA',NULL,'FABRICA','2024-04-10 00:00:00','2024-04-10 00:00:00',3,1,3,'Engrácia Costa',NULL,8500.00,0.00,0.00,0.00,8500.00,'MIICXAIBAAKBgQC4dcYScJrnD1xCbBAlSwQN80TYmlMhC1q3fqyL0y2ygQOmtKKYJkDDp/bx0F7ZJ4psVDAmJ1PC2SlHfVPtSZrsVTIf/OlWMsrkLQ+bSf2vJuzUgDagZ/htowIn3io6myiY+Ehq9vDjCd65XV/Hq2sDZoksXMpQU8kQoIF4P2oJqwIDAQABAoGBAJdMauHXIQdjDv6gWoHsTPAQWKj9tC/He2pE6cxqs/HVZqRHR5Ja1gZl7',1,1,'2024-04-10 14:01:04','2024-04-10 14:01:04'),(147,'FR 2024/147',109,'ROSALINA SILVA',NULL,'FABRICA','2024-04-10 00:00:00','2024-04-10 00:00:00',3,1,3,'Engrácia Costa',NULL,8500.00,0.00,0.00,0.00,8500.00,'MIICXAIBAAKBgQC4dcYScJrnD1xCbBAlSwQN80TYmlMhC1q3fqyL0y2ygQOmtKKYJkDDp/bx0F7ZJ4psVDAmJ1PC2SlHfVPtSZrsVTIf/OlWMsrkLQ+bSf2vJuzUgDagZ/htowIn3io6myiY+Ehq9vDjCd65XV/Hq2sDZoksXMpQU8kQoIF4P2oJqwIDAQABAoGBAJdMauHXIQdjDv6gWoHsTPAQWKj9tC/He2pE6cxqs/HVZqRHR5Ja1gZl7',1,1,'2024-04-10 14:01:52','2024-04-10 14:01:52'),(148,'FR 2024/148',141,'DUMILDE ADILSON B. CARDOSO',NULL,'FABRICA','2024-04-10 00:00:00','2024-04-10 00:00:00',3,1,3,'Engrácia Costa',NULL,15000.00,0.00,0.00,0.00,15000.00,'MIICXAIBAAKBgQC4dcYScJrnD1xCbBAlSwQN80TYmlMhC1q3fqyL0y2ygQOmtKKYJkDDp/bx0F7ZJ4psVDAmJ1PC2SlHfVPtSZrsVTIf/OlWMsrkLQ+bSf2vJuzUgDagZ/htowIn3io6myiY+Ehq9vDjCd65XV/Hq2sDZoksXMpQU8kQoIF4P2oJqwIDAQABAoGBAJdMauHXIQdjDv6gWoHsTPAQWKj9tC/He2pE6cxqs/HVZqRHR5Ja1gZl7',1,1,'2024-04-10 14:02:20','2024-04-10 14:02:20'),(149,'FR 2024/149',49,'DIOLINDA C.DA SILVA MIDOSI',NULL,'FABRICA','2024-04-10 00:00:00','2024-04-10 00:00:00',3,1,3,'Engrácia Costa',NULL,8500.00,0.00,0.00,0.00,8500.00,'MIICXAIBAAKBgQC4dcYScJrnD1xCbBAlSwQN80TYmlMhC1q3fqyL0y2ygQOmtKKYJkDDp/bx0F7ZJ4psVDAmJ1PC2SlHfVPtSZrsVTIf/OlWMsrkLQ+bSf2vJuzUgDagZ/htowIn3io6myiY+Ehq9vDjCd65XV/Hq2sDZoksXMpQU8kQoIF4P2oJqwIDAQABAoGBAJdMauHXIQdjDv6gWoHsTPAQWKj9tC/He2pE6cxqs/HVZqRHR5Ja1gZl7',1,1,'2024-04-10 14:03:07','2024-04-10 14:03:07'),(150,'FR 2024/150',74,'IGOR MARVI NUNES LEITAO',NULL,'CHANA','2024-04-10 00:00:00','2024-04-10 00:00:00',3,1,3,'Engrácia Costa','MAIS ABRIL',45000.00,0.00,0.00,0.00,45000.00,'MIICXAIBAAKBgQC4dcYScJrnD1xCbBAlSwQN80TYmlMhC1q3fqyL0y2ygQOmtKKYJkDDp/bx0F7ZJ4psVDAmJ1PC2SlHfVPtSZrsVTIf/OlWMsrkLQ+bSf2vJuzUgDagZ/htowIn3io6myiY+Ehq9vDjCd65XV/Hq2sDZoksXMpQU8kQoIF4P2oJqwIDAQABAoGBAJdMauHXIQdjDv6gWoHsTPAQWKj9tC/He2pE6cxqs/HVZqRHR5Ja1gZl7',1,1,'2024-04-10 14:04:10','2024-04-10 14:04:10'),(151,'FR 2024/151',19,'MOISES ALFREDO LOURENÇO',NULL,'JORGE','2024-04-10 00:00:00','2024-04-10 00:00:00',1,1,3,'Engrácia Costa',NULL,5000.00,0.00,0.00,0.00,5000.00,'MIICXAIBAAKBgQC4dcYScJrnD1xCbBAlSwQN80TYmlMhC1q3fqyL0y2ygQOmtKKYJkDDp/bx0F7ZJ4psVDAmJ1PC2SlHfVPtSZrsVTIf/OlWMsrkLQ+bSf2vJuzUgDagZ/htowIn3io6myiY+Ehq9vDjCd65XV/Hq2sDZoksXMpQU8kQoIF4P2oJqwIDAQABAoGBAJdMauHXIQdjDv6gWoHsTPAQWKj9tC/He2pE6cxqs/HVZqRHR5Ja1gZl7',1,1,'2024-04-10 14:06:16','2024-04-10 14:06:16'),(152,'FR 2024/152',109,'ROSALINA SILVA',NULL,'FABRICA','2024-04-19 00:00:00','2024-04-19 00:00:00',3,1,3,'Engrácia Costa',NULL,8500.00,0.00,0.00,0.00,8500.00,'MIICXAIBAAKBgQC4dcYScJrnD1xCbBAlSwQN80TYmlMhC1q3fqyL0y2ygQOmtKKYJkDDp/bx0F7ZJ4psVDAmJ1PC2SlHfVPtSZrsVTIf/OlWMsrkLQ+bSf2vJuzUgDagZ/htowIn3io6myiY+Ehq9vDjCd65XV/Hq2sDZoksXMpQU8kQoIF4P2oJqwIDAQABAoGBAJdMauHXIQdjDv6gWoHsTPAQWKj9tC/He2pE6cxqs/HVZqRHR5Ja1gZl7',1,1,'2024-04-19 12:31:22','2024-04-19 12:31:22'),(153,'FR 2024/153',36,'CONSTANTINO ARTUR',NULL,'Chana','2024-04-19 00:00:00','2024-04-19 00:00:00',1,1,3,'Engrácia Costa',NULL,17000.00,0.00,0.00,0.00,17000.00,'MIICXAIBAAKBgQC4dcYScJrnD1xCbBAlSwQN80TYmlMhC1q3fqyL0y2ygQOmtKKYJkDDp/bx0F7ZJ4psVDAmJ1PC2SlHfVPtSZrsVTIf/OlWMsrkLQ+bSf2vJuzUgDagZ/htowIn3io6myiY+Ehq9vDjCd65XV/Hq2sDZoksXMpQU8kQoIF4P2oJqwIDAQABAoGBAJdMauHXIQdjDv6gWoHsTPAQWKj9tC/He2pE6cxqs/HVZqRHR5Ja1gZl7',1,1,'2024-04-19 12:36:38','2024-04-19 12:36:38'),(154,'FR 2024/154',38,'CLAUDIA CARDOSO RODRIGUES',NULL,'JORGE','2024-04-19 00:00:00','2024-04-19 00:00:00',1,1,3,'Engrácia Costa','MARÇO',8000.00,0.00,0.00,0.00,8000.00,'MIICXAIBAAKBgQC4dcYScJrnD1xCbBAlSwQN80TYmlMhC1q3fqyL0y2ygQOmtKKYJkDDp/bx0F7ZJ4psVDAmJ1PC2SlHfVPtSZrsVTIf/OlWMsrkLQ+bSf2vJuzUgDagZ/htowIn3io6myiY+Ehq9vDjCd65XV/Hq2sDZoksXMpQU8kQoIF4P2oJqwIDAQABAoGBAJdMauHXIQdjDv6gWoHsTPAQWKj9tC/He2pE6cxqs/HVZqRHR5Ja1gZl7',1,1,'2024-04-19 12:37:34','2024-04-19 12:37:34'),(155,'FR 2024/155',11,'IVO ZANGUE',NULL,'FABRICA','2024-04-19 00:00:00','2024-04-19 00:00:00',1,1,3,'Engrácia Costa',NULL,8500.00,0.00,0.00,0.00,8500.00,'MIICXAIBAAKBgQC4dcYScJrnD1xCbBAlSwQN80TYmlMhC1q3fqyL0y2ygQOmtKKYJkDDp/bx0F7ZJ4psVDAmJ1PC2SlHfVPtSZrsVTIf/OlWMsrkLQ+bSf2vJuzUgDagZ/htowIn3io6myiY+Ehq9vDjCd65XV/Hq2sDZoksXMpQU8kQoIF4P2oJqwIDAQABAoGBAJdMauHXIQdjDv6gWoHsTPAQWKj9tC/He2pE6cxqs/HVZqRHR5Ja1gZl7',1,1,'2024-04-19 12:44:03','2024-04-19 12:44:03'),(156,'FR 2024/156',134,'FRANCISCO MIGUEL GONGA',NULL,'FABRICA','2024-04-19 00:00:00','2024-04-19 00:00:00',3,1,3,'Engrácia Costa',NULL,17000.00,0.00,0.00,0.00,17000.00,'MIICXAIBAAKBgQC4dcYScJrnD1xCbBAlSwQN80TYmlMhC1q3fqyL0y2ygQOmtKKYJkDDp/bx0F7ZJ4psVDAmJ1PC2SlHfVPtSZrsVTIf/OlWMsrkLQ+bSf2vJuzUgDagZ/htowIn3io6myiY+Ehq9vDjCd65XV/Hq2sDZoksXMpQU8kQoIF4P2oJqwIDAQABAoGBAJdMauHXIQdjDv6gWoHsTPAQWKj9tC/He2pE6cxqs/HVZqRHR5Ja1gZl7',1,1,'2024-04-19 12:45:19','2024-04-19 12:45:19'),(157,'FR 2024/157',118,'TEODORO VICENTE',NULL,'FABRICA','2024-04-19 00:00:00','2024-04-19 00:00:00',1,1,3,'Engrácia Costa',NULL,17000.00,0.00,0.00,0.00,17000.00,'MIICXAIBAAKBgQC4dcYScJrnD1xCbBAlSwQN80TYmlMhC1q3fqyL0y2ygQOmtKKYJkDDp/bx0F7ZJ4psVDAmJ1PC2SlHfVPtSZrsVTIf/OlWMsrkLQ+bSf2vJuzUgDagZ/htowIn3io6myiY+Ehq9vDjCd65XV/Hq2sDZoksXMpQU8kQoIF4P2oJqwIDAQABAoGBAJdMauHXIQdjDv6gWoHsTPAQWKj9tC/He2pE6cxqs/HVZqRHR5Ja1gZl7',1,1,'2024-04-19 12:46:14','2024-04-19 12:46:14'),(158,'FR 2024/158',42,'CHRISTIAN CHIDIMNA /RESTAURANTE',NULL,'FABRICA','2024-04-19 00:00:00','2024-04-19 00:00:00',1,1,3,'Engrácia Costa',NULL,17000.00,0.00,0.00,0.00,17000.00,'MIICXAIBAAKBgQC4dcYScJrnD1xCbBAlSwQN80TYmlMhC1q3fqyL0y2ygQOmtKKYJkDDp/bx0F7ZJ4psVDAmJ1PC2SlHfVPtSZrsVTIf/OlWMsrkLQ+bSf2vJuzUgDagZ/htowIn3io6myiY+Ehq9vDjCd65XV/Hq2sDZoksXMpQU8kQoIF4P2oJqwIDAQABAoGBAJdMauHXIQdjDv6gWoHsTPAQWKj9tC/He2pE6cxqs/HVZqRHR5Ja1gZl7',1,1,'2024-04-19 13:06:18','2024-04-19 13:06:18'),(159,'FR 2024/159',47,'ELVIRA MIGUEL',NULL,'JORGE','2024-04-19 00:00:00','2024-04-19 00:00:00',1,1,3,'Engrácia Costa',NULL,10000.00,0.00,0.00,0.00,10000.00,'MIICXAIBAAKBgQC4dcYScJrnD1xCbBAlSwQN80TYmlMhC1q3fqyL0y2ygQOmtKKYJkDDp/bx0F7ZJ4psVDAmJ1PC2SlHfVPtSZrsVTIf/OlWMsrkLQ+bSf2vJuzUgDagZ/htowIn3io6myiY+Ehq9vDjCd65XV/Hq2sDZoksXMpQU8kQoIF4P2oJqwIDAQABAoGBAJdMauHXIQdjDv6gWoHsTPAQWKj9tC/He2pE6cxqs/HVZqRHR5Ja1gZl7',1,1,'2024-04-19 13:11:28','2024-04-19 13:11:28'),(160,'FR 2024/160',28,'AUGUSTO OLIVIO ANTONIO AFONSO',NULL,'JORGE','2024-04-19 00:00:00','2024-04-19 00:00:00',2,1,3,'Engrácia Costa',NULL,5000.00,0.00,0.00,0.00,5000.00,'MIICXAIBAAKBgQC4dcYScJrnD1xCbBAlSwQN80TYmlMhC1q3fqyL0y2ygQOmtKKYJkDDp/bx0F7ZJ4psVDAmJ1PC2SlHfVPtSZrsVTIf/OlWMsrkLQ+bSf2vJuzUgDagZ/htowIn3io6myiY+Ehq9vDjCd65XV/Hq2sDZoksXMpQU8kQoIF4P2oJqwIDAQABAoGBAJdMauHXIQdjDv6gWoHsTPAQWKj9tC/He2pE6cxqs/HVZqRHR5Ja1gZl7',1,1,'2024-04-19 13:13:37','2024-04-19 13:13:37'),(161,'FR 2024/161',31,'ALBERTO ANTONIO LUIS',NULL,'FABRICA','2024-04-19 00:00:00','2024-04-19 00:00:00',3,1,3,'Engrácia Costa',NULL,17000.00,0.00,0.00,0.00,17000.00,'MIICXAIBAAKBgQC4dcYScJrnD1xCbBAlSwQN80TYmlMhC1q3fqyL0y2ygQOmtKKYJkDDp/bx0F7ZJ4psVDAmJ1PC2SlHfVPtSZrsVTIf/OlWMsrkLQ+bSf2vJuzUgDagZ/htowIn3io6myiY+Ehq9vDjCd65XV/Hq2sDZoksXMpQU8kQoIF4P2oJqwIDAQABAoGBAJdMauHXIQdjDv6gWoHsTPAQWKj9tC/He2pE6cxqs/HVZqRHR5Ja1gZl7',1,1,'2024-04-19 13:15:54','2024-04-19 13:15:54'),(162,'FR 2024/162',14,'ELISIO  MARIO CHAVES NEVES',NULL,'FABRICA','2024-04-19 00:00:00','2024-04-19 00:00:00',1,1,3,'Engrácia Costa',NULL,8500.00,0.00,0.00,0.00,8500.00,'MIICXAIBAAKBgQC4dcYScJrnD1xCbBAlSwQN80TYmlMhC1q3fqyL0y2ygQOmtKKYJkDDp/bx0F7ZJ4psVDAmJ1PC2SlHfVPtSZrsVTIf/OlWMsrkLQ+bSf2vJuzUgDagZ/htowIn3io6myiY+Ehq9vDjCd65XV/Hq2sDZoksXMpQU8kQoIF4P2oJqwIDAQABAoGBAJdMauHXIQdjDv6gWoHsTPAQWKj9tC/He2pE6cxqs/HVZqRHR5Ja1gZl7',1,1,'2024-04-19 13:17:09','2024-04-19 13:17:09'),(163,'FR 2024/163',137,'DINIZ MANUEL JULIO',NULL,'FABRICA','2024-04-19 00:00:00','2024-04-19 00:00:00',1,1,3,'Engrácia Costa',NULL,20000.00,0.00,0.00,0.00,20000.00,'MIICXAIBAAKBgQC4dcYScJrnD1xCbBAlSwQN80TYmlMhC1q3fqyL0y2ygQOmtKKYJkDDp/bx0F7ZJ4psVDAmJ1PC2SlHfVPtSZrsVTIf/OlWMsrkLQ+bSf2vJuzUgDagZ/htowIn3io6myiY+Ehq9vDjCd65XV/Hq2sDZoksXMpQU8kQoIF4P2oJqwIDAQABAoGBAJdMauHXIQdjDv6gWoHsTPAQWKj9tC/He2pE6cxqs/HVZqRHR5Ja1gZl7',1,1,'2024-04-19 13:19:35','2024-04-19 13:19:35'),(164,'FR 2024/164',55,'ERNESTO JOAO',NULL,'JORGE','2024-04-19 00:00:00','2024-04-19 00:00:00',1,1,3,'Engrácia Costa',NULL,15000.00,0.00,0.00,0.00,15000.00,'MIICXAIBAAKBgQC4dcYScJrnD1xCbBAlSwQN80TYmlMhC1q3fqyL0y2ygQOmtKKYJkDDp/bx0F7ZJ4psVDAmJ1PC2SlHfVPtSZrsVTIf/OlWMsrkLQ+bSf2vJuzUgDagZ/htowIn3io6myiY+Ehq9vDjCd65XV/Hq2sDZoksXMpQU8kQoIF4P2oJqwIDAQABAoGBAJdMauHXIQdjDv6gWoHsTPAQWKj9tC/He2pE6cxqs/HVZqRHR5Ja1gZl7',1,1,'2024-04-19 13:21:19','2024-04-19 13:21:19'),(165,'FR 2024/165',111,'SERGIO SACHICUATA',NULL,'FABRICA','2024-04-19 00:00:00','2024-04-19 00:00:00',1,1,3,'Engrácia Costa',NULL,62500.00,0.00,0.00,0.00,62500.00,'MIICXAIBAAKBgQC4dcYScJrnD1xCbBAlSwQN80TYmlMhC1q3fqyL0y2ygQOmtKKYJkDDp/bx0F7ZJ4psVDAmJ1PC2SlHfVPtSZrsVTIf/OlWMsrkLQ+bSf2vJuzUgDagZ/htowIn3io6myiY+Ehq9vDjCd65XV/Hq2sDZoksXMpQU8kQoIF4P2oJqwIDAQABAoGBAJdMauHXIQdjDv6gWoHsTPAQWKj9tC/He2pE6cxqs/HVZqRHR5Ja1gZl7',1,1,'2024-04-19 13:23:29','2024-04-19 13:23:29'),(166,'FR 2024/166',135,'MONTEIRO LUIS',NULL,'Chana','2024-04-23 00:00:00','2024-04-23 00:00:00',1,1,3,'Engrácia Costa',NULL,8500.00,0.00,0.00,0.00,8500.00,'MIICXAIBAAKBgQC4dcYScJrnD1xCbBAlSwQN80TYmlMhC1q3fqyL0y2ygQOmtKKYJkDDp/bx0F7ZJ4psVDAmJ1PC2SlHfVPtSZrsVTIf/OlWMsrkLQ+bSf2vJuzUgDagZ/htowIn3io6myiY+Ehq9vDjCd65XV/Hq2sDZoksXMpQU8kQoIF4P2oJqwIDAQABAoGBAJdMauHXIQdjDv6gWoHsTPAQWKj9tC/He2pE6cxqs/HVZqRHR5Ja1gZl7',1,1,'2024-04-23 09:36:43','2024-04-23 09:36:43'),(167,'FR 2024/167',44,'DOMINGOS BUMBA SARDINHA',NULL,'FABRICA','2024-04-23 00:00:00','2024-04-23 00:00:00',1,1,3,'Engrácia Costa',NULL,20000.00,0.00,0.00,0.00,20000.00,'MIICXAIBAAKBgQC4dcYScJrnD1xCbBAlSwQN80TYmlMhC1q3fqyL0y2ygQOmtKKYJkDDp/bx0F7ZJ4psVDAmJ1PC2SlHfVPtSZrsVTIf/OlWMsrkLQ+bSf2vJuzUgDagZ/htowIn3io6myiY+Ehq9vDjCd65XV/Hq2sDZoksXMpQU8kQoIF4P2oJqwIDAQABAoGBAJdMauHXIQdjDv6gWoHsTPAQWKj9tC/He2pE6cxqs/HVZqRHR5Ja1gZl7',1,1,'2024-04-23 09:49:53','2024-04-23 09:49:53'),(168,'FR 2024/168',134,'FRANCISCO MIGUEL GONGA',NULL,'FABRICA','2024-04-23 00:00:00','2024-04-23 00:00:00',3,1,3,'Engrácia Costa',NULL,8500.00,0.00,0.00,0.00,8500.00,'MIICXAIBAAKBgQC4dcYScJrnD1xCbBAlSwQN80TYmlMhC1q3fqyL0y2ygQOmtKKYJkDDp/bx0F7ZJ4psVDAmJ1PC2SlHfVPtSZrsVTIf/OlWMsrkLQ+bSf2vJuzUgDagZ/htowIn3io6myiY+Ehq9vDjCd65XV/Hq2sDZoksXMpQU8kQoIF4P2oJqwIDAQABAoGBAJdMauHXIQdjDv6gWoHsTPAQWKj9tC/He2pE6cxqs/HVZqRHR5Ja1gZl7',1,1,'2024-04-23 09:50:19','2024-04-23 09:50:19'),(169,'FR 2024/169',41,'CARLOS CARDOSO VIOLA',NULL,'JORGE','2024-04-23 00:00:00','2024-04-23 00:00:00',1,1,3,'Engrácia Costa',NULL,10000.00,0.00,0.00,0.00,10000.00,'MIICXAIBAAKBgQC4dcYScJrnD1xCbBAlSwQN80TYmlMhC1q3fqyL0y2ygQOmtKKYJkDDp/bx0F7ZJ4psVDAmJ1PC2SlHfVPtSZrsVTIf/OlWMsrkLQ+bSf2vJuzUgDagZ/htowIn3io6myiY+Ehq9vDjCd65XV/Hq2sDZoksXMpQU8kQoIF4P2oJqwIDAQABAoGBAJdMauHXIQdjDv6gWoHsTPAQWKj9tC/He2pE6cxqs/HVZqRHR5Ja1gZl7',1,1,'2024-04-23 09:50:59','2024-04-23 09:50:59'),(170,'FR 2024/170',106,'JOSE SEBASTIAO PINTO',NULL,'JORGE','2024-04-23 00:00:00','2024-04-23 00:00:00',1,1,3,'Engrácia Costa','4 MESES',20000.00,0.00,0.00,0.00,20000.00,'MIICXAIBAAKBgQC4dcYScJrnD1xCbBAlSwQN80TYmlMhC1q3fqyL0y2ygQOmtKKYJkDDp/bx0F7ZJ4psVDAmJ1PC2SlHfVPtSZrsVTIf/OlWMsrkLQ+bSf2vJuzUgDagZ/htowIn3io6myiY+Ehq9vDjCd65XV/Hq2sDZoksXMpQU8kQoIF4P2oJqwIDAQABAoGBAJdMauHXIQdjDv6gWoHsTPAQWKj9tC/He2pE6cxqs/HVZqRHR5Ja1gZl7',1,1,'2024-04-23 09:51:31','2024-04-23 09:51:31'),(171,'FR 2024/171',108,'ROMAM ESMERALD MWANNEKA',NULL,'FABRICA','2024-04-23 00:00:00','2024-04-23 00:00:00',1,1,3,'Engrácia Costa',NULL,25500.00,0.00,0.00,0.00,25500.00,'MIICXAIBAAKBgQC4dcYScJrnD1xCbBAlSwQN80TYmlMhC1q3fqyL0y2ygQOmtKKYJkDDp/bx0F7ZJ4psVDAmJ1PC2SlHfVPtSZrsVTIf/OlWMsrkLQ+bSf2vJuzUgDagZ/htowIn3io6myiY+Ehq9vDjCd65XV/Hq2sDZoksXMpQU8kQoIF4P2oJqwIDAQABAoGBAJdMauHXIQdjDv6gWoHsTPAQWKj9tC/He2pE6cxqs/HVZqRHR5Ja1gZl7',1,1,'2024-04-23 09:53:01','2024-04-23 09:53:01'),(172,'FR 2024/172',67,'GILSON ARMANDO LIPANDINGA',NULL,'Chana','2024-04-23 00:00:00','2024-04-23 00:00:00',2,1,3,'Engrácia Costa','SALDO DE 5000',15000.00,0.00,0.00,0.00,15000.00,'MIICXAIBAAKBgQC4dcYScJrnD1xCbBAlSwQN80TYmlMhC1q3fqyL0y2ygQOmtKKYJkDDp/bx0F7ZJ4psVDAmJ1PC2SlHfVPtSZrsVTIf/OlWMsrkLQ+bSf2vJuzUgDagZ/htowIn3io6myiY+Ehq9vDjCd65XV/Hq2sDZoksXMpQU8kQoIF4P2oJqwIDAQABAoGBAJdMauHXIQdjDv6gWoHsTPAQWKj9tC/He2pE6cxqs/HVZqRHR5Ja1gZl7',1,1,'2024-04-23 09:54:01','2024-04-23 09:54:01'),(173,'FR 2024/173',71,'HENRIQUE M. FERNANDO ROSA',NULL,'Chana','2024-04-23 00:00:00','2024-04-23 00:00:00',3,1,3,'Engrácia Costa',NULL,34000.00,0.00,0.00,0.00,34000.00,'MIICXAIBAAKBgQC4dcYScJrnD1xCbBAlSwQN80TYmlMhC1q3fqyL0y2ygQOmtKKYJkDDp/bx0F7ZJ4psVDAmJ1PC2SlHfVPtSZrsVTIf/OlWMsrkLQ+bSf2vJuzUgDagZ/htowIn3io6myiY+Ehq9vDjCd65XV/Hq2sDZoksXMpQU8kQoIF4P2oJqwIDAQABAoGBAJdMauHXIQdjDv6gWoHsTPAQWKj9tC/He2pE6cxqs/HVZqRHR5Ja1gZl7',1,1,'2024-04-23 09:54:57','2024-04-23 09:54:57'),(174,'FR 2024/174',85,'JOSE  PUATY MENO MBUCO',NULL,'FABRICA','2024-04-23 00:00:00','2024-04-23 00:00:00',3,1,3,'Engrácia Costa',NULL,25500.00,0.00,0.00,0.00,25500.00,'MIICXAIBAAKBgQC4dcYScJrnD1xCbBAlSwQN80TYmlMhC1q3fqyL0y2ygQOmtKKYJkDDp/bx0F7ZJ4psVDAmJ1PC2SlHfVPtSZrsVTIf/OlWMsrkLQ+bSf2vJuzUgDagZ/htowIn3io6myiY+Ehq9vDjCd65XV/Hq2sDZoksXMpQU8kQoIF4P2oJqwIDAQABAoGBAJdMauHXIQdjDv6gWoHsTPAQWKj9tC/He2pE6cxqs/HVZqRHR5Ja1gZl7',1,1,'2024-04-23 09:55:54','2024-04-23 09:55:54'),(175,'FR 2024/175',96,'MARIO GARCIA DE SOUSA',NULL,'Chana','2024-04-23 00:00:00','2024-04-23 00:00:00',1,1,3,'Engrácia Costa',NULL,34000.00,0.00,0.00,0.00,34000.00,'MIICXAIBAAKBgQC4dcYScJrnD1xCbBAlSwQN80TYmlMhC1q3fqyL0y2ygQOmtKKYJkDDp/bx0F7ZJ4psVDAmJ1PC2SlHfVPtSZrsVTIf/OlWMsrkLQ+bSf2vJuzUgDagZ/htowIn3io6myiY+Ehq9vDjCd65XV/Hq2sDZoksXMpQU8kQoIF4P2oJqwIDAQABAoGBAJdMauHXIQdjDv6gWoHsTPAQWKj9tC/He2pE6cxqs/HVZqRHR5Ja1gZl7',1,1,'2024-04-23 09:58:50','2024-04-23 09:58:50'),(176,'FR 2024/176',51,'FRANCISCO EVARISTO',NULL,'FABRICA','2024-04-23 00:00:00','2024-04-23 00:00:00',1,1,3,'Engrácia Costa',NULL,17000.00,0.00,0.00,0.00,17000.00,'MIICXAIBAAKBgQC4dcYScJrnD1xCbBAlSwQN80TYmlMhC1q3fqyL0y2ygQOmtKKYJkDDp/bx0F7ZJ4psVDAmJ1PC2SlHfVPtSZrsVTIf/OlWMsrkLQ+bSf2vJuzUgDagZ/htowIn3io6myiY+Ehq9vDjCd65XV/Hq2sDZoksXMpQU8kQoIF4P2oJqwIDAQABAoGBAJdMauHXIQdjDv6gWoHsTPAQWKj9tC/He2pE6cxqs/HVZqRHR5Ja1gZl7',1,1,'2024-04-23 10:03:12','2024-04-23 10:03:12'),(177,'FR 2024/177',78,'INACIA DOMINGOS MUSSONGA',NULL,'JORGE','2024-04-23 00:00:00','2024-04-23 00:00:00',1,1,3,'Engrácia Costa',NULL,10000.00,0.00,0.00,0.00,10000.00,'MIICXAIBAAKBgQC4dcYScJrnD1xCbBAlSwQN80TYmlMhC1q3fqyL0y2ygQOmtKKYJkDDp/bx0F7ZJ4psVDAmJ1PC2SlHfVPtSZrsVTIf/OlWMsrkLQ+bSf2vJuzUgDagZ/htowIn3io6myiY+Ehq9vDjCd65XV/Hq2sDZoksXMpQU8kQoIF4P2oJqwIDAQABAoGBAJdMauHXIQdjDv6gWoHsTPAQWKj9tC/He2pE6cxqs/HVZqRHR5Ja1gZl7',1,1,'2024-04-23 10:03:58','2024-04-23 10:03:58'),(178,'FR 2024/178',155,'HELTON ANDRE NKOSI',NULL,'FABRICA','2024-04-23 00:00:00','2024-04-23 00:00:00',1,1,3,'Engrácia Costa',NULL,17000.00,0.00,0.00,0.00,17000.00,'MIICXAIBAAKBgQC4dcYScJrnD1xCbBAlSwQN80TYmlMhC1q3fqyL0y2ygQOmtKKYJkDDp/bx0F7ZJ4psVDAmJ1PC2SlHfVPtSZrsVTIf/OlWMsrkLQ+bSf2vJuzUgDagZ/htowIn3io6myiY+Ehq9vDjCd65XV/Hq2sDZoksXMpQU8kQoIF4P2oJqwIDAQABAoGBAJdMauHXIQdjDv6gWoHsTPAQWKj9tC/He2pE6cxqs/HVZqRHR5Ja1gZl7',1,1,'2024-04-23 10:04:41','2024-04-23 10:04:41'),(179,'FR 2024/179',155,'HELTON ANDRE NKOSI',NULL,'FABRICA','2024-04-29 00:00:00','2024-04-29 00:00:00',3,1,3,'Engrácia Costa',NULL,11500.00,0.00,0.00,0.00,11500.00,'MIICXAIBAAKBgQC4dcYScJrnD1xCbBAlSwQN80TYmlMhC1q3fqyL0y2ygQOmtKKYJkDDp/bx0F7ZJ4psVDAmJ1PC2SlHfVPtSZrsVTIf/OlWMsrkLQ+bSf2vJuzUgDagZ/htowIn3io6myiY+Ehq9vDjCd65XV/Hq2sDZoksXMpQU8kQoIF4P2oJqwIDAQABAoGBAJdMauHXIQdjDv6gWoHsTPAQWKj9tC/He2pE6cxqs/HVZqRHR5Ja1gZl7',1,1,'2024-04-29 10:50:37','2024-04-29 10:50:37'),(180,'FR 2024/180',45,'DORIVALDO FERNANDES DOMINGOS',NULL,'FABRICA','2024-04-29 00:00:00','2024-04-29 00:00:00',1,1,3,'Engrácia Costa','OUTUBRO,NOVE.DEZEM',45000.00,0.00,0.00,0.00,45000.00,'MIICXAIBAAKBgQC4dcYScJrnD1xCbBAlSwQN80TYmlMhC1q3fqyL0y2ygQOmtKKYJkDDp/bx0F7ZJ4psVDAmJ1PC2SlHfVPtSZrsVTIf/OlWMsrkLQ+bSf2vJuzUgDagZ/htowIn3io6myiY+Ehq9vDjCd65XV/Hq2sDZoksXMpQU8kQoIF4P2oJqwIDAQABAoGBAJdMauHXIQdjDv6gWoHsTPAQWKj9tC/He2pE6cxqs/HVZqRHR5Ja1gZl7',1,1,'2024-04-29 10:52:00','2024-04-29 10:52:00'),(181,'FR 2024/181',4,'ABEL VIEIRA',NULL,'FABRICA','2024-04-29 00:00:00','2024-04-29 00:00:00',3,1,3,'Engrácia Costa',NULL,20000.00,0.00,0.00,0.00,20000.00,'MIICXAIBAAKBgQC4dcYScJrnD1xCbBAlSwQN80TYmlMhC1q3fqyL0y2ygQOmtKKYJkDDp/bx0F7ZJ4psVDAmJ1PC2SlHfVPtSZrsVTIf/OlWMsrkLQ+bSf2vJuzUgDagZ/htowIn3io6myiY+Ehq9vDjCd65XV/Hq2sDZoksXMpQU8kQoIF4P2oJqwIDAQABAoGBAJdMauHXIQdjDv6gWoHsTPAQWKj9tC/He2pE6cxqs/HVZqRHR5Ja1gZl7',1,1,'2024-04-29 10:52:58','2024-04-29 10:52:58'),(182,'FR 2024/182',70,'HELIO LISSANDRO XAVIER',NULL,'FABRICA','2024-04-29 00:00:00','2024-04-29 00:00:00',2,1,3,'Engrácia Costa',NULL,8500.00,0.00,0.00,0.00,8500.00,'MIICXAIBAAKBgQC4dcYScJrnD1xCbBAlSwQN80TYmlMhC1q3fqyL0y2ygQOmtKKYJkDDp/bx0F7ZJ4psVDAmJ1PC2SlHfVPtSZrsVTIf/OlWMsrkLQ+bSf2vJuzUgDagZ/htowIn3io6myiY+Ehq9vDjCd65XV/Hq2sDZoksXMpQU8kQoIF4P2oJqwIDAQABAoGBAJdMauHXIQdjDv6gWoHsTPAQWKj9tC/He2pE6cxqs/HVZqRHR5Ja1gZl7',1,1,'2024-04-29 10:53:22','2024-04-29 10:53:22'),(183,'FR 2024/183',163,'IRACELMO GASPAR DA COSTA XAVIER',NULL,'FABRICA','2024-04-29 00:00:00','2024-04-29 00:00:00',3,1,3,'Engrácia Costa','E MAIO',17000.00,0.00,0.00,0.00,17000.00,'MIICXAIBAAKBgQC4dcYScJrnD1xCbBAlSwQN80TYmlMhC1q3fqyL0y2ygQOmtKKYJkDDp/bx0F7ZJ4psVDAmJ1PC2SlHfVPtSZrsVTIf/OlWMsrkLQ+bSf2vJuzUgDagZ/htowIn3io6myiY+Ehq9vDjCd65XV/Hq2sDZoksXMpQU8kQoIF4P2oJqwIDAQABAoGBAJdMauHXIQdjDv6gWoHsTPAQWKj9tC/He2pE6cxqs/HVZqRHR5Ja1gZl7',1,1,'2024-04-29 10:54:15','2024-04-29 10:54:15'),(184,'FR 2024/184',100,'MANUEL JOSE MUHONGO',NULL,'JORGE','2024-04-29 00:00:00','2024-04-29 00:00:00',3,1,3,'Engrácia Costa',NULL,10000.00,0.00,0.00,0.00,10000.00,'MIICXAIBAAKBgQC4dcYScJrnD1xCbBAlSwQN80TYmlMhC1q3fqyL0y2ygQOmtKKYJkDDp/bx0F7ZJ4psVDAmJ1PC2SlHfVPtSZrsVTIf/OlWMsrkLQ+bSf2vJuzUgDagZ/htowIn3io6myiY+Ehq9vDjCd65XV/Hq2sDZoksXMpQU8kQoIF4P2oJqwIDAQABAoGBAJdMauHXIQdjDv6gWoHsTPAQWKj9tC/He2pE6cxqs/HVZqRHR5Ja1gZl7',1,1,'2024-04-29 10:55:23','2024-04-29 10:55:23'),(185,'FR 2024/185',45,'DORIVALDO FERNANDES DOMINGOS',NULL,'FABRICA','2024-04-29 00:00:00','2024-04-29 00:00:00',1,1,3,'Engrácia Costa',NULL,45000.00,0.00,0.00,0.00,45000.00,'MIICXAIBAAKBgQC4dcYScJrnD1xCbBAlSwQN80TYmlMhC1q3fqyL0y2ygQOmtKKYJkDDp/bx0F7ZJ4psVDAmJ1PC2SlHfVPtSZrsVTIf/OlWMsrkLQ+bSf2vJuzUgDagZ/htowIn3io6myiY+Ehq9vDjCd65XV/Hq2sDZoksXMpQU8kQoIF4P2oJqwIDAQABAoGBAJdMauHXIQdjDv6gWoHsTPAQWKj9tC/He2pE6cxqs/HVZqRHR5Ja1gZl7',1,1,'2024-04-29 10:56:12','2024-04-29 10:56:12'),(186,'FR 2024/186',81,'JAMAKSON CHIKOTI',NULL,'Chana','2024-04-29 00:00:00','2024-04-29 00:00:00',3,1,3,'Engrácia Costa','O CLIENTE TEM SALDO DE 6500 KZ',30000.00,0.00,0.00,0.00,30000.00,'MIICXAIBAAKBgQC4dcYScJrnD1xCbBAlSwQN80TYmlMhC1q3fqyL0y2ygQOmtKKYJkDDp/bx0F7ZJ4psVDAmJ1PC2SlHfVPtSZrsVTIf/OlWMsrkLQ+bSf2vJuzUgDagZ/htowIn3io6myiY+Ehq9vDjCd65XV/Hq2sDZoksXMpQU8kQoIF4P2oJqwIDAQABAoGBAJdMauHXIQdjDv6gWoHsTPAQWKj9tC/He2pE6cxqs/HVZqRHR5Ja1gZl7',1,1,'2024-04-29 10:57:50','2024-04-29 10:57:50'),(187,'FR 2024/187',116,'SANDRA FERNANDO',NULL,'FABRICA','2024-04-29 00:00:00','2024-04-29 00:00:00',3,1,3,'Engrácia Costa',NULL,17000.00,0.00,0.00,0.00,17000.00,'MIICXAIBAAKBgQC4dcYScJrnD1xCbBAlSwQN80TYmlMhC1q3fqyL0y2ygQOmtKKYJkDDp/bx0F7ZJ4psVDAmJ1PC2SlHfVPtSZrsVTIf/OlWMsrkLQ+bSf2vJuzUgDagZ/htowIn3io6myiY+Ehq9vDjCd65XV/Hq2sDZoksXMpQU8kQoIF4P2oJqwIDAQABAoGBAJdMauHXIQdjDv6gWoHsTPAQWKj9tC/He2pE6cxqs/HVZqRHR5Ja1gZl7',1,1,'2024-04-29 10:59:18','2024-04-29 10:59:18'),(188,'FR 2024/188',105,'MANUEL YAMBA',NULL,'FABRICA','2024-04-29 00:00:00','2024-04-29 00:00:00',3,1,3,'Engrácia Costa','MAIO EM VEZ DE MARÇO',17000.00,0.00,0.00,0.00,17000.00,'MIICXAIBAAKBgQC4dcYScJrnD1xCbBAlSwQN80TYmlMhC1q3fqyL0y2ygQOmtKKYJkDDp/bx0F7ZJ4psVDAmJ1PC2SlHfVPtSZrsVTIf/OlWMsrkLQ+bSf2vJuzUgDagZ/htowIn3io6myiY+Ehq9vDjCd65XV/Hq2sDZoksXMpQU8kQoIF4P2oJqwIDAQABAoGBAJdMauHXIQdjDv6gWoHsTPAQWKj9tC/He2pE6cxqs/HVZqRHR5Ja1gZl7',1,1,'2024-04-29 11:00:49','2024-04-29 11:00:49'),(189,'FR 2024/189',43,'CHRISTIAN CHIDIMNA / CASA',NULL,'FABRICA','2024-04-29 00:00:00','2024-04-29 00:00:00',3,1,3,'Engrácia Costa','ATE AGOSTO',42500.00,0.00,0.00,0.00,42500.00,'MIICXAIBAAKBgQC4dcYScJrnD1xCbBAlSwQN80TYmlMhC1q3fqyL0y2ygQOmtKKYJkDDp/bx0F7ZJ4psVDAmJ1PC2SlHfVPtSZrsVTIf/OlWMsrkLQ+bSf2vJuzUgDagZ/htowIn3io6myiY+Ehq9vDjCd65XV/Hq2sDZoksXMpQU8kQoIF4P2oJqwIDAQABAoGBAJdMauHXIQdjDv6gWoHsTPAQWKj9tC/He2pE6cxqs/HVZqRHR5Ja1gZl7',1,1,'2024-04-29 11:03:28','2024-04-29 11:03:28'),(190,'FR 2024/190',94,'MIGUELL LUCAS PAULINO',NULL,'Chana','2024-04-29 00:00:00','2024-04-29 00:00:00',3,1,3,'Engrácia Costa',NULL,8500.00,0.00,0.00,0.00,8500.00,'MIICXAIBAAKBgQC4dcYScJrnD1xCbBAlSwQN80TYmlMhC1q3fqyL0y2ygQOmtKKYJkDDp/bx0F7ZJ4psVDAmJ1PC2SlHfVPtSZrsVTIf/OlWMsrkLQ+bSf2vJuzUgDagZ/htowIn3io6myiY+Ehq9vDjCd65XV/Hq2sDZoksXMpQU8kQoIF4P2oJqwIDAQABAoGBAJdMauHXIQdjDv6gWoHsTPAQWKj9tC/He2pE6cxqs/HVZqRHR5Ja1gZl7',1,1,'2024-04-29 11:03:53','2024-04-29 11:03:53'),(191,'FR 2024/191',114,'SIMAO FRANCISCO SIC',NULL,'Chana','2024-04-29 00:00:00','2024-04-29 00:00:00',1,1,3,'Engrácia Costa',NULL,17000.00,0.00,0.00,0.00,17000.00,'MIICXAIBAAKBgQC4dcYScJrnD1xCbBAlSwQN80TYmlMhC1q3fqyL0y2ygQOmtKKYJkDDp/bx0F7ZJ4psVDAmJ1PC2SlHfVPtSZrsVTIf/OlWMsrkLQ+bSf2vJuzUgDagZ/htowIn3io6myiY+Ehq9vDjCd65XV/Hq2sDZoksXMpQU8kQoIF4P2oJqwIDAQABAoGBAJdMauHXIQdjDv6gWoHsTPAQWKj9tC/He2pE6cxqs/HVZqRHR5Ja1gZl7',1,1,'2024-04-29 11:04:52','2024-04-29 11:04:52'),(192,'FR 2024/192',16,'MOISES JOAQUIM VUNGE',NULL,'FABRICA','2024-05-22 00:00:00','2024-05-22 00:00:00',1,1,3,'Engrácia Costa',NULL,8500.00,0.00,0.00,0.00,8500.00,'MIICXAIBAAKBgQC4dcYScJrnD1xCbBAlSwQN80TYmlMhC1q3fqyL0y2ygQOmtKKYJkDDp/bx0F7ZJ4psVDAmJ1PC2SlHfVPtSZrsVTIf/OlWMsrkLQ+bSf2vJuzUgDagZ/htowIn3io6myiY+Ehq9vDjCd65XV/Hq2sDZoksXMpQU8kQoIF4P2oJqwIDAQABAoGBAJdMauHXIQdjDv6gWoHsTPAQWKj9tC/He2pE6cxqs/HVZqRHR5Ja1gZl7',1,1,'2024-05-22 07:22:45','2024-05-22 07:22:45'),(193,'FR 2024/192',16,'MOISES JOAQUIM VUNGE',NULL,'FABRICA','2024-05-22 00:00:00','2024-05-22 00:00:00',1,1,3,'Engrácia Costa',NULL,8500.00,0.00,0.00,0.00,8500.00,'MIICXAIBAAKBgQC4dcYScJrnD1xCbBAlSwQN80TYmlMhC1q3fqyL0y2ygQOmtKKYJkDDp/bx0F7ZJ4psVDAmJ1PC2SlHfVPtSZrsVTIf/OlWMsrkLQ+bSf2vJuzUgDagZ/htowIn3io6myiY+Ehq9vDjCd65XV/Hq2sDZoksXMpQU8kQoIF4P2oJqwIDAQABAoGBAJdMauHXIQdjDv6gWoHsTPAQWKj9tC/He2pE6cxqs/HVZqRHR5Ja1gZl7',1,1,'2024-05-22 07:22:45','2024-05-22 07:22:45'),(194,'FR 2024/192',16,'MOISES JOAQUIM VUNGE',NULL,'FABRICA','2024-05-22 00:00:00','2024-05-22 00:00:00',1,1,3,'Engrácia Costa',NULL,8500.00,0.00,0.00,0.00,8500.00,'MIICXAIBAAKBgQC4dcYScJrnD1xCbBAlSwQN80TYmlMhC1q3fqyL0y2ygQOmtKKYJkDDp/bx0F7ZJ4psVDAmJ1PC2SlHfVPtSZrsVTIf/OlWMsrkLQ+bSf2vJuzUgDagZ/htowIn3io6myiY+Ehq9vDjCd65XV/Hq2sDZoksXMpQU8kQoIF4P2oJqwIDAQABAoGBAJdMauHXIQdjDv6gWoHsTPAQWKj9tC/He2pE6cxqs/HVZqRHR5Ja1gZl7',1,1,'2024-05-22 07:22:46','2024-05-22 07:22:46'),(195,'FR 2024/192',16,'MOISES JOAQUIM VUNGE',NULL,'FABRICA','2024-05-22 00:00:00','2024-05-22 00:00:00',1,1,3,'Engrácia Costa',NULL,8500.00,0.00,0.00,0.00,8500.00,'MIICXAIBAAKBgQC4dcYScJrnD1xCbBAlSwQN80TYmlMhC1q3fqyL0y2ygQOmtKKYJkDDp/bx0F7ZJ4psVDAmJ1PC2SlHfVPtSZrsVTIf/OlWMsrkLQ+bSf2vJuzUgDagZ/htowIn3io6myiY+Ehq9vDjCd65XV/Hq2sDZoksXMpQU8kQoIF4P2oJqwIDAQABAoGBAJdMauHXIQdjDv6gWoHsTPAQWKj9tC/He2pE6cxqs/HVZqRHR5Ja1gZl7',1,1,'2024-05-22 07:22:52','2024-05-22 07:22:52'),(196,'FR 2024/192',16,'MOISES JOAQUIM VUNGE',NULL,'FABRICA','2024-05-22 00:00:00','2024-05-22 00:00:00',1,1,3,'Engrácia Costa',NULL,8500.00,0.00,0.00,0.00,8500.00,'MIICXAIBAAKBgQC4dcYScJrnD1xCbBAlSwQN80TYmlMhC1q3fqyL0y2ygQOmtKKYJkDDp/bx0F7ZJ4psVDAmJ1PC2SlHfVPtSZrsVTIf/OlWMsrkLQ+bSf2vJuzUgDagZ/htowIn3io6myiY+Ehq9vDjCd65XV/Hq2sDZoksXMpQU8kQoIF4P2oJqwIDAQABAoGBAJdMauHXIQdjDv6gWoHsTPAQWKj9tC/He2pE6cxqs/HVZqRHR5Ja1gZl7',1,1,'2024-05-22 07:22:52','2024-05-22 07:22:52'),(197,'FR 2024/192',16,'MOISES JOAQUIM VUNGE',NULL,'FABRICA','2024-05-22 00:00:00','2024-05-22 00:00:00',1,1,3,'Engrácia Costa',NULL,8500.00,0.00,0.00,0.00,8500.00,'MIICXAIBAAKBgQC4dcYScJrnD1xCbBAlSwQN80TYmlMhC1q3fqyL0y2ygQOmtKKYJkDDp/bx0F7ZJ4psVDAmJ1PC2SlHfVPtSZrsVTIf/OlWMsrkLQ+bSf2vJuzUgDagZ/htowIn3io6myiY+Ehq9vDjCd65XV/Hq2sDZoksXMpQU8kQoIF4P2oJqwIDAQABAoGBAJdMauHXIQdjDv6gWoHsTPAQWKj9tC/He2pE6cxqs/HVZqRHR5Ja1gZl7',1,1,'2024-05-22 07:22:53','2024-05-22 07:22:53'),(198,'FR 2024/192',16,'MOISES JOAQUIM VUNGE',NULL,'FABRICA','2024-05-22 00:00:00','2024-05-22 00:00:00',1,1,3,'Engrácia Costa',NULL,8500.00,0.00,0.00,0.00,8500.00,'MIICXAIBAAKBgQC4dcYScJrnD1xCbBAlSwQN80TYmlMhC1q3fqyL0y2ygQOmtKKYJkDDp/bx0F7ZJ4psVDAmJ1PC2SlHfVPtSZrsVTIf/OlWMsrkLQ+bSf2vJuzUgDagZ/htowIn3io6myiY+Ehq9vDjCd65XV/Hq2sDZoksXMpQU8kQoIF4P2oJqwIDAQABAoGBAJdMauHXIQdjDv6gWoHsTPAQWKj9tC/He2pE6cxqs/HVZqRHR5Ja1gZl7',1,1,'2024-05-22 07:22:53','2024-05-22 07:22:53'),(199,'FR 2024/192',16,'MOISES JOAQUIM VUNGE',NULL,'FABRICA','2024-05-22 00:00:00','2024-05-22 00:00:00',1,1,3,'Engrácia Costa',NULL,8500.00,0.00,0.00,0.00,8500.00,'MIICXAIBAAKBgQC4dcYScJrnD1xCbBAlSwQN80TYmlMhC1q3fqyL0y2ygQOmtKKYJkDDp/bx0F7ZJ4psVDAmJ1PC2SlHfVPtSZrsVTIf/OlWMsrkLQ+bSf2vJuzUgDagZ/htowIn3io6myiY+Ehq9vDjCd65XV/Hq2sDZoksXMpQU8kQoIF4P2oJqwIDAQABAoGBAJdMauHXIQdjDv6gWoHsTPAQWKj9tC/He2pE6cxqs/HVZqRHR5Ja1gZl7',1,1,'2024-05-22 07:22:55','2024-05-22 07:22:55'),(200,'FR 2024/192',16,'MOISES JOAQUIM VUNGE',NULL,'FABRICA','2024-05-22 00:00:00','2024-05-22 00:00:00',1,1,3,'Engrácia Costa',NULL,8500.00,0.00,0.00,0.00,8500.00,'MIICXAIBAAKBgQC4dcYScJrnD1xCbBAlSwQN80TYmlMhC1q3fqyL0y2ygQOmtKKYJkDDp/bx0F7ZJ4psVDAmJ1PC2SlHfVPtSZrsVTIf/OlWMsrkLQ+bSf2vJuzUgDagZ/htowIn3io6myiY+Ehq9vDjCd65XV/Hq2sDZoksXMpQU8kQoIF4P2oJqwIDAQABAoGBAJdMauHXIQdjDv6gWoHsTPAQWKj9tC/He2pE6cxqs/HVZqRHR5Ja1gZl7',1,1,'2024-05-22 07:23:04','2024-05-22 07:23:04'),(201,'FR 2024/192',16,'MOISES JOAQUIM VUNGE',NULL,'FABRICA','2024-05-22 00:00:00','2024-05-22 00:00:00',1,1,3,'Engrácia Costa',NULL,8500.00,0.00,0.00,0.00,8500.00,'MIICXAIBAAKBgQC4dcYScJrnD1xCbBAlSwQN80TYmlMhC1q3fqyL0y2ygQOmtKKYJkDDp/bx0F7ZJ4psVDAmJ1PC2SlHfVPtSZrsVTIf/OlWMsrkLQ+bSf2vJuzUgDagZ/htowIn3io6myiY+Ehq9vDjCd65XV/Hq2sDZoksXMpQU8kQoIF4P2oJqwIDAQABAoGBAJdMauHXIQdjDv6gWoHsTPAQWKj9tC/He2pE6cxqs/HVZqRHR5Ja1gZl7',1,1,'2024-05-22 07:23:04','2024-05-22 07:23:04'),(202,'FR 2024/192',16,'MOISES JOAQUIM VUNGE',NULL,'FABRICA','2024-05-22 00:00:00','2024-05-22 00:00:00',1,1,3,'Engrácia Costa',NULL,8500.00,0.00,0.00,0.00,8500.00,'MIICXAIBAAKBgQC4dcYScJrnD1xCbBAlSwQN80TYmlMhC1q3fqyL0y2ygQOmtKKYJkDDp/bx0F7ZJ4psVDAmJ1PC2SlHfVPtSZrsVTIf/OlWMsrkLQ+bSf2vJuzUgDagZ/htowIn3io6myiY+Ehq9vDjCd65XV/Hq2sDZoksXMpQU8kQoIF4P2oJqwIDAQABAoGBAJdMauHXIQdjDv6gWoHsTPAQWKj9tC/He2pE6cxqs/HVZqRHR5Ja1gZl7',1,1,'2024-05-22 07:23:05','2024-05-22 07:23:05'),(203,'FR 2024/192',16,'MOISES JOAQUIM VUNGE',NULL,'FABRICA','2024-05-22 00:00:00','2024-05-22 00:00:00',1,1,3,'Engrácia Costa',NULL,8500.00,0.00,0.00,0.00,8500.00,'MIICXAIBAAKBgQC4dcYScJrnD1xCbBAlSwQN80TYmlMhC1q3fqyL0y2ygQOmtKKYJkDDp/bx0F7ZJ4psVDAmJ1PC2SlHfVPtSZrsVTIf/OlWMsrkLQ+bSf2vJuzUgDagZ/htowIn3io6myiY+Ehq9vDjCd65XV/Hq2sDZoksXMpQU8kQoIF4P2oJqwIDAQABAoGBAJdMauHXIQdjDv6gWoHsTPAQWKj9tC/He2pE6cxqs/HVZqRHR5Ja1gZl7',1,1,'2024-05-22 07:23:05','2024-05-22 07:23:05'),(204,'FR 2024/192',16,'MOISES JOAQUIM VUNGE',NULL,'FABRICA','2024-05-22 00:00:00','2024-05-22 00:00:00',1,1,3,'Engrácia Costa',NULL,8500.00,0.00,0.00,0.00,8500.00,'MIICXAIBAAKBgQC4dcYScJrnD1xCbBAlSwQN80TYmlMhC1q3fqyL0y2ygQOmtKKYJkDDp/bx0F7ZJ4psVDAmJ1PC2SlHfVPtSZrsVTIf/OlWMsrkLQ+bSf2vJuzUgDagZ/htowIn3io6myiY+Ehq9vDjCd65XV/Hq2sDZoksXMpQU8kQoIF4P2oJqwIDAQABAoGBAJdMauHXIQdjDv6gWoHsTPAQWKj9tC/He2pE6cxqs/HVZqRHR5Ja1gZl7',1,1,'2024-05-22 07:23:06','2024-05-22 07:23:06'),(205,'FR 2024/192',16,'MOISES JOAQUIM VUNGE',NULL,'FABRICA','2024-05-22 00:00:00','2024-05-22 00:00:00',1,1,3,'Engrácia Costa',NULL,8500.00,0.00,0.00,0.00,8500.00,'MIICXAIBAAKBgQC4dcYScJrnD1xCbBAlSwQN80TYmlMhC1q3fqyL0y2ygQOmtKKYJkDDp/bx0F7ZJ4psVDAmJ1PC2SlHfVPtSZrsVTIf/OlWMsrkLQ+bSf2vJuzUgDagZ/htowIn3io6myiY+Ehq9vDjCd65XV/Hq2sDZoksXMpQU8kQoIF4P2oJqwIDAQABAoGBAJdMauHXIQdjDv6gWoHsTPAQWKj9tC/He2pE6cxqs/HVZqRHR5Ja1gZl7',1,1,'2024-05-22 07:23:06','2024-05-22 07:23:06'),(206,'FR 2024/192',16,'MOISES JOAQUIM VUNGE',NULL,'FABRICA','2024-05-22 00:00:00','2024-05-22 00:00:00',1,1,3,'Engrácia Costa',NULL,8500.00,0.00,0.00,0.00,8500.00,'MIICXAIBAAKBgQC4dcYScJrnD1xCbBAlSwQN80TYmlMhC1q3fqyL0y2ygQOmtKKYJkDDp/bx0F7ZJ4psVDAmJ1PC2SlHfVPtSZrsVTIf/OlWMsrkLQ+bSf2vJuzUgDagZ/htowIn3io6myiY+Ehq9vDjCd65XV/Hq2sDZoksXMpQU8kQoIF4P2oJqwIDAQABAoGBAJdMauHXIQdjDv6gWoHsTPAQWKj9tC/He2pE6cxqs/HVZqRHR5Ja1gZl7',1,1,'2024-05-22 07:23:12','2024-05-22 07:23:12'),(207,'FR 2024/207',140,'DELFINA DOMINGOS',NULL,'JORGE','2024-05-22 00:00:00','2024-05-22 00:00:00',1,1,3,'Engrácia Costa','OBS SAO VALORES DO CONTRATO PAGO NO DIA 6/5 2024 TERMINOU A DIVIDA DO CONTRATO',10000.00,0.00,0.00,0.00,10000.00,'MIICXAIBAAKBgQC4dcYScJrnD1xCbBAlSwQN80TYmlMhC1q3fqyL0y2ygQOmtKKYJkDDp/bx0F7ZJ4psVDAmJ1PC2SlHfVPtSZrsVTIf/OlWMsrkLQ+bSf2vJuzUgDagZ/htowIn3io6myiY+Ehq9vDjCd65XV/Hq2sDZoksXMpQU8kQoIF4P2oJqwIDAQABAoGBAJdMauHXIQdjDv6gWoHsTPAQWKj9tC/He2pE6cxqs/HVZqRHR5Ja1gZl7',1,1,'2024-05-22 09:19:50','2024-05-22 09:19:50'),(208,'FR 2024/208',77,'ILDA JOAO /CANTINA',NULL,'Chana','2024-05-22 00:00:00','2024-05-22 00:00:00',1,1,3,'Engrácia Costa',NULL,25000.00,0.00,0.00,0.00,25000.00,'MIICXAIBAAKBgQC4dcYScJrnD1xCbBAlSwQN80TYmlMhC1q3fqyL0y2ygQOmtKKYJkDDp/bx0F7ZJ4psVDAmJ1PC2SlHfVPtSZrsVTIf/OlWMsrkLQ+bSf2vJuzUgDagZ/htowIn3io6myiY+Ehq9vDjCd65XV/Hq2sDZoksXMpQU8kQoIF4P2oJqwIDAQABAoGBAJdMauHXIQdjDv6gWoHsTPAQWKj9tC/He2pE6cxqs/HVZqRHR5Ja1gZl7',1,1,'2024-05-22 09:32:55','2024-05-22 09:32:55'),(209,'FR 2024/209',57,'FERREIRA KILAY',NULL,'Chana','2024-05-22 00:00:00','2024-05-22 00:00:00',3,1,3,'Engrácia Costa',NULL,60000.00,0.00,0.00,0.00,60000.00,'MIICXAIBAAKBgQC4dcYScJrnD1xCbBAlSwQN80TYmlMhC1q3fqyL0y2ygQOmtKKYJkDDp/bx0F7ZJ4psVDAmJ1PC2SlHfVPtSZrsVTIf/OlWMsrkLQ+bSf2vJuzUgDagZ/htowIn3io6myiY+Ehq9vDjCd65XV/Hq2sDZoksXMpQU8kQoIF4P2oJqwIDAQABAoGBAJdMauHXIQdjDv6gWoHsTPAQWKj9tC/He2pE6cxqs/HVZqRHR5Ja1gZl7',1,1,'2024-05-22 09:40:31','2024-05-22 09:40:31'),(210,'FR 2024/210',8,'ADLADA MOISES',NULL,'FABRICA','2024-05-22 00:00:00','2024-05-22 00:00:00',1,1,3,'Engrácia Costa',NULL,15000.00,0.00,0.00,0.00,15000.00,'MIICXAIBAAKBgQC4dcYScJrnD1xCbBAlSwQN80TYmlMhC1q3fqyL0y2ygQOmtKKYJkDDp/bx0F7ZJ4psVDAmJ1PC2SlHfVPtSZrsVTIf/OlWMsrkLQ+bSf2vJuzUgDagZ/htowIn3io6myiY+Ehq9vDjCd65XV/Hq2sDZoksXMpQU8kQoIF4P2oJqwIDAQABAoGBAJdMauHXIQdjDv6gWoHsTPAQWKj9tC/He2pE6cxqs/HVZqRHR5Ja1gZl7',1,1,'2024-05-22 10:53:34','2024-05-22 10:53:34'),(211,'FR 2024/211',42,'CHRISTIAN CHIDIMNA /RESTAURANTE',NULL,'FABRICA','2024-05-23 00:00:00','2024-05-23 00:00:00',3,1,3,'Engrácia Costa',NULL,8500.00,0.00,0.00,0.00,8500.00,'MIICXAIBAAKBgQC4dcYScJrnD1xCbBAlSwQN80TYmlMhC1q3fqyL0y2ygQOmtKKYJkDDp/bx0F7ZJ4psVDAmJ1PC2SlHfVPtSZrsVTIf/OlWMsrkLQ+bSf2vJuzUgDagZ/htowIn3io6myiY+Ehq9vDjCd65XV/Hq2sDZoksXMpQU8kQoIF4P2oJqwIDAQABAoGBAJdMauHXIQdjDv6gWoHsTPAQWKj9tC/He2pE6cxqs/HVZqRHR5Ja1gZl7',1,1,'2024-05-23 09:11:30','2024-05-23 09:11:30'),(212,'FR 2024/212',119,'TERESA CARLOS AVELINO',NULL,'Chana','2024-05-31 00:00:00','2024-05-31 00:00:00',1,1,3,'Engrácia Costa',NULL,8500.00,0.00,0.00,0.00,8500.00,'MIICXAIBAAKBgQC4dcYScJrnD1xCbBAlSwQN80TYmlMhC1q3fqyL0y2ygQOmtKKYJkDDp/bx0F7ZJ4psVDAmJ1PC2SlHfVPtSZrsVTIf/OlWMsrkLQ+bSf2vJuzUgDagZ/htowIn3io6myiY+Ehq9vDjCd65XV/Hq2sDZoksXMpQU8kQoIF4P2oJqwIDAQABAoGBAJdMauHXIQdjDv6gWoHsTPAQWKj9tC/He2pE6cxqs/HVZqRHR5Ja1gZl7',1,1,'2024-05-31 10:28:27','2024-05-31 10:28:27'),(213,'FR 2024/213',151,'ANGELINA ELIZABETH CAPUCULA',NULL,'FABRICA','2024-05-31 00:00:00','2024-05-31 00:00:00',3,1,3,'Engrácia Costa','OBS A CLIENTE TEM SALDO DE 5.000',20000.00,0.00,0.00,0.00,20000.00,'MIICXAIBAAKBgQC4dcYScJrnD1xCbBAlSwQN80TYmlMhC1q3fqyL0y2ygQOmtKKYJkDDp/bx0F7ZJ4psVDAmJ1PC2SlHfVPtSZrsVTIf/OlWMsrkLQ+bSf2vJuzUgDagZ/htowIn3io6myiY+Ehq9vDjCd65XV/Hq2sDZoksXMpQU8kQoIF4P2oJqwIDAQABAoGBAJdMauHXIQdjDv6gWoHsTPAQWKj9tC/He2pE6cxqs/HVZqRHR5Ja1gZl7',1,1,'2024-05-31 10:29:35','2024-05-31 10:29:35'),(214,'FR 2024/214',19,'MOISES ALFREDO LOURENÇO',NULL,'JORGE','2024-05-31 00:00:00','2024-05-31 00:00:00',1,1,3,'Engrácia Costa',NULL,5000.00,0.00,0.00,0.00,5000.00,'MIICXAIBAAKBgQC4dcYScJrnD1xCbBAlSwQN80TYmlMhC1q3fqyL0y2ygQOmtKKYJkDDp/bx0F7ZJ4psVDAmJ1PC2SlHfVPtSZrsVTIf/OlWMsrkLQ+bSf2vJuzUgDagZ/htowIn3io6myiY+Ehq9vDjCd65XV/Hq2sDZoksXMpQU8kQoIF4P2oJqwIDAQABAoGBAJdMauHXIQdjDv6gWoHsTPAQWKj9tC/He2pE6cxqs/HVZqRHR5Ja1gZl7',1,1,'2024-05-31 10:31:10','2024-05-31 10:31:10'),(215,'FR 2024/215',119,'TERESA CARLOS AVELINO',NULL,'Chana','2024-05-31 00:00:00','2024-05-31 00:00:00',1,1,3,'Engrácia Costa',NULL,8500.00,0.00,0.00,0.00,8500.00,'MIICXAIBAAKBgQC4dcYScJrnD1xCbBAlSwQN80TYmlMhC1q3fqyL0y2ygQOmtKKYJkDDp/bx0F7ZJ4psVDAmJ1PC2SlHfVPtSZrsVTIf/OlWMsrkLQ+bSf2vJuzUgDagZ/htowIn3io6myiY+Ehq9vDjCd65XV/Hq2sDZoksXMpQU8kQoIF4P2oJqwIDAQABAoGBAJdMauHXIQdjDv6gWoHsTPAQWKj9tC/He2pE6cxqs/HVZqRHR5Ja1gZl7',1,1,'2024-05-31 10:32:27','2024-05-31 10:32:27'),(216,'FR 2024/216',31,'ALBERTO ANTONIO LUIS',NULL,'FABRICA','2024-05-31 00:00:00','2024-05-31 00:00:00',3,1,3,'Engrácia Costa',NULL,17000.00,0.00,0.00,0.00,17000.00,'MIICXAIBAAKBgQC4dcYScJrnD1xCbBAlSwQN80TYmlMhC1q3fqyL0y2ygQOmtKKYJkDDp/bx0F7ZJ4psVDAmJ1PC2SlHfVPtSZrsVTIf/OlWMsrkLQ+bSf2vJuzUgDagZ/htowIn3io6myiY+Ehq9vDjCd65XV/Hq2sDZoksXMpQU8kQoIF4P2oJqwIDAQABAoGBAJdMauHXIQdjDv6gWoHsTPAQWKj9tC/He2pE6cxqs/HVZqRHR5Ja1gZl7',1,1,'2024-05-31 10:34:08','2024-05-31 10:34:08'),(217,'FR 2024/217',109,'ROSALINA SILVA',NULL,'FABRICA','2024-05-31 00:00:00','2024-05-31 00:00:00',3,1,3,'Engrácia Costa',NULL,8500.00,0.00,0.00,0.00,8500.00,'MIICXAIBAAKBgQC4dcYScJrnD1xCbBAlSwQN80TYmlMhC1q3fqyL0y2ygQOmtKKYJkDDp/bx0F7ZJ4psVDAmJ1PC2SlHfVPtSZrsVTIf/OlWMsrkLQ+bSf2vJuzUgDagZ/htowIn3io6myiY+Ehq9vDjCd65XV/Hq2sDZoksXMpQU8kQoIF4P2oJqwIDAQABAoGBAJdMauHXIQdjDv6gWoHsTPAQWKj9tC/He2pE6cxqs/HVZqRHR5Ja1gZl7',1,1,'2024-05-31 10:34:41','2024-05-31 10:34:41'),(218,'FR 2024/218',10,'SIMAO ANDRE',NULL,'FABRICA','2024-05-31 00:00:00','2024-05-31 00:00:00',3,1,3,'Engrácia Costa',NULL,8500.00,0.00,0.00,0.00,8500.00,'MIICXAIBAAKBgQC4dcYScJrnD1xCbBAlSwQN80TYmlMhC1q3fqyL0y2ygQOmtKKYJkDDp/bx0F7ZJ4psVDAmJ1PC2SlHfVPtSZrsVTIf/OlWMsrkLQ+bSf2vJuzUgDagZ/htowIn3io6myiY+Ehq9vDjCd65XV/Hq2sDZoksXMpQU8kQoIF4P2oJqwIDAQABAoGBAJdMauHXIQdjDv6gWoHsTPAQWKj9tC/He2pE6cxqs/HVZqRHR5Ja1gZl7',1,1,'2024-05-31 10:35:07','2024-05-31 10:35:07'),(219,'FR 2024/218',10,'SIMAO ANDRE',NULL,'FABRICA','2024-05-31 00:00:00','2024-05-31 00:00:00',3,1,3,'Engrácia Costa',NULL,8500.00,0.00,0.00,0.00,8500.00,'MIICXAIBAAKBgQC4dcYScJrnD1xCbBAlSwQN80TYmlMhC1q3fqyL0y2ygQOmtKKYJkDDp/bx0F7ZJ4psVDAmJ1PC2SlHfVPtSZrsVTIf/OlWMsrkLQ+bSf2vJuzUgDagZ/htowIn3io6myiY+Ehq9vDjCd65XV/Hq2sDZoksXMpQU8kQoIF4P2oJqwIDAQABAoGBAJdMauHXIQdjDv6gWoHsTPAQWKj9tC/He2pE6cxqs/HVZqRHR5Ja1gZl7',1,1,'2024-05-31 10:35:09','2024-05-31 10:35:09'),(220,'FR 2024/220',91,'LUCAS EVANGELISTA F. VUNGA',NULL,'FABRICA','2024-05-31 00:00:00','2024-05-31 00:00:00',3,1,3,'Engrácia Costa',NULL,55500.00,0.00,0.00,0.00,55500.00,'MIICXAIBAAKBgQC4dcYScJrnD1xCbBAlSwQN80TYmlMhC1q3fqyL0y2ygQOmtKKYJkDDp/bx0F7ZJ4psVDAmJ1PC2SlHfVPtSZrsVTIf/OlWMsrkLQ+bSf2vJuzUgDagZ/htowIn3io6myiY+Ehq9vDjCd65XV/Hq2sDZoksXMpQU8kQoIF4P2oJqwIDAQABAoGBAJdMauHXIQdjDv6gWoHsTPAQWKj9tC/He2pE6cxqs/HVZqRHR5Ja1gZl7',1,1,'2024-05-31 10:37:36','2024-05-31 10:37:36'),(221,'FR 2024/221',165,'ABELARDO BONGUE CHILONGA FELIX',NULL,'FABRICA','2024-05-31 00:00:00','2024-05-31 00:00:00',2,1,3,'Engrácia Costa',NULL,17000.00,0.00,0.00,0.00,17000.00,'MIICXAIBAAKBgQC4dcYScJrnD1xCbBAlSwQN80TYmlMhC1q3fqyL0y2ygQOmtKKYJkDDp/bx0F7ZJ4psVDAmJ1PC2SlHfVPtSZrsVTIf/OlWMsrkLQ+bSf2vJuzUgDagZ/htowIn3io6myiY+Ehq9vDjCd65XV/Hq2sDZoksXMpQU8kQoIF4P2oJqwIDAQABAoGBAJdMauHXIQdjDv6gWoHsTPAQWKj9tC/He2pE6cxqs/HVZqRHR5Ja1gZl7',1,1,'2024-05-31 10:38:16','2024-05-31 10:38:16'),(222,'FR 2024/222',56,'EVANDER CARLOS SILVA',NULL,'Chana','2024-05-31 00:00:00','2024-05-31 00:00:00',1,1,3,'Engrácia Costa',NULL,17000.00,0.00,0.00,0.00,17000.00,'MIICXAIBAAKBgQC4dcYScJrnD1xCbBAlSwQN80TYmlMhC1q3fqyL0y2ygQOmtKKYJkDDp/bx0F7ZJ4psVDAmJ1PC2SlHfVPtSZrsVTIf/OlWMsrkLQ+bSf2vJuzUgDagZ/htowIn3io6myiY+Ehq9vDjCd65XV/Hq2sDZoksXMpQU8kQoIF4P2oJqwIDAQABAoGBAJdMauHXIQdjDv6gWoHsTPAQWKj9tC/He2pE6cxqs/HVZqRHR5Ja1gZl7',1,1,'2024-05-31 10:38:44','2024-05-31 10:38:44'),(223,'FR 2024/223',33,'ANDRE SABALO',NULL,'JORGE','2024-05-31 00:00:00','2024-05-31 00:00:00',1,1,3,'Engrácia Costa',NULL,10000.00,0.00,0.00,0.00,10000.00,'MIICXAIBAAKBgQC4dcYScJrnD1xCbBAlSwQN80TYmlMhC1q3fqyL0y2ygQOmtKKYJkDDp/bx0F7ZJ4psVDAmJ1PC2SlHfVPtSZrsVTIf/OlWMsrkLQ+bSf2vJuzUgDagZ/htowIn3io6myiY+Ehq9vDjCd65XV/Hq2sDZoksXMpQU8kQoIF4P2oJqwIDAQABAoGBAJdMauHXIQdjDv6gWoHsTPAQWKj9tC/He2pE6cxqs/HVZqRHR5Ja1gZl7',1,1,'2024-05-31 10:39:12','2024-05-31 10:39:12'),(224,'FR 2024/224',127,'JOANA QUINTAS',NULL,'FABRICA','2024-05-31 00:00:00','2024-05-31 00:00:00',2,1,3,'Engrácia Costa',NULL,15000.00,0.00,0.00,0.00,15000.00,'MIICXAIBAAKBgQC4dcYScJrnD1xCbBAlSwQN80TYmlMhC1q3fqyL0y2ygQOmtKKYJkDDp/bx0F7ZJ4psVDAmJ1PC2SlHfVPtSZrsVTIf/OlWMsrkLQ+bSf2vJuzUgDagZ/htowIn3io6myiY+Ehq9vDjCd65XV/Hq2sDZoksXMpQU8kQoIF4P2oJqwIDAQABAoGBAJdMauHXIQdjDv6gWoHsTPAQWKj9tC/He2pE6cxqs/HVZqRHR5Ja1gZl7',1,1,'2024-05-31 10:39:53','2024-05-31 10:39:53'),(225,'FR 2024/225',46,'DIOGO MIGUEL ANTONIO',NULL,'JORGE','2024-05-31 00:00:00','2024-05-31 00:00:00',2,1,3,'Engrácia Costa',NULL,20000.00,0.00,0.00,0.00,20000.00,'MIICXAIBAAKBgQC4dcYScJrnD1xCbBAlSwQN80TYmlMhC1q3fqyL0y2ygQOmtKKYJkDDp/bx0F7ZJ4psVDAmJ1PC2SlHfVPtSZrsVTIf/OlWMsrkLQ+bSf2vJuzUgDagZ/htowIn3io6myiY+Ehq9vDjCd65XV/Hq2sDZoksXMpQU8kQoIF4P2oJqwIDAQABAoGBAJdMauHXIQdjDv6gWoHsTPAQWKj9tC/He2pE6cxqs/HVZqRHR5Ja1gZl7',1,1,'2024-05-31 10:41:31','2024-05-31 10:41:31'),(226,'FR 2024/226',99,'MAURA JOSE ANDRADE',NULL,'JORGE','2024-05-31 00:00:00','2024-05-31 00:00:00',1,1,3,'Engrácia Costa',NULL,5000.00,0.00,0.00,0.00,5000.00,'MIICXAIBAAKBgQC4dcYScJrnD1xCbBAlSwQN80TYmlMhC1q3fqyL0y2ygQOmtKKYJkDDp/bx0F7ZJ4psVDAmJ1PC2SlHfVPtSZrsVTIf/OlWMsrkLQ+bSf2vJuzUgDagZ/htowIn3io6myiY+Ehq9vDjCd65XV/Hq2sDZoksXMpQU8kQoIF4P2oJqwIDAQABAoGBAJdMauHXIQdjDv6gWoHsTPAQWKj9tC/He2pE6cxqs/HVZqRHR5Ja1gZl7',1,1,'2024-05-31 10:42:45','2024-05-31 10:42:45'),(227,'FR 2024/226',99,'MAURA JOSE ANDRADE',NULL,'JORGE','2024-05-31 00:00:00','2024-05-31 00:00:00',1,1,3,'Engrácia Costa',NULL,5000.00,0.00,0.00,0.00,5000.00,'MIICXAIBAAKBgQC4dcYScJrnD1xCbBAlSwQN80TYmlMhC1q3fqyL0y2ygQOmtKKYJkDDp/bx0F7ZJ4psVDAmJ1PC2SlHfVPtSZrsVTIf/OlWMsrkLQ+bSf2vJuzUgDagZ/htowIn3io6myiY+Ehq9vDjCd65XV/Hq2sDZoksXMpQU8kQoIF4P2oJqwIDAQABAoGBAJdMauHXIQdjDv6gWoHsTPAQWKj9tC/He2pE6cxqs/HVZqRHR5Ja1gZl7',1,1,'2024-05-31 10:42:47','2024-05-31 10:42:47'),(228,'FR 2024/228',130,'RAUL CARMO MBUITI',NULL,'FABRICA','2024-05-31 00:00:00','2024-05-31 00:00:00',1,1,3,'Engrácia Costa',NULL,8500.00,0.00,0.00,0.00,8500.00,'MIICXAIBAAKBgQC4dcYScJrnD1xCbBAlSwQN80TYmlMhC1q3fqyL0y2ygQOmtKKYJkDDp/bx0F7ZJ4psVDAmJ1PC2SlHfVPtSZrsVTIf/OlWMsrkLQ+bSf2vJuzUgDagZ/htowIn3io6myiY+Ehq9vDjCd65XV/Hq2sDZoksXMpQU8kQoIF4P2oJqwIDAQABAoGBAJdMauHXIQdjDv6gWoHsTPAQWKj9tC/He2pE6cxqs/HVZqRHR5Ja1gZl7',1,1,'2024-05-31 10:43:31','2024-05-31 10:43:31'),(229,'FR 2024/228',130,'RAUL CARMO MBUITI',NULL,'FABRICA','2024-05-31 00:00:00','2024-05-31 00:00:00',1,1,3,'Engrácia Costa',NULL,8500.00,0.00,0.00,0.00,8500.00,'MIICXAIBAAKBgQC4dcYScJrnD1xCbBAlSwQN80TYmlMhC1q3fqyL0y2ygQOmtKKYJkDDp/bx0F7ZJ4psVDAmJ1PC2SlHfVPtSZrsVTIf/OlWMsrkLQ+bSf2vJuzUgDagZ/htowIn3io6myiY+Ehq9vDjCd65XV/Hq2sDZoksXMpQU8kQoIF4P2oJqwIDAQABAoGBAJdMauHXIQdjDv6gWoHsTPAQWKj9tC/He2pE6cxqs/HVZqRHR5Ja1gZl7',1,1,'2024-05-31 10:43:37','2024-05-31 10:43:37'),(230,'FR 2024/230',33,'ANDRE SABALO',NULL,'JORGE','2024-05-31 00:00:00','2024-05-31 00:00:00',1,1,3,'Engrácia Costa',NULL,5000.00,0.00,0.00,0.00,5000.00,'MIICXAIBAAKBgQC4dcYScJrnD1xCbBAlSwQN80TYmlMhC1q3fqyL0y2ygQOmtKKYJkDDp/bx0F7ZJ4psVDAmJ1PC2SlHfVPtSZrsVTIf/OlWMsrkLQ+bSf2vJuzUgDagZ/htowIn3io6myiY+Ehq9vDjCd65XV/Hq2sDZoksXMpQU8kQoIF4P2oJqwIDAQABAoGBAJdMauHXIQdjDv6gWoHsTPAQWKj9tC/He2pE6cxqs/HVZqRHR5Ja1gZl7',1,1,'2024-05-31 10:44:09','2024-05-31 10:44:09'),(231,'FR 2024/231',139,'Mercado do 30 (Trinta)',NULL,'Mercado do Trinta (30), Viana','2024-05-31 00:00:00','2024-05-31 00:00:00',3,1,3,'Engrácia Costa',NULL,25500.00,0.00,0.00,0.00,25500.00,'MIICXAIBAAKBgQC4dcYScJrnD1xCbBAlSwQN80TYmlMhC1q3fqyL0y2ygQOmtKKYJkDDp/bx0F7ZJ4psVDAmJ1PC2SlHfVPtSZrsVTIf/OlWMsrkLQ+bSf2vJuzUgDagZ/htowIn3io6myiY+Ehq9vDjCd65XV/Hq2sDZoksXMpQU8kQoIF4P2oJqwIDAQABAoGBAJdMauHXIQdjDv6gWoHsTPAQWKj9tC/He2pE6cxqs/HVZqRHR5Ja1gZl7',1,1,'2024-05-31 10:44:54','2024-05-31 10:44:54'),(232,'FR 2024/232',77,'ILDA JOAO /CANTINA',NULL,'Chana','2024-05-31 00:00:00','2024-05-31 00:00:00',1,1,3,'Engrácia Costa',NULL,5000.00,0.00,0.00,0.00,5000.00,'MIICXAIBAAKBgQC4dcYScJrnD1xCbBAlSwQN80TYmlMhC1q3fqyL0y2ygQOmtKKYJkDDp/bx0F7ZJ4psVDAmJ1PC2SlHfVPtSZrsVTIf/OlWMsrkLQ+bSf2vJuzUgDagZ/htowIn3io6myiY+Ehq9vDjCd65XV/Hq2sDZoksXMpQU8kQoIF4P2oJqwIDAQABAoGBAJdMauHXIQdjDv6gWoHsTPAQWKj9tC/He2pE6cxqs/HVZqRHR5Ja1gZl7',1,1,'2024-05-31 10:46:04','2024-05-31 10:46:04'),(233,'FR 2024/233',110,'VICTOR ANTONIO',NULL,'JORGE','2024-05-31 00:00:00','2024-05-31 00:00:00',1,1,3,'Engrácia Costa',NULL,5000.00,0.00,0.00,0.00,5000.00,'MIICXAIBAAKBgQC4dcYScJrnD1xCbBAlSwQN80TYmlMhC1q3fqyL0y2ygQOmtKKYJkDDp/bx0F7ZJ4psVDAmJ1PC2SlHfVPtSZrsVTIf/OlWMsrkLQ+bSf2vJuzUgDagZ/htowIn3io6myiY+Ehq9vDjCd65XV/Hq2sDZoksXMpQU8kQoIF4P2oJqwIDAQABAoGBAJdMauHXIQdjDv6gWoHsTPAQWKj9tC/He2pE6cxqs/HVZqRHR5Ja1gZl7',1,1,'2024-05-31 10:46:57','2024-05-31 10:46:57'),(234,'FR 2024/234',35,'BRINTO MATA',NULL,'FABRICA','2024-05-31 00:00:00','2024-05-31 00:00:00',1,1,3,'Engrácia Costa',NULL,59500.00,0.00,0.00,0.00,59500.00,'MIICXAIBAAKBgQC4dcYScJrnD1xCbBAlSwQN80TYmlMhC1q3fqyL0y2ygQOmtKKYJkDDp/bx0F7ZJ4psVDAmJ1PC2SlHfVPtSZrsVTIf/OlWMsrkLQ+bSf2vJuzUgDagZ/htowIn3io6myiY+Ehq9vDjCd65XV/Hq2sDZoksXMpQU8kQoIF4P2oJqwIDAQABAoGBAJdMauHXIQdjDv6gWoHsTPAQWKj9tC/He2pE6cxqs/HVZqRHR5Ja1gZl7',1,1,'2024-05-31 10:47:59','2024-05-31 10:47:59'),(235,'FR 2024/235',35,'BRINTO MATA',NULL,'FABRICA','2024-05-31 00:00:00','2024-05-31 00:00:00',1,1,3,'Engrácia Costa',NULL,8000.00,0.00,0.00,0.00,8000.00,'MIICXAIBAAKBgQC4dcYScJrnD1xCbBAlSwQN80TYmlMhC1q3fqyL0y2ygQOmtKKYJkDDp/bx0F7ZJ4psVDAmJ1PC2SlHfVPtSZrsVTIf/OlWMsrkLQ+bSf2vJuzUgDagZ/htowIn3io6myiY+Ehq9vDjCd65XV/Hq2sDZoksXMpQU8kQoIF4P2oJqwIDAQABAoGBAJdMauHXIQdjDv6gWoHsTPAQWKj9tC/He2pE6cxqs/HVZqRHR5Ja1gZl7',1,1,'2024-05-31 10:48:47','2024-05-31 10:48:47'),(236,'FR 2024/236',44,'DOMINGOS BUMBA SARDINHA',NULL,'FABRICA','2024-05-31 00:00:00','2024-05-31 00:00:00',2,1,3,'Engrácia Costa',NULL,17000.00,0.00,0.00,0.00,17000.00,'MIICXAIBAAKBgQC4dcYScJrnD1xCbBAlSwQN80TYmlMhC1q3fqyL0y2ygQOmtKKYJkDDp/bx0F7ZJ4psVDAmJ1PC2SlHfVPtSZrsVTIf/OlWMsrkLQ+bSf2vJuzUgDagZ/htowIn3io6myiY+Ehq9vDjCd65XV/Hq2sDZoksXMpQU8kQoIF4P2oJqwIDAQABAoGBAJdMauHXIQdjDv6gWoHsTPAQWKj9tC/He2pE6cxqs/HVZqRHR5Ja1gZl7',1,1,'2024-05-31 10:49:54','2024-05-31 10:49:54'),(237,'FR 2024/237',102,'MARISA CIDADE DA COSTA LEITE',NULL,'FABRICA','2024-05-31 00:00:00','2024-05-31 00:00:00',2,1,3,'Engrácia Costa','SALDO DE 3.000',45000.00,0.00,0.00,0.00,45000.00,'MIICXAIBAAKBgQC4dcYScJrnD1xCbBAlSwQN80TYmlMhC1q3fqyL0y2ygQOmtKKYJkDDp/bx0F7ZJ4psVDAmJ1PC2SlHfVPtSZrsVTIf/OlWMsrkLQ+bSf2vJuzUgDagZ/htowIn3io6myiY+Ehq9vDjCd65XV/Hq2sDZoksXMpQU8kQoIF4P2oJqwIDAQABAoGBAJdMauHXIQdjDv6gWoHsTPAQWKj9tC/He2pE6cxqs/HVZqRHR5Ja1gZl7',1,1,'2024-05-31 10:51:08','2024-05-31 10:51:08'),(238,'FR 2024/238',69,'HUGO MONTEIRO MIGUEL',NULL,'FABRICA','2024-05-31 00:00:00','2024-05-31 00:00:00',1,1,3,'Engrácia Costa',NULL,8500.00,0.00,0.00,0.00,8500.00,'MIICXAIBAAKBgQC4dcYScJrnD1xCbBAlSwQN80TYmlMhC1q3fqyL0y2ygQOmtKKYJkDDp/bx0F7ZJ4psVDAmJ1PC2SlHfVPtSZrsVTIf/OlWMsrkLQ+bSf2vJuzUgDagZ/htowIn3io6myiY+Ehq9vDjCd65XV/Hq2sDZoksXMpQU8kQoIF4P2oJqwIDAQABAoGBAJdMauHXIQdjDv6gWoHsTPAQWKj9tC/He2pE6cxqs/HVZqRHR5Ja1gZl7',1,1,'2024-05-31 10:51:48','2024-05-31 10:51:48'),(239,'FR 2024/239',135,'MONTEIRO LUIS',NULL,'Chana','2024-05-31 00:00:00','2024-05-31 00:00:00',1,1,3,'Engrácia Costa',NULL,8500.00,0.00,0.00,0.00,8500.00,'MIICXAIBAAKBgQC4dcYScJrnD1xCbBAlSwQN80TYmlMhC1q3fqyL0y2ygQOmtKKYJkDDp/bx0F7ZJ4psVDAmJ1PC2SlHfVPtSZrsVTIf/OlWMsrkLQ+bSf2vJuzUgDagZ/htowIn3io6myiY+Ehq9vDjCd65XV/Hq2sDZoksXMpQU8kQoIF4P2oJqwIDAQABAoGBAJdMauHXIQdjDv6gWoHsTPAQWKj9tC/He2pE6cxqs/HVZqRHR5Ja1gZl7',1,1,'2024-05-31 10:52:27','2024-05-31 10:52:27'),(240,'FR 2024/240',37,'CORREIA VICENTE PONGOLOLO',NULL,'LUKEMBO','2024-05-31 00:00:00','2024-05-31 00:00:00',1,1,3,'Engrácia Costa',NULL,8500.00,0.00,0.00,0.00,8500.00,'MIICXAIBAAKBgQC4dcYScJrnD1xCbBAlSwQN80TYmlMhC1q3fqyL0y2ygQOmtKKYJkDDp/bx0F7ZJ4psVDAmJ1PC2SlHfVPtSZrsVTIf/OlWMsrkLQ+bSf2vJuzUgDagZ/htowIn3io6myiY+Ehq9vDjCd65XV/Hq2sDZoksXMpQU8kQoIF4P2oJqwIDAQABAoGBAJdMauHXIQdjDv6gWoHsTPAQWKj9tC/He2pE6cxqs/HVZqRHR5Ja1gZl7',1,1,'2024-05-31 10:54:04','2024-05-31 10:54:04'),(241,'FR 2024/241',49,'DIOLINDA C.DA SILVA MIDOSI',NULL,'FABRICA','2024-05-31 00:00:00','2024-05-31 00:00:00',1,1,3,'Engrácia Costa',NULL,8500.00,0.00,0.00,0.00,8500.00,'MIICXAIBAAKBgQC4dcYScJrnD1xCbBAlSwQN80TYmlMhC1q3fqyL0y2ygQOmtKKYJkDDp/bx0F7ZJ4psVDAmJ1PC2SlHfVPtSZrsVTIf/OlWMsrkLQ+bSf2vJuzUgDagZ/htowIn3io6myiY+Ehq9vDjCd65XV/Hq2sDZoksXMpQU8kQoIF4P2oJqwIDAQABAoGBAJdMauHXIQdjDv6gWoHsTPAQWKj9tC/He2pE6cxqs/HVZqRHR5Ja1gZl7',1,1,'2024-05-31 10:54:50','2024-05-31 10:54:50'),(242,'FR 2024/242',112,'Mercado do 30 (Trinta)',NULL,'Mercado do Trinta (30), Viana','2024-05-31 00:00:00','2024-05-31 00:00:00',1,1,3,'Engrácia Costa',NULL,8500.00,0.00,0.00,0.00,8500.00,'MIICXAIBAAKBgQC4dcYScJrnD1xCbBAlSwQN80TYmlMhC1q3fqyL0y2ygQOmtKKYJkDDp/bx0F7ZJ4psVDAmJ1PC2SlHfVPtSZrsVTIf/OlWMsrkLQ+bSf2vJuzUgDagZ/htowIn3io6myiY+Ehq9vDjCd65XV/Hq2sDZoksXMpQU8kQoIF4P2oJqwIDAQABAoGBAJdMauHXIQdjDv6gWoHsTPAQWKj9tC/He2pE6cxqs/HVZqRHR5Ja1gZl7',1,1,'2024-05-31 10:55:59','2024-05-31 10:55:59'),(243,'FR 2024/243',112,'STEFANY CABRAL MONTEIRO',NULL,'FABRICA','2024-05-31 00:00:00','2024-05-31 00:00:00',2,1,3,'Engrácia Costa','A PRIMEIRA FACTURA E,M NOME DE MERCADO',8500.00,0.00,0.00,0.00,8500.00,'MIICXAIBAAKBgQC4dcYScJrnD1xCbBAlSwQN80TYmlMhC1q3fqyL0y2ygQOmtKKYJkDDp/bx0F7ZJ4psVDAmJ1PC2SlHfVPtSZrsVTIf/OlWMsrkLQ+bSf2vJuzUgDagZ/htowIn3io6myiY+Ehq9vDjCd65XV/Hq2sDZoksXMpQU8kQoIF4P2oJqwIDAQABAoGBAJdMauHXIQdjDv6gWoHsTPAQWKj9tC/He2pE6cxqs/HVZqRHR5Ja1gZl7',1,1,'2024-05-31 10:57:21','2024-05-31 10:57:21'),(244,'FR 2024/244',123,'VICENCIA  A.L. ANDRE',NULL,'Chana','2024-05-31 00:00:00','2024-05-31 00:00:00',3,1,3,'Engrácia Costa',NULL,25500.00,0.00,0.00,0.00,25500.00,'MIICXAIBAAKBgQC4dcYScJrnD1xCbBAlSwQN80TYmlMhC1q3fqyL0y2ygQOmtKKYJkDDp/bx0F7ZJ4psVDAmJ1PC2SlHfVPtSZrsVTIf/OlWMsrkLQ+bSf2vJuzUgDagZ/htowIn3io6myiY+Ehq9vDjCd65XV/Hq2sDZoksXMpQU8kQoIF4P2oJqwIDAQABAoGBAJdMauHXIQdjDv6gWoHsTPAQWKj9tC/He2pE6cxqs/HVZqRHR5Ja1gZl7',1,1,'2024-05-31 11:03:59','2024-05-31 11:03:59'),(245,'FR 2024/245',4,'ABEL VIEIRA',NULL,'FABRICA','2024-05-31 00:00:00','2024-05-31 00:00:00',3,1,3,'Engrácia Costa',NULL,8500.00,0.00,0.00,0.00,8500.00,'MIICXAIBAAKBgQC4dcYScJrnD1xCbBAlSwQN80TYmlMhC1q3fqyL0y2ygQOmtKKYJkDDp/bx0F7ZJ4psVDAmJ1PC2SlHfVPtSZrsVTIf/OlWMsrkLQ+bSf2vJuzUgDagZ/htowIn3io6myiY+Ehq9vDjCd65XV/Hq2sDZoksXMpQU8kQoIF4P2oJqwIDAQABAoGBAJdMauHXIQdjDv6gWoHsTPAQWKj9tC/He2pE6cxqs/HVZqRHR5Ja1gZl7',1,1,'2024-05-31 11:04:53','2024-05-31 11:04:53'),(246,'FR 2024/246',87,'LUZIA GOMES ANTONIO',NULL,'JORGE','2024-05-31 00:00:00','2024-05-31 00:00:00',1,1,3,'Engrácia Costa',NULL,5000.00,0.00,0.00,0.00,5000.00,'MIICXAIBAAKBgQC4dcYScJrnD1xCbBAlSwQN80TYmlMhC1q3fqyL0y2ygQOmtKKYJkDDp/bx0F7ZJ4psVDAmJ1PC2SlHfVPtSZrsVTIf/OlWMsrkLQ+bSf2vJuzUgDagZ/htowIn3io6myiY+Ehq9vDjCd65XV/Hq2sDZoksXMpQU8kQoIF4P2oJqwIDAQABAoGBAJdMauHXIQdjDv6gWoHsTPAQWKj9tC/He2pE6cxqs/HVZqRHR5Ja1gZl7',1,1,'2024-05-31 11:05:29','2024-05-31 11:05:29'),(247,'FR 2024/247',61,'FELICIANA FIGUEIRA',NULL,'JORGE','2024-05-31 00:00:00','2024-05-31 00:00:00',1,1,3,'Engrácia Costa',NULL,10000.00,0.00,0.00,0.00,10000.00,'MIICXAIBAAKBgQC4dcYScJrnD1xCbBAlSwQN80TYmlMhC1q3fqyL0y2ygQOmtKKYJkDDp/bx0F7ZJ4psVDAmJ1PC2SlHfVPtSZrsVTIf/OlWMsrkLQ+bSf2vJuzUgDagZ/htowIn3io6myiY+Ehq9vDjCd65XV/Hq2sDZoksXMpQU8kQoIF4P2oJqwIDAQABAoGBAJdMauHXIQdjDv6gWoHsTPAQWKj9tC/He2pE6cxqs/HVZqRHR5Ja1gZl7',1,1,'2024-05-31 11:06:47','2024-05-31 11:06:47'),(248,'FR 2024/248',28,'AUGUSTO OLIVIO ANTONIO AFONSO',NULL,'JORGE','2024-05-31 00:00:00','2024-05-31 00:00:00',3,1,3,'Engrácia Costa',NULL,10000.00,0.00,0.00,0.00,10000.00,'MIICXAIBAAKBgQC4dcYScJrnD1xCbBAlSwQN80TYmlMhC1q3fqyL0y2ygQOmtKKYJkDDp/bx0F7ZJ4psVDAmJ1PC2SlHfVPtSZrsVTIf/OlWMsrkLQ+bSf2vJuzUgDagZ/htowIn3io6myiY+Ehq9vDjCd65XV/Hq2sDZoksXMpQU8kQoIF4P2oJqwIDAQABAoGBAJdMauHXIQdjDv6gWoHsTPAQWKj9tC/He2pE6cxqs/HVZqRHR5Ja1gZl7',1,1,'2024-05-31 11:08:14','2024-05-31 11:08:14'),(249,'FR 2024/249',23,'ANA VANESSA LOPES',NULL,'Chana','2024-05-31 00:00:00','2024-05-31 00:00:00',1,1,3,'Engrácia Costa',NULL,42500.00,0.00,0.00,0.00,42500.00,'MIICXAIBAAKBgQC4dcYScJrnD1xCbBAlSwQN80TYmlMhC1q3fqyL0y2ygQOmtKKYJkDDp/bx0F7ZJ4psVDAmJ1PC2SlHfVPtSZrsVTIf/OlWMsrkLQ+bSf2vJuzUgDagZ/htowIn3io6myiY+Ehq9vDjCd65XV/Hq2sDZoksXMpQU8kQoIF4P2oJqwIDAQABAoGBAJdMauHXIQdjDv6gWoHsTPAQWKj9tC/He2pE6cxqs/HVZqRHR5Ja1gZl7',1,1,'2024-05-31 11:09:21','2024-05-31 11:09:21'),(250,'FR 2024/250',155,'HELTON ANDRE NKOSI',NULL,'FABRICA','2024-05-31 00:00:00','2024-05-31 00:00:00',3,1,3,'Engrácia Costa',NULL,25500.00,0.00,0.00,0.00,25500.00,'MIICXAIBAAKBgQC4dcYScJrnD1xCbBAlSwQN80TYmlMhC1q3fqyL0y2ygQOmtKKYJkDDp/bx0F7ZJ4psVDAmJ1PC2SlHfVPtSZrsVTIf/OlWMsrkLQ+bSf2vJuzUgDagZ/htowIn3io6myiY+Ehq9vDjCd65XV/Hq2sDZoksXMpQU8kQoIF4P2oJqwIDAQABAoGBAJdMauHXIQdjDv6gWoHsTPAQWKj9tC/He2pE6cxqs/HVZqRHR5Ja1gZl7',1,1,'2024-05-31 11:10:33','2024-05-31 11:10:33'),(251,'FR 2024/251',41,'Mercado do 30 (Trinta)',NULL,'Mercado do Trinta (30), Viana','2024-05-31 00:00:00','2024-05-31 00:00:00',1,1,3,'Engrácia Costa',NULL,10000.00,0.00,0.00,0.00,10000.00,'MIICXAIBAAKBgQC4dcYScJrnD1xCbBAlSwQN80TYmlMhC1q3fqyL0y2ygQOmtKKYJkDDp/bx0F7ZJ4psVDAmJ1PC2SlHfVPtSZrsVTIf/OlWMsrkLQ+bSf2vJuzUgDagZ/htowIn3io6myiY+Ehq9vDjCd65XV/Hq2sDZoksXMpQU8kQoIF4P2oJqwIDAQABAoGBAJdMauHXIQdjDv6gWoHsTPAQWKj9tC/He2pE6cxqs/HVZqRHR5Ja1gZl7',1,1,'2024-05-31 11:11:40','2024-05-31 11:11:40'),(252,'FR 2024/251',41,'Mercado do 30 (Trinta)',NULL,'Mercado do Trinta (30), Viana','2024-05-31 00:00:00','2024-05-31 00:00:00',1,1,3,'Engrácia Costa',NULL,10000.00,0.00,0.00,0.00,10000.00,'MIICXAIBAAKBgQC4dcYScJrnD1xCbBAlSwQN80TYmlMhC1q3fqyL0y2ygQOmtKKYJkDDp/bx0F7ZJ4psVDAmJ1PC2SlHfVPtSZrsVTIf/OlWMsrkLQ+bSf2vJuzUgDagZ/htowIn3io6myiY+Ehq9vDjCd65XV/Hq2sDZoksXMpQU8kQoIF4P2oJqwIDAQABAoGBAJdMauHXIQdjDv6gWoHsTPAQWKj9tC/He2pE6cxqs/HVZqRHR5Ja1gZl7',1,1,'2024-05-31 11:11:47','2024-05-31 11:11:47'),(253,'FR 2024/253',111,'SERGIO SACHICUATA',NULL,'FABRICA','2024-05-31 00:00:00','2024-05-31 00:00:00',3,1,3,'Engrácia Costa',NULL,8500.00,0.00,0.00,0.00,8500.00,'MIICXAIBAAKBgQC4dcYScJrnD1xCbBAlSwQN80TYmlMhC1q3fqyL0y2ygQOmtKKYJkDDp/bx0F7ZJ4psVDAmJ1PC2SlHfVPtSZrsVTIf/OlWMsrkLQ+bSf2vJuzUgDagZ/htowIn3io6myiY+Ehq9vDjCd65XV/Hq2sDZoksXMpQU8kQoIF4P2oJqwIDAQABAoGBAJdMauHXIQdjDv6gWoHsTPAQWKj9tC/He2pE6cxqs/HVZqRHR5Ja1gZl7',1,1,'2024-05-31 11:14:50','2024-05-31 11:14:50'),(254,'FR 2024/254',128,'CONTANTINO TENDELE',NULL,'FABRICA','2024-05-31 00:00:00','2024-05-31 00:00:00',3,1,3,'Engrácia Costa',NULL,25500.00,0.00,0.00,0.00,25500.00,'MIICXAIBAAKBgQC4dcYScJrnD1xCbBAlSwQN80TYmlMhC1q3fqyL0y2ygQOmtKKYJkDDp/bx0F7ZJ4psVDAmJ1PC2SlHfVPtSZrsVTIf/OlWMsrkLQ+bSf2vJuzUgDagZ/htowIn3io6myiY+Ehq9vDjCd65XV/Hq2sDZoksXMpQU8kQoIF4P2oJqwIDAQABAoGBAJdMauHXIQdjDv6gWoHsTPAQWKj9tC/He2pE6cxqs/HVZqRHR5Ja1gZl7',1,1,'2024-05-31 11:16:22','2024-05-31 11:16:22'),(255,'FR 2024/255',16,'MOISES JOAQUIM VUNGE',NULL,'FABRICA','2024-05-31 00:00:00','2024-05-31 00:00:00',3,1,3,'Engrácia Costa',NULL,8500.00,0.00,0.00,0.00,8500.00,'MIICXAIBAAKBgQC4dcYScJrnD1xCbBAlSwQN80TYmlMhC1q3fqyL0y2ygQOmtKKYJkDDp/bx0F7ZJ4psVDAmJ1PC2SlHfVPtSZrsVTIf/OlWMsrkLQ+bSf2vJuzUgDagZ/htowIn3io6myiY+Ehq9vDjCd65XV/Hq2sDZoksXMpQU8kQoIF4P2oJqwIDAQABAoGBAJdMauHXIQdjDv6gWoHsTPAQWKj9tC/He2pE6cxqs/HVZqRHR5Ja1gZl7',1,1,'2024-05-31 11:17:40','2024-05-31 11:17:40'),(256,'FR 2024/256',52,'ERNESTO ANTONIO LIMA',NULL,'FABRICA','2024-05-31 00:00:00','2024-05-31 00:00:00',1,1,3,'Engrácia Costa',NULL,30000.00,0.00,0.00,0.00,30000.00,'MIICXAIBAAKBgQC4dcYScJrnD1xCbBAlSwQN80TYmlMhC1q3fqyL0y2ygQOmtKKYJkDDp/bx0F7ZJ4psVDAmJ1PC2SlHfVPtSZrsVTIf/OlWMsrkLQ+bSf2vJuzUgDagZ/htowIn3io6myiY+Ehq9vDjCd65XV/Hq2sDZoksXMpQU8kQoIF4P2oJqwIDAQABAoGBAJdMauHXIQdjDv6gWoHsTPAQWKj9tC/He2pE6cxqs/HVZqRHR5Ja1gZl7',1,1,'2024-05-31 11:20:58','2024-05-31 11:20:58'),(257,'FR 2024/257',167,'ANTONIO LINO KAMBANGULA',NULL,'FABRICA','2024-05-31 00:00:00','2024-05-31 00:00:00',1,1,3,'Engrácia Costa','25 MIL DO CONTRATO',25500.00,0.00,0.00,0.00,25500.00,'MIICXAIBAAKBgQC4dcYScJrnD1xCbBAlSwQN80TYmlMhC1q3fqyL0y2ygQOmtKKYJkDDp/bx0F7ZJ4psVDAmJ1PC2SlHfVPtSZrsVTIf/OlWMsrkLQ+bSf2vJuzUgDagZ/htowIn3io6myiY+Ehq9vDjCd65XV/Hq2sDZoksXMpQU8kQoIF4P2oJqwIDAQABAoGBAJdMauHXIQdjDv6gWoHsTPAQWKj9tC/He2pE6cxqs/HVZqRHR5Ja1gZl7',1,1,'2024-05-31 11:28:38','2024-05-31 11:28:38'),(258,'FR 2024/258',180,'EURIDSE SEBASTIAO',NULL,'FABRICA','2024-05-31 00:00:00','2024-05-31 00:00:00',3,1,3,'Engrácia Costa',NULL,250000.00,0.00,0.00,0.00,250000.00,'MIICXAIBAAKBgQC4dcYScJrnD1xCbBAlSwQN80TYmlMhC1q3fqyL0y2ygQOmtKKYJkDDp/bx0F7ZJ4psVDAmJ1PC2SlHfVPtSZrsVTIf/OlWMsrkLQ+bSf2vJuzUgDagZ/htowIn3io6myiY+Ehq9vDjCd65XV/Hq2sDZoksXMpQU8kQoIF4P2oJqwIDAQABAoGBAJdMauHXIQdjDv6gWoHsTPAQWKj9tC/He2pE6cxqs/HVZqRHR5Ja1gZl7',1,1,'2024-05-31 11:36:17','2024-05-31 11:36:17'),(259,'FR 2024/259',181,'JOAO MUTEBA',NULL,'FABRICA','2024-05-31 00:00:00','2024-05-31 00:00:00',3,1,3,'Engrácia Costa','SAO ROLOS DE TUBO',255000.00,0.00,0.00,0.00,255000.00,'MIICXAIBAAKBgQC4dcYScJrnD1xCbBAlSwQN80TYmlMhC1q3fqyL0y2ygQOmtKKYJkDDp/bx0F7ZJ4psVDAmJ1PC2SlHfVPtSZrsVTIf/OlWMsrkLQ+bSf2vJuzUgDagZ/htowIn3io6myiY+Ehq9vDjCd65XV/Hq2sDZoksXMpQU8kQoIF4P2oJqwIDAQABAoGBAJdMauHXIQdjDv6gWoHsTPAQWKj9tC/He2pE6cxqs/HVZqRHR5Ja1gZl7',1,1,'2024-05-31 11:38:12','2024-05-31 11:38:12'),(260,'FR 2024/260',179,'NSIAMIDELE TANDU',NULL,'FABRICA','2024-05-31 00:00:00','2024-05-31 00:00:00',1,1,3,'Engrácia Costa','CONTRATO',50000.00,0.00,0.00,0.00,50000.00,'MIICXAIBAAKBgQC4dcYScJrnD1xCbBAlSwQN80TYmlMhC1q3fqyL0y2ygQOmtKKYJkDDp/bx0F7ZJ4psVDAmJ1PC2SlHfVPtSZrsVTIf/OlWMsrkLQ+bSf2vJuzUgDagZ/htowIn3io6myiY+Ehq9vDjCd65XV/Hq2sDZoksXMpQU8kQoIF4P2oJqwIDAQABAoGBAJdMauHXIQdjDv6gWoHsTPAQWKj9tC/He2pE6cxqs/HVZqRHR5Ja1gZl7',1,1,'2024-05-31 11:43:15','2024-05-31 11:43:15'),(261,'FR 2024/261',178,'PEDRO CACHINGONA',NULL,'FABRICA','2024-05-31 00:00:00','2024-05-31 00:00:00',3,1,3,'Engrácia Costa',NULL,150000.00,0.00,0.00,0.00,150000.00,'MIICXAIBAAKBgQC4dcYScJrnD1xCbBAlSwQN80TYmlMhC1q3fqyL0y2ygQOmtKKYJkDDp/bx0F7ZJ4psVDAmJ1PC2SlHfVPtSZrsVTIf/OlWMsrkLQ+bSf2vJuzUgDagZ/htowIn3io6myiY+Ehq9vDjCd65XV/Hq2sDZoksXMpQU8kQoIF4P2oJqwIDAQABAoGBAJdMauHXIQdjDv6gWoHsTPAQWKj9tC/He2pE6cxqs/HVZqRHR5Ja1gZl7',1,1,'2024-05-31 11:44:30','2024-05-31 11:44:30'),(262,'FR 2024/262',99,'MAURA JOSE ANDRADE',NULL,'JORGE','2024-05-31 00:00:00','2024-05-31 00:00:00',1,1,3,'Engrácia Costa',NULL,5000.00,0.00,0.00,0.00,5000.00,'MIICXAIBAAKBgQC4dcYScJrnD1xCbBAlSwQN80TYmlMhC1q3fqyL0y2ygQOmtKKYJkDDp/bx0F7ZJ4psVDAmJ1PC2SlHfVPtSZrsVTIf/OlWMsrkLQ+bSf2vJuzUgDagZ/htowIn3io6myiY+Ehq9vDjCd65XV/Hq2sDZoksXMpQU8kQoIF4P2oJqwIDAQABAoGBAJdMauHXIQdjDv6gWoHsTPAQWKj9tC/He2pE6cxqs/HVZqRHR5Ja1gZl7',1,1,'2024-05-31 12:12:24','2024-05-31 12:12:24'),(263,'FR 2024/263',58,'FRANCISCA HUGO ANDRADE',NULL,'JORGE','2024-05-31 00:00:00','2024-05-31 00:00:00',1,1,3,'Engrácia Costa',NULL,10000.00,0.00,0.00,0.00,10000.00,'MIICXAIBAAKBgQC4dcYScJrnD1xCbBAlSwQN80TYmlMhC1q3fqyL0y2ygQOmtKKYJkDDp/bx0F7ZJ4psVDAmJ1PC2SlHfVPtSZrsVTIf/OlWMsrkLQ+bSf2vJuzUgDagZ/htowIn3io6myiY+Ehq9vDjCd65XV/Hq2sDZoksXMpQU8kQoIF4P2oJqwIDAQABAoGBAJdMauHXIQdjDv6gWoHsTPAQWKj9tC/He2pE6cxqs/HVZqRHR5Ja1gZl7',1,1,'2024-05-31 12:13:17','2024-05-31 12:13:17'),(264,'FR 2024/264',70,'HELIO LISSANDRO XAVIER',NULL,'FABRICA','2024-06-06 00:00:00','2024-06-06 00:00:00',1,1,3,'Engrácia Costa','ate maio 2024 ,nao março',17000.00,0.00,0.00,0.00,17000.00,'MIICXAIBAAKBgQC4dcYScJrnD1xCbBAlSwQN80TYmlMhC1q3fqyL0y2ygQOmtKKYJkDDp/bx0F7ZJ4psVDAmJ1PC2SlHfVPtSZrsVTIf/OlWMsrkLQ+bSf2vJuzUgDagZ/htowIn3io6myiY+Ehq9vDjCd65XV/Hq2sDZoksXMpQU8kQoIF4P2oJqwIDAQABAoGBAJdMauHXIQdjDv6gWoHsTPAQWKj9tC/He2pE6cxqs/HVZqRHR5Ja1gZl7',1,1,'2024-06-06 12:52:51','2024-06-06 12:52:51'),(265,'FR 2024/265',163,'IRACELMO GASPAR DA COSTA XAVIER',NULL,'FABRICA','2024-06-07 00:00:00','2024-06-07 00:00:00',1,1,3,'Engrácia Costa',NULL,8500.00,0.00,0.00,0.00,8500.00,'MIICXAIBAAKBgQC4dcYScJrnD1xCbBAlSwQN80TYmlMhC1q3fqyL0y2ygQOmtKKYJkDDp/bx0F7ZJ4psVDAmJ1PC2SlHfVPtSZrsVTIf/OlWMsrkLQ+bSf2vJuzUgDagZ/htowIn3io6myiY+Ehq9vDjCd65XV/Hq2sDZoksXMpQU8kQoIF4P2oJqwIDAQABAoGBAJdMauHXIQdjDv6gWoHsTPAQWKj9tC/He2pE6cxqs/HVZqRHR5Ja1gZl7',1,1,'2024-06-07 07:02:04','2024-06-07 07:02:04'),(266,'FR 2024/265',163,'IRACELMO GASPAR DA COSTA XAVIER',NULL,'FABRICA','2024-06-07 00:00:00','2024-06-07 00:00:00',1,1,3,'Engrácia Costa',NULL,8500.00,0.00,0.00,0.00,8500.00,'MIICXAIBAAKBgQC4dcYScJrnD1xCbBAlSwQN80TYmlMhC1q3fqyL0y2ygQOmtKKYJkDDp/bx0F7ZJ4psVDAmJ1PC2SlHfVPtSZrsVTIf/OlWMsrkLQ+bSf2vJuzUgDagZ/htowIn3io6myiY+Ehq9vDjCd65XV/Hq2sDZoksXMpQU8kQoIF4P2oJqwIDAQABAoGBAJdMauHXIQdjDv6gWoHsTPAQWKj9tC/He2pE6cxqs/HVZqRHR5Ja1gZl7',1,1,'2024-06-07 07:02:07','2024-06-07 07:02:07'),(267,'FR 2024/267',77,'Mercado do 30 (Trinta)',NULL,'Mercado do Trinta (30), Viana','2024-06-07 00:00:00','2024-06-07 00:00:00',1,1,3,'Engrácia Costa',NULL,5000.00,0.00,0.00,0.00,5000.00,'MIICXAIBAAKBgQC4dcYScJrnD1xCbBAlSwQN80TYmlMhC1q3fqyL0y2ygQOmtKKYJkDDp/bx0F7ZJ4psVDAmJ1PC2SlHfVPtSZrsVTIf/OlWMsrkLQ+bSf2vJuzUgDagZ/htowIn3io6myiY+Ehq9vDjCd65XV/Hq2sDZoksXMpQU8kQoIF4P2oJqwIDAQABAoGBAJdMauHXIQdjDv6gWoHsTPAQWKj9tC/He2pE6cxqs/HVZqRHR5Ja1gZl7',1,1,'2024-06-07 07:03:29','2024-06-07 07:03:29'),(268,'FR 2024/268',40,'CRUZ BENEDITO MIGUEL NOY',NULL,'FABRICA','2024-06-07 00:00:00','2024-06-07 00:00:00',1,1,3,'Engrácia Costa',NULL,30000.00,0.00,0.00,0.00,30000.00,'MIICXAIBAAKBgQC4dcYScJrnD1xCbBAlSwQN80TYmlMhC1q3fqyL0y2ygQOmtKKYJkDDp/bx0F7ZJ4psVDAmJ1PC2SlHfVPtSZrsVTIf/OlWMsrkLQ+bSf2vJuzUgDagZ/htowIn3io6myiY+Ehq9vDjCd65XV/Hq2sDZoksXMpQU8kQoIF4P2oJqwIDAQABAoGBAJdMauHXIQdjDv6gWoHsTPAQWKj9tC/He2pE6cxqs/HVZqRHR5Ja1gZl7',1,1,'2024-06-07 07:04:02','2024-06-07 07:04:02'),(269,'FR 2024/269',8,'ADLADA MOISES',NULL,'FABRICA','2024-06-07 00:00:00','2024-06-07 00:00:00',1,1,3,'Engrácia Costa',NULL,15000.00,0.00,0.00,0.00,15000.00,'MIICXAIBAAKBgQC4dcYScJrnD1xCbBAlSwQN80TYmlMhC1q3fqyL0y2ygQOmtKKYJkDDp/bx0F7ZJ4psVDAmJ1PC2SlHfVPtSZrsVTIf/OlWMsrkLQ+bSf2vJuzUgDagZ/htowIn3io6myiY+Ehq9vDjCd65XV/Hq2sDZoksXMpQU8kQoIF4P2oJqwIDAQABAoGBAJdMauHXIQdjDv6gWoHsTPAQWKj9tC/He2pE6cxqs/HVZqRHR5Ja1gZl7',1,1,'2024-06-07 07:04:42','2024-06-07 07:04:42'),(270,'FR 2024/270',30,'AZENAIDA KATUMBELA',NULL,'FABRICA','2024-06-07 00:00:00','2024-06-07 00:00:00',1,1,3,'Engrácia Costa',NULL,30000.00,0.00,0.00,0.00,30000.00,'MIICXAIBAAKBgQC4dcYScJrnD1xCbBAlSwQN80TYmlMhC1q3fqyL0y2ygQOmtKKYJkDDp/bx0F7ZJ4psVDAmJ1PC2SlHfVPtSZrsVTIf/OlWMsrkLQ+bSf2vJuzUgDagZ/htowIn3io6myiY+Ehq9vDjCd65XV/Hq2sDZoksXMpQU8kQoIF4P2oJqwIDAQABAoGBAJdMauHXIQdjDv6gWoHsTPAQWKj9tC/He2pE6cxqs/HVZqRHR5Ja1gZl7',1,1,'2024-06-07 07:05:15','2024-06-07 07:05:15'),(271,'FR 2024/271',98,'MAURA ROSA CITA',NULL,'Chana','2024-06-07 00:00:00','2024-06-07 00:00:00',2,1,3,'Engrácia Costa',NULL,30000.00,0.00,0.00,0.00,30000.00,'MIICXAIBAAKBgQC4dcYScJrnD1xCbBAlSwQN80TYmlMhC1q3fqyL0y2ygQOmtKKYJkDDp/bx0F7ZJ4psVDAmJ1PC2SlHfVPtSZrsVTIf/OlWMsrkLQ+bSf2vJuzUgDagZ/htowIn3io6myiY+Ehq9vDjCd65XV/Hq2sDZoksXMpQU8kQoIF4P2oJqwIDAQABAoGBAJdMauHXIQdjDv6gWoHsTPAQWKj9tC/He2pE6cxqs/HVZqRHR5Ja1gZl7',1,1,'2024-06-07 07:05:59','2024-06-07 07:05:59'),(272,'FR 2024/272',22,'ARTUR ERNESTO PAULO',NULL,'JORGE','2024-06-07 00:00:00','2024-06-07 00:00:00',1,1,3,'Engrácia Costa',NULL,25000.00,0.00,0.00,0.00,25000.00,'MIICXAIBAAKBgQC4dcYScJrnD1xCbBAlSwQN80TYmlMhC1q3fqyL0y2ygQOmtKKYJkDDp/bx0F7ZJ4psVDAmJ1PC2SlHfVPtSZrsVTIf/OlWMsrkLQ+bSf2vJuzUgDagZ/htowIn3io6myiY+Ehq9vDjCd65XV/Hq2sDZoksXMpQU8kQoIF4P2oJqwIDAQABAoGBAJdMauHXIQdjDv6gWoHsTPAQWKj9tC/He2pE6cxqs/HVZqRHR5Ja1gZl7',1,1,'2024-06-07 07:07:09','2024-06-07 07:07:09'),(273,'FR 2024/273',88,'LUCAS SUMBULA',NULL,'Chana','2024-06-07 00:00:00','2024-06-07 00:00:00',1,1,3,'Engrácia Costa',NULL,17000.00,0.00,0.00,0.00,17000.00,'MIICXAIBAAKBgQC4dcYScJrnD1xCbBAlSwQN80TYmlMhC1q3fqyL0y2ygQOmtKKYJkDDp/bx0F7ZJ4psVDAmJ1PC2SlHfVPtSZrsVTIf/OlWMsrkLQ+bSf2vJuzUgDagZ/htowIn3io6myiY+Ehq9vDjCd65XV/Hq2sDZoksXMpQU8kQoIF4P2oJqwIDAQABAoGBAJdMauHXIQdjDv6gWoHsTPAQWKj9tC/He2pE6cxqs/HVZqRHR5Ja1gZl7',1,1,'2024-06-07 07:07:39','2024-06-07 07:07:39'),(274,'FR 2024/274',119,'TERESA CARLOS AVELINO',NULL,'Chana','2024-06-07 00:00:00','2024-06-07 00:00:00',1,1,3,'Engrácia Costa',NULL,8500.00,0.00,0.00,0.00,8500.00,'MIICXAIBAAKBgQC4dcYScJrnD1xCbBAlSwQN80TYmlMhC1q3fqyL0y2ygQOmtKKYJkDDp/bx0F7ZJ4psVDAmJ1PC2SlHfVPtSZrsVTIf/OlWMsrkLQ+bSf2vJuzUgDagZ/htowIn3io6myiY+Ehq9vDjCd65XV/Hq2sDZoksXMpQU8kQoIF4P2oJqwIDAQABAoGBAJdMauHXIQdjDv6gWoHsTPAQWKj9tC/He2pE6cxqs/HVZqRHR5Ja1gZl7',1,1,'2024-06-07 07:08:10','2024-06-07 07:08:10'),(275,'FR 2024/275',151,'ANGELINA ELIZABETH CAPUCULA',NULL,'FABRICA','2024-06-07 00:00:00','2024-06-07 00:00:00',1,1,3,'Engrácia Costa','ENERGIA TRIFASICA ELA TINHA SALDO DE 5 MIL KZ DO MES DE FEV, ESTE PAGAM E DE MARÇO',10000.00,0.00,0.00,0.00,10000.00,'MIICXAIBAAKBgQC4dcYScJrnD1xCbBAlSwQN80TYmlMhC1q3fqyL0y2ygQOmtKKYJkDDp/bx0F7ZJ4psVDAmJ1PC2SlHfVPtSZrsVTIf/OlWMsrkLQ+bSf2vJuzUgDagZ/htowIn3io6myiY+Ehq9vDjCd65XV/Hq2sDZoksXMpQU8kQoIF4P2oJqwIDAQABAoGBAJdMauHXIQdjDv6gWoHsTPAQWKj9tC/He2pE6cxqs/HVZqRHR5Ja1gZl7',1,1,'2024-06-07 07:10:02','2024-06-07 07:10:02'),(276,'FR 2024/276',38,'Mercado do 30 (Trinta)',NULL,'Mercado do Trinta (30), Viana','2024-06-13 00:00:00','2024-06-13 00:00:00',1,1,3,'Engrácia Costa',NULL,8000.00,0.00,0.00,0.00,8000.00,'MIICXAIBAAKBgQC4dcYScJrnD1xCbBAlSwQN80TYmlMhC1q3fqyL0y2ygQOmtKKYJkDDp/bx0F7ZJ4psVDAmJ1PC2SlHfVPtSZrsVTIf/OlWMsrkLQ+bSf2vJuzUgDagZ/htowIn3io6myiY+Ehq9vDjCd65XV/Hq2sDZoksXMpQU8kQoIF4P2oJqwIDAQABAoGBAJdMauHXIQdjDv6gWoHsTPAQWKj9tC/He2pE6cxqs/HVZqRHR5Ja1gZl7',1,1,'2024-06-13 07:44:07','2024-06-13 07:44:07'),(277,'FR 2024/276',38,'Mercado do 30 (Trinta)',NULL,'Mercado do Trinta (30), Viana','2024-06-13 00:00:00','2024-06-13 00:00:00',1,1,3,'Engrácia Costa',NULL,8000.00,0.00,0.00,0.00,8000.00,'MIICXAIBAAKBgQC4dcYScJrnD1xCbBAlSwQN80TYmlMhC1q3fqyL0y2ygQOmtKKYJkDDp/bx0F7ZJ4psVDAmJ1PC2SlHfVPtSZrsVTIf/OlWMsrkLQ+bSf2vJuzUgDagZ/htowIn3io6myiY+Ehq9vDjCd65XV/Hq2sDZoksXMpQU8kQoIF4P2oJqwIDAQABAoGBAJdMauHXIQdjDv6gWoHsTPAQWKj9tC/He2pE6cxqs/HVZqRHR5Ja1gZl7',1,1,'2024-06-13 07:44:14','2024-06-13 07:44:14'),(278,'FR 2024/276',38,'Mercado do 30 (Trinta)',NULL,'Mercado do Trinta (30), Viana','2024-06-13 00:00:00','2024-06-13 00:00:00',1,1,3,'Engrácia Costa',NULL,8000.00,0.00,0.00,0.00,8000.00,'MIICXAIBAAKBgQC4dcYScJrnD1xCbBAlSwQN80TYmlMhC1q3fqyL0y2ygQOmtKKYJkDDp/bx0F7ZJ4psVDAmJ1PC2SlHfVPtSZrsVTIf/OlWMsrkLQ+bSf2vJuzUgDagZ/htowIn3io6myiY+Ehq9vDjCd65XV/Hq2sDZoksXMpQU8kQoIF4P2oJqwIDAQABAoGBAJdMauHXIQdjDv6gWoHsTPAQWKj9tC/He2pE6cxqs/HVZqRHR5Ja1gZl7',1,1,'2024-06-13 07:44:14','2024-06-13 07:44:14'),(279,'FR 2024/279',86,'KUZU TULANDA',NULL,'Chana','2024-10-02 00:00:00','2024-10-02 00:00:00',1,1,3,'Engrácia Costa',NULL,17000.00,0.00,0.00,0.00,17000.00,'MIICXAIBAAKBgQC4dcYScJrnD1xCbBAlSwQN80TYmlMhC1q3fqyL0y2ygQOmtKKYJkDDp/bx0F7ZJ4psVDAmJ1PC2SlHfVPtSZrsVTIf/OlWMsrkLQ+bSf2vJuzUgDagZ/htowIn3io6myiY+Ehq9vDjCd65XV/Hq2sDZoksXMpQU8kQoIF4P2oJqwIDAQABAoGBAJdMauHXIQdjDv6gWoHsTPAQWKj9tC/He2pE6cxqs/HVZqRHR5Ja1gZl7',1,1,'2024-10-02 06:54:04','2024-10-02 06:54:04'),(280,'FR 2024/280',81,'JAMAKSON CHIKOTI',NULL,'Chana','2024-10-02 00:00:00','2024-10-02 00:00:00',1,1,3,'Engrácia Costa',NULL,15000.00,0.00,0.00,0.00,15000.00,'MIICXAIBAAKBgQC4dcYScJrnD1xCbBAlSwQN80TYmlMhC1q3fqyL0y2ygQOmtKKYJkDDp/bx0F7ZJ4psVDAmJ1PC2SlHfVPtSZrsVTIf/OlWMsrkLQ+bSf2vJuzUgDagZ/htowIn3io6myiY+Ehq9vDjCd65XV/Hq2sDZoksXMpQU8kQoIF4P2oJqwIDAQABAoGBAJdMauHXIQdjDv6gWoHsTPAQWKj9tC/He2pE6cxqs/HVZqRHR5Ja1gZl7',1,1,'2024-10-02 07:15:37','2024-10-02 07:15:37'),(281,'FR 2024/281',115,'SARINA INDIRA NUNO LEITAO',NULL,'Chana','2024-10-02 00:00:00','2024-10-02 00:00:00',3,1,3,'Engrácia Costa',NULL,90000.00,0.00,0.00,0.00,90000.00,'MIICXAIBAAKBgQC4dcYScJrnD1xCbBAlSwQN80TYmlMhC1q3fqyL0y2ygQOmtKKYJkDDp/bx0F7ZJ4psVDAmJ1PC2SlHfVPtSZrsVTIf/OlWMsrkLQ+bSf2vJuzUgDagZ/htowIn3io6myiY+Ehq9vDjCd65XV/Hq2sDZoksXMpQU8kQoIF4P2oJqwIDAQABAoGBAJdMauHXIQdjDv6gWoHsTPAQWKj9tC/He2pE6cxqs/HVZqRHR5Ja1gZl7',1,1,'2024-10-02 07:22:32','2024-10-02 07:22:32'),(282,'FR 2024/282',73,'MARIO BARREIRO',NULL,'FABRICA','2024-10-09 00:00:00','2024-10-09 00:00:00',2,1,3,'Engrácia Costa',NULL,850000.00,0.00,0.00,0.00,850000.00,'MIICXAIBAAKBgQC4dcYScJrnD1xCbBAlSwQN80TYmlMhC1q3fqyL0y2ygQOmtKKYJkDDp/bx0F7ZJ4psVDAmJ1PC2SlHfVPtSZrsVTIf/OlWMsrkLQ+bSf2vJuzUgDagZ/htowIn3io6myiY+Ehq9vDjCd65XV/Hq2sDZoksXMpQU8kQoIF4P2oJqwIDAQABAoGBAJdMauHXIQdjDv6gWoHsTPAQWKj9tC/He2pE6cxqs/HVZqRHR5Ja1gZl7',1,0,'2024-10-08 12:36:34','2024-10-09 12:39:03'),(283,'FR 2024/283',73,'MARIO BARREIRO',NULL,'FABRICA','2024-10-10 00:00:00','2024-10-10 00:00:00',2,1,3,'Engrácia Costa',NULL,850000.00,0.00,0.00,0.00,850000.00,'MIICXAIBAAKBgQC4dcYScJrnD1xCbBAlSwQN80TYmlMhC1q3fqyL0y2ygQOmtKKYJkDDp/bx0F7ZJ4psVDAmJ1PC2SlHfVPtSZrsVTIf/OlWMsrkLQ+bSf2vJuzUgDagZ/htowIn3io6myiY+Ehq9vDjCd65XV/Hq2sDZoksXMpQU8kQoIF4P2oJqwIDAQABAoGBAJdMauHXIQdjDv6gWoHsTPAQWKj9tC/He2pE6cxqs/HVZqRHR5Ja1gZl7',1,1,'2024-10-09 12:37:09','2024-10-09 12:37:09'),(284,'FR 2024/284',73,'MARIO BARREIRO',NULL,'FABRICA','2024-10-11 00:00:00','2024-10-11 00:00:00',2,1,3,'Engrácia Costa',NULL,240000.00,0.00,0.00,0.00,240000.00,'MIICXAIBAAKBgQC4dcYScJrnD1xCbBAlSwQN80TYmlMhC1q3fqyL0y2ygQOmtKKYJkDDp/bx0F7ZJ4psVDAmJ1PC2SlHfVPtSZrsVTIf/OlWMsrkLQ+bSf2vJuzUgDagZ/htowIn3io6myiY+Ehq9vDjCd65XV/Hq2sDZoksXMpQU8kQoIF4P2oJqwIDAQABAoGBAJdMauHXIQdjDv6gWoHsTPAQWKj9tC/He2pE6cxqs/HVZqRHR5Ja1gZl7',1,1,'2024-10-11 05:28:21','2024-10-11 05:28:21');
/*!40000 ALTER TABLE `factura_recibos` ENABLE KEYS */;
UNLOCK TABLES;

--
-- Table structure for table `facturas`
--

DROP TABLE IF EXISTS `facturas`;
/*!40101 SET @saved_cs_client     = @@character_set_client */;
/*!40101 SET character_set_client = utf8 */;
CREATE TABLE `facturas` (
  `id` bigint(20) unsigned NOT NULL AUTO_INCREMENT,
  `numero` varchar(191) DEFAULT NULL,
  `cliente_id` bigint(20) unsigned DEFAULT NULL,
  `cliente_nome` varchar(191) DEFAULT NULL,
  `contribuinte` varchar(191) DEFAULT NULL,
  `endereco` varchar(191) DEFAULT NULL,
  `data` datetime DEFAULT NULL,
  `data_vencimento` datetime DEFAULT NULL,
  `formapagamento_id` bigint(20) unsigned DEFAULT NULL,
  `moeda_id` bigint(20) unsigned DEFAULT NULL,
  `utilizador_id` bigint(20) unsigned DEFAULT NULL,
  `utilizador_nome` varchar(191) DEFAULT NULL,
  `observacao` text DEFAULT NULL,
  `subtotal` double(8,2) DEFAULT NULL,
  `desconto` double(8,2) DEFAULT NULL,
  `imposto` double(8,2) DEFAULT NULL,
  `retencao` double(8,2) DEFAULT NULL,
  `total` double(8,2) DEFAULT NULL,
  `total_pendente` double(8,2) DEFAULT NULL,
  `hash` text DEFAULT NULL,
  `status` tinyint(1) DEFAULT NULL,
  `documento_id` int(11) DEFAULT NULL,
  `documento_numero` varchar(191) DEFAULT NULL,
  `is_recibo` tinyint(1) DEFAULT NULL,
  `is_nota` tinyint(1) DEFAULT NULL,
  `created_at` timestamp NULL DEFAULT NULL,
  `updated_at` timestamp NULL DEFAULT NULL,
  PRIMARY KEY (`id`),
  KEY `facturas_cliente_id_foreign` (`cliente_id`),
  KEY `facturas_formapagamento_id_foreign` (`formapagamento_id`),
  KEY `facturas_moeda_id_foreign` (`moeda_id`),
  KEY `facturas_utilizador_id_foreign` (`utilizador_id`),
  CONSTRAINT `facturas_cliente_id_foreign` FOREIGN KEY (`cliente_id`) REFERENCES `clientes` (`id`) ON DELETE NO ACTION ON UPDATE CASCADE,
  CONSTRAINT `facturas_formapagamento_id_foreign` FOREIGN KEY (`formapagamento_id`) REFERENCES `formas_pagamentos` (`id`) ON DELETE NO ACTION ON UPDATE CASCADE,
  CONSTRAINT `facturas_moeda_id_foreign` FOREIGN KEY (`moeda_id`) REFERENCES `moedas` (`id`) ON DELETE NO ACTION ON UPDATE CASCADE,
  CONSTRAINT `facturas_utilizador_id_foreign` FOREIGN KEY (`utilizador_id`) REFERENCES `users` (`id`) ON DELETE NO ACTION ON UPDATE CASCADE
) ENGINE=InnoDB DEFAULT CHARSET=utf8mb4 COLLATE=utf8mb4_unicode_ci;
/*!40101 SET character_set_client = @saved_cs_client */;

--
-- Dumping data for table `facturas`
--

LOCK TABLES `facturas` WRITE;
/*!40000 ALTER TABLE `facturas` DISABLE KEYS */;
/*!40000 ALTER TABLE `facturas` ENABLE KEYS */;
UNLOCK TABLES;

--
-- Table structure for table `failed_jobs`
--

DROP TABLE IF EXISTS `failed_jobs`;
/*!40101 SET @saved_cs_client     = @@character_set_client */;
/*!40101 SET character_set_client = utf8 */;
CREATE TABLE `failed_jobs` (
  `id` bigint(20) unsigned NOT NULL AUTO_INCREMENT,
  `connection` text NOT NULL,
  `queue` text NOT NULL,
  `payload` longtext NOT NULL,
  `exception` longtext NOT NULL,
  `failed_at` timestamp NOT NULL DEFAULT current_timestamp(),
  PRIMARY KEY (`id`)
) ENGINE=InnoDB DEFAULT CHARSET=utf8mb4 COLLATE=utf8mb4_unicode_ci;
/*!40101 SET character_set_client = @saved_cs_client */;

--
-- Dumping data for table `failed_jobs`
--

LOCK TABLES `failed_jobs` WRITE;
/*!40000 ALTER TABLE `failed_jobs` DISABLE KEYS */;
/*!40000 ALTER TABLE `failed_jobs` ENABLE KEYS */;
UNLOCK TABLES;

--
-- Table structure for table `formas_pagamentos`
--

DROP TABLE IF EXISTS `formas_pagamentos`;
/*!40101 SET @saved_cs_client     = @@character_set_client */;
/*!40101 SET character_set_client = utf8 */;
CREATE TABLE `formas_pagamentos` (
  `id` bigint(20) unsigned NOT NULL AUTO_INCREMENT,
  `codigo` varchar(191) DEFAULT NULL,
  `designacao` varchar(191) DEFAULT NULL,
  `descricao` varchar(191) DEFAULT NULL,
  `status` tinyint(1) DEFAULT NULL,
  `created_at` timestamp NULL DEFAULT NULL,
  `updated_at` timestamp NULL DEFAULT NULL,
  PRIMARY KEY (`id`)
) ENGINE=InnoDB AUTO_INCREMENT=4 DEFAULT CHARSET=utf8mb4 COLLATE=utf8mb4_unicode_ci;
/*!40101 SET character_set_client = @saved_cs_client */;

--
-- Dumping data for table `formas_pagamentos`
--

LOCK TABLES `formas_pagamentos` WRITE;
/*!40000 ALTER TABLE `formas_pagamentos` DISABLE KEYS */;
INSERT INTO `formas_pagamentos` VALUES (1,'0001','Dinheiro','I\'ve got.',1,NULL,NULL),(2,'0002','Transferência','I wouldn\'t.',1,NULL,NULL),(3,'0003','TPA',NULL,1,'2024-02-06 11:26:49','2024-02-06 11:26:49');
/*!40000 ALTER TABLE `formas_pagamentos` ENABLE KEYS */;
UNLOCK TABLES;

--
-- Table structure for table `fornecedors`
--

DROP TABLE IF EXISTS `fornecedors`;
/*!40101 SET @saved_cs_client     = @@character_set_client */;
/*!40101 SET character_set_client = utf8 */;
CREATE TABLE `fornecedors` (
  `id` bigint(20) unsigned NOT NULL AUTO_INCREMENT,
  `codigo` varchar(191) DEFAULT NULL,
  `designacao` varchar(191) DEFAULT NULL,
  `contribuinte` varchar(191) DEFAULT NULL,
  `zona` varchar(191) DEFAULT NULL,
  `identificacao` varchar(191) DEFAULT NULL,
  `observacao` varchar(191) DEFAULT NULL,
  `imagem` varchar(191) DEFAULT NULL,
  `status` tinyint(1) DEFAULT NULL,
  `id_endereco` bigint(20) unsigned DEFAULT NULL,
  `id_contacto` bigint(20) unsigned DEFAULT NULL,
  `created_at` timestamp NULL DEFAULT NULL,
  `updated_at` timestamp NULL DEFAULT NULL,
  PRIMARY KEY (`id`),
  KEY `fornecedors_id_endereco_foreign` (`id_endereco`),
  KEY `fornecedors_id_contacto_foreign` (`id_contacto`),
  CONSTRAINT `fornecedors_id_contacto_foreign` FOREIGN KEY (`id_contacto`) REFERENCES `contactos` (`id`) ON DELETE CASCADE,
  CONSTRAINT `fornecedors_id_endereco_foreign` FOREIGN KEY (`id_endereco`) REFERENCES `enderecos` (`id`) ON DELETE CASCADE
) ENGINE=InnoDB AUTO_INCREMENT=2 DEFAULT CHARSET=utf8mb4 COLLATE=utf8mb4_unicode_ci;
/*!40101 SET character_set_client = @saved_cs_client */;

--
-- Dumping data for table `fornecedors`
--

LOCK TABLES `fornecedors` WRITE;
/*!40000 ALTER TABLE `fornecedors` DISABLE KEYS */;
INSERT INTO `fornecedors` VALUES (1,'2024-0001','Diverso','Diverso',NULL,NULL,NULL,'null.png',1,1,1,NULL,NULL);
/*!40000 ALTER TABLE `fornecedors` ENABLE KEYS */;
UNLOCK TABLES;

--
-- Table structure for table `funcionarios`
--

DROP TABLE IF EXISTS `funcionarios`;
/*!40101 SET @saved_cs_client     = @@character_set_client */;
/*!40101 SET character_set_client = utf8 */;
CREATE TABLE `funcionarios` (
  `id` bigint(20) unsigned NOT NULL,
  `codigo` varchar(191) DEFAULT NULL,
  `designacao` varchar(191) DEFAULT NULL,
  `contribuinte` varchar(191) DEFAULT NULL,
  `funcao` varchar(191) DEFAULT NULL,
  `salario` decimal(30,2) DEFAULT NULL,
  `data` date DEFAULT NULL,
  `email` varchar(191) DEFAULT NULL,
  `telefone` varchar(191) DEFAULT NULL,
  `endereco` varchar(191) DEFAULT NULL,
  `departamento_id` bigint(20) unsigned DEFAULT NULL,
  `status` tinyint(1) DEFAULT NULL,
  `id_contacto` bigint(20) unsigned DEFAULT NULL,
  `imagem` text DEFAULT NULL,
  `created_at` timestamp NULL DEFAULT NULL,
  `updated_at` timestamp NULL DEFAULT NULL
) ENGINE=InnoDB DEFAULT CHARSET=utf8mb4 COLLATE=utf8mb4_unicode_ci;
/*!40101 SET character_set_client = @saved_cs_client */;

--
-- Dumping data for table `funcionarios`
--

LOCK TABLES `funcionarios` WRITE;
/*!40000 ALTER TABLE `funcionarios` DISABLE KEYS */;
/*!40000 ALTER TABLE `funcionarios` ENABLE KEYS */;
UNLOCK TABLES;

--
-- Table structure for table `guia_remessas`
--

DROP TABLE IF EXISTS `guia_remessas`;
/*!40101 SET @saved_cs_client     = @@character_set_client */;
/*!40101 SET character_set_client = utf8 */;
CREATE TABLE `guia_remessas` (
  `id` bigint(20) unsigned NOT NULL AUTO_INCREMENT,
  `numero` varchar(191) DEFAULT NULL,
  `cliente_id` bigint(20) unsigned DEFAULT NULL,
  `cliente_nome` varchar(191) DEFAULT NULL,
  `contribuinte` varchar(191) DEFAULT NULL,
  `endereco` varchar(191) DEFAULT NULL,
  `data` datetime DEFAULT NULL,
  `data_vencimento` datetime DEFAULT NULL,
  `formapagamento_id` bigint(20) unsigned DEFAULT NULL,
  `moeda_id` bigint(20) unsigned DEFAULT NULL,
  `utilizador_id` bigint(20) unsigned DEFAULT NULL,
  `utilizador_nome` varchar(191) DEFAULT NULL,
  `observacao` text DEFAULT NULL,
  `subtotal` double(8,2) DEFAULT NULL,
  `desconto` double(8,2) DEFAULT NULL,
  `imposto` double(8,2) DEFAULT NULL,
  `retencao` double(8,2) DEFAULT NULL,
  `total` double(8,2) DEFAULT NULL,
  `hash` text DEFAULT NULL,
  `status` tinyint(1) DEFAULT NULL,
  `created_at` timestamp NULL DEFAULT NULL,
  `updated_at` timestamp NULL DEFAULT NULL,
  PRIMARY KEY (`id`),
  KEY `guia_remessas_cliente_id_foreign` (`cliente_id`),
  KEY `guia_remessas_formapagamento_id_foreign` (`formapagamento_id`),
  KEY `guia_remessas_moeda_id_foreign` (`moeda_id`),
  KEY `guia_remessas_utilizador_id_foreign` (`utilizador_id`),
  CONSTRAINT `guia_remessas_cliente_id_foreign` FOREIGN KEY (`cliente_id`) REFERENCES `clientes` (`id`) ON DELETE NO ACTION ON UPDATE CASCADE,
  CONSTRAINT `guia_remessas_formapagamento_id_foreign` FOREIGN KEY (`formapagamento_id`) REFERENCES `formas_pagamentos` (`id`) ON DELETE NO ACTION ON UPDATE CASCADE,
  CONSTRAINT `guia_remessas_moeda_id_foreign` FOREIGN KEY (`moeda_id`) REFERENCES `moedas` (`id`) ON DELETE NO ACTION ON UPDATE CASCADE,
  CONSTRAINT `guia_remessas_utilizador_id_foreign` FOREIGN KEY (`utilizador_id`) REFERENCES `users` (`id`) ON DELETE NO ACTION ON UPDATE CASCADE
) ENGINE=InnoDB DEFAULT CHARSET=utf8mb4 COLLATE=utf8mb4_unicode_ci;
/*!40101 SET character_set_client = @saved_cs_client */;

--
-- Dumping data for table `guia_remessas`
--

LOCK TABLES `guia_remessas` WRITE;
/*!40000 ALTER TABLE `guia_remessas` DISABLE KEYS */;
/*!40000 ALTER TABLE `guia_remessas` ENABLE KEYS */;
UNLOCK TABLES;

--
-- Table structure for table `guia_transportes`
--

DROP TABLE IF EXISTS `guia_transportes`;
/*!40101 SET @saved_cs_client     = @@character_set_client */;
/*!40101 SET character_set_client = utf8 */;
CREATE TABLE `guia_transportes` (
  `id` bigint(20) unsigned NOT NULL AUTO_INCREMENT,
  `numero` varchar(191) DEFAULT NULL,
  `cliente_id` bigint(20) unsigned DEFAULT NULL,
  `cliente_nome` varchar(191) DEFAULT NULL,
  `contribuinte` varchar(191) DEFAULT NULL,
  `endereco` varchar(191) DEFAULT NULL,
  `data` datetime DEFAULT NULL,
  `data_vencimento` datetime DEFAULT NULL,
  `formapagamento_id` bigint(20) unsigned DEFAULT NULL,
  `moeda_id` bigint(20) unsigned DEFAULT NULL,
  `utilizador_id` bigint(20) unsigned DEFAULT NULL,
  `utilizador_nome` varchar(191) DEFAULT NULL,
  `observacao` text DEFAULT NULL,
  `subtotal` double(8,2) DEFAULT NULL,
  `desconto` double(8,2) DEFAULT NULL,
  `imposto` double(8,2) DEFAULT NULL,
  `retencao` double(8,2) DEFAULT NULL,
  `total` double(8,2) DEFAULT NULL,
  `local_carga` varchar(191) DEFAULT NULL,
  `local_descarga` varchar(191) DEFAULT NULL,
  `hash` text DEFAULT NULL,
  `status` tinyint(1) DEFAULT NULL,
  `created_at` timestamp NULL DEFAULT NULL,
  `updated_at` timestamp NULL DEFAULT NULL,
  PRIMARY KEY (`id`),
  KEY `guia_transportes_cliente_id_foreign` (`cliente_id`),
  KEY `guia_transportes_formapagamento_id_foreign` (`formapagamento_id`),
  KEY `guia_transportes_moeda_id_foreign` (`moeda_id`),
  KEY `guia_transportes_utilizador_id_foreign` (`utilizador_id`),
  CONSTRAINT `guia_transportes_cliente_id_foreign` FOREIGN KEY (`cliente_id`) REFERENCES `clientes` (`id`) ON DELETE NO ACTION ON UPDATE CASCADE,
  CONSTRAINT `guia_transportes_formapagamento_id_foreign` FOREIGN KEY (`formapagamento_id`) REFERENCES `formas_pagamentos` (`id`) ON DELETE NO ACTION ON UPDATE CASCADE,
  CONSTRAINT `guia_transportes_moeda_id_foreign` FOREIGN KEY (`moeda_id`) REFERENCES `moedas` (`id`) ON DELETE NO ACTION ON UPDATE CASCADE,
  CONSTRAINT `guia_transportes_utilizador_id_foreign` FOREIGN KEY (`utilizador_id`) REFERENCES `users` (`id`) ON DELETE NO ACTION ON UPDATE CASCADE
) ENGINE=InnoDB DEFAULT CHARSET=utf8mb4 COLLATE=utf8mb4_unicode_ci;
/*!40101 SET character_set_client = @saved_cs_client */;

--
-- Dumping data for table `guia_transportes`
--

LOCK TABLES `guia_transportes` WRITE;
/*!40000 ALTER TABLE `guia_transportes` DISABLE KEYS */;
/*!40000 ALTER TABLE `guia_transportes` ENABLE KEYS */;
UNLOCK TABLES;

--
-- Table structure for table `impostos`
--

DROP TABLE IF EXISTS `impostos`;
/*!40101 SET @saved_cs_client     = @@character_set_client */;
/*!40101 SET character_set_client = utf8 */;
CREATE TABLE `impostos` (
  `id` bigint(20) unsigned NOT NULL AUTO_INCREMENT,
  `tipo` varchar(191) DEFAULT NULL,
  `codigo` varchar(191) DEFAULT NULL,
  `designacao` varchar(191) DEFAULT NULL,
  `taxa` double DEFAULT NULL,
  `motivo` varchar(191) DEFAULT NULL,
  `status` tinyint(1) DEFAULT NULL,
  `created_at` timestamp NULL DEFAULT NULL,
  `updated_at` timestamp NULL DEFAULT NULL,
  PRIMARY KEY (`id`)
) ENGINE=InnoDB AUTO_INCREMENT=40 DEFAULT CHARSET=utf8mb4 COLLATE=utf8mb4_unicode_ci;
/*!40101 SET character_set_client = @saved_cs_client */;

--
-- Dumping data for table `impostos`
--

LOCK TABLES `impostos` WRITE;
/*!40000 ALTER TABLE `impostos` DISABLE KEYS */;
INSERT INTO `impostos` VALUES (1,'ISENTO','M00','M00 - Regime Simplificado',0,'Regime Simplificado',1,NULL,NULL),(2,'IVA','','IVA',14,'',1,NULL,NULL),(3,'ISENTO','M02','M02 - Transmissão de bens e serviço não sujeita',0,'Regime Simplificado',1,NULL,NULL),(4,'ISENTO','M04','M04 - Regime de Exclusão',0,'Regime Simplificado',1,NULL,NULL),(5,'ISENTO','M11','M11 - Isento nos termos da alínea b) do nº1 do artigo 12.º do CIVA',0,'Isento nos termos da alínea b) do nº1 do artigo 12.º do CIVA',1,NULL,NULL),(6,'ISENTO','M12','M12 - Isento nos termos da alínea c) do nº1 do artigo 12.º do CIVA',0,'Isento nos termos da alínea c) do nº1 do artigo 12.º do CIVA',1,NULL,NULL),(7,'ISENTO','M13','M13 - Isento nos termos da alínea d) do nº1 do artigo 12.º do CIVA',0,'Isento nos termos da alínea d) do nº1 do artigo 12.º do CIVA',1,NULL,NULL),(8,'ISENTO','M14','M14 - Isento nos termos da alínea e) do nº1 do artigo 12.º do CIVA',0,'Isento nos termos da alínea e) do nº1 do artigo 12.º do CIVA',1,NULL,NULL),(9,'ISENTO','M15','M15 - Isento nos termos da alínea f) do nº1 do artigo 12.º do CIVA',0,'Isento nos termos da alínea f) do nº1 do artigo 12.º do CIVA',1,NULL,NULL),(10,'ISENTO','M16','M16 - Isento nos termos da alínea g) do nº1 do artigo 12.º do CIVA',0,'Isento nos termos da alínea g) do nº1 do artigo 12.º do CIVA',1,NULL,NULL),(11,'ISENTO','M17','M17 - Isento nos termos da alínea h) do nº1 do artigo 12.º do CIVA',0,'Isento nos termos da alínea h) do nº1 do artigo 12.º do CIVA',1,NULL,NULL),(12,'ISENTO','M18','M18 - Isento nos termos da alínea i) do nº1 do artigo 12.º do CIVA',0,'Isento nos termos da alínea i) do nº1 do artigo 12.º do CIVA',1,NULL,NULL),(13,'ISENTO','M19','M19 - Isento nos termos da alínea j) do nº1 do artigo 12.º do CIVA',0,'Isento nos termos da alínea j) do nº1 do artigo 12.º do CIVA',1,NULL,NULL),(14,'ISENTO','M20','M20 - Isento nos termos da alínea k) do nº1 do artigo 12.º do CIVA',0,'Isento nos termos da alínea k) do nº1 do artigo 12.º do CIVA',1,NULL,NULL),(15,'ISENTO','M21','M21 - Isento nos termos da alínea l) do nº1 do artigo 12.º do CIVA',0,'Isento nos termos da alínea l) do nº1 do artigo 12.º do CIVA',1,NULL,NULL),(16,'ISENTO','M22','M22 - Isento nos termos da alínea m) do nº1 do artigo 12.º do CIVA',0,'Isento nos termos da alínea m) do nº1 do artigo 12.º do CIVA',1,NULL,NULL),(17,'ISENTO','M23','M23 - Isento nos termos da alínea n) do nº1 do artigo 12.º do CIVA',0,'Isento nos termos da alínea n) do nº1 do artigo 12.º do CIVA',1,NULL,NULL),(18,'ISENTO','M24','M24 - Isento nos termos da alínea o) do nº1 do artigo 12.º do CIVA',0,'Isento nos termos da alínea o) do nº1 do artigo 12.º do CIVA',1,NULL,NULL),(19,'ISENTO','M80','M80 - Isento nos termos da alínea a) do nº1 do artigo 14.º do CIVA',0,'Isento nos termos da alínea a) do nº1 do artigo 14.º do CIVA',1,NULL,NULL),(20,'ISENTO','M81','M81 - Isento nos termos da alínea b) do nº1 do artigo 14.º do CIVA',0,'Isento nos termos da alínea b) do nº1 do artigo 14.º do CIVA',1,NULL,NULL),(21,'ISENTO','M82','M82 - Isento nos termos da alínea c) do nº1 do artigo 14.º do CIVA',0,'Isento nos termos da alínea c) do nº1 do artigo 14.º do CIVA',1,NULL,NULL),(22,'ISENTO','M83','M83 - Isento nos termos da alínea d) do nº1 do artigo 14.º do CIVA',0,'Isento nos termos da alínea d) do nº1 do artigo 14.º do CIVA',1,NULL,NULL),(23,'ISENTO','M84','M84 - Isento nos termos da alínea e) do nº1 do artigo 14.º do CIVA',0,'Isento nos termos da alínea e) do nº1 do artigo 14.º do CIVA',1,NULL,NULL),(24,'ISENTO','M85','M85 - Isento nos termos da alínea a) do nº2 do artigo 14.º do CIVA',0,'Isento nos termos da alínea a) do nº2 do artigo 14.º do CIVA',1,NULL,NULL),(25,'ISENTO','M86','M86 - Isento nos termos da alínea b) do nº2 do artigo 14.º do CIVA',0,'Isento nos termos da alínea b) do nº2 do artigo 14.º do CIVA',1,NULL,NULL),(26,'ISENTO','M30','M30 - Isento nos termos da alínea a) do artigo 15.º do CIVA',0,'Isento nos termos da alínea a) do artigo 15.º do CIVA',1,NULL,NULL),(27,'ISENTO','M31','M31 - Isento nos termos da alínea b) do artigo 15.º do CIVA',0,'Isento nos termos da alínea b) do artigo 15.º do CIVA',1,NULL,NULL),(28,'ISENTO','M32','M32 - Isento nos termos da alínea c) do artigo 15.º do CIVA',0,'Isento nos termos da alínea c) do artigo 15.º do CIVA',1,NULL,NULL),(29,'ISENTO','M33','M33 - Isento nos termos da alínea d) do artigo 15.º do CIVA',0,'Isento nos termos da alínea d) do artigo 15.º do CIVA',1,NULL,NULL),(30,'ISENTO','M34','M34 - Isento nos termos da alínea e) do artigo 15.º do CIVA',0,'Isento nos termos da alínea e) do artigo 15.º do CIVA',1,NULL,NULL),(31,'ISENTO','M35','M35 - Isento nos termos da alínea f) do artigo 15.º do CIVA',0,'Isento nos termos da alínea f) do artigo 15.º do CIVA',1,NULL,NULL),(32,'ISENTO','M36','M36 - Isento nos termos da alínea g) do artigo 15.º do CIVA',0,'Isento nos termos da alínea g) do artigo 15.º do CIVA',1,NULL,NULL),(33,'ISENTO','M37','M37 - Isento nos termos da alínea h) do artigo 15.º do CIVA',0,'Isento nos termos da alínea h) do artigo 15.º do CIVA',1,NULL,NULL),(34,'ISENTO','M38','M38 - Isento nos termos da alínea i) do artigo 15.º do CIVA',0,'Isento nos termos da alínea i) do artigo 15.º do CIVA',1,NULL,NULL),(35,'ISENTO','M90','M90 - Isento nos termos da alinea a) do nº1 do artigo 16.º',0,'Isento nos termos da alinea a) do nº1 do artigo 16.º',1,NULL,NULL),(36,'ISENTO','M91','M91 - Isento nos termos da alinea b) do nº1 do artigo 16.º',0,'Isento nos termos da alinea b) do nº1 do artigo 16.º',1,NULL,NULL),(37,'ISENTO','M92','M92 - Isento nos termos da alinea c) do nº1 do artigo 16.º',0,'Isento nos termos da alinea c) do nº1 do artigo 16.º',1,NULL,NULL),(38,'ISENTO','M93','M93 - Isento nos termos da alinea d) do nº1 do artigo 16.º',0,'Isento nos termos da alinea d) do nº1 do artigo 16.º',1,NULL,NULL),(39,'ISENTO','M93','M94 - Isento nos termos da alinea e) do nº1 do artigo 16.º',0,'Isento nos termos da alinea e) do nº1 do artigo 16.º',1,NULL,NULL);
/*!40000 ALTER TABLE `impostos` ENABLE KEYS */;
UNLOCK TABLES;

--
-- Table structure for table `item_factura_recibos`
--

DROP TABLE IF EXISTS `item_factura_recibos`;
/*!40101 SET @saved_cs_client     = @@character_set_client */;
/*!40101 SET character_set_client = utf8 */;
CREATE TABLE `item_factura_recibos` (
  `id` bigint(20) unsigned NOT NULL AUTO_INCREMENT,
  `designacao` varchar(191) DEFAULT NULL,
  `preco` double(8,2) DEFAULT NULL,
  `qtd` int(11) DEFAULT NULL,
  `desconto` double(8,2) DEFAULT NULL,
  `subtotal` double(8,2) DEFAULT NULL,
  `retencao_designacao` varchar(191) DEFAULT NULL,
  `retencao_taxa` double DEFAULT NULL,
  `imposto_tipo` varchar(191) DEFAULT NULL,
  `imposto_codigo` varchar(191) DEFAULT NULL,
  `imposto_designacao` varchar(191) DEFAULT NULL,
  `imposto_taxa` double DEFAULT NULL,
  `imposto_motivo` varchar(191) DEFAULT NULL,
  `factura_recibo_id` bigint(20) unsigned NOT NULL,
  `artigo_id` bigint(20) unsigned NOT NULL,
  `imposto_id` bigint(20) unsigned NOT NULL,
  `retencao_id` bigint(20) unsigned DEFAULT NULL,
  `created_at` timestamp NULL DEFAULT NULL,
  `updated_at` timestamp NULL DEFAULT NULL,
  PRIMARY KEY (`id`),
  KEY `item_factura_recibos_factura_recibo_id_foreign` (`factura_recibo_id`),
  KEY `item_factura_recibos_artigo_id_foreign` (`artigo_id`),
  KEY `item_factura_recibos_imposto_id_foreign` (`imposto_id`),
  KEY `item_factura_recibos_retencao_id_foreign` (`retencao_id`),
  CONSTRAINT `item_factura_recibos_artigo_id_foreign` FOREIGN KEY (`artigo_id`) REFERENCES `artigos` (`id`) ON DELETE NO ACTION,
  CONSTRAINT `item_factura_recibos_factura_recibo_id_foreign` FOREIGN KEY (`factura_recibo_id`) REFERENCES `factura_recibos` (`id`) ON DELETE CASCADE,
  CONSTRAINT `item_factura_recibos_imposto_id_foreign` FOREIGN KEY (`imposto_id`) REFERENCES `impostos` (`id`) ON DELETE NO ACTION,
  CONSTRAINT `item_factura_recibos_retencao_id_foreign` FOREIGN KEY (`retencao_id`) REFERENCES `retencaos` (`id`) ON DELETE SET NULL ON UPDATE CASCADE
) ENGINE=InnoDB AUTO_INCREMENT=427 DEFAULT CHARSET=utf8mb4 COLLATE=utf8mb4_unicode_ci;
/*!40101 SET character_set_client = @saved_cs_client */;

--
-- Dumping data for table `item_factura_recibos`
--

LOCK TABLES `item_factura_recibos` WRITE;
/*!40000 ALTER TABLE `item_factura_recibos` DISABLE KEYS */;
INSERT INTO `item_factura_recibos` VALUES (1,'Janeiro Monofásico',8500.00,1,0.00,8500.00,'Sem rentenção na fonte',0,'ISENTO','M04','M04 - Regime de Exclusão',0,'Regime Simplificado',1,4,4,1,'2024-02-06 11:17:43','2024-02-06 11:17:43'),(2,'Janeiro Monofásico',8500.00,2,0.00,17000.00,'Sem rentenção na fonte',0,'ISENTO','M04','M04 - Regime de Exclusão',0,'Regime Simplificado',2,4,4,1,'2024-02-06 11:28:50','2024-02-06 11:28:50'),(3,'NOVEMBRO',8500.00,1,0.00,8500.00,'Sem rentenção na fonte',0,'ISENTO','M04','M04 - Regime de Exclusão',0,'Regime Simplificado',3,13,4,1,'2024-02-06 11:46:39','2024-02-06 11:46:39'),(4,'DEZEMBRO',8500.00,1,0.00,8500.00,'Sem rentenção na fonte',0,'ISENTO','M04','M04 - Regime de Exclusão',0,'Regime Simplificado',3,14,4,1,'2024-02-06 11:46:39','2024-02-06 11:46:39'),(5,'OUTUBRO',8500.00,1,0.00,8500.00,'Sem rentenção na fonte',0,'ISENTO','M04','M04 - Regime de Exclusão',0,'Regime Simplificado',3,12,4,1,'2024-02-06 11:46:39','2024-02-06 11:46:39'),(6,'JANEIRO /TRIFASICO',15000.00,1,0.00,15000.00,'Sem rentenção na fonte',0,'ISENTO','M04','M04 - Regime de Exclusão',0,'Regime Simplificado',4,15,4,1,'2024-02-06 11:50:57','2024-02-06 11:50:57'),(7,'JANEIRO /TRIFASICO',15000.00,1,0.00,15000.00,'Sem rentenção na fonte',0,'ISENTO','M04','M04 - Regime de Exclusão',0,'Regime Simplificado',5,15,4,1,'2024-02-06 11:53:42','2024-02-06 11:53:42'),(8,'Janeiro Monofásico',8500.00,1,0.00,8500.00,'Sem rentenção na fonte',0,'ISENTO','M04','M04 - Regime de Exclusão',0,'Regime Simplificado',6,4,4,1,'2024-02-06 11:58:17','2024-02-06 11:58:17'),(9,'Janeiro Monofásico',8500.00,1,0.00,8500.00,'Sem rentenção na fonte',0,'ISENTO','M04','M04 - Regime de Exclusão',0,'Regime Simplificado',7,4,4,1,'2024-02-06 12:02:18','2024-02-06 12:02:18'),(10,'DEZEMBRO',8500.00,1,0.00,8500.00,'Sem rentenção na fonte',0,'ISENTO','M04','M04 - Regime de Exclusão',0,'Regime Simplificado',8,14,4,1,'2024-02-06 12:16:23','2024-02-06 12:16:23'),(11,'NOVEMBRO',8500.00,1,0.00,8500.00,'Sem rentenção na fonte',0,'ISENTO','M04','M04 - Regime de Exclusão',0,'Regime Simplificado',8,13,4,1,'2024-02-06 12:16:23','2024-02-06 12:16:23'),(12,'DEZEMBRO 5000',5000.00,1,0.00,5000.00,'Sem rentenção na fonte',0,'ISENTO','M04','M04 - Regime de Exclusão',0,'Regime Simplificado',9,18,4,1,'2024-02-06 12:33:26','2024-02-06 12:33:26'),(13,'NOVEMBRO 5000',5000.00,1,0.00,5000.00,'Sem rentenção na fonte',0,'ISENTO','M04','M04 - Regime de Exclusão',0,'Regime Simplificado',10,19,4,1,'2024-02-06 12:39:26','2024-02-06 12:39:26'),(14,'OUTUBRO 5000',5000.00,1,0.00,5000.00,'Sem rentenção na fonte',0,'ISENTO','M04','M04 - Regime de Exclusão',0,'Regime Simplificado',10,20,4,1,'2024-02-06 12:39:26','2024-02-06 12:39:26'),(15,'MARÇO',8500.00,1,0.00,8500.00,'Sem rentenção na fonte',0,'ISENTO','M04','M04 - Regime de Exclusão',0,'Regime Simplificado',11,11,4,1,'2024-02-06 12:44:30','2024-02-06 12:44:30'),(16,'FEVEREIRO',8500.00,1,0.00,8500.00,'Sem rentenção na fonte',0,'ISENTO','M04','M04 - Regime de Exclusão',0,'Regime Simplificado',11,10,4,1,'2024-02-06 12:44:30','2024-02-06 12:44:30'),(17,'Janeiro Monofásico',8500.00,1,0.00,8500.00,'Sem rentenção na fonte',0,'ISENTO','M04','M04 - Regime de Exclusão',0,'Regime Simplificado',11,4,4,1,'2024-02-06 12:44:30','2024-02-06 12:44:30'),(18,'DEZEMBRO',8500.00,1,0.00,8500.00,'Sem rentenção na fonte',0,'ISENTO','M04','M04 - Regime de Exclusão',0,'Regime Simplificado',11,14,4,1,'2024-02-06 12:44:30','2024-02-06 12:44:30'),(19,'MARÇO',8500.00,1,0.00,8500.00,'Sem rentenção na fonte',0,'ISENTO','M04','M04 - Regime de Exclusão',0,'Regime Simplificado',12,11,4,1,'2024-02-06 12:47:08','2024-02-06 12:47:08'),(20,'FEVEREIRO',8500.00,1,0.00,8500.00,'Sem rentenção na fonte',0,'ISENTO','M04','M04 - Regime de Exclusão',0,'Regime Simplificado',12,10,4,1,'2024-02-06 12:47:08','2024-02-06 12:47:08'),(21,'Janeiro Monofásico',8500.00,1,0.00,8500.00,'Sem rentenção na fonte',0,'ISENTO','M04','M04 - Regime de Exclusão',0,'Regime Simplificado',12,4,4,1,'2024-02-06 12:47:08','2024-02-06 12:47:08'),(22,'Janeiro Monofásico',8500.00,1,0.00,8500.00,'Sem rentenção na fonte',0,'ISENTO','M04','M04 - Regime de Exclusão',0,'Regime Simplificado',13,4,4,1,'2024-02-06 12:49:45','2024-02-06 12:49:45'),(23,'DEZEMBRO',8500.00,1,0.00,8500.00,'Sem rentenção na fonte',0,'ISENTO','M04','M04 - Regime de Exclusão',0,'Regime Simplificado',13,14,4,1,'2024-02-06 12:49:45','2024-02-06 12:49:45'),(24,'Janeiro Monofásico',8500.00,1,0.00,8500.00,'Sem rentenção na fonte',0,'ISENTO','M04','M04 - Regime de Exclusão',0,'Regime Simplificado',14,4,4,1,'2024-02-06 12:52:42','2024-02-06 12:52:42'),(25,'NOVEMBRO',8500.00,1,0.00,8500.00,'Sem rentenção na fonte',0,'ISENTO','M04','M04 - Regime de Exclusão',0,'Regime Simplificado',15,13,4,1,'2024-02-06 12:55:02','2024-02-06 12:55:02'),(26,'FEVEREIRO',8500.00,1,0.00,8500.00,'Sem rentenção na fonte',0,'ISENTO','M04','M04 - Regime de Exclusão',0,'Regime Simplificado',16,10,4,1,'2024-02-06 12:59:36','2024-02-06 12:59:36'),(27,'DEZEMBRO',8500.00,1,0.00,8500.00,'Sem rentenção na fonte',0,'ISENTO','M04','M04 - Regime de Exclusão',0,'Regime Simplificado',17,14,4,1,'2024-02-06 13:37:39','2024-02-06 13:37:39'),(28,'MANGUEIRA DE CANALIZAÇAO',70000.00,10,0.00,700000.00,'Sem rentenção na fonte',0,'ISENTO','M04','M04 - Regime de Exclusão',0,'Regime Simplificado',18,21,4,1,'2024-02-06 14:50:48','2024-02-06 14:50:48'),(29,'MANGUEIRA DE CANALIZAÇAO',50000.00,11,0.00,550000.00,'Sem rentenção na fonte',0,'ISENTO','M04','M04 - Regime de Exclusão',0,'Regime Simplificado',19,22,4,1,'2024-02-07 12:14:28','2024-02-07 12:14:28'),(30,'DEZEMBRO 15000',15000.00,1,0.00,15000.00,'Sem rentenção na fonte',0,'ISENTO','M04','M04 - Regime de Exclusão',0,'Regime Simplificado',20,23,4,1,'2024-02-07 13:22:50','2024-02-07 13:22:50'),(31,'JANEIRO /TRIFASICO',15000.00,1,0.00,15000.00,'Sem rentenção na fonte',0,'ISENTO','M04','M04 - Regime de Exclusão',0,'Regime Simplificado',20,15,4,1,'2024-02-07 13:22:50','2024-02-07 13:22:50'),(32,'JANEIRO 5000',5000.00,1,0.00,5000.00,'Sem rentenção na fonte',0,'ISENTO','M04','M04 - Regime de Exclusão',0,'Regime Simplificado',21,16,4,1,'2024-02-07 13:58:39','2024-02-07 13:58:39'),(33,'DEZEMBRO',8500.00,2,0.00,17000.00,'Sem rentenção na fonte',0,'ISENTO','M04','M04 - Regime de Exclusão',0,'Regime Simplificado',22,14,4,1,'2024-02-07 14:08:13','2024-02-07 14:08:13'),(34,'Janeiro Monofásico',8500.00,1,0.00,8500.00,'Sem rentenção na fonte',0,'ISENTO','M04','M04 - Regime de Exclusão',0,'Regime Simplificado',23,4,4,1,'2024-02-08 08:32:25','2024-02-08 08:32:25'),(35,'Tubos de Irrigação 1.5p',55000.00,1,0.00,55000.00,'Sem rentenção na fonte',0,'ISENTO','M04','M04 - Regime de Exclusão',0,'Regime Simplificado',24,2,4,1,'2024-02-08 08:42:35','2024-02-08 08:42:35'),(36,'FEVEREIRO',8500.00,1,0.00,8500.00,'Sem rentenção na fonte',0,'ISENTO','M04','M04 - Regime de Exclusão',0,'Regime Simplificado',25,10,4,1,'2024-02-08 09:52:37','2024-02-08 09:52:37'),(37,'Janeiro Monofásico',8500.00,3,0.00,25500.00,'Sem rentenção na fonte',0,'ISENTO','M04','M04 - Regime de Exclusão',0,'Regime Simplificado',26,4,4,1,'2024-02-08 14:16:58','2024-02-08 14:16:58'),(38,'JANEIRO /TRIFASICO',15000.00,2,0.00,30000.00,'Sem rentenção na fonte',0,'ISENTO','M04','M04 - Regime de Exclusão',0,'Regime Simplificado',27,15,4,1,'2024-02-08 14:21:01','2024-02-08 14:21:01'),(39,'FEVEREIRO',8500.00,1,0.00,8500.00,'Sem rentenção na fonte',0,'ISENTO','M04','M04 - Regime de Exclusão',0,'Regime Simplificado',28,10,4,1,'2024-02-08 14:27:22','2024-02-08 14:27:22'),(40,'Janeiro Monofásico',8500.00,1,0.00,8500.00,'Sem rentenção na fonte',0,'ISENTO','M04','M04 - Regime de Exclusão',0,'Regime Simplificado',28,4,4,1,'2024-02-08 14:27:22','2024-02-08 14:27:22'),(41,'Janeiro Monofásico',8500.00,1,0.00,8500.00,'Sem rentenção na fonte',0,'ISENTO','M04','M04 - Regime de Exclusão',0,'Regime Simplificado',29,4,4,1,'2024-02-08 14:29:26','2024-02-08 14:29:26'),(42,'DEZEMBRO 5000',5000.00,1,0.00,5000.00,'Sem rentenção na fonte',0,'ISENTO','M04','M04 - Regime de Exclusão',0,'Regime Simplificado',30,18,4,1,'2024-02-08 14:31:00','2024-02-08 14:31:00'),(43,'JANEIRO 5000',5000.00,1,0.00,5000.00,'Sem rentenção na fonte',0,'ISENTO','M04','M04 - Regime de Exclusão',0,'Regime Simplificado',30,16,4,1,'2024-02-08 14:31:00','2024-02-08 14:31:00'),(44,'Janeiro Monofásico',8500.00,1,0.00,8500.00,'Sem rentenção na fonte',0,'ISENTO','M04','M04 - Regime de Exclusão',0,'Regime Simplificado',31,4,4,1,'2024-02-08 14:31:38','2024-02-08 14:31:38'),(45,'JANEIRO /TRIFASICO',15000.00,1,0.00,15000.00,'Sem rentenção na fonte',0,'ISENTO','M04','M04 - Regime de Exclusão',0,'Regime Simplificado',32,15,4,1,'2024-02-08 14:32:10','2024-02-08 14:32:10'),(46,'FEVEREIRO',8500.00,1,0.00,8500.00,'Sem rentenção na fonte',0,'ISENTO','M04','M04 - Regime de Exclusão',0,'Regime Simplificado',33,10,4,1,'2024-02-08 14:32:44','2024-02-08 14:32:44'),(47,'Janeiro Monofásico',8500.00,1,0.00,8500.00,'Sem rentenção na fonte',0,'ISENTO','M04','M04 - Regime de Exclusão',0,'Regime Simplificado',34,4,4,1,'2024-02-08 14:35:05','2024-02-08 14:35:05'),(48,'Tubos de Irrigação 2 ,5p',100000.00,4,0.00,400000.00,'Sem rentenção na fonte',0,'ISENTO','M00','M00 - Regime Simplificado',0,'Regime Simplificado',35,5,1,1,'2024-02-09 08:33:07','2024-02-09 08:33:07'),(49,'Tubos de Irrigação 1.5p',50000.00,1,0.00,50000.00,'Sem rentenção na fonte',0,'ISENTO','M04','M04 - Regime de Exclusão',0,'Regime Simplificado',35,2,4,1,'2024-02-09 08:33:07','2024-02-09 08:33:07'),(50,'JANEIRO /TRIFASICO',15000.00,1,0.00,15000.00,'Sem rentenção na fonte',0,'ISENTO','M04','M04 - Regime de Exclusão',0,'Regime Simplificado',36,15,4,1,'2024-02-09 09:12:31','2024-02-09 09:12:31'),(51,'DEZEMBRO 15000',15000.00,1,0.00,15000.00,'Sem rentenção na fonte',0,'ISENTO','M04','M04 - Regime de Exclusão',0,'Regime Simplificado',36,23,4,1,'2024-02-09 09:12:31','2024-02-09 09:12:31'),(52,'novembro15000',15000.00,1,0.00,15000.00,'Sem rentenção na fonte',0,'ISENTO','M04','M04 - Regime de Exclusão',0,'Regime Simplificado',36,24,4,1,'2024-02-09 09:12:31','2024-02-09 09:12:31'),(53,'JANEIRO 5000',5000.00,1,0.00,5000.00,'Sem rentenção na fonte',0,'ISENTO','M04','M04 - Regime de Exclusão',0,'Regime Simplificado',37,16,4,1,'2024-02-09 09:19:26','2024-02-09 09:19:26'),(54,'Janeiro Monofásico',8500.00,1,0.00,8500.00,'Sem rentenção na fonte',0,'ISENTO','M04','M04 - Regime de Exclusão',0,'Regime Simplificado',38,4,4,1,'2024-02-09 09:20:46','2024-02-09 09:20:46'),(55,'DEZEMBRO',8500.00,1,0.00,8500.00,'Sem rentenção na fonte',0,'ISENTO','M04','M04 - Regime de Exclusão',0,'Regime Simplificado',38,14,4,1,'2024-02-09 09:20:46','2024-02-09 09:20:46'),(56,'MARÇO',8500.00,2,0.00,17000.00,'Sem rentenção na fonte',0,'ISENTO','M04','M04 - Regime de Exclusão',0,'Regime Simplificado',39,11,4,1,'2024-02-09 10:00:56','2024-02-09 10:00:56'),(57,'FEVEREIRO',8500.00,1,0.00,8500.00,'Sem rentenção na fonte',0,'ISENTO','M04','M04 - Regime de Exclusão',0,'Regime Simplificado',39,10,4,1,'2024-02-09 10:00:56','2024-02-09 10:00:56'),(58,'MARÇO',8500.00,1,0.00,8500.00,'Sem rentenção na fonte',0,'ISENTO','M04','M04 - Regime de Exclusão',0,'Regime Simplificado',39,11,4,1,'2024-02-09 10:00:56','2024-02-09 10:00:56'),(59,'JUNHO 8500',8500.00,1,0.00,8500.00,'Sem rentenção na fonte',0,'ISENTO','M04','M04 - Regime de Exclusão',0,'Regime Simplificado',39,25,4,1,'2024-02-09 10:00:56','2024-02-09 10:00:56'),(60,'Janeiro Monofásico',8500.00,1,0.00,8500.00,'Sem rentenção na fonte',0,'ISENTO','M04','M04 - Regime de Exclusão',0,'Regime Simplificado',39,4,4,1,'2024-02-09 10:00:56','2024-02-09 10:00:56'),(61,'Janeiro Monofásico',8500.00,1,0.00,8500.00,'Sem rentenção na fonte',0,'ISENTO','M04','M04 - Regime de Exclusão',0,'Regime Simplificado',40,4,4,1,'2024-02-15 08:46:31','2024-02-15 08:46:31'),(62,'DEZEMBRO',8500.00,1,0.00,8500.00,'Sem rentenção na fonte',0,'ISENTO','M04','M04 - Regime de Exclusão',0,'Regime Simplificado',40,14,4,1,'2024-02-15 08:46:31','2024-02-15 08:46:31'),(63,'JUNHO 8500',8500.00,1,0.00,8500.00,'Sem rentenção na fonte',0,'ISENTO','M04','M04 - Regime de Exclusão',0,'Regime Simplificado',41,25,4,1,'2024-02-15 08:56:15','2024-02-15 08:56:15'),(64,'julho 8500',8500.00,1,0.00,8500.00,'Sem rentenção na fonte',0,'ISENTO','M04','M04 - Regime de Exclusão',0,'Regime Simplificado',41,26,4,1,'2024-02-15 08:56:15','2024-02-15 08:56:15'),(65,'DEZEMBRO',8500.00,1,0.00,8500.00,'Sem rentenção na fonte',0,'ISENTO','M04','M04 - Regime de Exclusão',0,'Regime Simplificado',42,14,4,1,'2024-02-15 08:58:36','2024-02-15 08:58:36'),(66,'NOVEMBRO',8500.00,1,0.00,8500.00,'Sem rentenção na fonte',0,'ISENTO','M04','M04 - Regime de Exclusão',0,'Regime Simplificado',42,13,4,1,'2024-02-15 08:58:36','2024-02-15 08:58:36'),(67,'NOVEMBRO',8500.00,1,0.00,8500.00,'Sem rentenção na fonte',0,'ISENTO','M04','M04 - Regime de Exclusão',0,'Regime Simplificado',43,13,4,1,'2024-02-15 08:59:15','2024-02-15 08:59:15'),(68,'DEZEMBRO',8500.00,1,0.00,8500.00,'Sem rentenção na fonte',0,'ISENTO','M04','M04 - Regime de Exclusão',0,'Regime Simplificado',44,14,4,1,'2024-02-15 09:00:19','2024-02-15 09:00:19'),(69,'DEZEMBRO 15000',15000.00,1,0.00,15000.00,'Sem rentenção na fonte',0,'ISENTO','M04','M04 - Regime de Exclusão',0,'Regime Simplificado',45,23,4,1,'2024-02-15 09:01:27','2024-02-15 09:01:27'),(70,'novembro15000',15000.00,1,0.00,15000.00,'Sem rentenção na fonte',0,'ISENTO','M04','M04 - Regime de Exclusão',0,'Regime Simplificado',45,24,4,1,'2024-02-15 09:01:27','2024-02-15 09:01:27'),(71,'JANEIRO 5000',5000.00,1,0.00,5000.00,'Sem rentenção na fonte',0,'ISENTO','M04','M04 - Regime de Exclusão',0,'Regime Simplificado',46,16,4,1,'2024-02-15 09:03:02','2024-02-15 09:03:02'),(72,'DEZEMBRO 5000',5000.00,1,0.00,5000.00,'Sem rentenção na fonte',0,'ISENTO','M04','M04 - Regime de Exclusão',0,'Regime Simplificado',46,18,4,1,'2024-02-15 09:03:02','2024-02-15 09:03:02'),(73,'Janeiro Monofásico',8500.00,1,0.00,8500.00,'Sem rentenção na fonte',0,'ISENTO','M04','M04 - Regime de Exclusão',0,'Regime Simplificado',47,4,4,1,'2024-02-15 09:04:01','2024-02-15 09:04:01'),(74,'FEVEREIRO',8500.00,1,0.00,8500.00,'Sem rentenção na fonte',0,'ISENTO','M04','M04 - Regime de Exclusão',0,'Regime Simplificado',48,10,4,1,'2024-02-15 09:07:34','2024-02-15 09:07:34'),(75,'Janeiro Monofásico',8500.00,1,0.00,8500.00,'Sem rentenção na fonte',0,'ISENTO','M04','M04 - Regime de Exclusão',0,'Regime Simplificado',48,4,4,1,'2024-02-15 09:07:34','2024-02-15 09:07:34'),(76,'DEZEMBRO',8500.00,1,0.00,8500.00,'Sem rentenção na fonte',0,'ISENTO','M04','M04 - Regime de Exclusão',0,'Regime Simplificado',48,14,4,1,'2024-02-15 09:07:34','2024-02-15 09:07:34'),(77,'janeiro8000',8000.00,1,0.00,8000.00,'Sem rentenção na fonte',0,'ISENTO','M04','M04 - Regime de Exclusão',0,'Regime Simplificado',49,30,4,1,'2024-02-15 09:13:23','2024-02-15 09:13:23'),(78,'FEVEREIRO',8500.00,1,0.00,8500.00,'Sem rentenção na fonte',0,'ISENTO','M04','M04 - Regime de Exclusão',0,'Regime Simplificado',50,10,4,1,'2024-02-16 08:09:34','2024-02-16 08:09:34'),(79,'Janeiro Monofásico',8500.00,1,0.00,8500.00,'Sem rentenção na fonte',0,'ISENTO','M04','M04 - Regime de Exclusão',0,'Regime Simplificado',50,4,4,1,'2024-02-16 08:09:34','2024-02-16 08:09:34'),(80,'JANEIRO 5000',5000.00,1,0.00,5000.00,'Sem rentenção na fonte',0,'ISENTO','M04','M04 - Regime de Exclusão',0,'Regime Simplificado',51,16,4,1,'2024-02-16 11:34:21','2024-02-16 11:34:21'),(81,'DEZEMBRO',8500.00,1,0.00,8500.00,'Sem rentenção na fonte',0,'ISENTO','M04','M04 - Regime de Exclusão',0,'Regime Simplificado',52,14,4,1,'2024-02-19 08:12:17','2024-02-19 08:12:17'),(82,'NOVEMBRO',8500.00,1,0.00,8500.00,'Sem rentenção na fonte',0,'ISENTO','M04','M04 - Regime de Exclusão',0,'Regime Simplificado',52,13,4,1,'2024-02-19 08:12:17','2024-02-19 08:12:17'),(83,'OUTUBRO',8500.00,1,0.00,8500.00,'Sem rentenção na fonte',0,'ISENTO','M04','M04 - Regime de Exclusão',0,'Regime Simplificado',52,12,4,1,'2024-02-19 08:12:17','2024-02-19 08:12:17'),(84,'FEVEREIRO',8500.00,1,0.00,8500.00,'Sem rentenção na fonte',0,'ISENTO','M04','M04 - Regime de Exclusão',0,'Regime Simplificado',53,10,4,1,'2024-02-19 12:33:16','2024-02-19 12:33:16'),(85,'Janeiro Monofásico',8500.00,1,0.00,8500.00,'Sem rentenção na fonte',0,'ISENTO','M04','M04 - Regime de Exclusão',0,'Regime Simplificado',53,4,4,1,'2024-02-19 12:33:16','2024-02-19 12:33:16'),(86,'NOVEMBRO',8500.00,1,0.00,8500.00,'Sem rentenção na fonte',0,'ISENTO','M04','M04 - Regime de Exclusão',0,'Regime Simplificado',54,13,4,1,'2024-02-20 07:58:38','2024-02-20 07:58:38'),(87,'Janeiro Monofásico',8500.00,1,0.00,8500.00,'Sem rentenção na fonte',0,'ISENTO','M04','M04 - Regime de Exclusão',0,'Regime Simplificado',55,4,4,1,'2024-02-20 08:15:29','2024-02-20 08:15:29'),(88,'DEZEMBRO',8500.00,1,0.00,8500.00,'Sem rentenção na fonte',0,'ISENTO','M04','M04 - Regime de Exclusão',0,'Regime Simplificado',55,14,4,1,'2024-02-20 08:15:29','2024-02-20 08:15:29'),(89,'NOVEMBRO 5000',5000.00,1,0.00,5000.00,'Sem rentenção na fonte',0,'ISENTO','M04','M04 - Regime de Exclusão',0,'Regime Simplificado',56,19,4,1,'2024-02-20 08:15:57','2024-02-20 08:15:57'),(90,'JANEIRO 5000',5000.00,1,0.00,5000.00,'Sem rentenção na fonte',0,'ISENTO','M04','M04 - Regime de Exclusão',0,'Regime Simplificado',57,16,4,1,'2024-02-23 09:23:20','2024-02-23 09:23:20'),(91,'JANEIRO /TRIFASICO',15000.00,1,0.00,15000.00,'Sem rentenção na fonte',0,'ISENTO','M04','M04 - Regime de Exclusão',0,'Regime Simplificado',58,15,4,1,'2024-02-23 12:08:50','2024-02-23 12:08:50'),(92,'DEZEMBRO 15000',15000.00,1,0.00,15000.00,'Sem rentenção na fonte',0,'ISENTO','M04','M04 - Regime de Exclusão',0,'Regime Simplificado',58,23,4,1,'2024-02-23 12:08:50','2024-02-23 12:08:50'),(93,'Janeiro Monofásico',8500.00,1,0.00,8500.00,'Sem rentenção na fonte',0,'ISENTO','M04','M04 - Regime de Exclusão',0,'Regime Simplificado',59,4,4,1,'2024-02-26 10:36:00','2024-02-26 10:36:00'),(94,'FEVEREIRO',8500.00,1,0.00,8500.00,'Sem rentenção na fonte',0,'ISENTO','M04','M04 - Regime de Exclusão',0,'Regime Simplificado',60,10,4,1,'2024-02-26 10:36:44','2024-02-26 10:36:44'),(95,'Janeiro Monofásico',8500.00,1,0.00,8500.00,'Sem rentenção na fonte',0,'ISENTO','M04','M04 - Regime de Exclusão',0,'Regime Simplificado',60,4,4,1,'2024-02-26 10:36:44','2024-02-26 10:36:44'),(96,'Tubos de Irrigação 1.5p',50000.00,5,0.00,250000.00,'Sem rentenção na fonte',0,'ISENTO','M04','M04 - Regime de Exclusão',0,'Regime Simplificado',61,2,4,1,'2024-02-27 10:38:40','2024-02-27 10:38:40'),(97,'MANGUEIRA 70000',70000.00,4,0.00,280000.00,'Sem rentenção na fonte',0,'ISENTO','M04','M04 - Regime de Exclusão',0,'Regime Simplificado',62,32,4,1,'2024-02-27 11:37:54','2024-02-27 11:37:54'),(98,'MANGUEIRA 100000',100000.00,4,0.00,400000.00,'Sem rentenção na fonte',0,'ISENTO','M04','M04 - Regime de Exclusão',0,'Regime Simplificado',62,34,4,1,'2024-02-27 11:37:54','2024-02-27 11:37:54'),(99,'MANGUEIRA 100000',100000.00,7,0.00,700000.00,'Sem rentenção na fonte',0,'ISENTO','M04','M04 - Regime de Exclusão',0,'Regime Simplificado',63,34,4,1,'2024-02-27 11:41:58','2024-02-27 11:41:58'),(100,'MANGUEIRA 70000',70000.00,1,0.00,70000.00,'Sem rentenção na fonte',0,'ISENTO','M04','M04 - Regime de Exclusão',0,'Regime Simplificado',63,32,4,1,'2024-02-27 11:41:58','2024-02-27 11:41:58'),(101,'MANGUEIRA 70000',70000.00,2,0.00,140000.00,'Sem rentenção na fonte',0,'ISENTO','M04','M04 - Regime de Exclusão',0,'Regime Simplificado',64,32,4,1,'2024-02-27 11:47:30','2024-02-27 11:47:30'),(102,'MANGUEIRA 100000',100000.00,3,0.00,300000.00,'Sem rentenção na fonte',0,'ISENTO','M04','M04 - Regime de Exclusão',0,'Regime Simplificado',64,34,4,1,'2024-02-27 11:47:30','2024-02-27 11:47:30'),(103,'MANUEIRA 3PLGDA',150000.00,1,0.00,150000.00,'Sem rentenção na fonte',0,'ISENTO','M04','M04 - Regime de Exclusão',0,'Regime Simplificado',64,35,4,1,'2024-02-27 11:47:30','2024-02-27 11:47:30'),(104,'MANGUEIRA 70000',70000.00,9,0.00,630000.00,'Sem rentenção na fonte',0,'ISENTO','M04','M04 - Regime de Exclusão',0,'Regime Simplificado',65,32,4,1,'2024-02-27 11:49:38','2024-02-27 11:49:38'),(105,'Tubos de Irrigação 1.5p',50000.00,2,0.00,100000.00,'Sem rentenção na fonte',0,'ISENTO','M04','M04 - Regime de Exclusão',0,'Regime Simplificado',66,2,4,1,'2024-02-27 11:51:54','2024-02-27 11:51:54'),(106,'Tubos de Irrigação 1.5p',50000.00,9,0.00,450000.00,'Sem rentenção na fonte',0,'ISENTO','M04','M04 - Regime de Exclusão',0,'Regime Simplificado',67,2,4,1,'2024-02-27 11:58:04','2024-02-27 11:58:04'),(107,'MANGUEIRA 100000',100000.00,4,0.00,400000.00,'Sem rentenção na fonte',0,'ISENTO','M04','M04 - Regime de Exclusão',0,'Regime Simplificado',68,34,4,1,'2024-02-27 11:59:29','2024-02-27 11:59:29'),(108,'MANGUEIRA 70000',70000.00,4,0.00,280000.00,'Sem rentenção na fonte',0,'ISENTO','M04','M04 - Regime de Exclusão',0,'Regime Simplificado',68,32,4,1,'2024-02-27 11:59:29','2024-02-27 11:59:29'),(109,'MANGUEIRA 70000',70000.00,11,0.00,770000.00,'Sem rentenção na fonte',0,'ISENTO','M04','M04 - Regime de Exclusão',0,'Regime Simplificado',69,32,4,1,'2024-02-27 12:18:12','2024-02-27 12:18:12'),(110,'MANGUEIRA 70000',70000.00,10,0.00,700000.00,'Sem rentenção na fonte',0,'ISENTO','M04','M04 - Regime de Exclusão',0,'Regime Simplificado',70,32,4,1,'2024-02-27 12:18:52','2024-02-27 12:18:52'),(111,'2/5 POLEGADA 105',105000.00,1,0.00,105000.00,'Sem rentenção na fonte',0,'ISENTO','M04','M04 - Regime de Exclusão',0,'Regime Simplificado',71,38,4,1,'2024-02-27 12:19:58','2024-02-27 12:19:58'),(112,'MANGUEIRA75000',75000.00,1,0.00,75000.00,'Sem rentenção na fonte',0,'ISENTO','M04','M04 - Regime de Exclusão',0,'Regime Simplificado',71,37,4,1,'2024-02-27 12:19:58','2024-02-27 12:19:58'),(113,'Tubos de Irrigação 1.5p',50000.00,8,0.00,400000.00,'Sem rentenção na fonte',0,'ISENTO','M04','M04 - Regime de Exclusão',0,'Regime Simplificado',72,2,4,1,'2024-02-27 12:22:26','2024-02-27 12:22:26'),(114,'MANGUEIRA 70000',70000.00,3,0.00,210000.00,'Sem rentenção na fonte',0,'ISENTO','M04','M04 - Regime de Exclusão',0,'Regime Simplificado',72,32,4,1,'2024-02-27 12:22:26','2024-02-27 12:22:26'),(115,'Tubos de Irrigação 1.5p',50000.00,6,0.00,300000.00,'Sem rentenção na fonte',0,'ISENTO','M04','M04 - Regime de Exclusão',0,'Regime Simplificado',73,2,4,1,'2024-02-27 12:23:52','2024-02-27 12:23:52'),(116,'Tubos de Irrigação 1.5p',50000.00,15,0.00,750000.00,'Sem rentenção na fonte',0,'ISENTO','M04','M04 - Regime de Exclusão',0,'Regime Simplificado',74,2,4,1,'2024-02-27 12:25:30','2024-02-27 12:25:30'),(117,'MANGUEIRA75000',75000.00,1,0.00,75000.00,'Sem rentenção na fonte',0,'ISENTO','M04','M04 - Regime de Exclusão',0,'Regime Simplificado',75,37,4,1,'2024-02-27 12:28:32','2024-02-27 12:28:32'),(118,'DEZEMBRO 15000',15000.00,1,0.00,15000.00,'Sem rentenção na fonte',0,'ISENTO','M04','M04 - Regime de Exclusão',0,'Regime Simplificado',76,23,4,1,'2024-02-28 12:57:54','2024-02-28 12:57:54'),(119,'JANEIRO /TRIFASICO',15000.00,1,0.00,15000.00,'Sem rentenção na fonte',0,'ISENTO','M04','M04 - Regime de Exclusão',0,'Regime Simplificado',76,15,4,1,'2024-02-28 12:57:54','2024-02-28 12:57:54'),(120,'FEVEREIRO',8500.00,1,0.00,8500.00,'Sem rentenção na fonte',0,'ISENTO','M04','M04 - Regime de Exclusão',0,'Regime Simplificado',77,10,4,1,'2024-02-28 15:00:11','2024-02-28 15:00:11'),(121,'MARÇO',8500.00,1,0.00,8500.00,'Sem rentenção na fonte',0,'ISENTO','M04','M04 - Regime de Exclusão',0,'Regime Simplificado',78,11,4,1,'2024-02-28 15:00:43','2024-02-28 15:00:43'),(122,'MUDANÇA /ENERGIA TRIFASICA',100000.00,1,0.00,100000.00,'Sem rentenção na fonte',0,'ISENTO','M04','M04 - Regime de Exclusão',0,'Regime Simplificado',79,39,4,1,'2024-02-29 08:05:03','2024-02-29 08:05:03'),(123,'fevereiro5000',5000.00,1,0.00,5000.00,'Sem rentenção na fonte',0,'ISENTO','M04','M04 - Regime de Exclusão',0,'Regime Simplificado',80,29,4,1,'2024-03-04 10:01:36','2024-03-04 10:01:36'),(124,'Janeiro Monofásico',8500.00,1,0.00,8500.00,'Sem rentenção na fonte',0,'ISENTO','M04','M04 - Regime de Exclusão',0,'Regime Simplificado',81,4,4,1,'2024-03-04 10:02:21','2024-03-04 10:02:21'),(125,'MARÇO',8500.00,1,0.00,8500.00,'Sem rentenção na fonte',0,'ISENTO','M04','M04 - Regime de Exclusão',0,'Regime Simplificado',82,11,4,1,'2024-03-04 10:04:08','2024-03-04 10:04:08'),(126,'FEVEREIRO',8500.00,1,0.00,8500.00,'Sem rentenção na fonte',0,'ISENTO','M04','M04 - Regime de Exclusão',0,'Regime Simplificado',82,10,4,1,'2024-03-04 10:04:08','2024-03-04 10:04:08'),(127,'Janeiro Monofásico',8500.00,1,0.00,8500.00,'Sem rentenção na fonte',0,'ISENTO','M04','M04 - Regime de Exclusão',0,'Regime Simplificado',82,4,4,1,'2024-03-04 10:04:08','2024-03-04 10:04:08'),(128,'Tubos de Irrigação 2 ,5p',100000.00,1,0.00,100000.00,'Sem rentenção na fonte',0,'ISENTO','M00','M00 - Regime Simplificado',0,'Regime Simplificado',83,5,1,1,'2024-03-05 14:17:09','2024-03-05 14:17:09'),(129,'Tubos de Irrigação 1.5p',50000.00,10,0.00,500000.00,'Sem rentenção na fonte',0,'ISENTO','M04','M04 - Regime de Exclusão',0,'Regime Simplificado',83,2,4,1,'2024-03-05 14:17:09','2024-03-05 14:17:09'),(130,'MANUEIRA 3PLGDA',150000.00,5,0.00,750000.00,'Sem rentenção na fonte',0,'ISENTO','M04','M04 - Regime de Exclusão',0,'Regime Simplificado',84,35,4,1,'2024-03-05 14:21:00','2024-03-05 14:21:00'),(131,'Tubos de Irrigação 1.5p',50000.00,4,0.00,200000.00,'Sem rentenção na fonte',0,'ISENTO','M04','M04 - Regime de Exclusão',0,'Regime Simplificado',85,2,4,1,'2024-03-06 13:21:41','2024-03-06 13:21:41'),(132,'MANGUEIRA DE CANALIZAÇAO',70000.00,6,0.00,420000.00,'Sem rentenção na fonte',0,'ISENTO','M04','M04 - Regime de Exclusão',0,'Regime Simplificado',85,21,4,1,'2024-03-06 13:21:41','2024-03-06 13:21:41'),(133,'MANGUEIRA DE CANALIZAÇAO',70000.00,3,0.00,210000.00,'Sem rentenção na fonte',0,'ISENTO','M04','M04 - Regime de Exclusão',0,'Regime Simplificado',86,21,4,1,'2024-03-06 13:22:47','2024-03-06 13:22:47'),(134,'Tubos de Irrigação 1.5p',50000.00,7,0.00,350000.00,'Sem rentenção na fonte',0,'ISENTO','M04','M04 - Regime de Exclusão',0,'Regime Simplificado',86,2,4,1,'2024-03-06 13:22:47','2024-03-06 13:22:47'),(135,'FEVEREIRO',8500.00,1,0.00,8500.00,'Sem rentenção na fonte',0,'ISENTO','M04','M04 - Regime de Exclusão',0,'Regime Simplificado',87,10,4,1,'2024-03-06 13:36:28','2024-03-06 13:36:28'),(136,'Janeiro Monofásico',8500.00,1,0.00,8500.00,'Sem rentenção na fonte',0,'ISENTO','M04','M04 - Regime de Exclusão',0,'Regime Simplificado',87,4,4,1,'2024-03-06 13:36:28','2024-03-06 13:36:28'),(137,'FEVEREIRO 15000',15000.00,1,0.00,15000.00,'Sem rentenção na fonte',0,'ISENTO','M04','M04 - Regime de Exclusão',0,'Regime Simplificado',88,41,4,1,'2024-03-06 13:39:10','2024-03-06 13:39:10'),(138,'MARÇO15000',15000.00,1,0.00,15000.00,'Sem rentenção na fonte',0,'ISENTO','M04','M04 - Regime de Exclusão',0,'Regime Simplificado',89,42,4,1,'2024-03-06 13:41:04','2024-03-06 13:41:04'),(139,'FEVEREIRO 15000',15000.00,1,0.00,15000.00,'Sem rentenção na fonte',0,'ISENTO','M04','M04 - Regime de Exclusão',0,'Regime Simplificado',89,41,4,1,'2024-03-06 13:41:04','2024-03-06 13:41:04'),(140,'JANEIRO /TRIFASICO',15000.00,1,0.00,15000.00,'Sem rentenção na fonte',0,'ISENTO','M04','M04 - Regime de Exclusão',0,'Regime Simplificado',89,15,4,1,'2024-03-06 13:41:04','2024-03-06 13:41:04'),(141,'MARÇO',8500.00,1,0.00,8500.00,'Sem rentenção na fonte',0,'ISENTO','M04','M04 - Regime de Exclusão',0,'Regime Simplificado',90,11,4,1,'2024-03-06 13:41:50','2024-03-06 13:41:50'),(142,'janeiro 5000',5000.00,1,0.00,5000.00,'Sem rentenção na fonte',0,'ISENTO','M04','M04 - Regime de Exclusão',0,'Regime Simplificado',91,28,4,1,'2024-03-06 13:42:23','2024-03-06 13:42:23'),(143,'DEZEMBRO 5000',5000.00,1,0.00,5000.00,'Sem rentenção na fonte',0,'ISENTO','M04','M04 - Regime de Exclusão',0,'Regime Simplificado',91,18,4,1,'2024-03-06 13:42:23','2024-03-06 13:42:23'),(144,'MARÇO',8500.00,1,0.00,8500.00,'Sem rentenção na fonte',0,'ISENTO','M04','M04 - Regime de Exclusão',0,'Regime Simplificado',92,11,4,1,'2024-03-12 09:12:43','2024-03-12 09:12:43'),(145,'FEVEREIRO',8500.00,1,0.00,8500.00,'Sem rentenção na fonte',0,'ISENTO','M04','M04 - Regime de Exclusão',0,'Regime Simplificado',92,10,4,1,'2024-03-12 09:12:43','2024-03-12 09:12:43'),(146,'Janeiro Monofásico',8500.00,1,0.00,8500.00,'Sem rentenção na fonte',0,'ISENTO','M04','M04 - Regime de Exclusão',0,'Regime Simplificado',93,4,4,1,'2024-03-12 09:13:46','2024-03-12 09:13:46'),(147,'Janeiro Monofásico',8500.00,1,0.00,8500.00,'Sem rentenção na fonte',0,'ISENTO','M04','M04 - Regime de Exclusão',0,'Regime Simplificado',94,4,4,1,'2024-03-12 09:14:18','2024-03-12 09:14:18'),(148,'FEVEREIRO 15000',15000.00,1,0.00,15000.00,'Sem rentenção na fonte',0,'ISENTO','M04','M04 - Regime de Exclusão',0,'Regime Simplificado',95,41,4,1,'2024-03-12 09:15:20','2024-03-12 09:15:20'),(149,'FEVEREIRO',8500.00,1,0.00,8500.00,'Sem rentenção na fonte',0,'ISENTO','M04','M04 - Regime de Exclusão',0,'Regime Simplificado',96,10,4,1,'2024-03-13 09:11:11','2024-03-13 09:11:11'),(150,'Janeiro Monofásico',8500.00,1,0.00,8500.00,'Sem rentenção na fonte',0,'ISENTO','M04','M04 - Regime de Exclusão',0,'Regime Simplificado',96,4,4,1,'2024-03-13 09:11:11','2024-03-13 09:11:11'),(151,'TAXA RELIGAÇAO',3000.00,1,0.00,3000.00,'Sem rentenção na fonte',0,'ISENTO','M04','M04 - Regime de Exclusão',0,'Regime Simplificado',96,44,4,1,'2024-03-13 09:11:11','2024-03-13 09:11:11'),(152,'DEZEMBRO',8500.00,1,0.00,8500.00,'Sem rentenção na fonte',0,'ISENTO','M04','M04 - Regime de Exclusão',0,'Regime Simplificado',96,14,4,1,'2024-03-13 09:11:11','2024-03-13 09:11:11'),(153,'OUTUBRO',8500.00,1,0.00,8500.00,'Sem rentenção na fonte',0,'ISENTO','M04','M04 - Regime de Exclusão',0,'Regime Simplificado',96,12,4,1,'2024-03-13 09:11:11','2024-03-13 09:11:11'),(154,'NOVEMBRO',8500.00,1,0.00,8500.00,'Sem rentenção na fonte',0,'ISENTO','M04','M04 - Regime de Exclusão',0,'Regime Simplificado',96,13,4,1,'2024-03-13 09:11:11','2024-03-13 09:11:11'),(155,'fevereiro5000',5000.00,1,0.00,5000.00,'Sem rentenção na fonte',0,'ISENTO','M04','M04 - Regime de Exclusão',0,'Regime Simplificado',97,29,4,1,'2024-03-13 09:14:10','2024-03-13 09:14:10'),(156,'DEZEMBRO 5000',5000.00,1,0.00,5000.00,'Sem rentenção na fonte',0,'ISENTO','M04','M04 - Regime de Exclusão',0,'Regime Simplificado',98,18,4,1,'2024-03-13 09:15:50','2024-03-13 09:15:50'),(157,'JANEIRO 5000',5000.00,1,0.00,5000.00,'Sem rentenção na fonte',0,'ISENTO','M04','M04 - Regime de Exclusão',0,'Regime Simplificado',98,16,4,1,'2024-03-13 09:15:50','2024-03-13 09:15:50'),(158,'MARÇO',8500.00,1,0.00,8500.00,'Sem rentenção na fonte',0,'ISENTO','M04','M04 - Regime de Exclusão',0,'Regime Simplificado',99,11,4,1,'2024-03-13 09:16:30','2024-03-13 09:16:30'),(159,'FEVEREIRO',8500.00,1,0.00,8500.00,'Sem rentenção na fonte',0,'ISENTO','M04','M04 - Regime de Exclusão',0,'Regime Simplificado',100,10,4,1,'2024-03-13 09:17:16','2024-03-13 09:17:16'),(160,'Janeiro Monofásico',8500.00,1,0.00,8500.00,'Sem rentenção na fonte',0,'ISENTO','M04','M04 - Regime de Exclusão',0,'Regime Simplificado',100,4,4,1,'2024-03-13 09:17:16','2024-03-13 09:17:16'),(161,'FEVEREIRO',8500.00,1,0.00,8500.00,'Sem rentenção na fonte',0,'ISENTO','M04','M04 - Regime de Exclusão',0,'Regime Simplificado',101,10,4,1,'2024-03-13 09:18:16','2024-03-13 09:18:16'),(162,'Janeiro Monofásico',8500.00,1,0.00,8500.00,'Sem rentenção na fonte',0,'ISENTO','M04','M04 - Regime de Exclusão',0,'Regime Simplificado',101,4,4,1,'2024-03-13 09:18:16','2024-03-13 09:18:16'),(163,'DEZEMBRO',8500.00,1,0.00,8500.00,'Sem rentenção na fonte',0,'ISENTO','M04','M04 - Regime de Exclusão',0,'Regime Simplificado',102,14,4,1,'2024-03-13 09:21:31','2024-03-13 09:21:31'),(164,'NOVEMBRO',8500.00,1,0.00,8500.00,'Sem rentenção na fonte',0,'ISENTO','M04','M04 - Regime de Exclusão',0,'Regime Simplificado',102,13,4,1,'2024-03-13 09:21:31','2024-03-13 09:21:31'),(165,'OUTUBRO',8500.00,1,0.00,8500.00,'Sem rentenção na fonte',0,'ISENTO','M04','M04 - Regime de Exclusão',0,'Regime Simplificado',102,12,4,1,'2024-03-13 09:21:31','2024-03-13 09:21:31'),(166,'SETEMBRO8500',8500.00,1,0.00,8500.00,'Sem rentenção na fonte',0,'ISENTO','M04','M04 - Regime de Exclusão',0,'Regime Simplificado',102,45,4,1,'2024-03-13 09:21:31','2024-03-13 09:21:31'),(167,'JANEIRO 5000',5000.00,1,0.00,5000.00,'Sem rentenção na fonte',0,'ISENTO','M04','M04 - Regime de Exclusão',0,'Regime Simplificado',103,16,4,1,'2024-03-13 09:24:43','2024-03-13 09:24:43'),(168,'fevereiro5000',5000.00,1,0.00,5000.00,'Sem rentenção na fonte',0,'ISENTO','M04','M04 - Regime de Exclusão',0,'Regime Simplificado',104,29,4,1,'2024-03-13 10:14:51','2024-03-13 10:14:51'),(169,'DEZEMBRO',8500.00,1,0.00,8500.00,'Sem rentenção na fonte',0,'ISENTO','M04','M04 - Regime de Exclusão',0,'Regime Simplificado',105,14,4,1,'2024-03-13 10:17:01','2024-03-13 10:17:01'),(170,'NOVEMBRO',8500.00,1,0.00,8500.00,'Sem rentenção na fonte',0,'ISENTO','M04','M04 - Regime de Exclusão',0,'Regime Simplificado',105,13,4,1,'2024-03-13 10:17:01','2024-03-13 10:17:01'),(171,'DEZEMBRO',8500.00,1,0.00,8500.00,'Sem rentenção na fonte',0,'ISENTO','M04','M04 - Regime de Exclusão',0,'Regime Simplificado',105,14,4,1,'2024-03-13 10:17:01','2024-03-13 10:17:01'),(172,'Janeiro Monofásico',8500.00,1,0.00,8500.00,'Sem rentenção na fonte',0,'ISENTO','M04','M04 - Regime de Exclusão',0,'Regime Simplificado',106,4,4,1,'2024-03-13 10:17:41','2024-03-13 10:17:41'),(173,'MARÇO',8500.00,1,0.00,8500.00,'Sem rentenção na fonte',0,'ISENTO','M04','M04 - Regime de Exclusão',0,'Regime Simplificado',107,11,4,1,'2024-03-13 10:18:55','2024-03-13 10:18:55'),(174,'FEVEREIRO',8500.00,1,0.00,8500.00,'Sem rentenção na fonte',0,'ISENTO','M04','M04 - Regime de Exclusão',0,'Regime Simplificado',108,10,4,1,'2024-03-13 10:19:25','2024-03-13 10:19:25'),(175,'DEZEMBRO',8500.00,6,0.00,51000.00,'Sem rentenção na fonte',0,'ISENTO','M04','M04 - Regime de Exclusão',0,'Regime Simplificado',109,14,4,1,'2024-03-13 10:21:07','2024-03-13 10:21:07'),(176,'Janeiro Monofásico',8500.00,6,0.00,51000.00,'Sem rentenção na fonte',0,'ISENTO','M04','M04 - Regime de Exclusão',0,'Regime Simplificado',109,4,4,1,'2024-03-13 10:21:07','2024-03-13 10:21:07'),(177,'ENERGIA MONOFASICA',150000.00,1,0.00,150000.00,'Sem rentenção na fonte',0,'ISENTO','M04','M04 - Regime de Exclusão',0,'Regime Simplificado',110,40,4,1,'2024-03-13 10:27:08','2024-03-13 10:27:08'),(178,'fevereiro5000',5000.00,1,0.00,5000.00,'Sem rentenção na fonte',0,'ISENTO','M04','M04 - Regime de Exclusão',0,'Regime Simplificado',111,29,4,1,'2024-03-19 12:23:33','2024-03-19 12:23:33'),(179,'ABRIL8500',8500.00,1,0.00,8500.00,'Sem rentenção na fonte',0,'ISENTO','M04','M04 - Regime de Exclusão',0,'Regime Simplificado',112,43,4,1,'2024-03-19 13:15:31','2024-03-19 13:15:31'),(180,'MARÇO',8500.00,1,0.00,8500.00,'Sem rentenção na fonte',0,'ISENTO','M04','M04 - Regime de Exclusão',0,'Regime Simplificado',112,11,4,1,'2024-03-19 13:15:31','2024-03-19 13:15:31'),(181,'FEVEREIRO',8500.00,1,0.00,8500.00,'Sem rentenção na fonte',0,'ISENTO','M04','M04 - Regime de Exclusão',0,'Regime Simplificado',112,10,4,1,'2024-03-19 13:15:31','2024-03-19 13:15:31'),(182,'Janeiro Monofásico',8500.00,1,0.00,8500.00,'Sem rentenção na fonte',0,'ISENTO','M04','M04 - Regime de Exclusão',0,'Regime Simplificado',112,4,4,1,'2024-03-19 13:15:31','2024-03-19 13:15:31'),(183,'DEZEMBRO',8500.00,1,0.00,8500.00,'Sem rentenção na fonte',0,'ISENTO','M04','M04 - Regime de Exclusão',0,'Regime Simplificado',112,14,4,1,'2024-03-19 13:15:31','2024-03-19 13:15:31'),(184,'MARÇO15000',15000.00,1,0.00,15000.00,'Sem rentenção na fonte',0,'ISENTO','M04','M04 - Regime de Exclusão',0,'Regime Simplificado',113,42,4,1,'2024-03-19 13:17:07','2024-03-19 13:17:07'),(185,'FEVEREIRO 15000',15000.00,1,0.00,15000.00,'Sem rentenção na fonte',0,'ISENTO','M04','M04 - Regime de Exclusão',0,'Regime Simplificado',113,41,4,1,'2024-03-19 13:17:07','2024-03-19 13:17:07'),(186,'JANEIRO /TRIFASICO',15000.00,1,0.00,15000.00,'Sem rentenção na fonte',0,'ISENTO','M04','M04 - Regime de Exclusão',0,'Regime Simplificado',113,15,4,1,'2024-03-19 13:17:07','2024-03-19 13:17:07'),(187,'DEZEMBRO',8500.00,1,0.00,8500.00,'Sem rentenção na fonte',0,'ISENTO','M04','M04 - Regime de Exclusão',0,'Regime Simplificado',114,14,4,1,'2024-03-19 13:18:04','2024-03-19 13:18:04'),(188,'NOVEMBRO',8500.00,1,0.00,8500.00,'Sem rentenção na fonte',0,'ISENTO','M04','M04 - Regime de Exclusão',0,'Regime Simplificado',114,13,4,1,'2024-03-19 13:18:04','2024-03-19 13:18:04'),(189,'MARÇO',8500.00,1,0.00,8500.00,'Sem rentenção na fonte',0,'ISENTO','M04','M04 - Regime de Exclusão',0,'Regime Simplificado',115,11,4,1,'2024-03-19 13:19:13','2024-03-19 13:19:13'),(190,'FEVEREIRO',8500.00,1,0.00,8500.00,'Sem rentenção na fonte',0,'ISENTO','M04','M04 - Regime de Exclusão',0,'Regime Simplificado',115,10,4,1,'2024-03-19 13:19:13','2024-03-19 13:19:13'),(191,'Janeiro Monofásico',8500.00,1,0.00,8500.00,'Sem rentenção na fonte',0,'ISENTO','M04','M04 - Regime de Exclusão',0,'Regime Simplificado',116,4,4,1,'2024-03-20 10:18:13','2024-03-20 10:18:13'),(192,'janeiro8000',8000.00,4,0.00,32000.00,'Sem rentenção na fonte',0,'ISENTO','M04','M04 - Regime de Exclusão',0,'Regime Simplificado',117,30,4,1,'2024-03-20 10:19:56','2024-03-20 10:19:56'),(193,'Janeiro Monofásico',8500.00,1,0.00,8500.00,'Sem rentenção na fonte',0,'ISENTO','M04','M04 - Regime de Exclusão',0,'Regime Simplificado',118,4,4,1,'2024-03-20 10:20:36','2024-03-20 10:20:36'),(194,'DEZEMBRO',8500.00,1,0.00,8500.00,'Sem rentenção na fonte',0,'ISENTO','M04','M04 - Regime de Exclusão',0,'Regime Simplificado',119,14,4,1,'2024-03-21 14:12:22','2024-03-21 14:12:22'),(195,'NOVEMBRO',8500.00,1,0.00,8500.00,'Sem rentenção na fonte',0,'ISENTO','M04','M04 - Regime de Exclusão',0,'Regime Simplificado',119,13,4,1,'2024-03-21 14:12:22','2024-03-21 14:12:22'),(196,'MARÇO',8500.00,1,0.00,8500.00,'Sem rentenção na fonte',0,'ISENTO','M04','M04 - Regime de Exclusão',0,'Regime Simplificado',120,11,4,1,'2024-03-21 14:21:15','2024-03-21 14:21:15'),(197,'FEVEREIRO',8500.00,1,0.00,8500.00,'Sem rentenção na fonte',0,'ISENTO','M04','M04 - Regime de Exclusão',0,'Regime Simplificado',120,10,4,1,'2024-03-21 14:21:15','2024-03-21 14:21:15'),(198,'Janeiro Monofásico',8500.00,1,0.00,8500.00,'Sem rentenção na fonte',0,'ISENTO','M04','M04 - Regime de Exclusão',0,'Regime Simplificado',120,4,4,1,'2024-03-21 14:21:15','2024-03-21 14:21:15'),(199,'DEZEMBRO',8500.00,1,0.00,8500.00,'Sem rentenção na fonte',0,'ISENTO','M04','M04 - Regime de Exclusão',0,'Regime Simplificado',120,14,4,1,'2024-03-21 14:21:15','2024-03-21 14:21:15'),(200,'NOVEMBRO',8500.00,1,0.00,8500.00,'Sem rentenção na fonte',0,'ISENTO','M04','M04 - Regime de Exclusão',0,'Regime Simplificado',120,13,4,1,'2024-03-21 14:21:15','2024-03-21 14:21:15'),(201,'OUTUBRO',8500.00,1,0.00,8500.00,'Sem rentenção na fonte',0,'ISENTO','M04','M04 - Regime de Exclusão',0,'Regime Simplificado',120,12,4,1,'2024-03-21 14:21:15','2024-03-21 14:21:15'),(202,'MARÇO15000',15000.00,2,0.00,30000.00,'Sem rentenção na fonte',0,'ISENTO','M04','M04 - Regime de Exclusão',0,'Regime Simplificado',121,42,4,1,'2024-03-21 14:23:16','2024-03-21 14:23:16'),(203,'Janeiro Monofásico',8500.00,1,0.00,8500.00,'Sem rentenção na fonte',0,'ISENTO','M04','M04 - Regime de Exclusão',0,'Regime Simplificado',122,4,4,1,'2024-03-21 14:24:14','2024-03-21 14:24:14'),(204,'DEZEMBRO 5000',5000.00,1,0.00,5000.00,'Sem rentenção na fonte',0,'ISENTO','M04','M04 - Regime de Exclusão',0,'Regime Simplificado',123,18,4,1,'2024-03-21 14:24:37','2024-03-21 14:24:37'),(205,'FEVEREIRO',8500.00,1,0.00,8500.00,'Sem rentenção na fonte',0,'ISENTO','M04','M04 - Regime de Exclusão',0,'Regime Simplificado',124,10,4,1,'2024-03-21 14:25:11','2024-03-21 14:25:11'),(206,'FEVEREIRO',8500.00,1,0.00,8500.00,'Sem rentenção na fonte',0,'ISENTO','M04','M04 - Regime de Exclusão',0,'Regime Simplificado',125,10,4,1,'2024-03-21 14:26:16','2024-03-21 14:26:16'),(207,'Janeiro Monofásico',8500.00,1,0.00,8500.00,'Sem rentenção na fonte',0,'ISENTO','M04','M04 - Regime de Exclusão',0,'Regime Simplificado',125,4,4,1,'2024-03-21 14:26:16','2024-03-21 14:26:16'),(208,'FEVEREIRO',8500.00,1,0.00,8500.00,'Sem rentenção na fonte',0,'ISENTO','M04','M04 - Regime de Exclusão',0,'Regime Simplificado',126,10,4,1,'2024-03-25 08:15:55','2024-03-25 08:15:55'),(209,'DEZEMBRO',8500.00,1,0.00,8500.00,'Sem rentenção na fonte',0,'ISENTO','M04','M04 - Regime de Exclusão',0,'Regime Simplificado',127,14,4,1,'2024-03-25 08:16:23','2024-03-25 08:16:23'),(210,'MANGUEIRA2 POLEGADA',85000.00,8,0.00,680000.00,'Sem rentenção na fonte',0,'ISENTO','M04','M04 - Regime de Exclusão',0,'Regime Simplificado',128,31,4,1,'2024-04-03 14:30:37','2024-04-03 14:30:37'),(211,'fevereiro5000',5000.00,1,0.00,5000.00,'Sem rentenção na fonte',0,'ISENTO','M04','M04 - Regime de Exclusão',0,'Regime Simplificado',129,29,4,1,'2024-04-09 07:57:41','2024-04-09 07:57:41'),(212,'JANEIRO 5000',5000.00,1,0.00,5000.00,'Sem rentenção na fonte',0,'ISENTO','M04','M04 - Regime de Exclusão',0,'Regime Simplificado',129,16,4,1,'2024-04-09 07:57:41','2024-04-09 07:57:41'),(213,'FEVEREIRO',8500.00,1,0.00,8500.00,'Sem rentenção na fonte',0,'ISENTO','M04','M04 - Regime de Exclusão',0,'Regime Simplificado',130,10,4,1,'2024-04-09 07:59:23','2024-04-09 07:59:23'),(214,'ABRIL8500',8500.00,1,0.00,8500.00,'Sem rentenção na fonte',0,'ISENTO','M04','M04 - Regime de Exclusão',0,'Regime Simplificado',130,43,4,1,'2024-04-09 07:59:23','2024-04-09 07:59:23'),(215,'MARÇO',8500.00,1,0.00,8500.00,'Sem rentenção na fonte',0,'ISENTO','M04','M04 - Regime de Exclusão',0,'Regime Simplificado',130,11,4,1,'2024-04-09 07:59:23','2024-04-09 07:59:23'),(216,'ABRIL 5000',5000.00,1,0.00,5000.00,'Sem rentenção na fonte',0,'ISENTO','M04','M04 - Regime de Exclusão',0,'Regime Simplificado',131,17,4,1,'2024-04-09 08:00:08','2024-04-09 08:00:08'),(217,'MARÇO',8500.00,1,0.00,8500.00,'Sem rentenção na fonte',0,'ISENTO','M04','M04 - Regime de Exclusão',0,'Regime Simplificado',132,11,4,1,'2024-04-09 08:00:53','2024-04-09 08:00:53'),(218,'ABRIL8500',8500.00,1,0.00,8500.00,'Sem rentenção na fonte',0,'ISENTO','M04','M04 - Regime de Exclusão',0,'Regime Simplificado',133,43,4,1,'2024-04-09 08:02:10','2024-04-09 08:02:10'),(219,'MARÇO',8500.00,1,0.00,8500.00,'Sem rentenção na fonte',0,'ISENTO','M04','M04 - Regime de Exclusão',0,'Regime Simplificado',134,11,4,1,'2024-04-09 08:02:45','2024-04-09 08:02:45'),(220,'FEVEREIRO',8500.00,1,0.00,8500.00,'Sem rentenção na fonte',0,'ISENTO','M04','M04 - Regime de Exclusão',0,'Regime Simplificado',134,10,4,1,'2024-04-09 08:02:45','2024-04-09 08:02:45'),(221,'DEZEMBRO',8500.00,1,0.00,8500.00,'Sem rentenção na fonte',0,'ISENTO','M04','M04 - Regime de Exclusão',0,'Regime Simplificado',135,14,4,1,'2024-04-09 08:03:13','2024-04-09 08:03:13'),(222,'MARÇO15000',15000.00,2,0.00,30000.00,'Sem rentenção na fonte',0,'ISENTO','M04','M04 - Regime de Exclusão',0,'Regime Simplificado',136,42,4,1,'2024-04-09 08:04:26','2024-04-09 08:04:26'),(223,'MARÇO',8500.00,1,0.00,8500.00,'Sem rentenção na fonte',0,'ISENTO','M04','M04 - Regime de Exclusão',0,'Regime Simplificado',137,11,4,1,'2024-04-09 14:30:04','2024-04-09 14:30:04'),(224,'fevereiro5000',5000.00,1,0.00,5000.00,'Sem rentenção na fonte',0,'ISENTO','M04','M04 - Regime de Exclusão',0,'Regime Simplificado',138,29,4,1,'2024-04-09 14:30:36','2024-04-09 14:30:36'),(225,'MARÇO',8500.00,1,0.00,8500.00,'Sem rentenção na fonte',0,'ISENTO','M04','M04 - Regime de Exclusão',0,'Regime Simplificado',139,11,4,1,'2024-04-09 14:31:03','2024-04-09 14:31:03'),(226,'ABRIL8500',8500.00,1,0.00,8500.00,'Sem rentenção na fonte',0,'ISENTO','M04','M04 - Regime de Exclusão',0,'Regime Simplificado',140,43,4,1,'2024-04-09 14:34:17','2024-04-09 14:34:17'),(227,'MARÇO',8500.00,1,0.00,8500.00,'Sem rentenção na fonte',0,'ISENTO','M04','M04 - Regime de Exclusão',0,'Regime Simplificado',140,11,4,1,'2024-04-09 14:34:17','2024-04-09 14:34:17'),(228,'MARÇO15000',15000.00,1,0.00,15000.00,'Sem rentenção na fonte',0,'ISENTO','M04','M04 - Regime de Exclusão',0,'Regime Simplificado',141,42,4,1,'2024-04-09 14:34:46','2024-04-09 14:34:46'),(229,'FEVEREIRO 15000',15000.00,1,0.00,15000.00,'Sem rentenção na fonte',0,'ISENTO','M04','M04 - Regime de Exclusão',0,'Regime Simplificado',141,41,4,1,'2024-04-09 14:34:46','2024-04-09 14:34:46'),(230,'FEVEREIRO',8500.00,1,0.00,8500.00,'Sem rentenção na fonte',0,'ISENTO','M04','M04 - Regime de Exclusão',0,'Regime Simplificado',142,10,4,1,'2024-04-10 08:28:26','2024-04-10 08:28:26'),(231,'Janeiro Monofásico',8500.00,1,0.00,8500.00,'Sem rentenção na fonte',0,'ISENTO','M04','M04 - Regime de Exclusão',0,'Regime Simplificado',142,4,4,1,'2024-04-10 08:28:26','2024-04-10 08:28:26'),(232,'MARÇO5000',5000.00,1,0.00,5000.00,'Sem rentenção na fonte',0,'ISENTO','M04','M04 - Regime de Exclusão',0,'Regime Simplificado',143,46,4,1,'2024-04-10 08:30:23','2024-04-10 08:30:23'),(233,'MARÇO15000',15000.00,1,0.00,15000.00,'Sem rentenção na fonte',0,'ISENTO','M04','M04 - Regime de Exclusão',0,'Regime Simplificado',144,42,4,1,'2024-04-10 13:57:27','2024-04-10 13:57:27'),(234,'MARÇO15000',15000.00,1,0.00,15000.00,'Sem rentenção na fonte',0,'ISENTO','M04','M04 - Regime de Exclusão',0,'Regime Simplificado',145,42,4,1,'2024-04-10 13:59:01','2024-04-10 13:59:01'),(235,'ABRIL8500',8500.00,1,0.00,8500.00,'Sem rentenção na fonte',0,'ISENTO','M04','M04 - Regime de Exclusão',0,'Regime Simplificado',146,43,4,1,'2024-04-10 14:01:04','2024-04-10 14:01:04'),(236,'ABRIL8500',8500.00,1,0.00,8500.00,'Sem rentenção na fonte',0,'ISENTO','M04','M04 - Regime de Exclusão',0,'Regime Simplificado',147,43,4,1,'2024-04-10 14:01:52','2024-04-10 14:01:52'),(237,'MARÇO15000',15000.00,1,0.00,15000.00,'Sem rentenção na fonte',0,'ISENTO','M04','M04 - Regime de Exclusão',0,'Regime Simplificado',148,42,4,1,'2024-04-10 14:02:20','2024-04-10 14:02:20'),(238,'MARÇO',8500.00,1,0.00,8500.00,'Sem rentenção na fonte',0,'ISENTO','M04','M04 - Regime de Exclusão',0,'Regime Simplificado',149,11,4,1,'2024-04-10 14:03:07','2024-04-10 14:03:07'),(239,'MARÇO15000',15000.00,2,0.00,30000.00,'Sem rentenção na fonte',0,'ISENTO','M04','M04 - Regime de Exclusão',0,'Regime Simplificado',150,42,4,1,'2024-04-10 14:04:10','2024-04-10 14:04:10'),(240,'FEVEREIRO 15000',15000.00,1,0.00,15000.00,'Sem rentenção na fonte',0,'ISENTO','M04','M04 - Regime de Exclusão',0,'Regime Simplificado',150,41,4,1,'2024-04-10 14:04:10','2024-04-10 14:04:10'),(241,'fevereiro5000',5000.00,1,0.00,5000.00,'Sem rentenção na fonte',0,'ISENTO','M04','M04 - Regime de Exclusão',0,'Regime Simplificado',151,29,4,1,'2024-04-10 14:06:16','2024-04-10 14:06:16'),(242,'Janeiro Monofásico',8500.00,1,0.00,8500.00,'Sem rentenção na fonte',0,'ISENTO','M04','M04 - Regime de Exclusão',0,'Regime Simplificado',152,4,4,1,'2024-04-19 12:31:22','2024-04-19 12:31:22'),(243,'Janeiro Monofásico',8500.00,1,0.00,8500.00,'Sem rentenção na fonte',0,'ISENTO','M04','M04 - Regime de Exclusão',0,'Regime Simplificado',153,4,4,1,'2024-04-19 12:36:38','2024-04-19 12:36:38'),(244,'DEZEMBRO',8500.00,1,0.00,8500.00,'Sem rentenção na fonte',0,'ISENTO','M04','M04 - Regime de Exclusão',0,'Regime Simplificado',153,14,4,1,'2024-04-19 12:36:38','2024-04-19 12:36:38'),(245,'janeiro8000',8000.00,1,0.00,8000.00,'Sem rentenção na fonte',0,'ISENTO','M04','M04 - Regime de Exclusão',0,'Regime Simplificado',154,30,4,1,'2024-04-19 12:37:34','2024-04-19 12:37:34'),(246,'Janeiro Monofásico',8500.00,1,0.00,8500.00,'Sem rentenção na fonte',0,'ISENTO','M04','M04 - Regime de Exclusão',0,'Regime Simplificado',155,4,4,1,'2024-04-19 12:44:03','2024-04-19 12:44:03'),(247,'Janeiro Monofásico',8500.00,1,0.00,8500.00,'Sem rentenção na fonte',0,'ISENTO','M04','M04 - Regime de Exclusão',0,'Regime Simplificado',156,4,4,1,'2024-04-19 12:45:19','2024-04-19 12:45:19'),(248,'DEZEMBRO',8500.00,1,0.00,8500.00,'Sem rentenção na fonte',0,'ISENTO','M04','M04 - Regime de Exclusão',0,'Regime Simplificado',156,14,4,1,'2024-04-19 12:45:19','2024-04-19 12:45:19'),(249,'MARÇO',8500.00,1,0.00,8500.00,'Sem rentenção na fonte',0,'ISENTO','M04','M04 - Regime de Exclusão',0,'Regime Simplificado',157,11,4,1,'2024-04-19 12:46:14','2024-04-19 12:46:14'),(250,'FEVEREIRO',8500.00,1,0.00,8500.00,'Sem rentenção na fonte',0,'ISENTO','M04','M04 - Regime de Exclusão',0,'Regime Simplificado',157,10,4,1,'2024-04-19 12:46:14','2024-04-19 12:46:14'),(251,'FEVEREIRO',8500.00,1,0.00,8500.00,'Sem rentenção na fonte',0,'ISENTO','M04','M04 - Regime de Exclusão',0,'Regime Simplificado',158,10,4,1,'2024-04-19 13:06:18','2024-04-19 13:06:18'),(252,'Energia Monofásico',8500.00,1,0.00,8500.00,'Sem rentenção na fonte',0,'ISENTO','M00','M00 - Regime Simplificado',0,'Regime Simplificado',158,1,1,1,'2024-04-19 13:06:18','2024-04-19 13:06:18'),(253,'JANEIRO 5000',5000.00,1,0.00,5000.00,'Sem rentenção na fonte',0,'ISENTO','M04','M04 - Regime de Exclusão',0,'Regime Simplificado',159,16,4,1,'2024-04-19 13:11:28','2024-04-19 13:11:28'),(254,'DEZEMBRO 5000',5000.00,1,0.00,5000.00,'Sem rentenção na fonte',0,'ISENTO','M04','M04 - Regime de Exclusão',0,'Regime Simplificado',159,18,4,1,'2024-04-19 13:11:28','2024-04-19 13:11:28'),(255,'fevereiro5000',5000.00,1,0.00,5000.00,'Sem rentenção na fonte',0,'ISENTO','M04','M04 - Regime de Exclusão',0,'Regime Simplificado',160,29,4,1,'2024-04-19 13:13:37','2024-04-19 13:13:37'),(256,'MARÇO',8500.00,1,0.00,8500.00,'Sem rentenção na fonte',0,'ISENTO','M04','M04 - Regime de Exclusão',0,'Regime Simplificado',161,11,4,1,'2024-04-19 13:15:54','2024-04-19 13:15:54'),(257,'FEVEREIRO',8500.00,1,0.00,8500.00,'Sem rentenção na fonte',0,'ISENTO','M04','M04 - Regime de Exclusão',0,'Regime Simplificado',161,10,4,1,'2024-04-19 13:15:54','2024-04-19 13:15:54'),(258,'ABRIL8500',8500.00,1,0.00,8500.00,'Sem rentenção na fonte',0,'ISENTO','M04','M04 - Regime de Exclusão',0,'Regime Simplificado',162,43,4,1,'2024-04-19 13:17:09','2024-04-19 13:17:09'),(259,'TAXA RELIGAÇAO',3000.00,1,0.00,3000.00,'Sem rentenção na fonte',0,'ISENTO','M04','M04 - Regime de Exclusão',0,'Regime Simplificado',163,44,4,1,'2024-04-19 13:19:35','2024-04-19 13:19:35'),(260,'MARÇO',8500.00,1,0.00,8500.00,'Sem rentenção na fonte',0,'ISENTO','M04','M04 - Regime de Exclusão',0,'Regime Simplificado',163,11,4,1,'2024-04-19 13:19:35','2024-04-19 13:19:35'),(261,'FEVEREIRO',8500.00,1,0.00,8500.00,'Sem rentenção na fonte',0,'ISENTO','M04','M04 - Regime de Exclusão',0,'Regime Simplificado',163,10,4,1,'2024-04-19 13:19:35','2024-04-19 13:19:35'),(262,'MARÇO5000',5000.00,1,0.00,5000.00,'Sem rentenção na fonte',0,'ISENTO','M04','M04 - Regime de Exclusão',0,'Regime Simplificado',164,46,4,1,'2024-04-19 13:21:19','2024-04-19 13:21:19'),(263,'ABRIL 5000',5000.00,1,0.00,5000.00,'Sem rentenção na fonte',0,'ISENTO','M04','M04 - Regime de Exclusão',0,'Regime Simplificado',164,17,4,1,'2024-04-19 13:21:19','2024-04-19 13:21:19'),(264,'fevereiro5000',5000.00,1,0.00,5000.00,'Sem rentenção na fonte',0,'ISENTO','M04','M04 - Regime de Exclusão',0,'Regime Simplificado',164,29,4,1,'2024-04-19 13:21:19','2024-04-19 13:21:19'),(265,'TAXA RELIGAÇAO',3000.00,1,0.00,3000.00,'Sem rentenção na fonte',0,'ISENTO','M04','M04 - Regime de Exclusão',0,'Regime Simplificado',165,44,4,1,'2024-04-19 13:23:29','2024-04-19 13:23:29'),(266,'Janeiro Monofásico',8500.00,4,0.00,34000.00,'Sem rentenção na fonte',0,'ISENTO','M04','M04 - Regime de Exclusão',0,'Regime Simplificado',165,4,4,1,'2024-04-19 13:23:29','2024-04-19 13:23:29'),(267,'DEZEMBRO',8500.00,2,0.00,17000.00,'Sem rentenção na fonte',0,'ISENTO','M04','M04 - Regime de Exclusão',0,'Regime Simplificado',165,14,4,1,'2024-04-19 13:23:29','2024-04-19 13:23:29'),(268,'NOVEMBRO',8500.00,1,0.00,8500.00,'Sem rentenção na fonte',0,'ISENTO','M04','M04 - Regime de Exclusão',0,'Regime Simplificado',165,13,4,1,'2024-04-19 13:23:29','2024-04-19 13:23:29'),(269,'MARÇO',8500.00,1,0.00,8500.00,'Sem rentenção na fonte',0,'ISENTO','M04','M04 - Regime de Exclusão',0,'Regime Simplificado',166,11,4,1,'2024-04-23 09:36:43','2024-04-23 09:36:43'),(270,'TAXA RELIGAÇAO',3000.00,1,0.00,3000.00,'Sem rentenção na fonte',0,'ISENTO','M04','M04 - Regime de Exclusão',0,'Regime Simplificado',167,44,4,1,'2024-04-23 09:49:53','2024-04-23 09:49:53'),(271,'MARÇO',8500.00,1,0.00,8500.00,'Sem rentenção na fonte',0,'ISENTO','M04','M04 - Regime de Exclusão',0,'Regime Simplificado',167,11,4,1,'2024-04-23 09:49:53','2024-04-23 09:49:53'),(272,'FEVEREIRO',8500.00,1,0.00,8500.00,'Sem rentenção na fonte',0,'ISENTO','M04','M04 - Regime de Exclusão',0,'Regime Simplificado',167,10,4,1,'2024-04-23 09:49:53','2024-04-23 09:49:53'),(273,'Janeiro Monofásico',8500.00,1,0.00,8500.00,'Sem rentenção na fonte',0,'ISENTO','M04','M04 - Regime de Exclusão',0,'Regime Simplificado',168,4,4,1,'2024-04-23 09:50:19','2024-04-23 09:50:19'),(274,'DEZEMBRO 5000',5000.00,1,0.00,5000.00,'Sem rentenção na fonte',0,'ISENTO','M04','M04 - Regime de Exclusão',0,'Regime Simplificado',169,18,4,1,'2024-04-23 09:50:59','2024-04-23 09:50:59'),(275,'JANEIRO 5000',5000.00,1,0.00,5000.00,'Sem rentenção na fonte',0,'ISENTO','M04','M04 - Regime de Exclusão',0,'Regime Simplificado',169,16,4,1,'2024-04-23 09:50:59','2024-04-23 09:50:59'),(276,'janeiro 5000',5000.00,4,0.00,20000.00,'Sem rentenção na fonte',0,'ISENTO','M04','M04 - Regime de Exclusão',0,'Regime Simplificado',170,28,4,1,'2024-04-23 09:51:31','2024-04-23 09:51:31'),(277,'MARÇO',8500.00,1,0.00,8500.00,'Sem rentenção na fonte',0,'ISENTO','M04','M04 - Regime de Exclusão',0,'Regime Simplificado',171,11,4,1,'2024-04-23 09:53:01','2024-04-23 09:53:01'),(278,'FEVEREIRO',8500.00,1,0.00,8500.00,'Sem rentenção na fonte',0,'ISENTO','M04','M04 - Regime de Exclusão',0,'Regime Simplificado',171,10,4,1,'2024-04-23 09:53:01','2024-04-23 09:53:01'),(279,'Janeiro Monofásico',8500.00,1,0.00,8500.00,'Sem rentenção na fonte',0,'ISENTO','M04','M04 - Regime de Exclusão',0,'Regime Simplificado',171,4,4,1,'2024-04-23 09:53:01','2024-04-23 09:53:01'),(280,'FEVEREIRO 15000',15000.00,1,0.00,15000.00,'Sem rentenção na fonte',0,'ISENTO','M04','M04 - Regime de Exclusão',0,'Regime Simplificado',172,41,4,1,'2024-04-23 09:54:01','2024-04-23 09:54:01'),(281,'ABRIL8500',8500.00,1,0.00,8500.00,'Sem rentenção na fonte',0,'ISENTO','M04','M04 - Regime de Exclusão',0,'Regime Simplificado',173,43,4,1,'2024-04-23 09:54:57','2024-04-23 09:54:57'),(282,'MARÇO',8500.00,1,0.00,8500.00,'Sem rentenção na fonte',0,'ISENTO','M04','M04 - Regime de Exclusão',0,'Regime Simplificado',173,11,4,1,'2024-04-23 09:54:57','2024-04-23 09:54:57'),(283,'FEVEREIRO',8500.00,1,0.00,8500.00,'Sem rentenção na fonte',0,'ISENTO','M04','M04 - Regime de Exclusão',0,'Regime Simplificado',173,10,4,1,'2024-04-23 09:54:57','2024-04-23 09:54:57'),(284,'Janeiro Monofásico',8500.00,1,0.00,8500.00,'Sem rentenção na fonte',0,'ISENTO','M04','M04 - Regime de Exclusão',0,'Regime Simplificado',173,4,4,1,'2024-04-23 09:54:57','2024-04-23 09:54:57'),(285,'ABRIL8500',8500.00,1,0.00,8500.00,'Sem rentenção na fonte',0,'ISENTO','M04','M04 - Regime de Exclusão',0,'Regime Simplificado',174,43,4,1,'2024-04-23 09:55:54','2024-04-23 09:55:54'),(286,'MARÇO',8500.00,1,0.00,8500.00,'Sem rentenção na fonte',0,'ISENTO','M04','M04 - Regime de Exclusão',0,'Regime Simplificado',174,11,4,1,'2024-04-23 09:55:54','2024-04-23 09:55:54'),(287,'FEVEREIRO',8500.00,1,0.00,8500.00,'Sem rentenção na fonte',0,'ISENTO','M04','M04 - Regime de Exclusão',0,'Regime Simplificado',174,10,4,1,'2024-04-23 09:55:54','2024-04-23 09:55:54'),(288,'ABRIL8500',8500.00,1,0.00,8500.00,'Sem rentenção na fonte',0,'ISENTO','M04','M04 - Regime de Exclusão',0,'Regime Simplificado',175,43,4,1,'2024-04-23 09:58:50','2024-04-23 09:58:50'),(289,'FEVEREIRO',8500.00,2,0.00,17000.00,'Sem rentenção na fonte',0,'ISENTO','M04','M04 - Regime de Exclusão',0,'Regime Simplificado',175,10,4,1,'2024-04-23 09:58:50','2024-04-23 09:58:50'),(290,'Janeiro Monofásico',8500.00,1,0.00,8500.00,'Sem rentenção na fonte',0,'ISENTO','M04','M04 - Regime de Exclusão',0,'Regime Simplificado',175,4,4,1,'2024-04-23 09:58:50','2024-04-23 09:58:50'),(291,'MARÇO',8500.00,1,0.00,8500.00,'Sem rentenção na fonte',0,'ISENTO','M04','M04 - Regime de Exclusão',0,'Regime Simplificado',176,11,4,1,'2024-04-23 10:03:12','2024-04-23 10:03:12'),(292,'FEVEREIRO',8500.00,1,0.00,8500.00,'Sem rentenção na fonte',0,'ISENTO','M04','M04 - Regime de Exclusão',0,'Regime Simplificado',176,10,4,1,'2024-04-23 10:03:12','2024-04-23 10:03:12'),(293,'MARÇO5000',5000.00,1,0.00,5000.00,'Sem rentenção na fonte',0,'ISENTO','M04','M04 - Regime de Exclusão',0,'Regime Simplificado',177,46,4,1,'2024-04-23 10:03:58','2024-04-23 10:03:58'),(294,'fevereiro5000',5000.00,1,0.00,5000.00,'Sem rentenção na fonte',0,'ISENTO','M04','M04 - Regime de Exclusão',0,'Regime Simplificado',177,29,4,1,'2024-04-23 10:03:58','2024-04-23 10:03:58'),(295,'MARÇO',8500.00,1,0.00,8500.00,'Sem rentenção na fonte',0,'ISENTO','M04','M04 - Regime de Exclusão',0,'Regime Simplificado',178,11,4,1,'2024-04-23 10:04:41','2024-04-23 10:04:41'),(296,'FEVEREIRO',8500.00,1,0.00,8500.00,'Sem rentenção na fonte',0,'ISENTO','M04','M04 - Regime de Exclusão',0,'Regime Simplificado',178,10,4,1,'2024-04-23 10:04:41','2024-04-23 10:04:41'),(297,'TAXA RELIGAÇAO',3000.00,1,0.00,3000.00,'Sem rentenção na fonte',0,'ISENTO','M04','M04 - Regime de Exclusão',0,'Regime Simplificado',179,44,4,1,'2024-04-29 10:50:37','2024-04-29 10:50:37'),(298,'MARÇO',8500.00,1,0.00,8500.00,'Sem rentenção na fonte',0,'ISENTO','M04','M04 - Regime de Exclusão',0,'Regime Simplificado',179,11,4,1,'2024-04-29 10:50:37','2024-04-29 10:50:37'),(299,'novembro15000',15000.00,3,0.00,45000.00,'Sem rentenção na fonte',0,'ISENTO','M04','M04 - Regime de Exclusão',0,'Regime Simplificado',180,24,4,1,'2024-04-29 10:52:00','2024-04-29 10:52:00'),(300,'TAXA RELIGAÇAO',3000.00,1,0.00,3000.00,'Sem rentenção na fonte',0,'ISENTO','M04','M04 - Regime de Exclusão',0,'Regime Simplificado',181,44,4,1,'2024-04-29 10:52:58','2024-04-29 10:52:58'),(301,'MARÇO',8500.00,1,0.00,8500.00,'Sem rentenção na fonte',0,'ISENTO','M04','M04 - Regime de Exclusão',0,'Regime Simplificado',181,11,4,1,'2024-04-29 10:52:58','2024-04-29 10:52:58'),(302,'FEVEREIRO',8500.00,1,0.00,8500.00,'Sem rentenção na fonte',0,'ISENTO','M04','M04 - Regime de Exclusão',0,'Regime Simplificado',181,10,4,1,'2024-04-29 10:52:58','2024-04-29 10:52:58'),(303,'MARÇO',8500.00,1,0.00,8500.00,'Sem rentenção na fonte',0,'ISENTO','M04','M04 - Regime de Exclusão',0,'Regime Simplificado',182,11,4,1,'2024-04-29 10:53:22','2024-04-29 10:53:22'),(304,'MARÇO',8500.00,1,0.00,8500.00,'Sem rentenção na fonte',0,'ISENTO','M04','M04 - Regime de Exclusão',0,'Regime Simplificado',183,11,4,1,'2024-04-29 10:54:15','2024-04-29 10:54:15'),(305,'ABRIL8500',8500.00,1,0.00,8500.00,'Sem rentenção na fonte',0,'ISENTO','M04','M04 - Regime de Exclusão',0,'Regime Simplificado',183,43,4,1,'2024-04-29 10:54:15','2024-04-29 10:54:15'),(306,'MARÇO5000',5000.00,1,0.00,5000.00,'Sem rentenção na fonte',0,'ISENTO','M04','M04 - Regime de Exclusão',0,'Regime Simplificado',184,46,4,1,'2024-04-29 10:55:23','2024-04-29 10:55:23'),(307,'fevereiro5000',5000.00,1,0.00,5000.00,'Sem rentenção na fonte',0,'ISENTO','M04','M04 - Regime de Exclusão',0,'Regime Simplificado',184,29,4,1,'2024-04-29 10:55:23','2024-04-29 10:55:23'),(308,'MARÇO15000',15000.00,1,0.00,15000.00,'Sem rentenção na fonte',0,'ISENTO','M04','M04 - Regime de Exclusão',0,'Regime Simplificado',185,42,4,1,'2024-04-29 10:56:12','2024-04-29 10:56:12'),(309,'FEVEREIRO 15000',15000.00,1,0.00,15000.00,'Sem rentenção na fonte',0,'ISENTO','M04','M04 - Regime de Exclusão',0,'Regime Simplificado',185,41,4,1,'2024-04-29 10:56:12','2024-04-29 10:56:12'),(310,'JANEIRO /TRIFASICO',15000.00,1,0.00,15000.00,'Sem rentenção na fonte',0,'ISENTO','M04','M04 - Regime de Exclusão',0,'Regime Simplificado',185,15,4,1,'2024-04-29 10:56:12','2024-04-29 10:56:12'),(311,'FEVEREIRO 15000',15000.00,1,0.00,15000.00,'Sem rentenção na fonte',0,'ISENTO','M04','M04 - Regime de Exclusão',0,'Regime Simplificado',186,41,4,1,'2024-04-29 10:57:50','2024-04-29 10:57:50'),(312,'JANEIRO /TRIFASICO',15000.00,1,0.00,15000.00,'Sem rentenção na fonte',0,'ISENTO','M04','M04 - Regime de Exclusão',0,'Regime Simplificado',186,15,4,1,'2024-04-29 10:57:50','2024-04-29 10:57:50'),(313,'ABRIL8500',8500.00,1,0.00,8500.00,'Sem rentenção na fonte',0,'ISENTO','M04','M04 - Regime de Exclusão',0,'Regime Simplificado',187,43,4,1,'2024-04-29 10:59:18','2024-04-29 10:59:18'),(314,'MARÇO',8500.00,1,0.00,8500.00,'Sem rentenção na fonte',0,'ISENTO','M04','M04 - Regime de Exclusão',0,'Regime Simplificado',187,11,4,1,'2024-04-29 10:59:18','2024-04-29 10:59:18'),(315,'MARÇO',8500.00,1,0.00,8500.00,'Sem rentenção na fonte',0,'ISENTO','M04','M04 - Regime de Exclusão',0,'Regime Simplificado',188,11,4,1,'2024-04-29 11:00:49','2024-04-29 11:00:49'),(316,'ABRIL8500',8500.00,1,0.00,8500.00,'Sem rentenção na fonte',0,'ISENTO','M04','M04 - Regime de Exclusão',0,'Regime Simplificado',188,43,4,1,'2024-04-29 11:00:49','2024-04-29 11:00:49'),(317,'ABRIL8500',8500.00,5,0.00,42500.00,'Sem rentenção na fonte',0,'ISENTO','M04','M04 - Regime de Exclusão',0,'Regime Simplificado',189,43,4,1,'2024-04-29 11:03:28','2024-04-29 11:03:28'),(318,'MARÇO',8500.00,1,0.00,8500.00,'Sem rentenção na fonte',0,'ISENTO','M04','M04 - Regime de Exclusão',0,'Regime Simplificado',190,11,4,1,'2024-04-29 11:03:53','2024-04-29 11:03:53'),(319,'MARÇO',8500.00,1,0.00,8500.00,'Sem rentenção na fonte',0,'ISENTO','M04','M04 - Regime de Exclusão',0,'Regime Simplificado',191,11,4,1,'2024-04-29 11:04:52','2024-04-29 11:04:52'),(320,'Janeiro Monofásico',8500.00,1,0.00,8500.00,'Sem rentenção na fonte',0,'ISENTO','M04','M04 - Regime de Exclusão',0,'Regime Simplificado',191,4,4,1,'2024-04-29 11:04:52','2024-04-29 11:04:52'),(321,'DEZEMBRO',8500.00,1,0.00,8500.00,'Sem rentenção na fonte',0,'ISENTO','M04','M04 - Regime de Exclusão',0,'Regime Simplificado',193,14,4,1,'2024-05-22 07:22:45','2024-05-22 07:22:45'),(322,'DEZEMBRO',8500.00,1,0.00,8500.00,'Sem rentenção na fonte',0,'ISENTO','M04','M04 - Regime de Exclusão',0,'Regime Simplificado',192,14,4,1,'2024-05-22 07:22:45','2024-05-22 07:22:45'),(323,'DEZEMBRO',8500.00,1,0.00,8500.00,'Sem rentenção na fonte',0,'ISENTO','M04','M04 - Regime de Exclusão',0,'Regime Simplificado',194,14,4,1,'2024-05-22 07:22:46','2024-05-22 07:22:46'),(324,'DEZEMBRO',8500.00,1,0.00,8500.00,'Sem rentenção na fonte',0,'ISENTO','M04','M04 - Regime de Exclusão',0,'Regime Simplificado',195,14,4,1,'2024-05-22 07:22:52','2024-05-22 07:22:52'),(325,'DEZEMBRO',8500.00,1,0.00,8500.00,'Sem rentenção na fonte',0,'ISENTO','M04','M04 - Regime de Exclusão',0,'Regime Simplificado',196,14,4,1,'2024-05-22 07:22:52','2024-05-22 07:22:52'),(326,'DEZEMBRO',8500.00,1,0.00,8500.00,'Sem rentenção na fonte',0,'ISENTO','M04','M04 - Regime de Exclusão',0,'Regime Simplificado',197,14,4,1,'2024-05-22 07:22:53','2024-05-22 07:22:53'),(327,'DEZEMBRO',8500.00,1,0.00,8500.00,'Sem rentenção na fonte',0,'ISENTO','M04','M04 - Regime de Exclusão',0,'Regime Simplificado',198,14,4,1,'2024-05-22 07:22:53','2024-05-22 07:22:53'),(328,'DEZEMBRO',8500.00,1,0.00,8500.00,'Sem rentenção na fonte',0,'ISENTO','M04','M04 - Regime de Exclusão',0,'Regime Simplificado',199,14,4,1,'2024-05-22 07:22:55','2024-05-22 07:22:55'),(329,'DEZEMBRO',8500.00,1,0.00,8500.00,'Sem rentenção na fonte',0,'ISENTO','M04','M04 - Regime de Exclusão',0,'Regime Simplificado',200,14,4,1,'2024-05-22 07:23:04','2024-05-22 07:23:04'),(330,'DEZEMBRO',8500.00,1,0.00,8500.00,'Sem rentenção na fonte',0,'ISENTO','M04','M04 - Regime de Exclusão',0,'Regime Simplificado',201,14,4,1,'2024-05-22 07:23:04','2024-05-22 07:23:04'),(331,'DEZEMBRO',8500.00,1,0.00,8500.00,'Sem rentenção na fonte',0,'ISENTO','M04','M04 - Regime de Exclusão',0,'Regime Simplificado',202,14,4,1,'2024-05-22 07:23:05','2024-05-22 07:23:05'),(332,'DEZEMBRO',8500.00,1,0.00,8500.00,'Sem rentenção na fonte',0,'ISENTO','M04','M04 - Regime de Exclusão',0,'Regime Simplificado',203,14,4,1,'2024-05-22 07:23:05','2024-05-22 07:23:05'),(333,'DEZEMBRO',8500.00,1,0.00,8500.00,'Sem rentenção na fonte',0,'ISENTO','M04','M04 - Regime de Exclusão',0,'Regime Simplificado',204,14,4,1,'2024-05-22 07:23:06','2024-05-22 07:23:06'),(334,'DEZEMBRO',8500.00,1,0.00,8500.00,'Sem rentenção na fonte',0,'ISENTO','M04','M04 - Regime de Exclusão',0,'Regime Simplificado',205,14,4,1,'2024-05-22 07:23:06','2024-05-22 07:23:06'),(335,'DEZEMBRO',8500.00,1,0.00,8500.00,'Sem rentenção na fonte',0,'ISENTO','M04','M04 - Regime de Exclusão',0,'Regime Simplificado',206,14,4,1,'2024-05-22 07:23:12','2024-05-22 07:23:12'),(336,'fevereiro5000',5000.00,2,0.00,10000.00,'Sem rentenção na fonte',0,'ISENTO','M04','M04 - Regime de Exclusão',0,'Regime Simplificado',207,29,4,1,'2024-05-22 09:19:50','2024-05-22 09:19:50'),(337,'ABRIL 5000',5000.00,1,0.00,5000.00,'Sem rentenção na fonte',0,'ISENTO','M04','M04 - Regime de Exclusão',0,'Regime Simplificado',208,17,4,1,'2024-05-22 09:32:55','2024-05-22 09:32:55'),(338,'MARÇO5000',5000.00,1,0.00,5000.00,'Sem rentenção na fonte',0,'ISENTO','M04','M04 - Regime de Exclusão',0,'Regime Simplificado',208,46,4,1,'2024-05-22 09:32:55','2024-05-22 09:32:55'),(339,'fevereiro5000',5000.00,1,0.00,5000.00,'Sem rentenção na fonte',0,'ISENTO','M04','M04 - Regime de Exclusão',0,'Regime Simplificado',208,29,4,1,'2024-05-22 09:32:55','2024-05-22 09:32:55'),(340,'JANEIRO 5000',5000.00,1,0.00,5000.00,'Sem rentenção na fonte',0,'ISENTO','M04','M04 - Regime de Exclusão',0,'Regime Simplificado',208,16,4,1,'2024-05-22 09:32:55','2024-05-22 09:32:55'),(341,'DEZEMBRO 5000',5000.00,1,0.00,5000.00,'Sem rentenção na fonte',0,'ISENTO','M04','M04 - Regime de Exclusão',0,'Regime Simplificado',208,18,4,1,'2024-05-22 09:32:55','2024-05-22 09:32:55'),(342,'FEVEREIRO 15000',15000.00,4,0.00,60000.00,'Sem rentenção na fonte',0,'ISENTO','M04','M04 - Regime de Exclusão',0,'Regime Simplificado',209,41,4,1,'2024-05-22 09:40:31','2024-05-22 09:40:31'),(343,'JANEIRO /TRIFASICO',15000.00,1,0.00,15000.00,'Sem rentenção na fonte',0,'ISENTO','M04','M04 - Regime de Exclusão',0,'Regime Simplificado',210,15,4,1,'2024-05-22 10:53:34','2024-05-22 10:53:34'),(344,'MARÇO',8500.00,1,0.00,8500.00,'Sem rentenção na fonte',0,'ISENTO','M04','M04 - Regime de Exclusão',0,'Regime Simplificado',211,11,4,1,'2024-05-23 09:11:30','2024-05-23 09:11:30'),(345,'Janeiro Monofásico',8500.00,1,0.00,8500.00,'Sem rentenção na fonte',0,'ISENTO','M04','M04 - Regime de Exclusão',0,'Regime Simplificado',212,4,4,1,'2024-05-31 10:28:27','2024-05-31 10:28:27'),(346,'JANEIRO 5000',5000.00,1,0.00,5000.00,'Sem rentenção na fonte',0,'ISENTO','M04','M04 - Regime de Exclusão',0,'Regime Simplificado',213,16,4,1,'2024-05-31 10:29:35','2024-05-31 10:29:35'),(347,'JANEIRO /TRIFASICO',15000.00,1,0.00,15000.00,'Sem rentenção na fonte',0,'ISENTO','M04','M04 - Regime de Exclusão',0,'Regime Simplificado',213,15,4,1,'2024-05-31 10:29:35','2024-05-31 10:29:35'),(348,'fevereiro5000',5000.00,1,0.00,5000.00,'Sem rentenção na fonte',0,'ISENTO','M04','M04 - Regime de Exclusão',0,'Regime Simplificado',214,29,4,1,'2024-05-31 10:31:10','2024-05-31 10:31:10'),(349,'FEVEREIRO',8500.00,1,0.00,8500.00,'Sem rentenção na fonte',0,'ISENTO','M04','M04 - Regime de Exclusão',0,'Regime Simplificado',215,10,4,1,'2024-05-31 10:32:27','2024-05-31 10:32:27'),(350,'Janeiro Monofásico',8500.00,1,0.00,8500.00,'Sem rentenção na fonte',0,'ISENTO','M04','M04 - Regime de Exclusão',0,'Regime Simplificado',216,4,4,1,'2024-05-31 10:34:08','2024-05-31 10:34:08'),(351,'FEVEREIRO',8500.00,1,0.00,8500.00,'Sem rentenção na fonte',0,'ISENTO','M04','M04 - Regime de Exclusão',0,'Regime Simplificado',216,10,4,1,'2024-05-31 10:34:08','2024-05-31 10:34:08'),(352,'Energia Monofásico',8500.00,1,0.00,8500.00,'Sem rentenção na fonte',0,'ISENTO','M00','M00 - Regime Simplificado',0,'Regime Simplificado',217,1,1,1,'2024-05-31 10:34:41','2024-05-31 10:34:41'),(353,'Janeiro Monofásico',8500.00,1,0.00,8500.00,'Sem rentenção na fonte',0,'ISENTO','M04','M04 - Regime de Exclusão',0,'Regime Simplificado',218,4,4,1,'2024-05-31 10:35:07','2024-05-31 10:35:07'),(354,'Janeiro Monofásico',8500.00,1,0.00,8500.00,'Sem rentenção na fonte',0,'ISENTO','M04','M04 - Regime de Exclusão',0,'Regime Simplificado',219,4,4,1,'2024-05-31 10:35:09','2024-05-31 10:35:09'),(355,'DEZEMBRO',8500.00,1,0.00,8500.00,'Sem rentenção na fonte',0,'ISENTO','M04','M04 - Regime de Exclusão',0,'Regime Simplificado',220,14,4,1,'2024-05-31 10:37:36','2024-05-31 10:37:36'),(356,'MARÇO15000',15000.00,2,0.00,30000.00,'Sem rentenção na fonte',0,'ISENTO','M04','M04 - Regime de Exclusão',0,'Regime Simplificado',220,42,4,1,'2024-05-31 10:37:36','2024-05-31 10:37:36'),(357,'FEVEREIRO',8500.00,1,0.00,8500.00,'Sem rentenção na fonte',0,'ISENTO','M04','M04 - Regime de Exclusão',0,'Regime Simplificado',220,10,4,1,'2024-05-31 10:37:36','2024-05-31 10:37:36'),(358,'Janeiro Monofásico',8500.00,1,0.00,8500.00,'Sem rentenção na fonte',0,'ISENTO','M04','M04 - Regime de Exclusão',0,'Regime Simplificado',220,4,4,1,'2024-05-31 10:37:36','2024-05-31 10:37:36'),(359,'Energia Monofásico',8500.00,2,0.00,17000.00,'Sem rentenção na fonte',0,'ISENTO','M00','M00 - Regime Simplificado',0,'Regime Simplificado',221,1,1,1,'2024-05-31 10:38:16','2024-05-31 10:38:16'),(360,'Energia Monofásico',8500.00,2,0.00,17000.00,'Sem rentenção na fonte',0,'ISENTO','M00','M00 - Regime Simplificado',0,'Regime Simplificado',222,1,1,1,'2024-05-31 10:38:44','2024-05-31 10:38:44'),(361,'fevereiro5000',5000.00,2,0.00,10000.00,'Sem rentenção na fonte',0,'ISENTO','M04','M04 - Regime de Exclusão',0,'Regime Simplificado',223,29,4,1,'2024-05-31 10:39:12','2024-05-31 10:39:12'),(362,'JANEIRO /TRIFASICO',15000.00,1,0.00,15000.00,'Sem rentenção na fonte',0,'ISENTO','M04','M04 - Regime de Exclusão',0,'Regime Simplificado',224,15,4,1,'2024-05-31 10:39:53','2024-05-31 10:39:53'),(363,'TAXA RELIGAÇAO',3000.00,1,0.00,3000.00,'Sem rentenção na fonte',0,'ISENTO','M04','M04 - Regime de Exclusão',0,'Regime Simplificado',225,44,4,1,'2024-05-31 10:41:31','2024-05-31 10:41:31'),(364,'FEVEREIRO',8500.00,2,0.00,17000.00,'Sem rentenção na fonte',0,'ISENTO','M04','M04 - Regime de Exclusão',0,'Regime Simplificado',225,10,4,1,'2024-05-31 10:41:31','2024-05-31 10:41:31'),(365,'JANEIRO 5000',5000.00,1,0.00,5000.00,'Sem rentenção na fonte',0,'ISENTO','M04','M04 - Regime de Exclusão',0,'Regime Simplificado',226,16,4,1,'2024-05-31 10:42:45','2024-05-31 10:42:45'),(366,'JANEIRO 5000',5000.00,1,0.00,5000.00,'Sem rentenção na fonte',0,'ISENTO','M04','M04 - Regime de Exclusão',0,'Regime Simplificado',227,16,4,1,'2024-05-31 10:42:47','2024-05-31 10:42:47'),(367,'Energia Monofásico',8500.00,1,0.00,8500.00,'Sem rentenção na fonte',0,'ISENTO','M00','M00 - Regime Simplificado',0,'Regime Simplificado',228,1,1,1,'2024-05-31 10:43:31','2024-05-31 10:43:31'),(368,'Energia Monofásico',8500.00,1,0.00,8500.00,'Sem rentenção na fonte',0,'ISENTO','M00','M00 - Regime Simplificado',0,'Regime Simplificado',229,1,1,1,'2024-05-31 10:43:38','2024-05-31 10:43:38'),(369,'Energia bairro Jorge',5000.00,1,0.00,5000.00,'Sem rentenção na fonte',0,'ISENTO','M00','M00 - Regime Simplificado',0,'Regime Simplificado',230,9,1,1,'2024-05-31 10:44:09','2024-05-31 10:44:09'),(370,'Energia Monofásico',8500.00,3,0.00,25500.00,'Sem rentenção na fonte',0,'ISENTO','M00','M00 - Regime Simplificado',0,'Regime Simplificado',231,1,1,1,'2024-05-31 10:44:54','2024-05-31 10:44:54'),(371,'Energia bairro Jorge',5000.00,1,0.00,5000.00,'Sem rentenção na fonte',0,'ISENTO','M00','M00 - Regime Simplificado',0,'Regime Simplificado',232,9,1,1,'2024-05-31 10:46:05','2024-05-31 10:46:05'),(372,'Energia bairro Jorge',5000.00,1,0.00,5000.00,'Sem rentenção na fonte',0,'ISENTO','M00','M00 - Regime Simplificado',0,'Regime Simplificado',233,9,1,1,'2024-05-31 10:46:57','2024-05-31 10:46:57'),(373,'Energia Monofásico',8500.00,7,0.00,59500.00,'Sem rentenção na fonte',0,'ISENTO','M00','M00 - Regime Simplificado',0,'Regime Simplificado',234,1,1,1,'2024-05-31 10:47:59','2024-05-31 10:47:59'),(374,'janeiro8000',8000.00,1,0.00,8000.00,'Sem rentenção na fonte',0,'ISENTO','M04','M04 - Regime de Exclusão',0,'Regime Simplificado',235,30,4,1,'2024-05-31 10:48:48','2024-05-31 10:48:48'),(375,'Energia Monofásico',8500.00,2,0.00,17000.00,'Sem rentenção na fonte',0,'ISENTO','M00','M00 - Regime Simplificado',0,'Regime Simplificado',236,1,1,1,'2024-05-31 10:49:54','2024-05-31 10:49:54'),(376,'JANEIRO /TRIFASICO',15000.00,3,0.00,45000.00,'Sem rentenção na fonte',0,'ISENTO','M04','M04 - Regime de Exclusão',0,'Regime Simplificado',237,15,4,1,'2024-05-31 10:51:08','2024-05-31 10:51:08'),(377,'Energia Monofásico',8500.00,1,0.00,8500.00,'Sem rentenção na fonte',0,'ISENTO','M00','M00 - Regime Simplificado',0,'Regime Simplificado',238,1,1,1,'2024-05-31 10:51:48','2024-05-31 10:51:48'),(378,'Energia Monofásico',8500.00,1,0.00,8500.00,'Sem rentenção na fonte',0,'ISENTO','M00','M00 - Regime Simplificado',0,'Regime Simplificado',239,1,1,1,'2024-05-31 10:52:27','2024-05-31 10:52:27'),(379,'Energia Monofásico',8500.00,1,0.00,8500.00,'Sem rentenção na fonte',0,'ISENTO','M00','M00 - Regime Simplificado',0,'Regime Simplificado',240,1,1,1,'2024-05-31 10:54:05','2024-05-31 10:54:05'),(380,'Energia Monofásico',8500.00,1,0.00,8500.00,'Sem rentenção na fonte',0,'ISENTO','M00','M00 - Regime Simplificado',0,'Regime Simplificado',241,1,1,1,'2024-05-31 10:54:50','2024-05-31 10:54:50'),(381,'FEVEREIRO',8500.00,1,0.00,8500.00,'Sem rentenção na fonte',0,'ISENTO','M04','M04 - Regime de Exclusão',0,'Regime Simplificado',242,10,4,1,'2024-05-31 10:55:59','2024-05-31 10:55:59'),(382,'Energia Monofásico',8500.00,1,0.00,8500.00,'Sem rentenção na fonte',0,'ISENTO','M00','M00 - Regime Simplificado',0,'Regime Simplificado',243,1,1,1,'2024-05-31 10:57:21','2024-05-31 10:57:21'),(383,'Energia Monofásico',8500.00,3,0.00,25500.00,'Sem rentenção na fonte',0,'ISENTO','M00','M00 - Regime Simplificado',0,'Regime Simplificado',244,1,1,1,'2024-05-31 11:03:59','2024-05-31 11:03:59'),(384,'Energia Monofásico',8500.00,1,0.00,8500.00,'Sem rentenção na fonte',0,'ISENTO','M00','M00 - Regime Simplificado',0,'Regime Simplificado',245,1,1,1,'2024-05-31 11:04:53','2024-05-31 11:04:53'),(385,'Energia bairro Jorge',5000.00,1,0.00,5000.00,'Sem rentenção na fonte',0,'ISENTO','M00','M00 - Regime Simplificado',0,'Regime Simplificado',246,9,1,1,'2024-05-31 11:05:29','2024-05-31 11:05:29'),(386,'Energia bairro Jorge',5000.00,2,0.00,10000.00,'Sem rentenção na fonte',0,'ISENTO','M00','M00 - Regime Simplificado',0,'Regime Simplificado',247,9,1,1,'2024-05-31 11:06:47','2024-05-31 11:06:47'),(387,'Energia bairro Jorge',5000.00,2,0.00,10000.00,'Sem rentenção na fonte',0,'ISENTO','M00','M00 - Regime Simplificado',0,'Regime Simplificado',248,9,1,1,'2024-05-31 11:08:14','2024-05-31 11:08:14'),(388,'Energia Monofásico',8500.00,5,0.00,42500.00,'Sem rentenção na fonte',0,'ISENTO','M00','M00 - Regime Simplificado',0,'Regime Simplificado',249,1,1,1,'2024-05-31 11:09:21','2024-05-31 11:09:21'),(389,'Energia Monofásico',8500.00,3,0.00,25500.00,'Sem rentenção na fonte',0,'ISENTO','M00','M00 - Regime Simplificado',0,'Regime Simplificado',250,1,1,1,'2024-05-31 11:10:33','2024-05-31 11:10:33'),(390,'Energia bairro Jorge',5000.00,2,0.00,10000.00,'Sem rentenção na fonte',0,'ISENTO','M00','M00 - Regime Simplificado',0,'Regime Simplificado',251,9,1,1,'2024-05-31 11:11:40','2024-05-31 11:11:40'),(391,'Energia bairro Jorge',5000.00,2,0.00,10000.00,'Sem rentenção na fonte',0,'ISENTO','M00','M00 - Regime Simplificado',0,'Regime Simplificado',252,9,1,1,'2024-05-31 11:11:47','2024-05-31 11:11:47'),(392,'Energia Monofásico',8500.00,1,0.00,8500.00,'Sem rentenção na fonte',0,'ISENTO','M00','M00 - Regime Simplificado',0,'Regime Simplificado',253,1,1,1,'2024-05-31 11:14:50','2024-05-31 11:14:50'),(393,'Energia Monofásico',8500.00,3,0.00,25500.00,'Sem rentenção na fonte',0,'ISENTO','M00','M00 - Regime Simplificado',0,'Regime Simplificado',254,1,1,1,'2024-05-31 11:16:22','2024-05-31 11:16:22'),(394,'Energia Monofásico',8500.00,1,0.00,8500.00,'Sem rentenção na fonte',0,'ISENTO','M00','M00 - Regime Simplificado',0,'Regime Simplificado',255,1,1,1,'2024-05-31 11:17:41','2024-05-31 11:17:41'),(395,'JANEIRO /TRIFASICO',15000.00,2,0.00,30000.00,'Sem rentenção na fonte',0,'ISENTO','M04','M04 - Regime de Exclusão',0,'Regime Simplificado',256,15,4,1,'2024-05-31 11:20:58','2024-05-31 11:20:58'),(396,'Energia Monofásico',8500.00,3,0.00,25500.00,'Sem rentenção na fonte',0,'ISENTO','M00','M00 - Regime Simplificado',0,'Regime Simplificado',257,1,1,1,'2024-05-31 11:28:38','2024-05-31 11:28:38'),(397,'CONTRATO TRIFASICO',250000.00,1,0.00,250000.00,'Sem rentenção na fonte',0,'ISENTO','M04','M04 - Regime de Exclusão',0,'Regime Simplificado',258,58,4,1,'2024-05-31 11:36:17','2024-05-31 11:36:17'),(398,'Energia bairro Jorge',5000.00,1,0.00,5000.00,'Sem rentenção na fonte',0,'ISENTO','M00','M00 - Regime Simplificado',0,'Regime Simplificado',259,9,1,1,'2024-05-31 11:38:12','2024-05-31 11:38:12'),(399,'CONTRATO TRIFASICO',250000.00,1,0.00,250000.00,'Sem rentenção na fonte',0,'ISENTO','M04','M04 - Regime de Exclusão',0,'Regime Simplificado',259,58,4,1,'2024-05-31 11:38:12','2024-05-31 11:38:12'),(400,'MANGUEIRA50000',50000.00,1,0.00,50000.00,'Sem rentenção na fonte',0,'ISENTO','M04','M04 - Regime de Exclusão',0,'Regime Simplificado',260,33,4,1,'2024-05-31 11:43:15','2024-05-31 11:43:15'),(401,'CONTRATO MONOFASICO',150000.00,1,0.00,150000.00,'Sem rentenção na fonte',0,'ISENTO','M04','M04 - Regime de Exclusão',0,'Regime Simplificado',261,57,4,1,'2024-05-31 11:44:30','2024-05-31 11:44:30'),(402,'Energia bairro Jorge',5000.00,1,0.00,5000.00,'Sem rentenção na fonte',0,'ISENTO','M00','M00 - Regime Simplificado',0,'Regime Simplificado',262,9,1,1,'2024-05-31 12:12:24','2024-05-31 12:12:24'),(403,'Energia bairro Jorge',5000.00,2,0.00,10000.00,'Sem rentenção na fonte',0,'ISENTO','M00','M00 - Regime Simplificado',0,'Regime Simplificado',263,9,1,1,'2024-05-31 12:13:17','2024-05-31 12:13:17'),(404,'MARÇO',8500.00,1,0.00,8500.00,'Sem rentenção na fonte',0,'ISENTO','M04','M04 - Regime de Exclusão',0,'Regime Simplificado',264,11,4,1,'2024-06-06 12:52:51','2024-06-06 12:52:51'),(405,'ABRIL8500',8500.00,1,0.00,8500.00,'Sem rentenção na fonte',0,'ISENTO','M04','M04 - Regime de Exclusão',0,'Regime Simplificado',264,43,4,1,'2024-06-06 12:52:51','2024-06-06 12:52:51'),(406,'Energia Monofásico',8500.00,1,0.00,8500.00,'Sem rentenção na fonte',0,'ISENTO','M00','M00 - Regime Simplificado',0,'Regime Simplificado',265,1,1,1,'2024-06-07 07:02:04','2024-06-07 07:02:04'),(407,'Energia Monofásico',8500.00,1,0.00,8500.00,'Sem rentenção na fonte',0,'ISENTO','M00','M00 - Regime Simplificado',0,'Regime Simplificado',266,1,1,1,'2024-06-07 07:02:07','2024-06-07 07:02:07'),(408,'Energia bairro Jorge',5000.00,1,0.00,5000.00,'Sem rentenção na fonte',0,'ISENTO','M00','M00 - Regime Simplificado',0,'Regime Simplificado',267,9,1,1,'2024-06-07 07:03:29','2024-06-07 07:03:29'),(409,'Energia Trifásico',15000.00,2,0.00,30000.00,'Sem rentenção na fonte',0,'ISENTO','M00','M00 - Regime Simplificado',0,'Regime Simplificado',268,8,1,1,'2024-06-07 07:04:02','2024-06-07 07:04:02'),(410,'Energia Trifásico',15000.00,1,0.00,15000.00,'Sem rentenção na fonte',0,'ISENTO','M00','M00 - Regime Simplificado',0,'Regime Simplificado',269,8,1,1,'2024-06-07 07:04:42','2024-06-07 07:04:42'),(411,'Energia Trifásico',15000.00,2,0.00,30000.00,'Sem rentenção na fonte',0,'ISENTO','M00','M00 - Regime Simplificado',0,'Regime Simplificado',270,8,1,1,'2024-06-07 07:05:15','2024-06-07 07:05:15'),(412,'Energia Trifásico',15000.00,2,0.00,30000.00,'Sem rentenção na fonte',0,'ISENTO','M00','M00 - Regime Simplificado',0,'Regime Simplificado',271,8,1,1,'2024-06-07 07:05:59','2024-06-07 07:05:59'),(413,'Energia bairro Jorge',5000.00,5,0.00,25000.00,'Sem rentenção na fonte',0,'ISENTO','M00','M00 - Regime Simplificado',0,'Regime Simplificado',272,9,1,1,'2024-06-07 07:07:09','2024-06-07 07:07:09'),(414,'Energia Monofásico',8500.00,2,0.00,17000.00,'Sem rentenção na fonte',0,'ISENTO','M00','M00 - Regime Simplificado',0,'Regime Simplificado',273,1,1,1,'2024-06-07 07:07:39','2024-06-07 07:07:39'),(415,'Energia Monofásico',8500.00,1,0.00,8500.00,'Sem rentenção na fonte',0,'ISENTO','M00','M00 - Regime Simplificado',0,'Regime Simplificado',274,1,1,1,'2024-06-07 07:08:10','2024-06-07 07:08:10'),(416,'Energia bairro Jorge',5000.00,2,0.00,10000.00,'Sem rentenção na fonte',0,'ISENTO','M00','M00 - Regime Simplificado',0,'Regime Simplificado',275,9,1,1,'2024-06-07 07:10:02','2024-06-07 07:10:02'),(417,'janeiro8000',8000.00,1,0.00,8000.00,'Sem rentenção na fonte',0,'ISENTO','M04','M04 - Regime de Exclusão',0,'Regime Simplificado',276,30,4,1,'2024-06-13 07:44:07','2024-06-13 07:44:07'),(418,'janeiro8000',8000.00,1,0.00,8000.00,'Sem rentenção na fonte',0,'ISENTO','M04','M04 - Regime de Exclusão',0,'Regime Simplificado',277,30,4,1,'2024-06-13 07:44:14','2024-06-13 07:44:14'),(419,'janeiro8000',8000.00,1,0.00,8000.00,'Sem rentenção na fonte',0,'ISENTO','M04','M04 - Regime de Exclusão',0,'Regime Simplificado',278,30,4,1,'2024-06-13 07:44:14','2024-06-13 07:44:14'),(420,'SETEMBRO8500',8500.00,1,0.00,8500.00,'Sem rentenção na fonte',0,'ISENTO','M04','M04 - Regime de Exclusão',0,'Regime Simplificado',279,45,4,1,'2024-10-02 06:54:04','2024-10-02 06:54:04'),(421,'agosto8500',8500.00,1,0.00,8500.00,'Sem rentenção na fonte',0,'ISENTO','M04','M04 - Regime de Exclusão',0,'Regime Simplificado',279,27,4,1,'2024-10-02 06:54:04','2024-10-02 06:54:04'),(422,'Energia Trifásico',15000.00,1,0.00,15000.00,'Sem rentenção na fonte',0,'ISENTO','M00','M00 - Regime Simplificado',0,'Regime Simplificado',280,8,1,1,'2024-10-02 07:15:37','2024-10-02 07:15:37'),(423,'Energia Trifásico',15000.00,6,0.00,90000.00,'Sem rentenção na fonte',0,'ISENTO','M00','M00 - Regime Simplificado',0,'Regime Simplificado',281,8,1,1,'2024-10-02 07:22:32','2024-10-02 07:22:32'),(424,'MANGUEIRA2 POLEGADA',85000.00,10,0.00,850000.00,'Sem rentenção na fonte',0,'ISENTO','M04','M04 - Regime de Exclusão',0,'Regime Simplificado',282,31,4,1,'2024-10-08 12:36:34','2024-10-08 12:36:34'),(425,'MANGUEIRA2 POLEGADA',85000.00,10,0.00,850000.00,'Sem rentenção na fonte',0,'ISENTO','M04','M04 - Regime de Exclusão',0,'Regime Simplificado',283,31,4,1,'2024-10-09 12:37:09','2024-10-09 12:37:09'),(426,'mangueira 2/5',120000.00,2,0.00,240000.00,'Sem rentenção na fonte',0,'ISENTO','M00','M00 - Regime Simplificado',0,'Regime Simplificado',284,60,1,1,'2024-10-11 05:28:21','2024-10-11 05:28:21');
/*!40000 ALTER TABLE `item_factura_recibos` ENABLE KEYS */;
UNLOCK TABLES;

--
-- Table structure for table `item_guia_remessas`
--

DROP TABLE IF EXISTS `item_guia_remessas`;
/*!40101 SET @saved_cs_client     = @@character_set_client */;
/*!40101 SET character_set_client = utf8 */;
CREATE TABLE `item_guia_remessas` (
  `id` bigint(20) unsigned NOT NULL AUTO_INCREMENT,
  `designacao` varchar(191) DEFAULT NULL,
  `preco` double(8,2) DEFAULT NULL,
  `qtd` int(11) DEFAULT NULL,
  `desconto` double(8,2) DEFAULT NULL,
  `subtotal` double(8,2) DEFAULT NULL,
  `retencao_designacao` varchar(191) DEFAULT NULL,
  `retencao_taxa` double DEFAULT NULL,
  `imposto_tipo` varchar(191) DEFAULT NULL,
  `imposto_codigo` varchar(191) DEFAULT NULL,
  `imposto_designacao` varchar(191) DEFAULT NULL,
  `imposto_taxa` double DEFAULT NULL,
  `imposto_motivo` varchar(191) DEFAULT NULL,
  `guia_remessa_id` bigint(20) unsigned NOT NULL,
  `artigo_id` bigint(20) unsigned NOT NULL,
  `imposto_id` bigint(20) unsigned NOT NULL,
  `retencao_id` bigint(20) unsigned DEFAULT NULL,
  `created_at` timestamp NULL DEFAULT NULL,
  `updated_at` timestamp NULL DEFAULT NULL,
  PRIMARY KEY (`id`),
  KEY `item_guia_remessas_guia_remessa_id_foreign` (`guia_remessa_id`),
  KEY `item_guia_remessas_artigo_id_foreign` (`artigo_id`),
  KEY `item_guia_remessas_imposto_id_foreign` (`imposto_id`),
  KEY `item_guia_remessas_retencao_id_foreign` (`retencao_id`),
  CONSTRAINT `item_guia_remessas_artigo_id_foreign` FOREIGN KEY (`artigo_id`) REFERENCES `artigos` (`id`) ON DELETE NO ACTION,
  CONSTRAINT `item_guia_remessas_guia_remessa_id_foreign` FOREIGN KEY (`guia_remessa_id`) REFERENCES `guia_remessas` (`id`) ON DELETE CASCADE,
  CONSTRAINT `item_guia_remessas_imposto_id_foreign` FOREIGN KEY (`imposto_id`) REFERENCES `impostos` (`id`) ON DELETE NO ACTION,
  CONSTRAINT `item_guia_remessas_retencao_id_foreign` FOREIGN KEY (`retencao_id`) REFERENCES `retencaos` (`id`) ON DELETE SET NULL ON UPDATE CASCADE
) ENGINE=InnoDB DEFAULT CHARSET=utf8mb4 COLLATE=utf8mb4_unicode_ci;
/*!40101 SET character_set_client = @saved_cs_client */;

--
-- Dumping data for table `item_guia_remessas`
--

LOCK TABLES `item_guia_remessas` WRITE;
/*!40000 ALTER TABLE `item_guia_remessas` DISABLE KEYS */;
/*!40000 ALTER TABLE `item_guia_remessas` ENABLE KEYS */;
UNLOCK TABLES;

--
-- Table structure for table `item_guia_transportes`
--

DROP TABLE IF EXISTS `item_guia_transportes`;
/*!40101 SET @saved_cs_client     = @@character_set_client */;
/*!40101 SET character_set_client = utf8 */;
CREATE TABLE `item_guia_transportes` (
  `id` bigint(20) unsigned NOT NULL AUTO_INCREMENT,
  `designacao` varchar(191) DEFAULT NULL,
  `preco` double(8,2) DEFAULT NULL,
  `qtd` int(11) DEFAULT NULL,
  `desconto` double(8,2) DEFAULT NULL,
  `subtotal` double(8,2) DEFAULT NULL,
  `retencao_designacao` varchar(191) DEFAULT NULL,
  `retencao_taxa` double DEFAULT NULL,
  `imposto_tipo` varchar(191) DEFAULT NULL,
  `imposto_codigo` varchar(191) DEFAULT NULL,
  `imposto_designacao` varchar(191) DEFAULT NULL,
  `imposto_taxa` double DEFAULT NULL,
  `imposto_motivo` varchar(191) DEFAULT NULL,
  `guia_transporte_id` bigint(20) unsigned NOT NULL,
  `artigo_id` bigint(20) unsigned NOT NULL,
  `imposto_id` bigint(20) unsigned NOT NULL,
  `retencao_id` bigint(20) unsigned DEFAULT NULL,
  `created_at` timestamp NULL DEFAULT NULL,
  `updated_at` timestamp NULL DEFAULT NULL,
  PRIMARY KEY (`id`),
  KEY `item_guia_transportes_guia_transporte_id_foreign` (`guia_transporte_id`),
  KEY `item_guia_transportes_artigo_id_foreign` (`artigo_id`),
  KEY `item_guia_transportes_imposto_id_foreign` (`imposto_id`),
  KEY `item_guia_transportes_retencao_id_foreign` (`retencao_id`),
  CONSTRAINT `item_guia_transportes_artigo_id_foreign` FOREIGN KEY (`artigo_id`) REFERENCES `artigos` (`id`) ON DELETE NO ACTION,
  CONSTRAINT `item_guia_transportes_guia_transporte_id_foreign` FOREIGN KEY (`guia_transporte_id`) REFERENCES `guia_transportes` (`id`) ON DELETE CASCADE,
  CONSTRAINT `item_guia_transportes_imposto_id_foreign` FOREIGN KEY (`imposto_id`) REFERENCES `impostos` (`id`) ON DELETE NO ACTION,
  CONSTRAINT `item_guia_transportes_retencao_id_foreign` FOREIGN KEY (`retencao_id`) REFERENCES `retencaos` (`id`) ON DELETE SET NULL ON UPDATE CASCADE
) ENGINE=InnoDB DEFAULT CHARSET=utf8mb4 COLLATE=utf8mb4_unicode_ci;
/*!40101 SET character_set_client = @saved_cs_client */;

--
-- Dumping data for table `item_guia_transportes`
--

LOCK TABLES `item_guia_transportes` WRITE;
/*!40000 ALTER TABLE `item_guia_transportes` DISABLE KEYS */;
/*!40000 ALTER TABLE `item_guia_transportes` ENABLE KEYS */;
UNLOCK TABLES;

--
-- Table structure for table `item_nota_creditos`
--

DROP TABLE IF EXISTS `item_nota_creditos`;
/*!40101 SET @saved_cs_client     = @@character_set_client */;
/*!40101 SET character_set_client = utf8 */;
CREATE TABLE `item_nota_creditos` (
  `id` bigint(20) unsigned NOT NULL AUTO_INCREMENT,
  `designacao` varchar(191) DEFAULT NULL,
  `preco` double(8,2) DEFAULT NULL,
  `qtd` int(11) DEFAULT NULL,
  `desconto` double(8,2) DEFAULT NULL,
  `subtotal` double(8,2) DEFAULT NULL,
  `retencao_designacao` varchar(191) DEFAULT NULL,
  `retencao_taxa` double DEFAULT NULL,
  `imposto_tipo` varchar(191) DEFAULT NULL,
  `imposto_codigo` varchar(191) DEFAULT NULL,
  `imposto_designacao` varchar(191) DEFAULT NULL,
  `imposto_taxa` double DEFAULT NULL,
  `imposto_motivo` varchar(191) DEFAULT NULL,
  `nota_credito_id` bigint(20) unsigned NOT NULL,
  `artigo_id` bigint(20) unsigned NOT NULL,
  `imposto_id` bigint(20) unsigned NOT NULL,
  `retencao_id` bigint(20) unsigned DEFAULT NULL,
  `created_at` timestamp NULL DEFAULT NULL,
  `updated_at` timestamp NULL DEFAULT NULL,
  PRIMARY KEY (`id`),
  KEY `item_nota_creditos_nota_credito_id_foreign` (`nota_credito_id`),
  KEY `item_nota_creditos_artigo_id_foreign` (`artigo_id`),
  KEY `item_nota_creditos_imposto_id_foreign` (`imposto_id`),
  KEY `item_nota_creditos_retencao_id_foreign` (`retencao_id`),
  CONSTRAINT `item_nota_creditos_artigo_id_foreign` FOREIGN KEY (`artigo_id`) REFERENCES `artigos` (`id`) ON DELETE NO ACTION,
  CONSTRAINT `item_nota_creditos_imposto_id_foreign` FOREIGN KEY (`imposto_id`) REFERENCES `impostos` (`id`) ON DELETE NO ACTION,
  CONSTRAINT `item_nota_creditos_nota_credito_id_foreign` FOREIGN KEY (`nota_credito_id`) REFERENCES `nota_creditos` (`id`) ON DELETE CASCADE,
  CONSTRAINT `item_nota_creditos_retencao_id_foreign` FOREIGN KEY (`retencao_id`) REFERENCES `retencaos` (`id`) ON DELETE SET NULL ON UPDATE CASCADE
) ENGINE=InnoDB AUTO_INCREMENT=3 DEFAULT CHARSET=utf8mb4 COLLATE=utf8mb4_unicode_ci;
/*!40101 SET character_set_client = @saved_cs_client */;

--
-- Dumping data for table `item_nota_creditos`
--

LOCK TABLES `item_nota_creditos` WRITE;
/*!40000 ALTER TABLE `item_nota_creditos` DISABLE KEYS */;
INSERT INTO `item_nota_creditos` VALUES (1,'Janeiro Monofásico',8500.00,1,0.00,8500.00,'Sem rentenção na fonte',0,'ISENTO','M04','M04 - Regime de Exclusão',0,'Regime Simplificado',1,4,4,1,'2024-02-07 08:38:15','2024-02-07 08:38:15'),(2,'MANGUEIRA2 POLEGADA',85000.00,10,0.00,850000.00,'Sem rentenção na fonte',0,'ISENTO','M04','M04 - Regime de Exclusão',0,'Regime Simplificado',2,31,4,1,'2024-10-09 12:39:03','2024-10-09 12:39:03');
/*!40000 ALTER TABLE `item_nota_creditos` ENABLE KEYS */;
UNLOCK TABLES;

--
-- Table structure for table `item_nota_debitos`
--

DROP TABLE IF EXISTS `item_nota_debitos`;
/*!40101 SET @saved_cs_client     = @@character_set_client */;
/*!40101 SET character_set_client = utf8 */;
CREATE TABLE `item_nota_debitos` (
  `id` bigint(20) unsigned NOT NULL AUTO_INCREMENT,
  `designacao` varchar(191) DEFAULT NULL,
  `preco` double(8,2) DEFAULT NULL,
  `qtd` int(11) DEFAULT NULL,
  `desconto` double(8,2) DEFAULT NULL,
  `subtotal` double(8,2) DEFAULT NULL,
  `retencao_designacao` varchar(191) DEFAULT NULL,
  `retencao_taxa` double DEFAULT NULL,
  `imposto_tipo` varchar(191) DEFAULT NULL,
  `imposto_codigo` varchar(191) DEFAULT NULL,
  `imposto_designacao` varchar(191) DEFAULT NULL,
  `imposto_taxa` double DEFAULT NULL,
  `imposto_motivo` varchar(191) DEFAULT NULL,
  `nota_debito_id` bigint(20) unsigned NOT NULL,
  `artigo_id` bigint(20) unsigned NOT NULL,
  `imposto_id` bigint(20) unsigned NOT NULL,
  `retencao_id` bigint(20) unsigned DEFAULT NULL,
  `created_at` timestamp NULL DEFAULT NULL,
  `updated_at` timestamp NULL DEFAULT NULL,
  PRIMARY KEY (`id`),
  KEY `item_nota_debitos_nota_debito_id_foreign` (`nota_debito_id`),
  KEY `item_nota_debitos_artigo_id_foreign` (`artigo_id`),
  KEY `item_nota_debitos_imposto_id_foreign` (`imposto_id`),
  KEY `item_nota_debitos_retencao_id_foreign` (`retencao_id`),
  CONSTRAINT `item_nota_debitos_artigo_id_foreign` FOREIGN KEY (`artigo_id`) REFERENCES `artigos` (`id`) ON DELETE NO ACTION,
  CONSTRAINT `item_nota_debitos_imposto_id_foreign` FOREIGN KEY (`imposto_id`) REFERENCES `impostos` (`id`) ON DELETE NO ACTION,
  CONSTRAINT `item_nota_debitos_nota_debito_id_foreign` FOREIGN KEY (`nota_debito_id`) REFERENCES `nota_debitos` (`id`) ON DELETE CASCADE,
  CONSTRAINT `item_nota_debitos_retencao_id_foreign` FOREIGN KEY (`retencao_id`) REFERENCES `retencaos` (`id`) ON DELETE SET NULL ON UPDATE CASCADE
) ENGINE=InnoDB DEFAULT CHARSET=utf8mb4 COLLATE=utf8mb4_unicode_ci;
/*!40101 SET character_set_client = @saved_cs_client */;

--
-- Dumping data for table `item_nota_debitos`
--

LOCK TABLES `item_nota_debitos` WRITE;
/*!40000 ALTER TABLE `item_nota_debitos` DISABLE KEYS */;
/*!40000 ALTER TABLE `item_nota_debitos` ENABLE KEYS */;
UNLOCK TABLES;

--
-- Table structure for table `item_proformas`
--

DROP TABLE IF EXISTS `item_proformas`;
/*!40101 SET @saved_cs_client     = @@character_set_client */;
/*!40101 SET character_set_client = utf8 */;
CREATE TABLE `item_proformas` (
  `id` bigint(20) unsigned NOT NULL AUTO_INCREMENT,
  `designacao` varchar(191) DEFAULT NULL,
  `preco` double(8,2) DEFAULT NULL,
  `qtd` int(11) DEFAULT NULL,
  `desconto` double(8,2) DEFAULT NULL,
  `subtotal` double(8,2) DEFAULT NULL,
  `retencao_designacao` varchar(191) DEFAULT NULL,
  `retencao_taxa` double DEFAULT NULL,
  `imposto_tipo` varchar(191) DEFAULT NULL,
  `imposto_codigo` varchar(191) DEFAULT NULL,
  `imposto_designacao` varchar(191) DEFAULT NULL,
  `imposto_taxa` double DEFAULT NULL,
  `imposto_motivo` varchar(191) DEFAULT NULL,
  `proforma_id` bigint(20) unsigned NOT NULL,
  `artigo_id` bigint(20) unsigned NOT NULL,
  `imposto_id` bigint(20) unsigned NOT NULL,
  `retencao_id` bigint(20) unsigned DEFAULT NULL,
  `created_at` timestamp NULL DEFAULT NULL,
  `updated_at` timestamp NULL DEFAULT NULL,
  PRIMARY KEY (`id`),
  KEY `item_proformas_proforma_id_foreign` (`proforma_id`),
  KEY `item_proformas_artigo_id_foreign` (`artigo_id`),
  KEY `item_proformas_imposto_id_foreign` (`imposto_id`),
  KEY `item_proformas_retencao_id_foreign` (`retencao_id`),
  CONSTRAINT `item_proformas_artigo_id_foreign` FOREIGN KEY (`artigo_id`) REFERENCES `artigos` (`id`) ON DELETE NO ACTION,
  CONSTRAINT `item_proformas_imposto_id_foreign` FOREIGN KEY (`imposto_id`) REFERENCES `impostos` (`id`) ON DELETE NO ACTION,
  CONSTRAINT `item_proformas_proforma_id_foreign` FOREIGN KEY (`proforma_id`) REFERENCES `proformas` (`id`) ON DELETE CASCADE,
  CONSTRAINT `item_proformas_retencao_id_foreign` FOREIGN KEY (`retencao_id`) REFERENCES `retencaos` (`id`) ON DELETE SET NULL ON UPDATE CASCADE
) ENGINE=InnoDB AUTO_INCREMENT=25 DEFAULT CHARSET=utf8mb4 COLLATE=utf8mb4_unicode_ci;
/*!40101 SET character_set_client = @saved_cs_client */;

--
-- Dumping data for table `item_proformas`
--

LOCK TABLES `item_proformas` WRITE;
/*!40000 ALTER TABLE `item_proformas` DISABLE KEYS */;
INSERT INTO `item_proformas` VALUES (1,'Janeiro 3F',15000.00,1,0.00,15000.00,'Sem rentenção na fonte',0,'ISENTO','M04','M04 - Regime de Exclusão',0,'Regime Simplificado',1,1,4,1,'2024-02-06 10:15:58','2024-02-06 10:15:58'),(2,'Tubos de Irrigação 1.5p',55000.00,1,0.00,55000.00,'Sem rentenção na fonte',0,'ISENTO','M04','M04 - Regime de Exclusão',0,'Regime Simplificado',2,2,4,1,'2024-02-06 10:59:29','2024-02-06 10:59:29'),(3,'MANGUEIRA2 POLEGADA',85000.00,10,0.00,850000.00,'Sem rentenção na fonte',0,'ISENTO','M04','M04 - Regime de Exclusão',0,'Regime Simplificado',3,31,4,1,'2024-02-23 08:50:35','2024-02-23 08:50:35'),(4,'MANGUEIRA2 POLEGADA',85000.00,1,0.00,85000.00,'Sem rentenção na fonte',0,'ISENTO','M04','M04 - Regime de Exclusão',0,'Regime Simplificado',4,31,4,1,'2024-02-23 09:10:31','2024-02-23 09:10:31'),(5,'Energia Monofásico',8500.00,1,0.00,8500.00,'Sem rentenção na fonte',0,'ISENTO','M00','M00 - Regime Simplificado',0,'Regime Simplificado',5,1,1,1,'2024-02-27 09:39:11','2024-02-27 09:39:11'),(6,'MANGUEIRA2 POLEGADA',85000.00,8,0.00,680000.00,'Sem rentenção na fonte',0,'ISENTO','M04','M04 - Regime de Exclusão',0,'Regime Simplificado',6,31,4,1,'2024-04-03 12:45:51','2024-04-03 12:45:51'),(7,'MANGUEIRA2 POLEGADA',85000.00,8,0.00,680000.00,'Sem rentenção na fonte',0,'ISENTO','M04','M04 - Regime de Exclusão',0,'Regime Simplificado',7,31,4,1,'2024-04-03 12:47:37','2024-04-03 12:47:37'),(8,'MANGUEIRA2 POLEGADA',85000.00,8,0.00,680000.00,'Sem rentenção na fonte',0,'ISENTO','M04','M04 - Regime de Exclusão',0,'Regime Simplificado',8,31,4,1,'2024-04-03 13:01:24','2024-04-03 13:01:24'),(9,'MANGUEIRA2 POLEGADA',85000.00,8,0.00,680000.00,'Sem rentenção na fonte',0,'ISENTO','M04','M04 - Regime de Exclusão',0,'Regime Simplificado',9,31,4,1,'2024-04-03 13:08:33','2024-04-03 13:08:33'),(10,'TAXA RELIGAÇAO',3000.00,1,0.00,3000.00,'Sem rentenção na fonte',0,'ISENTO','M04','M04 - Regime de Exclusão',0,'Regime Simplificado',10,44,4,1,'2024-05-22 06:57:59','2024-05-22 06:57:59'),(11,'TAXA RELIGAÇAO',3000.00,1,0.00,3000.00,'Sem rentenção na fonte',0,'ISENTO','M04','M04 - Regime de Exclusão',0,'Regime Simplificado',11,44,4,1,'2024-05-22 06:58:00','2024-05-22 06:58:00'),(12,'TAXA RELIGAÇAO',3000.00,1,0.00,3000.00,'Sem rentenção na fonte',0,'ISENTO','M04','M04 - Regime de Exclusão',0,'Regime Simplificado',12,44,4,1,'2024-05-22 06:58:00','2024-05-22 06:58:00'),(13,'TAXA RELIGAÇAO',3000.00,1,0.00,3000.00,'Sem rentenção na fonte',0,'ISENTO','M04','M04 - Regime de Exclusão',0,'Regime Simplificado',13,44,4,1,'2024-05-22 06:58:00','2024-05-22 06:58:00'),(14,'TAXA RELIGAÇAO',3000.00,1,0.00,3000.00,'Sem rentenção na fonte',0,'ISENTO','M04','M04 - Regime de Exclusão',0,'Regime Simplificado',14,44,4,1,'2024-05-22 06:58:01','2024-05-22 06:58:01'),(15,'TAXA RELIGAÇAO',3000.00,1,0.00,3000.00,'Sem rentenção na fonte',0,'ISENTO','M04','M04 - Regime de Exclusão',0,'Regime Simplificado',15,44,4,1,'2024-05-22 06:58:01','2024-05-22 06:58:01'),(16,'TAXA RELIGAÇAO',3000.00,1,0.00,3000.00,'Sem rentenção na fonte',0,'ISENTO','M04','M04 - Regime de Exclusão',0,'Regime Simplificado',16,44,4,1,'2024-05-22 06:58:05','2024-05-22 06:58:05'),(17,'TAXA RELIGAÇAO',3000.00,1,0.00,3000.00,'Sem rentenção na fonte',0,'ISENTO','M04','M04 - Regime de Exclusão',0,'Regime Simplificado',17,44,4,1,'2024-05-22 06:58:05','2024-05-22 06:58:05'),(18,'ABRIL 15.000',15000.00,1,0.00,15000.00,'Sem rentenção na fonte',0,'ISENTO','M04','M04 - Regime de Exclusão',0,'Regime Simplificado',18,47,4,1,'2024-05-22 10:58:28','2024-05-22 10:58:28'),(19,'ABRIL 15.000',15000.00,1,0.00,15000.00,'Sem rentenção na fonte',0,'ISENTO','M04','M04 - Regime de Exclusão',0,'Regime Simplificado',19,47,4,1,'2024-05-22 10:58:29','2024-05-22 10:58:29'),(20,'ABRIL 15.000',15000.00,1,0.00,15000.00,'Sem rentenção na fonte',0,'ISENTO','M04','M04 - Regime de Exclusão',0,'Regime Simplificado',20,47,4,1,'2024-05-22 10:58:31','2024-05-22 10:58:31'),(21,'ABRIL 15.000',15000.00,1,0.00,15000.00,'Sem rentenção na fonte',0,'ISENTO','M04','M04 - Regime de Exclusão',0,'Regime Simplificado',21,47,4,1,'2024-05-22 10:58:32','2024-05-22 10:58:32'),(22,'ABRIL 15.000',15000.00,1,0.00,15000.00,'Sem rentenção na fonte',0,'ISENTO','M04','M04 - Regime de Exclusão',0,'Regime Simplificado',22,47,4,1,'2024-05-22 10:58:32','2024-05-22 10:58:32'),(23,'OLÉO DIESEL',25350.00,1,0.00,25350.00,'Sem rentenção na fonte',0,'ISENTO','M04','M04 - Regime de Exclusão',0,'Regime Simplificado',23,48,4,1,'2024-05-22 11:28:09','2024-05-22 11:28:09'),(24,'OLÉO DIESEL',25350.00,1,0.00,25350.00,'Sem rentenção na fonte',0,'ISENTO','M04','M04 - Regime de Exclusão',0,'Regime Simplificado',24,48,4,1,'2024-05-22 11:28:11','2024-05-22 11:28:11');
/*!40000 ALTER TABLE `item_proformas` ENABLE KEYS */;
UNLOCK TABLES;

--
-- Table structure for table `item_stocks`
--

DROP TABLE IF EXISTS `item_stocks`;
/*!40101 SET @saved_cs_client     = @@character_set_client */;
/*!40101 SET character_set_client = utf8 */;
CREATE TABLE `item_stocks` (
  `id` bigint(20) unsigned NOT NULL AUTO_INCREMENT,
  `codigo` varchar(191) DEFAULT NULL,
  `designacao` varchar(191) DEFAULT NULL,
  `qtd` int(11) DEFAULT NULL,
  `stock_id` bigint(20) unsigned NOT NULL,
  `artigo_id` bigint(20) unsigned NOT NULL,
  `created_at` timestamp NULL DEFAULT NULL,
  `updated_at` timestamp NULL DEFAULT NULL,
  PRIMARY KEY (`id`),
  KEY `item_stocks_stock_id_foreign` (`stock_id`),
  KEY `item_stocks_artigo_id_foreign` (`artigo_id`),
  CONSTRAINT `item_stocks_artigo_id_foreign` FOREIGN KEY (`artigo_id`) REFERENCES `artigos` (`id`) ON DELETE CASCADE,
  CONSTRAINT `item_stocks_stock_id_foreign` FOREIGN KEY (`stock_id`) REFERENCES `stocks` (`id`) ON DELETE CASCADE
) ENGINE=InnoDB AUTO_INCREMENT=14 DEFAULT CHARSET=utf8mb4 COLLATE=utf8mb4_unicode_ci;
/*!40101 SET character_set_client = @saved_cs_client */;

--
-- Dumping data for table `item_stocks`
--

LOCK TABLES `item_stocks` WRITE;
/*!40000 ALTER TABLE `item_stocks` DISABLE KEYS */;
INSERT INTO `item_stocks` VALUES (1,'2024-0003','Tubos de Irrigação 2 p',100,2,3,'2024-02-06 10:55:15','2024-02-06 10:55:15'),(2,'2024-0001','Janeiro 3F',100,3,1,'2024-02-06 10:57:49','2024-02-06 10:57:49'),(3,'2024-0003','Tubos de Irrigação 2 p',100,4,3,'2024-02-06 11:28:58','2024-02-06 11:28:58'),(4,'2024-0001','Energia Monofásico',100,4,1,'2024-02-06 11:28:58','2024-02-06 11:28:58'),(5,'2024-0003','Tubos de Irrigação 2 p',100,5,3,'2024-02-27 09:56:38','2024-02-27 09:56:38'),(6,'2024-0048','OLÉO DIESEL',10000,6,48,'2024-05-22 11:13:31','2024-05-22 11:13:31'),(7,'2024-0048','OLÉO DIESEL',10000,7,48,'2024-05-22 11:13:31','2024-05-22 11:13:31'),(8,'2024-0048','OLÉO DIESEL',10000,8,48,'2024-05-22 11:13:33','2024-05-22 11:13:33'),(9,'2024-0052','LIQUIDO DIESEL',600000,9,52,'2024-05-22 11:19:12','2024-05-22 11:19:12'),(10,'2024-0048','OLÉO DIESEL',500000000,9,48,'2024-05-22 11:19:12','2024-05-22 11:19:12'),(11,'2024-0054','Óleo Diesel',1000,10,54,'2024-05-22 11:34:48','2024-05-22 11:34:48'),(12,'2024-0054','Óleo Diesel',1000,11,54,'2024-05-22 11:34:48','2024-05-22 11:34:48'),(13,'2024-0056','Oil Diesel',10000,12,56,'2024-05-23 05:36:33','2024-05-23 05:36:33');
/*!40000 ALTER TABLE `item_stocks` ENABLE KEYS */;
UNLOCK TABLES;

--
-- Table structure for table `items`
--

DROP TABLE IF EXISTS `items`;
/*!40101 SET @saved_cs_client     = @@character_set_client */;
/*!40101 SET character_set_client = utf8 */;
CREATE TABLE `items` (
  `id` bigint(20) unsigned NOT NULL AUTO_INCREMENT,
  `designacao` varchar(191) DEFAULT NULL,
  `preco` double(8,2) DEFAULT NULL,
  `qtd` int(11) DEFAULT NULL,
  `desconto` double(8,2) DEFAULT NULL,
  `subtotal` double(8,2) DEFAULT NULL,
  `retencao_designacao` varchar(191) DEFAULT NULL,
  `retencao_taxa` double DEFAULT NULL,
  `imposto_tipo` varchar(191) DEFAULT NULL,
  `imposto_codigo` varchar(191) DEFAULT NULL,
  `imposto_designacao` varchar(191) DEFAULT NULL,
  `imposto_taxa` double DEFAULT NULL,
  `imposto_motivo` varchar(191) DEFAULT NULL,
  `factura_id` bigint(20) unsigned NOT NULL,
  `artigo_id` bigint(20) unsigned NOT NULL,
  `imposto_id` bigint(20) unsigned NOT NULL,
  `retencao_id` bigint(20) unsigned DEFAULT NULL,
  `created_at` timestamp NULL DEFAULT NULL,
  `updated_at` timestamp NULL DEFAULT NULL,
  PRIMARY KEY (`id`),
  KEY `items_factura_id_foreign` (`factura_id`),
  KEY `items_artigo_id_foreign` (`artigo_id`),
  KEY `items_imposto_id_foreign` (`imposto_id`),
  KEY `items_retencao_id_foreign` (`retencao_id`),
  CONSTRAINT `items_artigo_id_foreign` FOREIGN KEY (`artigo_id`) REFERENCES `artigos` (`id`) ON DELETE NO ACTION,
  CONSTRAINT `items_factura_id_foreign` FOREIGN KEY (`factura_id`) REFERENCES `facturas` (`id`) ON DELETE CASCADE,
  CONSTRAINT `items_imposto_id_foreign` FOREIGN KEY (`imposto_id`) REFERENCES `impostos` (`id`) ON DELETE NO ACTION,
  CONSTRAINT `items_retencao_id_foreign` FOREIGN KEY (`retencao_id`) REFERENCES `retencaos` (`id`) ON DELETE SET NULL ON UPDATE CASCADE
) ENGINE=InnoDB DEFAULT CHARSET=utf8mb4 COLLATE=utf8mb4_unicode_ci;
/*!40101 SET character_set_client = @saved_cs_client */;

--
-- Dumping data for table `items`
--

LOCK TABLES `items` WRITE;
/*!40000 ALTER TABLE `items` DISABLE KEYS */;
/*!40000 ALTER TABLE `items` ENABLE KEYS */;
UNLOCK TABLES;

--
-- Table structure for table `migrations`
--

DROP TABLE IF EXISTS `migrations`;
/*!40101 SET @saved_cs_client     = @@character_set_client */;
/*!40101 SET character_set_client = utf8 */;
CREATE TABLE `migrations` (
  `id` int(10) unsigned NOT NULL AUTO_INCREMENT,
  `migration` varchar(191) NOT NULL,
  `batch` int(11) NOT NULL,
  PRIMARY KEY (`id`)
) ENGINE=InnoDB AUTO_INCREMENT=49 DEFAULT CHARSET=utf8mb4 COLLATE=utf8mb4_unicode_ci;
/*!40101 SET character_set_client = @saved_cs_client */;

--
-- Dumping data for table `migrations`
--

LOCK TABLES `migrations` WRITE;
/*!40000 ALTER TABLE `migrations` DISABLE KEYS */;
INSERT INTO `migrations` VALUES (1,'2014_10_11_000000_create_departamentos_table',1),(2,'2014_10_12_000000_create_enderecos_table',1),(3,'2014_10_12_000000_create_users_table',1),(4,'2014_10_12_100000_create_password_resets_table',1),(5,'2019_08_19_000000_create_failed_jobs_table',1),(6,'2020_08_10_110404_create_contactos_table',1),(7,'2021_01_06_173930_create_tipos_table',1),(8,'2021_01_06_173931_create_categorias_table',1),(9,'2021_01_06_173932_create_impostos_table',1),(10,'2021_01_06_173933_create_fornecedors_table',1),(11,'2021_01_06_173934_create_retencaos_table',1),(12,'2021_01_06_173952_create_artigos_table',1),(13,'2021_07_19_095646_create_clientes_table',1),(14,'2021_07_19_201615_create_empresas_table',1),(15,'2021_08_13_100920_create_formas_pagamentos_table',1),(16,'2021_08_13_100921_create_moedas_table',1),(17,'2021_08_13_100926_create_facturas_table',1),(18,'2021_08_27_084347_create_modo_pagamentos_table',1),(19,'2021_08_30_183409_create_items_table',1),(20,'2021_09_01_075243_create_proformas_table',1),(21,'2021_09_01_075439_create_item_proformas_table',1),(22,'2021_09_01_075937_create_series_table',1),(23,'2021_09_03_132534_create_armazems_table',1),(24,'2021_09_15_130302_create_stocks_table',1),(25,'2021_09_19_125720_create_item_stocks_table',1),(26,'2021_09_20_082519_create_recibos_table',1),(27,'2021_09_20_082623_create_factura_recibos_table',1),(28,'2021_09_20_082635_create_item_factura_recibos_table',1),(29,'2021_09_28_131912_create_motivo_anulacaos_table',1),(30,'2021_09_28_131912_create_tipo_motivo_anulacaos_table',1),(31,'2021_12_22_125550_create_bugs_table',1),(32,'2022_01_23_103308_create_fabricantes_table',1),(33,'2022_01_23_151610_create_condicoes_pagamentos_table',1),(34,'2022_01_25_091808_bancos',1),(35,'2022_02_09_131420_create_permission_tables',1),(36,'2022_09_08_110345_create_nota_creditos_table',1),(37,'2022_09_08_110451_create_nota_debitos_table',1),(38,'2022_09_08_110636_create_item_nota_creditos_table',1),(39,'2022_09_08_110646_create_item_nota_debitos_table',1),(40,'2022_09_11_162939_create_guia_transportes_table',1),(41,'2022_09_11_162954_create_item_guia_transportes_table',1),(42,'2022_09_11_163007_create_guia_remessas_table',1),(43,'2022_09_11_163023_create_item_guia_remessas_table',1),(44,'2022_09_21_140425_create_agts_table',1),(45,'2023_01_23_155122_create_tax_tables_table',1),(46,'2023_01_23_155225_create_saft_audits_table',1),(47,'2023_03_31_105051_create_pais_table',1),(48,'2023_05_07_190801_create_safts_table',1);
/*!40000 ALTER TABLE `migrations` ENABLE KEYS */;
UNLOCK TABLES;

--
-- Table structure for table `model_has_permissions`
--

DROP TABLE IF EXISTS `model_has_permissions`;
/*!40101 SET @saved_cs_client     = @@character_set_client */;
/*!40101 SET character_set_client = utf8 */;
CREATE TABLE `model_has_permissions` (
  `permission_id` bigint(20) unsigned NOT NULL,
  `model_type` varchar(191) NOT NULL,
  `model_id` bigint(20) unsigned NOT NULL,
  PRIMARY KEY (`permission_id`,`model_id`,`model_type`),
  KEY `model_has_permissions_model_id_model_type_index` (`model_id`,`model_type`),
  CONSTRAINT `model_has_permissions_permission_id_foreign` FOREIGN KEY (`permission_id`) REFERENCES `permissions` (`id`) ON DELETE CASCADE
) ENGINE=InnoDB DEFAULT CHARSET=utf8mb4 COLLATE=utf8mb4_unicode_ci;
/*!40101 SET character_set_client = @saved_cs_client */;

--
-- Dumping data for table `model_has_permissions`
--

LOCK TABLES `model_has_permissions` WRITE;
/*!40000 ALTER TABLE `model_has_permissions` DISABLE KEYS */;
/*!40000 ALTER TABLE `model_has_permissions` ENABLE KEYS */;
UNLOCK TABLES;

--
-- Table structure for table `model_has_roles`
--

DROP TABLE IF EXISTS `model_has_roles`;
/*!40101 SET @saved_cs_client     = @@character_set_client */;
/*!40101 SET character_set_client = utf8 */;
CREATE TABLE `model_has_roles` (
  `role_id` bigint(20) unsigned NOT NULL,
  `model_type` varchar(191) NOT NULL,
  `model_id` bigint(20) unsigned NOT NULL,
  PRIMARY KEY (`role_id`,`model_id`,`model_type`),
  KEY `model_has_roles_model_id_model_type_index` (`model_id`,`model_type`),
  CONSTRAINT `model_has_roles_role_id_foreign` FOREIGN KEY (`role_id`) REFERENCES `roles` (`id`) ON DELETE CASCADE
) ENGINE=InnoDB DEFAULT CHARSET=utf8mb4 COLLATE=utf8mb4_unicode_ci;
/*!40101 SET character_set_client = @saved_cs_client */;

--
-- Dumping data for table `model_has_roles`
--

LOCK TABLES `model_has_roles` WRITE;
/*!40000 ALTER TABLE `model_has_roles` DISABLE KEYS */;
INSERT INTO `model_has_roles` VALUES (1,'App\\User',1),(1,'App\\User',2),(3,'App\\User',3);
/*!40000 ALTER TABLE `model_has_roles` ENABLE KEYS */;
UNLOCK TABLES;

--
-- Table structure for table `modo_pagamentos`
--

DROP TABLE IF EXISTS `modo_pagamentos`;
/*!40101 SET @saved_cs_client     = @@character_set_client */;
/*!40101 SET character_set_client = utf8 */;
CREATE TABLE `modo_pagamentos` (
  `id` bigint(20) unsigned NOT NULL AUTO_INCREMENT,
  `designacao` varchar(191) DEFAULT NULL,
  `created_at` timestamp NULL DEFAULT NULL,
  `updated_at` timestamp NULL DEFAULT NULL,
  PRIMARY KEY (`id`)
) ENGINE=InnoDB AUTO_INCREMENT=4 DEFAULT CHARSET=utf8mb4 COLLATE=utf8mb4_unicode_ci;
/*!40101 SET character_set_client = @saved_cs_client */;

--
-- Dumping data for table `modo_pagamentos`
--

LOCK TABLES `modo_pagamentos` WRITE;
/*!40000 ALTER TABLE `modo_pagamentos` DISABLE KEYS */;
INSERT INTO `modo_pagamentos` VALUES (1,'Cheque',NULL,NULL),(2,'Numerário',NULL,NULL),(3,'Transferência Bancária',NULL,NULL);
/*!40000 ALTER TABLE `modo_pagamentos` ENABLE KEYS */;
UNLOCK TABLES;

--
-- Table structure for table `moedas`
--

DROP TABLE IF EXISTS `moedas`;
/*!40101 SET @saved_cs_client     = @@character_set_client */;
/*!40101 SET character_set_client = utf8 */;
CREATE TABLE `moedas` (
  `id` bigint(20) unsigned NOT NULL AUTO_INCREMENT,
  `designacao` varchar(191) DEFAULT NULL,
  `created_at` timestamp NULL DEFAULT NULL,
  `updated_at` timestamp NULL DEFAULT NULL,
  PRIMARY KEY (`id`)
) ENGINE=InnoDB AUTO_INCREMENT=3 DEFAULT CHARSET=utf8mb4 COLLATE=utf8mb4_unicode_ci;
/*!40101 SET character_set_client = @saved_cs_client */;

--
-- Dumping data for table `moedas`
--

LOCK TABLES `moedas` WRITE;
/*!40000 ALTER TABLE `moedas` DISABLE KEYS */;
INSERT INTO `moedas` VALUES (1,'Kwanza',NULL,NULL),(2,'Dollar',NULL,NULL);
/*!40000 ALTER TABLE `moedas` ENABLE KEYS */;
UNLOCK TABLES;

--
-- Table structure for table `motivo_anulacaos`
--

DROP TABLE IF EXISTS `motivo_anulacaos`;
/*!40101 SET @saved_cs_client     = @@character_set_client */;
/*!40101 SET character_set_client = utf8 */;
CREATE TABLE `motivo_anulacaos` (
  `id` bigint(20) unsigned NOT NULL AUTO_INCREMENT,
  `codigo` varchar(191) DEFAULT NULL,
  `designacao` varchar(191) DEFAULT NULL,
  `descricao` varchar(191) DEFAULT NULL,
  `status` tinyint(1) DEFAULT NULL,
  `created_at` timestamp NULL DEFAULT NULL,
  `updated_at` timestamp NULL DEFAULT NULL,
  PRIMARY KEY (`id`)
) ENGINE=InnoDB AUTO_INCREMENT=3 DEFAULT CHARSET=utf8mb4 COLLATE=utf8mb4_unicode_ci;
/*!40101 SET character_set_client = @saved_cs_client */;

--
-- Dumping data for table `motivo_anulacaos`
--

LOCK TABLES `motivo_anulacaos` WRITE;
/*!40000 ALTER TABLE `motivo_anulacaos` DISABLE KEYS */;
INSERT INTO `motivo_anulacaos` VALUES (1,'0001','Anulação','',1,NULL,NULL),(2,'0002','Rectificação','',1,NULL,NULL);
/*!40000 ALTER TABLE `motivo_anulacaos` ENABLE KEYS */;
UNLOCK TABLES;

--
-- Table structure for table `nota_creditos`
--

DROP TABLE IF EXISTS `nota_creditos`;
/*!40101 SET @saved_cs_client     = @@character_set_client */;
/*!40101 SET character_set_client = utf8 */;
CREATE TABLE `nota_creditos` (
  `id` bigint(20) unsigned NOT NULL AUTO_INCREMENT,
  `numero` varchar(191) DEFAULT NULL,
  `cliente_id` bigint(20) unsigned DEFAULT NULL,
  `cliente_nome` varchar(191) DEFAULT NULL,
  `contribuinte` varchar(191) DEFAULT NULL,
  `endereco` varchar(191) DEFAULT NULL,
  `data` datetime DEFAULT NULL,
  `data_vencimento` datetime DEFAULT NULL,
  `formapagamento_id` bigint(20) unsigned DEFAULT NULL,
  `moeda_id` bigint(20) unsigned DEFAULT NULL,
  `utilizador_id` bigint(20) unsigned DEFAULT NULL,
  `utilizador_nome` varchar(191) DEFAULT NULL,
  `observacao` text DEFAULT NULL,
  `subtotal` double(8,2) DEFAULT NULL,
  `desconto` double(8,2) DEFAULT NULL,
  `imposto` double(8,2) DEFAULT NULL,
  `retencao` double(8,2) DEFAULT NULL,
  `total` double(8,2) DEFAULT NULL,
  `hash` text DEFAULT NULL,
  `status` tinyint(1) DEFAULT NULL,
  `documento_id` int(11) DEFAULT NULL,
  `documento_numero` varchar(191) DEFAULT NULL,
  `motivo_anulacao_id` bigint(20) unsigned DEFAULT NULL,
  `motivo_anulacao_designacao` varchar(191) DEFAULT NULL,
  `tipo_motivo_anulacao_id` bigint(20) unsigned DEFAULT NULL,
  `tipo_motivo_anulacao_designacao` varchar(191) DEFAULT NULL,
  `created_at` timestamp NULL DEFAULT NULL,
  `updated_at` timestamp NULL DEFAULT NULL,
  PRIMARY KEY (`id`),
  KEY `nota_creditos_motivo_anulacao_id_foreign` (`motivo_anulacao_id`),
  KEY `nota_creditos_tipo_motivo_anulacao_id_foreign` (`tipo_motivo_anulacao_id`),
  KEY `nota_creditos_cliente_id_foreign` (`cliente_id`),
  KEY `nota_creditos_formapagamento_id_foreign` (`formapagamento_id`),
  KEY `nota_creditos_moeda_id_foreign` (`moeda_id`),
  KEY `nota_creditos_utilizador_id_foreign` (`utilizador_id`),
  CONSTRAINT `nota_creditos_cliente_id_foreign` FOREIGN KEY (`cliente_id`) REFERENCES `clientes` (`id`) ON DELETE NO ACTION ON UPDATE CASCADE,
  CONSTRAINT `nota_creditos_formapagamento_id_foreign` FOREIGN KEY (`formapagamento_id`) REFERENCES `formas_pagamentos` (`id`) ON DELETE NO ACTION ON UPDATE CASCADE,
  CONSTRAINT `nota_creditos_moeda_id_foreign` FOREIGN KEY (`moeda_id`) REFERENCES `moedas` (`id`) ON DELETE NO ACTION ON UPDATE CASCADE,
  CONSTRAINT `nota_creditos_motivo_anulacao_id_foreign` FOREIGN KEY (`motivo_anulacao_id`) REFERENCES `motivo_anulacaos` (`id`) ON DELETE NO ACTION ON UPDATE CASCADE,
  CONSTRAINT `nota_creditos_tipo_motivo_anulacao_id_foreign` FOREIGN KEY (`tipo_motivo_anulacao_id`) REFERENCES `tipo_motivo_anulacaos` (`id`) ON DELETE NO ACTION ON UPDATE CASCADE,
  CONSTRAINT `nota_creditos_utilizador_id_foreign` FOREIGN KEY (`utilizador_id`) REFERENCES `users` (`id`) ON DELETE NO ACTION ON UPDATE CASCADE
) ENGINE=InnoDB AUTO_INCREMENT=3 DEFAULT CHARSET=utf8mb4 COLLATE=utf8mb4_unicode_ci;
/*!40101 SET character_set_client = @saved_cs_client */;

--
-- Dumping data for table `nota_creditos`
--

LOCK TABLES `nota_creditos` WRITE;
/*!40000 ALTER TABLE `nota_creditos` DISABLE KEYS */;
INSERT INTO `nota_creditos` VALUES (1,'NC 2024/1',6,'DOMINGAS GAMA',NULL,'Chana','2024-02-07 00:00:00','2024-02-07 00:00:00',1,1,3,'Engrácia Costa','o cliente paga 5.000kz ,e por erro colocou.se 8500 kz ,neste caso farei nova factura',8500.00,0.00,0.00,0.00,8500.00,'MIICXAIBAAKBgQC4dcYScJrnD1xCbBAlSwQN80TYmlMhC1q3fqyL0y2ygQOmtKKYJkDDp/bx0F7ZJ4psVDAmJ1PC2SlHfVPtSZrsVTIf/OlWMsrkLQ+bSf2vJuzUgDagZ/htowIn3io6myiY+Ehq9vDjCd65XV/Hq2sDZoksXMpQU8kQoIF4P2oJqwIDAQABAoGBAJdMauHXIQdjDv6gWoHsTPAQWKj9tC/He2pE6cxqs/HVZqRHR5Ja1gZl7',1,6,'FR 2024/6',2,'Rectificação',5,'Erro no (s) preço (s)','2024-02-07 08:38:15','2024-02-07 08:38:15'),(2,'NC 2024/2',73,'MARIO BARREIRO',NULL,'FABRICA','2024-10-09 00:00:00','2024-10-09 00:00:00',2,1,3,'Engrácia Costa',NULL,850000.00,0.00,0.00,0.00,850000.00,'MIICXAIBAAKBgQC4dcYScJrnD1xCbBAlSwQN80TYmlMhC1q3fqyL0y2ygQOmtKKYJkDDp/bx0F7ZJ4psVDAmJ1PC2SlHfVPtSZrsVTIf/OlWMsrkLQ+bSf2vJuzUgDagZ/htowIn3io6myiY+Ehq9vDjCd65XV/Hq2sDZoksXMpQU8kQoIF4P2oJqwIDAQABAoGBAJdMauHXIQdjDv6gWoHsTPAQWKj9tC/He2pE6cxqs/HVZqRHR5Ja1gZl7',1,282,'FR 2024/282',1,'Anulação',1,'Ausência de desconto na fatura','2024-10-09 12:39:03','2024-10-09 12:39:03');
/*!40000 ALTER TABLE `nota_creditos` ENABLE KEYS */;
UNLOCK TABLES;

--
-- Table structure for table `nota_debitos`
--

DROP TABLE IF EXISTS `nota_debitos`;
/*!40101 SET @saved_cs_client     = @@character_set_client */;
/*!40101 SET character_set_client = utf8 */;
CREATE TABLE `nota_debitos` (
  `id` bigint(20) unsigned NOT NULL AUTO_INCREMENT,
  `numero` varchar(191) DEFAULT NULL,
  `cliente_id` bigint(20) unsigned DEFAULT NULL,
  `cliente_nome` varchar(191) DEFAULT NULL,
  `contribuinte` varchar(191) DEFAULT NULL,
  `endereco` varchar(191) DEFAULT NULL,
  `data` datetime DEFAULT NULL,
  `data_vencimento` datetime DEFAULT NULL,
  `formapagamento_id` bigint(20) unsigned DEFAULT NULL,
  `moeda_id` bigint(20) unsigned DEFAULT NULL,
  `utilizador_id` bigint(20) unsigned DEFAULT NULL,
  `utilizador_nome` varchar(191) DEFAULT NULL,
  `observacao` text DEFAULT NULL,
  `subtotal` double(8,2) DEFAULT NULL,
  `desconto` double(8,2) DEFAULT NULL,
  `imposto` double(8,2) DEFAULT NULL,
  `retencao` double(8,2) DEFAULT NULL,
  `total` double(8,2) DEFAULT NULL,
  `hash` text DEFAULT NULL,
  `status` tinyint(1) DEFAULT NULL,
  `created_at` timestamp NULL DEFAULT NULL,
  `updated_at` timestamp NULL DEFAULT NULL,
  PRIMARY KEY (`id`),
  KEY `nota_debitos_cliente_id_foreign` (`cliente_id`),
  KEY `nota_debitos_formapagamento_id_foreign` (`formapagamento_id`),
  KEY `nota_debitos_moeda_id_foreign` (`moeda_id`),
  KEY `nota_debitos_utilizador_id_foreign` (`utilizador_id`),
  CONSTRAINT `nota_debitos_cliente_id_foreign` FOREIGN KEY (`cliente_id`) REFERENCES `clientes` (`id`) ON DELETE NO ACTION ON UPDATE CASCADE,
  CONSTRAINT `nota_debitos_formapagamento_id_foreign` FOREIGN KEY (`formapagamento_id`) REFERENCES `formas_pagamentos` (`id`) ON DELETE NO ACTION ON UPDATE CASCADE,
  CONSTRAINT `nota_debitos_moeda_id_foreign` FOREIGN KEY (`moeda_id`) REFERENCES `moedas` (`id`) ON DELETE NO ACTION ON UPDATE CASCADE,
  CONSTRAINT `nota_debitos_utilizador_id_foreign` FOREIGN KEY (`utilizador_id`) REFERENCES `users` (`id`) ON DELETE NO ACTION ON UPDATE CASCADE
) ENGINE=InnoDB DEFAULT CHARSET=utf8mb4 COLLATE=utf8mb4_unicode_ci;
/*!40101 SET character_set_client = @saved_cs_client */;

--
-- Dumping data for table `nota_debitos`
--

LOCK TABLES `nota_debitos` WRITE;
/*!40000 ALTER TABLE `nota_debitos` DISABLE KEYS */;
/*!40000 ALTER TABLE `nota_debitos` ENABLE KEYS */;
UNLOCK TABLES;

--
-- Table structure for table `pais`
--

DROP TABLE IF EXISTS `pais`;
/*!40101 SET @saved_cs_client     = @@character_set_client */;
/*!40101 SET character_set_client = utf8 */;
CREATE TABLE `pais` (
  `id` bigint(20) unsigned NOT NULL AUTO_INCREMENT,
  `designacao` varchar(191) DEFAULT NULL,
  `sigla` varchar(191) DEFAULT NULL,
  `status` tinyint(1) DEFAULT NULL,
  `created_at` timestamp NULL DEFAULT NULL,
  `updated_at` timestamp NULL DEFAULT NULL,
  PRIMARY KEY (`id`)
) ENGINE=InnoDB AUTO_INCREMENT=3 DEFAULT CHARSET=utf8mb4 COLLATE=utf8mb4_unicode_ci;
/*!40101 SET character_set_client = @saved_cs_client */;

--
-- Dumping data for table `pais`
--

LOCK TABLES `pais` WRITE;
/*!40000 ALTER TABLE `pais` DISABLE KEYS */;
INSERT INTO `pais` VALUES (1,'Angola','AO',1,NULL,NULL),(2,'Portugal','PT',1,NULL,NULL);
/*!40000 ALTER TABLE `pais` ENABLE KEYS */;
UNLOCK TABLES;

--
-- Table structure for table `password_resets`
--

DROP TABLE IF EXISTS `password_resets`;
/*!40101 SET @saved_cs_client     = @@character_set_client */;
/*!40101 SET character_set_client = utf8 */;
CREATE TABLE `password_resets` (
  `email` varchar(191) NOT NULL,
  `token` varchar(191) NOT NULL,
  `created_at` timestamp NULL DEFAULT NULL,
  KEY `password_resets_email_index` (`email`)
) ENGINE=InnoDB DEFAULT CHARSET=utf8mb4 COLLATE=utf8mb4_unicode_ci;
/*!40101 SET character_set_client = @saved_cs_client */;

--
-- Dumping data for table `password_resets`
--

LOCK TABLES `password_resets` WRITE;
/*!40000 ALTER TABLE `password_resets` DISABLE KEYS */;
/*!40000 ALTER TABLE `password_resets` ENABLE KEYS */;
UNLOCK TABLES;

--
-- Table structure for table `permissions`
--

DROP TABLE IF EXISTS `permissions`;
/*!40101 SET @saved_cs_client     = @@character_set_client */;
/*!40101 SET character_set_client = utf8 */;
CREATE TABLE `permissions` (
  `id` bigint(20) unsigned NOT NULL AUTO_INCREMENT,
  `name` varchar(191) NOT NULL,
  `guard_name` varchar(191) NOT NULL,
  `created_at` timestamp NULL DEFAULT NULL,
  `updated_at` timestamp NULL DEFAULT NULL,
  PRIMARY KEY (`id`),
  UNIQUE KEY `permissions_name_guard_name_unique` (`name`,`guard_name`)
) ENGINE=InnoDB AUTO_INCREMENT=9 DEFAULT CHARSET=utf8mb4 COLLATE=utf8mb4_unicode_ci;
/*!40101 SET character_set_client = @saved_cs_client */;

--
-- Dumping data for table `permissions`
--

LOCK TABLES `permissions` WRITE;
/*!40000 ALTER TABLE `permissions` DISABLE KEYS */;
INSERT INTO `permissions` VALUES (1,'pos','web',NULL,NULL),(2,'painel','web',NULL,NULL),(3,'artigo','web',NULL,NULL),(4,'cliente','web',NULL,NULL),(5,'documento','web',NULL,NULL),(6,'relatorio','web',NULL,NULL),(7,'configuracoes','web',NULL,NULL),(8,'receita_despesa','web','2023-07-20 00:11:47','2023-07-20 00:11:47');
/*!40000 ALTER TABLE `permissions` ENABLE KEYS */;
UNLOCK TABLES;

--
-- Table structure for table `proformas`
--

DROP TABLE IF EXISTS `proformas`;
/*!40101 SET @saved_cs_client     = @@character_set_client */;
/*!40101 SET character_set_client = utf8 */;
CREATE TABLE `proformas` (
  `id` bigint(20) unsigned NOT NULL AUTO_INCREMENT,
  `numero` varchar(191) DEFAULT NULL,
  `cliente_id` bigint(20) unsigned DEFAULT NULL,
  `cliente_nome` varchar(191) DEFAULT NULL,
  `contribuinte` varchar(191) DEFAULT NULL,
  `endereco` varchar(191) DEFAULT NULL,
  `data` datetime DEFAULT NULL,
  `data_vencimento` datetime DEFAULT NULL,
  `formapagamento_id` bigint(20) unsigned DEFAULT NULL,
  `moeda_id` bigint(20) unsigned DEFAULT NULL,
  `utilizador_id` bigint(20) unsigned DEFAULT NULL,
  `utilizador_nome` varchar(191) DEFAULT NULL,
  `observacao` text DEFAULT NULL,
  `subtotal` double(8,2) DEFAULT NULL,
  `desconto` double(8,2) DEFAULT NULL,
  `imposto` double(8,2) DEFAULT NULL,
  `retencao` double(8,2) DEFAULT NULL,
  `total` double(8,2) DEFAULT NULL,
  `hash` text DEFAULT NULL,
  `status` tinyint(1) DEFAULT NULL,
  `is_factura` tinyint(1) DEFAULT NULL,
  `created_at` timestamp NULL DEFAULT NULL,
  `updated_at` timestamp NULL DEFAULT NULL,
  PRIMARY KEY (`id`),
  KEY `proformas_cliente_id_foreign` (`cliente_id`),
  KEY `proformas_formapagamento_id_foreign` (`formapagamento_id`),
  KEY `proformas_moeda_id_foreign` (`moeda_id`),
  KEY `proformas_utilizador_id_foreign` (`utilizador_id`),
  CONSTRAINT `proformas_cliente_id_foreign` FOREIGN KEY (`cliente_id`) REFERENCES `clientes` (`id`) ON DELETE NO ACTION ON UPDATE CASCADE,
  CONSTRAINT `proformas_formapagamento_id_foreign` FOREIGN KEY (`formapagamento_id`) REFERENCES `formas_pagamentos` (`id`) ON DELETE NO ACTION ON UPDATE CASCADE,
  CONSTRAINT `proformas_moeda_id_foreign` FOREIGN KEY (`moeda_id`) REFERENCES `moedas` (`id`) ON DELETE NO ACTION ON UPDATE CASCADE,
  CONSTRAINT `proformas_utilizador_id_foreign` FOREIGN KEY (`utilizador_id`) REFERENCES `users` (`id`) ON DELETE NO ACTION ON UPDATE CASCADE
) ENGINE=InnoDB AUTO_INCREMENT=25 DEFAULT CHARSET=utf8mb4 COLLATE=utf8mb4_unicode_ci;
/*!40101 SET character_set_client = @saved_cs_client */;

--
-- Dumping data for table `proformas`
--

LOCK TABLES `proformas` WRITE;
/*!40000 ALTER TABLE `proformas` DISABLE KEYS */;
INSERT INTO `proformas` VALUES (1,'PP 2024/1',1,'Cliente Teste','123456789','Rua Direita do Camama1 Perto a Agência do Banco Sol','2024-02-06 00:00:00','2024-02-06 00:00:00',2,1,2,'Francisco Bartolomeu Manuel','teste',15000.00,0.00,0.00,0.00,15000.00,'MIICXAIBAAKBgQC4dcYScJrnD1xCbBAlSwQN80TYmlMhC1q3fqyL0y2ygQOmtKKYJkDDp/bx0F7ZJ4psVDAmJ1PC2SlHfVPtSZrsVTIf/OlWMsrkLQ+bSf2vJuzUgDagZ/htowIn3io6myiY+Ehq9vDjCd65XV/Hq2sDZoksXMpQU8kQoIF4P2oJqwIDAQABAoGBAJdMauHXIQdjDv6gWoHsTPAQWKj9tC/He2pE6cxqs/HVZqRHR5Ja1gZl7',1,1,'2024-02-06 10:15:58','2024-02-06 10:15:58'),(2,'PP 2024/2',2,'António Fernades',NULL,'Chana','2024-02-06 00:00:00','2024-02-06 00:00:00',1,1,3,'Engrácia Costa','Teste para a formação da Sra. Engrácia',55000.00,0.00,0.00,0.00,55000.00,'MIICXAIBAAKBgQC4dcYScJrnD1xCbBAlSwQN80TYmlMhC1q3fqyL0y2ygQOmtKKYJkDDp/bx0F7ZJ4psVDAmJ1PC2SlHfVPtSZrsVTIf/OlWMsrkLQ+bSf2vJuzUgDagZ/htowIn3io6myiY+Ehq9vDjCd65XV/Hq2sDZoksXMpQU8kQoIF4P2oJqwIDAQABAoGBAJdMauHXIQdjDv6gWoHsTPAQWKj9tC/He2pE6cxqs/HVZqRHR5Ja1gZl7',1,1,'2024-02-06 10:59:29','2024-02-06 10:59:29'),(3,'PP 2024/3',159,'TRANSKOSMOS,LDA','5403105395',NULL,'2024-02-23 00:00:00','2024-02-23 00:00:00',2,1,3,'Engrácia Costa',NULL,850000.00,0.00,0.00,0.00,850000.00,'MIICXAIBAAKBgQC4dcYScJrnD1xCbBAlSwQN80TYmlMhC1q3fqyL0y2ygQOmtKKYJkDDp/bx0F7ZJ4psVDAmJ1PC2SlHfVPtSZrsVTIf/OlWMsrkLQ+bSf2vJuzUgDagZ/htowIn3io6myiY+Ehq9vDjCd65XV/Hq2sDZoksXMpQU8kQoIF4P2oJqwIDAQABAoGBAJdMauHXIQdjDv6gWoHsTPAQWKj9tC/He2pE6cxqs/HVZqRHR5Ja1gZl7',1,1,'2024-02-23 08:50:35','2024-02-23 08:50:35'),(4,'PP 2024/4',159,'TRANSKOSMOS,LDA','5403105395',NULL,'2024-02-23 00:00:00','2024-02-23 00:00:00',2,1,3,'Engrácia Costa',NULL,85000.00,0.00,0.00,0.00,85000.00,'MIICXAIBAAKBgQC4dcYScJrnD1xCbBAlSwQN80TYmlMhC1q3fqyL0y2ygQOmtKKYJkDDp/bx0F7ZJ4psVDAmJ1PC2SlHfVPtSZrsVTIf/OlWMsrkLQ+bSf2vJuzUgDagZ/htowIn3io6myiY+Ehq9vDjCd65XV/Hq2sDZoksXMpQU8kQoIF4P2oJqwIDAQABAoGBAJdMauHXIQdjDv6gWoHsTPAQWKj9tC/He2pE6cxqs/HVZqRHR5Ja1gZl7',1,1,'2024-02-23 09:10:31','2024-02-23 09:10:31'),(5,'PP 2024/5',1,'Mercado do 30 (Trinta)',NULL,'Mercado do Trinta (30), Viana','2024-02-27 00:00:00','2024-02-27 00:00:00',1,1,3,'Engrácia Costa',NULL,8500.00,0.00,0.00,0.00,8500.00,'MIICXAIBAAKBgQC4dcYScJrnD1xCbBAlSwQN80TYmlMhC1q3fqyL0y2ygQOmtKKYJkDDp/bx0F7ZJ4psVDAmJ1PC2SlHfVPtSZrsVTIf/OlWMsrkLQ+bSf2vJuzUgDagZ/htowIn3io6myiY+Ehq9vDjCd65XV/Hq2sDZoksXMpQU8kQoIF4P2oJqwIDAQABAoGBAJdMauHXIQdjDv6gWoHsTPAQWKj9tC/He2pE6cxqs/HVZqRHR5Ja1gZl7',1,1,'2024-02-27 09:39:11','2024-02-27 09:39:11'),(6,'PP 2024/6',159,'TRANSKOSMOS,LDA','5403105395',NULL,'2024-04-03 00:00:00','2024-04-03 00:00:00',2,1,3,'Engrácia Costa',NULL,680000.00,0.00,0.00,0.00,680000.00,'MIICXAIBAAKBgQC4dcYScJrnD1xCbBAlSwQN80TYmlMhC1q3fqyL0y2ygQOmtKKYJkDDp/bx0F7ZJ4psVDAmJ1PC2SlHfVPtSZrsVTIf/OlWMsrkLQ+bSf2vJuzUgDagZ/htowIn3io6myiY+Ehq9vDjCd65XV/Hq2sDZoksXMpQU8kQoIF4P2oJqwIDAQABAoGBAJdMauHXIQdjDv6gWoHsTPAQWKj9tC/He2pE6cxqs/HVZqRHR5Ja1gZl7',1,1,'2024-04-03 12:45:51','2024-04-03 12:45:51'),(7,'PP 2024/7',159,'TRANSKOSMOS,LDA','5403105395',NULL,'2024-04-03 00:00:00','2024-04-03 00:00:00',2,1,3,'Engrácia Costa',NULL,680000.00,0.00,0.00,0.00,680000.00,'MIICXAIBAAKBgQC4dcYScJrnD1xCbBAlSwQN80TYmlMhC1q3fqyL0y2ygQOmtKKYJkDDp/bx0F7ZJ4psVDAmJ1PC2SlHfVPtSZrsVTIf/OlWMsrkLQ+bSf2vJuzUgDagZ/htowIn3io6myiY+Ehq9vDjCd65XV/Hq2sDZoksXMpQU8kQoIF4P2oJqwIDAQABAoGBAJdMauHXIQdjDv6gWoHsTPAQWKj9tC/He2pE6cxqs/HVZqRHR5Ja1gZl7',1,1,'2024-04-03 12:47:37','2024-04-03 12:47:37'),(8,'PP 2024/8',169,'Westaves  África , Lda','5001651234','Bairro Quiminha - Icolo e Bengo','2024-04-03 00:00:00','2024-04-03 00:00:00',2,1,3,'Engrácia Costa',NULL,680000.00,0.00,0.00,0.00,680000.00,'MIICXAIBAAKBgQC4dcYScJrnD1xCbBAlSwQN80TYmlMhC1q3fqyL0y2ygQOmtKKYJkDDp/bx0F7ZJ4psVDAmJ1PC2SlHfVPtSZrsVTIf/OlWMsrkLQ+bSf2vJuzUgDagZ/htowIn3io6myiY+Ehq9vDjCd65XV/Hq2sDZoksXMpQU8kQoIF4P2oJqwIDAQABAoGBAJdMauHXIQdjDv6gWoHsTPAQWKj9tC/He2pE6cxqs/HVZqRHR5Ja1gZl7',1,1,'2024-04-03 13:01:24','2024-04-03 13:01:24'),(9,'PP 2024/9',169,'Westaves  África , Lda','5001651234/ Bairro Quiminha -Icolo e Bengo','Bairro Quiminha - Icolo e Bengo','2024-04-03 00:00:00','2024-04-03 00:00:00',2,1,3,'Engrácia Costa',NULL,680000.00,0.00,0.00,0.00,680000.00,'MIICXAIBAAKBgQC4dcYScJrnD1xCbBAlSwQN80TYmlMhC1q3fqyL0y2ygQOmtKKYJkDDp/bx0F7ZJ4psVDAmJ1PC2SlHfVPtSZrsVTIf/OlWMsrkLQ+bSf2vJuzUgDagZ/htowIn3io6myiY+Ehq9vDjCd65XV/Hq2sDZoksXMpQU8kQoIF4P2oJqwIDAQABAoGBAJdMauHXIQdjDv6gWoHsTPAQWKj9tC/He2pE6cxqs/HVZqRHR5Ja1gZl7',1,1,'2024-04-03 13:08:33','2024-04-03 13:08:33'),(10,'PP 2024/10',171,'TEODORO ALHO INERTES SA.','5191012984','ESTRADA DAS MABUBAS CAXITO','2024-05-22 00:00:00','2024-05-22 00:00:00',2,1,3,'Engrácia Costa',NULL,3000.00,0.00,0.00,0.00,3000.00,'MIICXAIBAAKBgQC4dcYScJrnD1xCbBAlSwQN80TYmlMhC1q3fqyL0y2ygQOmtKKYJkDDp/bx0F7ZJ4psVDAmJ1PC2SlHfVPtSZrsVTIf/OlWMsrkLQ+bSf2vJuzUgDagZ/htowIn3io6myiY+Ehq9vDjCd65XV/Hq2sDZoksXMpQU8kQoIF4P2oJqwIDAQABAoGBAJdMauHXIQdjDv6gWoHsTPAQWKj9tC/He2pE6cxqs/HVZqRHR5Ja1gZl7',1,1,'2024-05-22 06:57:59','2024-05-22 06:57:59'),(11,'PP 2024/10',171,'TEODORO ALHO INERTES SA.','5191012984','ESTRADA DAS MABUBAS CAXITO','2024-05-22 00:00:00','2024-05-22 00:00:00',2,1,3,'Engrácia Costa',NULL,3000.00,0.00,0.00,0.00,3000.00,'MIICXAIBAAKBgQC4dcYScJrnD1xCbBAlSwQN80TYmlMhC1q3fqyL0y2ygQOmtKKYJkDDp/bx0F7ZJ4psVDAmJ1PC2SlHfVPtSZrsVTIf/OlWMsrkLQ+bSf2vJuzUgDagZ/htowIn3io6myiY+Ehq9vDjCd65XV/Hq2sDZoksXMpQU8kQoIF4P2oJqwIDAQABAoGBAJdMauHXIQdjDv6gWoHsTPAQWKj9tC/He2pE6cxqs/HVZqRHR5Ja1gZl7',1,1,'2024-05-22 06:58:00','2024-05-22 06:58:00'),(12,'PP 2024/10',171,'TEODORO ALHO INERTES SA.','5191012984','ESTRADA DAS MABUBAS CAXITO','2024-05-22 00:00:00','2024-05-22 00:00:00',2,1,3,'Engrácia Costa',NULL,3000.00,0.00,0.00,0.00,3000.00,'MIICXAIBAAKBgQC4dcYScJrnD1xCbBAlSwQN80TYmlMhC1q3fqyL0y2ygQOmtKKYJkDDp/bx0F7ZJ4psVDAmJ1PC2SlHfVPtSZrsVTIf/OlWMsrkLQ+bSf2vJuzUgDagZ/htowIn3io6myiY+Ehq9vDjCd65XV/Hq2sDZoksXMpQU8kQoIF4P2oJqwIDAQABAoGBAJdMauHXIQdjDv6gWoHsTPAQWKj9tC/He2pE6cxqs/HVZqRHR5Ja1gZl7',1,1,'2024-05-22 06:58:00','2024-05-22 06:58:00'),(13,'PP 2024/10',171,'TEODORO ALHO INERTES SA.','5191012984','ESTRADA DAS MABUBAS CAXITO','2024-05-22 00:00:00','2024-05-22 00:00:00',2,1,3,'Engrácia Costa',NULL,3000.00,0.00,0.00,0.00,3000.00,'MIICXAIBAAKBgQC4dcYScJrnD1xCbBAlSwQN80TYmlMhC1q3fqyL0y2ygQOmtKKYJkDDp/bx0F7ZJ4psVDAmJ1PC2SlHfVPtSZrsVTIf/OlWMsrkLQ+bSf2vJuzUgDagZ/htowIn3io6myiY+Ehq9vDjCd65XV/Hq2sDZoksXMpQU8kQoIF4P2oJqwIDAQABAoGBAJdMauHXIQdjDv6gWoHsTPAQWKj9tC/He2pE6cxqs/HVZqRHR5Ja1gZl7',1,1,'2024-05-22 06:58:00','2024-05-22 06:58:00'),(14,'PP 2024/10',171,'TEODORO ALHO INERTES SA.','5191012984','ESTRADA DAS MABUBAS CAXITO','2024-05-22 00:00:00','2024-05-22 00:00:00',2,1,3,'Engrácia Costa',NULL,3000.00,0.00,0.00,0.00,3000.00,'MIICXAIBAAKBgQC4dcYScJrnD1xCbBAlSwQN80TYmlMhC1q3fqyL0y2ygQOmtKKYJkDDp/bx0F7ZJ4psVDAmJ1PC2SlHfVPtSZrsVTIf/OlWMsrkLQ+bSf2vJuzUgDagZ/htowIn3io6myiY+Ehq9vDjCd65XV/Hq2sDZoksXMpQU8kQoIF4P2oJqwIDAQABAoGBAJdMauHXIQdjDv6gWoHsTPAQWKj9tC/He2pE6cxqs/HVZqRHR5Ja1gZl7',1,1,'2024-05-22 06:58:01','2024-05-22 06:58:01'),(15,'PP 2024/10',171,'TEODORO ALHO INERTES SA.','5191012984','ESTRADA DAS MABUBAS CAXITO','2024-05-22 00:00:00','2024-05-22 00:00:00',2,1,3,'Engrácia Costa',NULL,3000.00,0.00,0.00,0.00,3000.00,'MIICXAIBAAKBgQC4dcYScJrnD1xCbBAlSwQN80TYmlMhC1q3fqyL0y2ygQOmtKKYJkDDp/bx0F7ZJ4psVDAmJ1PC2SlHfVPtSZrsVTIf/OlWMsrkLQ+bSf2vJuzUgDagZ/htowIn3io6myiY+Ehq9vDjCd65XV/Hq2sDZoksXMpQU8kQoIF4P2oJqwIDAQABAoGBAJdMauHXIQdjDv6gWoHsTPAQWKj9tC/He2pE6cxqs/HVZqRHR5Ja1gZl7',1,1,'2024-05-22 06:58:01','2024-05-22 06:58:01'),(16,'PP 2024/10',171,'TEODORO ALHO INERTES SA.','5191012984','ESTRADA DAS MABUBAS CAXITO','2024-05-22 00:00:00','2024-05-22 00:00:00',2,1,3,'Engrácia Costa',NULL,3000.00,0.00,0.00,0.00,3000.00,'MIICXAIBAAKBgQC4dcYScJrnD1xCbBAlSwQN80TYmlMhC1q3fqyL0y2ygQOmtKKYJkDDp/bx0F7ZJ4psVDAmJ1PC2SlHfVPtSZrsVTIf/OlWMsrkLQ+bSf2vJuzUgDagZ/htowIn3io6myiY+Ehq9vDjCd65XV/Hq2sDZoksXMpQU8kQoIF4P2oJqwIDAQABAoGBAJdMauHXIQdjDv6gWoHsTPAQWKj9tC/He2pE6cxqs/HVZqRHR5Ja1gZl7',1,1,'2024-05-22 06:58:05','2024-05-22 06:58:05'),(17,'PP 2024/10',171,'TEODORO ALHO INERTES SA.','5191012984','ESTRADA DAS MABUBAS CAXITO','2024-05-22 00:00:00','2024-05-22 00:00:00',2,1,3,'Engrácia Costa',NULL,3000.00,0.00,0.00,0.00,3000.00,'MIICXAIBAAKBgQC4dcYScJrnD1xCbBAlSwQN80TYmlMhC1q3fqyL0y2ygQOmtKKYJkDDp/bx0F7ZJ4psVDAmJ1PC2SlHfVPtSZrsVTIf/OlWMsrkLQ+bSf2vJuzUgDagZ/htowIn3io6myiY+Ehq9vDjCd65XV/Hq2sDZoksXMpQU8kQoIF4P2oJqwIDAQABAoGBAJdMauHXIQdjDv6gWoHsTPAQWKj9tC/He2pE6cxqs/HVZqRHR5Ja1gZl7',1,1,'2024-05-22 06:58:05','2024-05-22 06:58:05'),(18,'PP 2024/18',169,'Westaves  África , Lda','5001651234/ Bairro Quiminha -Icolo e Bengo','Bairro Quiminha - Icolo e Bengo','2024-05-22 00:00:00','2024-05-22 00:00:00',1,1,3,'Engrácia Costa',NULL,15000.00,0.00,0.00,0.00,15000.00,'MIICXAIBAAKBgQC4dcYScJrnD1xCbBAlSwQN80TYmlMhC1q3fqyL0y2ygQOmtKKYJkDDp/bx0F7ZJ4psVDAmJ1PC2SlHfVPtSZrsVTIf/OlWMsrkLQ+bSf2vJuzUgDagZ/htowIn3io6myiY+Ehq9vDjCd65XV/Hq2sDZoksXMpQU8kQoIF4P2oJqwIDAQABAoGBAJdMauHXIQdjDv6gWoHsTPAQWKj9tC/He2pE6cxqs/HVZqRHR5Ja1gZl7',1,1,'2024-05-22 10:58:28','2024-05-22 10:58:28'),(19,'PP 2024/18',169,'Westaves  África , Lda','5001651234/ Bairro Quiminha -Icolo e Bengo','Bairro Quiminha - Icolo e Bengo','2024-05-22 00:00:00','2024-05-22 00:00:00',1,1,3,'Engrácia Costa',NULL,15000.00,0.00,0.00,0.00,15000.00,'MIICXAIBAAKBgQC4dcYScJrnD1xCbBAlSwQN80TYmlMhC1q3fqyL0y2ygQOmtKKYJkDDp/bx0F7ZJ4psVDAmJ1PC2SlHfVPtSZrsVTIf/OlWMsrkLQ+bSf2vJuzUgDagZ/htowIn3io6myiY+Ehq9vDjCd65XV/Hq2sDZoksXMpQU8kQoIF4P2oJqwIDAQABAoGBAJdMauHXIQdjDv6gWoHsTPAQWKj9tC/He2pE6cxqs/HVZqRHR5Ja1gZl7',1,1,'2024-05-22 10:58:29','2024-05-22 10:58:29'),(20,'PP 2024/18',169,'Westaves  África , Lda','5001651234/ Bairro Quiminha -Icolo e Bengo','Bairro Quiminha - Icolo e Bengo','2024-05-22 00:00:00','2024-05-22 00:00:00',1,1,3,'Engrácia Costa',NULL,15000.00,0.00,0.00,0.00,15000.00,'MIICXAIBAAKBgQC4dcYScJrnD1xCbBAlSwQN80TYmlMhC1q3fqyL0y2ygQOmtKKYJkDDp/bx0F7ZJ4psVDAmJ1PC2SlHfVPtSZrsVTIf/OlWMsrkLQ+bSf2vJuzUgDagZ/htowIn3io6myiY+Ehq9vDjCd65XV/Hq2sDZoksXMpQU8kQoIF4P2oJqwIDAQABAoGBAJdMauHXIQdjDv6gWoHsTPAQWKj9tC/He2pE6cxqs/HVZqRHR5Ja1gZl7',1,1,'2024-05-22 10:58:30','2024-05-22 10:58:30'),(21,'PP 2024/18',169,'Westaves  África , Lda','5001651234/ Bairro Quiminha -Icolo e Bengo','Bairro Quiminha - Icolo e Bengo','2024-05-22 00:00:00','2024-05-22 00:00:00',1,1,3,'Engrácia Costa',NULL,15000.00,0.00,0.00,0.00,15000.00,'MIICXAIBAAKBgQC4dcYScJrnD1xCbBAlSwQN80TYmlMhC1q3fqyL0y2ygQOmtKKYJkDDp/bx0F7ZJ4psVDAmJ1PC2SlHfVPtSZrsVTIf/OlWMsrkLQ+bSf2vJuzUgDagZ/htowIn3io6myiY+Ehq9vDjCd65XV/Hq2sDZoksXMpQU8kQoIF4P2oJqwIDAQABAoGBAJdMauHXIQdjDv6gWoHsTPAQWKj9tC/He2pE6cxqs/HVZqRHR5Ja1gZl7',1,1,'2024-05-22 10:58:32','2024-05-22 10:58:32'),(22,'PP 2024/18',169,'Westaves  África , Lda','5001651234/ Bairro Quiminha -Icolo e Bengo','Bairro Quiminha - Icolo e Bengo','2024-05-22 00:00:00','2024-05-22 00:00:00',1,1,3,'Engrácia Costa',NULL,15000.00,0.00,0.00,0.00,15000.00,'MIICXAIBAAKBgQC4dcYScJrnD1xCbBAlSwQN80TYmlMhC1q3fqyL0y2ygQOmtKKYJkDDp/bx0F7ZJ4psVDAmJ1PC2SlHfVPtSZrsVTIf/OlWMsrkLQ+bSf2vJuzUgDagZ/htowIn3io6myiY+Ehq9vDjCd65XV/Hq2sDZoksXMpQU8kQoIF4P2oJqwIDAQABAoGBAJdMauHXIQdjDv6gWoHsTPAQWKj9tC/He2pE6cxqs/HVZqRHR5Ja1gZl7',1,1,'2024-05-22 10:58:32','2024-05-22 10:58:32'),(23,'PP 2024/23',171,'TEODORO ALHO INERTES SA.','5191012984','Estrada das Mabubas, Catete','2024-05-22 00:00:00','2024-05-22 00:00:00',1,1,3,'Engrácia Costa',NULL,25350.00,0.00,0.00,0.00,25350.00,'MIICXAIBAAKBgQC4dcYScJrnD1xCbBAlSwQN80TYmlMhC1q3fqyL0y2ygQOmtKKYJkDDp/bx0F7ZJ4psVDAmJ1PC2SlHfVPtSZrsVTIf/OlWMsrkLQ+bSf2vJuzUgDagZ/htowIn3io6myiY+Ehq9vDjCd65XV/Hq2sDZoksXMpQU8kQoIF4P2oJqwIDAQABAoGBAJdMauHXIQdjDv6gWoHsTPAQWKj9tC/He2pE6cxqs/HVZqRHR5Ja1gZl7',1,1,'2024-05-22 11:28:09','2024-05-22 11:28:09'),(24,'PP 2024/23',171,'TEODORO ALHO INERTES SA.','5191012984','Estrada das Mabubas, Catete','2024-05-22 00:00:00','2024-05-22 00:00:00',1,1,3,'Engrácia Costa',NULL,25350.00,0.00,0.00,0.00,25350.00,'MIICXAIBAAKBgQC4dcYScJrnD1xCbBAlSwQN80TYmlMhC1q3fqyL0y2ygQOmtKKYJkDDp/bx0F7ZJ4psVDAmJ1PC2SlHfVPtSZrsVTIf/OlWMsrkLQ+bSf2vJuzUgDagZ/htowIn3io6myiY+Ehq9vDjCd65XV/Hq2sDZoksXMpQU8kQoIF4P2oJqwIDAQABAoGBAJdMauHXIQdjDv6gWoHsTPAQWKj9tC/He2pE6cxqs/HVZqRHR5Ja1gZl7',1,1,'2024-05-22 11:28:11','2024-05-22 11:28:11');
/*!40000 ALTER TABLE `proformas` ENABLE KEYS */;
UNLOCK TABLES;

--
-- Table structure for table `receita_despesas`
--

DROP TABLE IF EXISTS `receita_despesas`;
/*!40101 SET @saved_cs_client     = @@character_set_client */;
/*!40101 SET character_set_client = utf8 */;
CREATE TABLE `receita_despesas` (
  `id` bigint(20) unsigned NOT NULL AUTO_INCREMENT,
  `codigo` varchar(191) DEFAULT NULL,
  `designacao` varchar(191) DEFAULT NULL,
  `tipo` int(11) DEFAULT NULL,
  `total` double(8,2) DEFAULT NULL,
  `data` datetime DEFAULT NULL,
  `descricao` varchar(191) DEFAULT NULL,
  `created_at` timestamp NULL DEFAULT NULL,
  `updated_at` timestamp NULL DEFAULT NULL,
  PRIMARY KEY (`id`)
) ENGINE=InnoDB DEFAULT CHARSET=utf8mb4 COLLATE=utf8mb4_unicode_ci;
/*!40101 SET character_set_client = @saved_cs_client */;

--
-- Dumping data for table `receita_despesas`
--

LOCK TABLES `receita_despesas` WRITE;
/*!40000 ALTER TABLE `receita_despesas` DISABLE KEYS */;
/*!40000 ALTER TABLE `receita_despesas` ENABLE KEYS */;
UNLOCK TABLES;

--
-- Table structure for table `recibos`
--

DROP TABLE IF EXISTS `recibos`;
/*!40101 SET @saved_cs_client     = @@character_set_client */;
/*!40101 SET character_set_client = utf8 */;
CREATE TABLE `recibos` (
  `id` bigint(20) unsigned NOT NULL AUTO_INCREMENT,
  `numero` varchar(191) DEFAULT NULL,
  `cliente_id` bigint(20) unsigned DEFAULT NULL,
  `cliente_nome` varchar(191) DEFAULT NULL,
  `contribuinte` varchar(191) DEFAULT NULL,
  `endereco` varchar(191) DEFAULT NULL,
  `data` datetime DEFAULT NULL,
  `data_vencimento` datetime DEFAULT NULL,
  `formapagamento_id` bigint(20) unsigned DEFAULT NULL,
  `moeda_id` bigint(20) unsigned DEFAULT NULL,
  `utilizador_id` bigint(20) unsigned DEFAULT NULL,
  `utilizador_nome` varchar(191) DEFAULT NULL,
  `observacao` text DEFAULT NULL,
  `subtotal` double(8,2) DEFAULT NULL,
  `desconto` double(8,2) DEFAULT NULL,
  `imposto` double(8,2) DEFAULT NULL,
  `retencao` double(8,2) DEFAULT NULL,
  `total` double(8,2) DEFAULT NULL,
  `hash` text DEFAULT NULL,
  `status` tinyint(1) DEFAULT NULL,
  `numero_documento` varchar(191) DEFAULT NULL,
  `data_documento` datetime DEFAULT NULL,
  `total_pendente` double(8,2) DEFAULT NULL,
  `valor_pago` double(8,2) DEFAULT NULL,
  `ficheiro` varchar(191) DEFAULT NULL,
  `data_ficheiro` datetime DEFAULT NULL,
  `retencao_taxa` double(8,2) DEFAULT NULL,
  `factura_id` bigint(20) unsigned DEFAULT NULL,
  `created_at` timestamp NULL DEFAULT NULL,
  `updated_at` timestamp NULL DEFAULT NULL,
  PRIMARY KEY (`id`),
  KEY `recibos_factura_id_foreign` (`factura_id`),
  KEY `recibos_cliente_id_foreign` (`cliente_id`),
  KEY `recibos_formapagamento_id_foreign` (`formapagamento_id`),
  KEY `recibos_moeda_id_foreign` (`moeda_id`),
  KEY `recibos_utilizador_id_foreign` (`utilizador_id`),
  CONSTRAINT `recibos_cliente_id_foreign` FOREIGN KEY (`cliente_id`) REFERENCES `clientes` (`id`) ON DELETE NO ACTION ON UPDATE CASCADE,
  CONSTRAINT `recibos_factura_id_foreign` FOREIGN KEY (`factura_id`) REFERENCES `facturas` (`id`) ON DELETE NO ACTION ON UPDATE CASCADE,
  CONSTRAINT `recibos_formapagamento_id_foreign` FOREIGN KEY (`formapagamento_id`) REFERENCES `formas_pagamentos` (`id`) ON DELETE NO ACTION ON UPDATE CASCADE,
  CONSTRAINT `recibos_moeda_id_foreign` FOREIGN KEY (`moeda_id`) REFERENCES `moedas` (`id`) ON DELETE NO ACTION ON UPDATE CASCADE,
  CONSTRAINT `recibos_utilizador_id_foreign` FOREIGN KEY (`utilizador_id`) REFERENCES `users` (`id`) ON DELETE NO ACTION ON UPDATE CASCADE
) ENGINE=InnoDB DEFAULT CHARSET=utf8mb4 COLLATE=utf8mb4_unicode_ci;
/*!40101 SET character_set_client = @saved_cs_client */;

--
-- Dumping data for table `recibos`
--

LOCK TABLES `recibos` WRITE;
/*!40000 ALTER TABLE `recibos` DISABLE KEYS */;
/*!40000 ALTER TABLE `recibos` ENABLE KEYS */;
UNLOCK TABLES;

--
-- Table structure for table `retencaos`
--

DROP TABLE IF EXISTS `retencaos`;
/*!40101 SET @saved_cs_client     = @@character_set_client */;
/*!40101 SET character_set_client = utf8 */;
CREATE TABLE `retencaos` (
  `id` bigint(20) unsigned NOT NULL AUTO_INCREMENT,
  `designacao` varchar(191) DEFAULT NULL,
  `taxa` varchar(191) DEFAULT NULL,
  `status` tinyint(1) DEFAULT NULL,
  `created_at` timestamp NULL DEFAULT NULL,
  `updated_at` timestamp NULL DEFAULT NULL,
  PRIMARY KEY (`id`)
) ENGINE=InnoDB AUTO_INCREMENT=3 DEFAULT CHARSET=utf8mb4 COLLATE=utf8mb4_unicode_ci;
/*!40101 SET character_set_client = @saved_cs_client */;

--
-- Dumping data for table `retencaos`
--

LOCK TABLES `retencaos` WRITE;
/*!40000 ALTER TABLE `retencaos` DISABLE KEYS */;
INSERT INTO `retencaos` VALUES (1,'Sem rentenção na fonte','0',1,NULL,NULL),(2,'Rentenção na fonte 6.5%','6.5',1,NULL,NULL);
/*!40000 ALTER TABLE `retencaos` ENABLE KEYS */;
UNLOCK TABLES;

--
-- Table structure for table `role_has_permissions`
--

DROP TABLE IF EXISTS `role_has_permissions`;
/*!40101 SET @saved_cs_client     = @@character_set_client */;
/*!40101 SET character_set_client = utf8 */;
CREATE TABLE `role_has_permissions` (
  `permission_id` bigint(20) unsigned NOT NULL,
  `role_id` bigint(20) unsigned NOT NULL,
  PRIMARY KEY (`permission_id`,`role_id`),
  KEY `role_has_permissions_role_id_foreign` (`role_id`),
  CONSTRAINT `role_has_permissions_permission_id_foreign` FOREIGN KEY (`permission_id`) REFERENCES `permissions` (`id`) ON DELETE CASCADE,
  CONSTRAINT `role_has_permissions_role_id_foreign` FOREIGN KEY (`role_id`) REFERENCES `roles` (`id`) ON DELETE CASCADE
) ENGINE=InnoDB DEFAULT CHARSET=utf8mb4 COLLATE=utf8mb4_unicode_ci;
/*!40101 SET character_set_client = @saved_cs_client */;

--
-- Dumping data for table `role_has_permissions`
--

LOCK TABLES `role_has_permissions` WRITE;
/*!40000 ALTER TABLE `role_has_permissions` DISABLE KEYS */;
INSERT INTO `role_has_permissions` VALUES (1,1),(1,2),(1,3),(1,4),(2,1),(2,2),(2,3),(3,1),(3,2),(3,3),(4,1),(4,2),(4,3),(5,1),(5,2),(5,3),(6,1),(6,2),(7,1),(8,1);
/*!40000 ALTER TABLE `role_has_permissions` ENABLE KEYS */;
UNLOCK TABLES;

--
-- Table structure for table `roles`
--

DROP TABLE IF EXISTS `roles`;
/*!40101 SET @saved_cs_client     = @@character_set_client */;
/*!40101 SET character_set_client = utf8 */;
CREATE TABLE `roles` (
  `id` bigint(20) unsigned NOT NULL AUTO_INCREMENT,
  `name` varchar(191) NOT NULL,
  `guard_name` varchar(191) NOT NULL,
  `created_at` timestamp NULL DEFAULT NULL,
  `updated_at` timestamp NULL DEFAULT NULL,
  PRIMARY KEY (`id`),
  UNIQUE KEY `roles_name_guard_name_unique` (`name`,`guard_name`)
) ENGINE=InnoDB AUTO_INCREMENT=6 DEFAULT CHARSET=utf8mb4 COLLATE=utf8mb4_unicode_ci;
/*!40101 SET character_set_client = @saved_cs_client */;

--
-- Dumping data for table `roles`
--

LOCK TABLES `roles` WRITE;
/*!40000 ALTER TABLE `roles` DISABLE KEYS */;
INSERT INTO `roles` VALUES (1,'Administrador','web',NULL,NULL),(2,'Gestor','web',NULL,NULL),(3,'Operador','web',NULL,NULL),(4,'Operador POS','web',NULL,NULL),(5,'teste e','web','2023-11-17 15:17:31','2023-11-17 15:18:01');
/*!40000 ALTER TABLE `roles` ENABLE KEYS */;
UNLOCK TABLES;

--
-- Table structure for table `saft_audits`
--

DROP TABLE IF EXISTS `saft_audits`;
/*!40101 SET @saved_cs_client     = @@character_set_client */;
/*!40101 SET character_set_client = utf8 */;
CREATE TABLE `saft_audits` (
  `id` bigint(20) unsigned NOT NULL AUTO_INCREMENT,
  `audit_file_version` varchar(191) DEFAULT NULL,
  `company_id` varchar(191) DEFAULT NULL,
  `tax_registration_number` varchar(191) DEFAULT NULL,
  `tax_accounting_basis` varchar(191) DEFAULT NULL,
  `created_at` timestamp NULL DEFAULT NULL,
  `updated_at` timestamp NULL DEFAULT NULL,
  PRIMARY KEY (`id`)
) ENGINE=InnoDB DEFAULT CHARSET=utf8mb4 COLLATE=utf8mb4_unicode_ci;
/*!40101 SET character_set_client = @saved_cs_client */;

--
-- Dumping data for table `saft_audits`
--

LOCK TABLES `saft_audits` WRITE;
/*!40000 ALTER TABLE `saft_audits` DISABLE KEYS */;
/*!40000 ALTER TABLE `saft_audits` ENABLE KEYS */;
UNLOCK TABLES;

--
-- Table structure for table `safts`
--

DROP TABLE IF EXISTS `safts`;
/*!40101 SET @saved_cs_client     = @@character_set_client */;
/*!40101 SET character_set_client = utf8 */;
CREATE TABLE `safts` (
  `id` bigint(20) unsigned NOT NULL AUTO_INCREMENT,
  `filename` varchar(191) NOT NULL,
  `created_at` timestamp NULL DEFAULT NULL,
  `updated_at` timestamp NULL DEFAULT NULL,
  PRIMARY KEY (`id`)
) ENGINE=InnoDB AUTO_INCREMENT=11 DEFAULT CHARSET=utf8mb4 COLLATE=utf8mb4_unicode_ci;
/*!40101 SET character_set_client = @saved_cs_client */;

--
-- Dumping data for table `safts`
--

LOCK TABLES `safts` WRITE;
/*!40000 ALTER TABLE `safts` DISABLE KEYS */;
INSERT INTO `safts` VALUES (1,'SAFT_AO_20240206121056.xml','2024-02-06 12:10:56','2024-02-06 12:10:56'),(2,'SAFT_AO_20240301093457.xml','2024-03-01 09:34:57','2024-03-01 09:34:57'),(3,'SAFT_AO_20240304100654.xml','2024-03-04 10:06:54','2024-03-04 10:06:54'),(4,'SAFT_AO_20240307113820.xml','2024-03-07 11:38:20','2024-03-07 11:38:20'),(5,'SAFT_AO_20240312083943.xml','2024-03-12 08:39:43','2024-03-12 08:39:43'),(6,'SAFT_AO_20240314132448.xml','2024-03-14 13:24:48','2024-03-14 13:24:48'),(7,'SAFT_AO_20240319144927.xml','2024-03-19 14:49:27','2024-03-19 14:49:27'),(8,'SAFT_AO_20240325082716.xml','2024-03-25 08:27:16','2024-03-25 08:27:16'),(9,'SAFT_AO_20240325082752.xml','2024-03-25 08:27:52','2024-03-25 08:27:52'),(10,'SAFT_AO_20240325082758.xml','2024-03-25 08:27:58','2024-03-25 08:27:58');
/*!40000 ALTER TABLE `safts` ENABLE KEYS */;
UNLOCK TABLES;

--
-- Table structure for table `salarios`
--

DROP TABLE IF EXISTS `salarios`;
/*!40101 SET @saved_cs_client     = @@character_set_client */;
/*!40101 SET character_set_client = utf8 */;
CREATE TABLE `salarios` (
  `id` bigint(20) unsigned NOT NULL,
  `funcionario_id` bigint(20) unsigned DEFAULT NULL,
  `subsidio` decimal(30,2) DEFAULT NULL,
  `subtotal` decimal(30,2) DEFAULT NULL,
  `desconto` decimal(30,2) DEFAULT NULL,
  `inss` decimal(30,2) DEFAULT NULL,
  `base_salario` decimal(30,2) DEFAULT NULL,
  `total` decimal(30,2) DEFAULT NULL,
  `data_elaboracao` date NOT NULL,
  `mes` varchar(191) NOT NULL,
  `created_at` timestamp NULL DEFAULT NULL,
  `updated_at` timestamp NULL DEFAULT NULL
) ENGINE=InnoDB DEFAULT CHARSET=utf8mb4 COLLATE=utf8mb4_unicode_ci;
/*!40101 SET character_set_client = @saved_cs_client */;

--
-- Dumping data for table `salarios`
--

LOCK TABLES `salarios` WRITE;
/*!40000 ALTER TABLE `salarios` DISABLE KEYS */;
/*!40000 ALTER TABLE `salarios` ENABLE KEYS */;
UNLOCK TABLES;

--
-- Table structure for table `series`
--

DROP TABLE IF EXISTS `series`;
/*!40101 SET @saved_cs_client     = @@character_set_client */;
/*!40101 SET character_set_client = utf8 */;
CREATE TABLE `series` (
  `id` bigint(20) unsigned NOT NULL AUTO_INCREMENT,
  `codigo` varchar(191) DEFAULT NULL,
  `designacao` varchar(191) DEFAULT NULL,
  `tipo` varchar(191) DEFAULT NULL,
  `descricao` varchar(191) DEFAULT NULL,
  `status` tinyint(1) DEFAULT NULL,
  `created_at` timestamp NULL DEFAULT NULL,
  `updated_at` timestamp NULL DEFAULT NULL,
  PRIMARY KEY (`id`)
) ENGINE=InnoDB AUTO_INCREMENT=11 DEFAULT CHARSET=utf8mb4 COLLATE=utf8mb4_unicode_ci;
/*!40101 SET character_set_client = @saved_cs_client */;

--
-- Dumping data for table `series`
--

LOCK TABLES `series` WRITE;
/*!40000 ALTER TABLE `series` DISABLE KEYS */;
INSERT INTO `series` VALUES (1,'0001','PP 2024','proforma','MINE,\' said the.',1,NULL,NULL),(2,'0002','FT 2024','factura','Alice, \'and.',1,NULL,NULL),(3,'0003','FR 2024','factura-recibo','SOMEBODY ought to.',1,NULL,NULL),(4,'0004','RC 2024','recibo','Alice, that she.',1,NULL,NULL),(5,'0005','NC 2024','nota-credito','But said.',1,NULL,NULL),(6,'0006','ND 2024','nota-debito','Shall I try the.',1,NULL,NULL),(7,'0007','GT 2024','guia-transporte','Alice replied.',1,NULL,NULL),(8,'0008','GR 2024','guia-remessa','CHAPTER X. The.',1,NULL,NULL),(9,'0009','SC 2024','stock','DOTH THE LITTLE.',1,NULL,NULL),(10,'00010','RD 2024','receita-despesa',NULL,NULL,NULL,NULL);
/*!40000 ALTER TABLE `series` ENABLE KEYS */;
UNLOCK TABLES;

--
-- Table structure for table `stocks`
--

DROP TABLE IF EXISTS `stocks`;
/*!40101 SET @saved_cs_client     = @@character_set_client */;
/*!40101 SET character_set_client = utf8 */;
CREATE TABLE `stocks` (
  `id` bigint(20) unsigned NOT NULL AUTO_INCREMENT,
  `data` date DEFAULT NULL,
  `serie` varchar(191) DEFAULT NULL,
  `numero` varchar(191) DEFAULT NULL,
  `ref_doc` varchar(191) DEFAULT NULL,
  `armazem` varchar(191) DEFAULT NULL,
  `fornecedor_nome` varchar(191) DEFAULT NULL,
  `endereco` varchar(191) DEFAULT NULL,
  `descricao` varchar(191) DEFAULT NULL,
  `status` tinyint(1) DEFAULT NULL,
  `fornecedor_id` bigint(20) unsigned DEFAULT NULL,
  `created_at` timestamp NULL DEFAULT NULL,
  `updated_at` timestamp NULL DEFAULT NULL,
  PRIMARY KEY (`id`),
  KEY `stocks_fornecedor_id_foreign` (`fornecedor_id`),
  CONSTRAINT `stocks_fornecedor_id_foreign` FOREIGN KEY (`fornecedor_id`) REFERENCES `fornecedors` (`id`) ON DELETE NO ACTION
) ENGINE=InnoDB AUTO_INCREMENT=13 DEFAULT CHARSET=utf8mb4 COLLATE=utf8mb4_unicode_ci;
/*!40101 SET character_set_client = @saved_cs_client */;

--
-- Dumping data for table `stocks`
--

LOCK TABLES `stocks` WRITE;
/*!40000 ALTER TABLE `stocks` DISABLE KEYS */;
INSERT INTO `stocks` VALUES (2,'2024-02-06','SC 2024','0001',NULL,'Sede','Diverso',NULL,NULL,1,1,'2024-02-06 10:55:15','2024-02-06 10:55:15'),(3,'2024-02-06','SC 2024','0002',NULL,'Sede','Diverso',NULL,NULL,1,1,'2024-02-06 10:57:49','2024-02-06 10:57:49'),(4,'2024-02-06','SC 2024','0003',NULL,'Sede','Diverso',NULL,NULL,1,1,'2024-02-06 11:28:58','2024-02-06 11:28:58'),(5,'2024-02-27','SC 2024','0004',NULL,'Sede','Diverso',NULL,NULL,1,1,'2024-02-27 09:56:38','2024-02-27 09:56:38'),(6,'2024-05-22','SC 2024','0005',NULL,'Sede','Diverso',NULL,NULL,1,1,'2024-05-22 11:13:31','2024-05-22 11:13:31'),(7,'2024-05-22','SC 2024','0005',NULL,'Sede','Diverso',NULL,NULL,1,1,'2024-05-22 11:13:31','2024-05-22 11:13:31'),(8,'2024-05-22','SC 2024','0005',NULL,'Sede','Diverso',NULL,NULL,1,1,'2024-05-22 11:13:33','2024-05-22 11:13:33'),(9,'2024-05-22','SC 2024','0008',NULL,'Sede','Diverso',NULL,NULL,1,1,'2024-05-22 11:19:12','2024-05-22 11:19:12'),(10,'2024-05-22','SC 2024','0009',NULL,'Sede','Diverso',NULL,NULL,1,1,'2024-05-22 11:34:48','2024-05-22 11:34:48'),(11,'2024-05-22','SC 2024','0009',NULL,'Sede','Diverso',NULL,NULL,1,1,'2024-05-22 11:34:48','2024-05-22 11:34:48'),(12,'2024-05-23','SC 2024','0011',NULL,'Sede','Diverso',NULL,NULL,1,1,'2024-05-23 05:36:33','2024-05-23 05:36:33');
/*!40000 ALTER TABLE `stocks` ENABLE KEYS */;
UNLOCK TABLES;

--
-- Table structure for table `tax_tables`
--

DROP TABLE IF EXISTS `tax_tables`;
/*!40101 SET @saved_cs_client     = @@character_set_client */;
/*!40101 SET character_set_client = utf8 */;
CREATE TABLE `tax_tables` (
  `id` bigint(20) unsigned NOT NULL AUTO_INCREMENT,
  `tax_type` varchar(191) DEFAULT NULL,
  `tax_code` varchar(191) DEFAULT NULL,
  `description` text DEFAULT NULL,
  `tax_percentage` varchar(191) DEFAULT NULL,
  `created_at` timestamp NULL DEFAULT NULL,
  `updated_at` timestamp NULL DEFAULT NULL,
  PRIMARY KEY (`id`)
) ENGINE=InnoDB AUTO_INCREMENT=2 DEFAULT CHARSET=utf8mb4 COLLATE=utf8mb4_unicode_ci;
/*!40101 SET character_set_client = @saved_cs_client */;

--
-- Dumping data for table `tax_tables`
--

LOCK TABLES `tax_tables` WRITE;
/*!40000 ALTER TABLE `tax_tables` DISABLE KEYS */;
INSERT INTO `tax_tables` VALUES (1,'IVA','ISE','IVA - Isento','0.00',NULL,NULL);
/*!40000 ALTER TABLE `tax_tables` ENABLE KEYS */;
UNLOCK TABLES;

--
-- Table structure for table `tipo_motivo_anulacaos`
--

DROP TABLE IF EXISTS `tipo_motivo_anulacaos`;
/*!40101 SET @saved_cs_client     = @@character_set_client */;
/*!40101 SET character_set_client = utf8 */;
CREATE TABLE `tipo_motivo_anulacaos` (
  `id` bigint(20) unsigned NOT NULL AUTO_INCREMENT,
  `codigo` varchar(191) DEFAULT NULL,
  `designacao` varchar(191) DEFAULT NULL,
  `descricao` varchar(191) DEFAULT NULL,
  `status` tinyint(1) DEFAULT NULL,
  `created_at` timestamp NULL DEFAULT NULL,
  `updated_at` timestamp NULL DEFAULT NULL,
  PRIMARY KEY (`id`)
) ENGINE=InnoDB AUTO_INCREMENT=8 DEFAULT CHARSET=utf8mb4 COLLATE=utf8mb4_unicode_ci;
/*!40101 SET character_set_client = @saved_cs_client */;

--
-- Dumping data for table `tipo_motivo_anulacaos`
--

LOCK TABLES `tipo_motivo_anulacaos` WRITE;
/*!40000 ALTER TABLE `tipo_motivo_anulacaos` DISABLE KEYS */;
INSERT INTO `tipo_motivo_anulacaos` VALUES (1,'0001','Ausência de desconto na fatura','',1,NULL,NULL),(2,'0002','Devolução dos artigos','',1,NULL,NULL),(3,'0003','Erro na entidade','',1,NULL,NULL),(4,'0004','Erros nas quantidades / preços','',1,NULL,NULL),(5,'0005','Erro no (s) preço (s)','',1,NULL,NULL),(6,'0006','Produto / serviço rejeitado','',1,NULL,NULL),(7,'0007','Rutura de stock','',1,NULL,NULL);
/*!40000 ALTER TABLE `tipo_motivo_anulacaos` ENABLE KEYS */;
UNLOCK TABLES;

--
-- Table structure for table `tipos`
--

DROP TABLE IF EXISTS `tipos`;
/*!40101 SET @saved_cs_client     = @@character_set_client */;
/*!40101 SET character_set_client = utf8 */;
CREATE TABLE `tipos` (
  `id` bigint(20) unsigned NOT NULL AUTO_INCREMENT,
  `codigo` varchar(191) DEFAULT NULL,
  `designacao` varchar(191) DEFAULT NULL,
  `descricao` varchar(191) DEFAULT NULL,
  `status` tinyint(1) DEFAULT NULL,
  `created_at` timestamp NULL DEFAULT NULL,
  `updated_at` timestamp NULL DEFAULT NULL,
  PRIMARY KEY (`id`)
) ENGINE=InnoDB AUTO_INCREMENT=3 DEFAULT CHARSET=utf8mb4 COLLATE=utf8mb4_unicode_ci;
/*!40101 SET character_set_client = @saved_cs_client */;

--
-- Dumping data for table `tipos`
--

LOCK TABLES `tipos` WRITE;
/*!40000 ALTER TABLE `tipos` DISABLE KEYS */;
INSERT INTO `tipos` VALUES (1,'P','Produto','Produtos',1,NULL,NULL),(2,'S','Serviços','Serviços',1,NULL,NULL);
/*!40000 ALTER TABLE `tipos` ENABLE KEYS */;
UNLOCK TABLES;

--
-- Table structure for table `users`
--

DROP TABLE IF EXISTS `users`;
/*!40101 SET @saved_cs_client     = @@character_set_client */;
/*!40101 SET character_set_client = utf8 */;
CREATE TABLE `users` (
  `id` bigint(20) unsigned NOT NULL AUTO_INCREMENT,
  `nome` varchar(191) NOT NULL,
  `email` varchar(191) NOT NULL,
  `departamento_id` bigint(20) unsigned DEFAULT NULL,
  `password` varchar(191) DEFAULT NULL,
  `foto` varchar(191) DEFAULT NULL,
  `status` tinyint(1) DEFAULT NULL,
  `reset_password` tinyint(1) DEFAULT NULL,
  `remember_token` varchar(100) DEFAULT NULL,
  `created_at` timestamp NULL DEFAULT NULL,
  `updated_at` timestamp NULL DEFAULT NULL,
  PRIMARY KEY (`id`),
  UNIQUE KEY `users_email_unique` (`email`),
  KEY `users_departamento_id_foreign` (`departamento_id`),
  CONSTRAINT `users_departamento_id_foreign` FOREIGN KEY (`departamento_id`) REFERENCES `departamentos` (`id`) ON DELETE CASCADE
) ENGINE=InnoDB AUTO_INCREMENT=4 DEFAULT CHARSET=utf8mb4 COLLATE=utf8mb4_unicode_ci;
/*!40101 SET character_set_client = @saved_cs_client */;

--
-- Dumping data for table `users`
--

LOCK TABLES `users` WRITE;
/*!40000 ALTER TABLE `users` DISABLE KEYS */;
INSERT INTO `users` VALUES (1,'K. Pemble','admin@admin.com',1,'$2y$10$ZOdRG1/aqGJydj1lXpEQUuBTdaZB2Tp9VHoyOZJbBr9lIzumUUtJa','default.jpg',1,0,NULL,NULL,'2023-11-16 09:23:47'),(2,'Francisco Bartolomeu Manuel','bartolomeukivua@gmail.com',1,'$2y$10$Q6aXMlfSW1KCnrMpgT42sOqRYMg2wB/CRMSYbMZzcxn1JihOsc0Ae','default.jpg',1,0,NULL,'2024-02-06 09:25:02','2024-05-21 14:28:44'),(3,'Engrácia Costa','k.pembelelda@gmail.com',3,'$2y$10$y.moyFAtQQYpBBGfxf9BTOy9JWf15M1rTbBjCafAHejfRJ8cVzrXG','default.jpg',1,0,NULL,'2024-02-06 09:29:27','2024-10-01 12:29:14');
/*!40000 ALTER TABLE `users` ENABLE KEYS */;
UNLOCK TABLES;
/*!40103 SET TIME_ZONE=@OLD_TIME_ZONE */;

/*!40101 SET SQL_MODE=@OLD_SQL_MODE */;
/*!40014 SET FOREIGN_KEY_CHECKS=@OLD_FOREIGN_KEY_CHECKS */;
/*!40014 SET UNIQUE_CHECKS=@OLD_UNIQUE_CHECKS */;
/*!40101 SET CHARACTER_SET_CLIENT=@OLD_CHARACTER_SET_CLIENT */;
/*!40101 SET CHARACTER_SET_RESULTS=@OLD_CHARACTER_SET_RESULTS */;
/*!40101 SET COLLATION_CONNECTION=@OLD_COLLATION_CONNECTION */;
/*!40111 SET SQL_NOTES=@OLD_SQL_NOTES */;

-- Dump completed on 2024-12-03 21:55:21
