-- MySQL dump 10.19  Distrib 10.3.39-MariaDB, for debian-linux-gnu (x86_64)
--
-- Host: localhost    Database: atomo_sc_faturacao
-- ------------------------------------------------------
-- Server version	10.3.39-MariaDB-0ubuntu0.20.04.2

/*!40101 SET @OLD_CHARACTER_SET_CLIENT=@@CHARACTER_SET_CLIENT */;
/*!40101 SET @OLD_CHARACTER_SET_RESULTS=@@CHARACTER_SET_RESULTS */;
/*!40101 SET @OLD_COLLATION_CONNECTION=@@COLLATION_CONNECTION */;
/*!40101 SET NAMES utf8mb4 */;
/*!40103 SET @OLD_TIME_ZONE=@@TIME_ZONE */;
/*!40103 SET TIME_ZONE='+00:00' */;
/*!40014 SET @OLD_UNIQUE_CHECKS=@@UNIQUE_CHECKS, UNIQUE_CHECKS=0 */;
/*!40014 SET @OLD_FOREIGN_KEY_CHECKS=@@FOREIGN_KEY_CHECKS, FOREIGN_KEY_CHECKS=0 */;
/*!40101 SET @OLD_SQL_MODE=@@SQL_MODE, SQL_MODE='NO_AUTO_VALUE_ON_ZERO' */;
/*!40111 SET @OLD_SQL_NOTES=@@SQL_NOTES, SQL_NOTES=0 */;

--
-- Table structure for table `agts`
--

DROP TABLE IF EXISTS `agts`;
/*!40101 SET @saved_cs_client     = @@character_set_client */;
/*!40101 SET character_set_client = utf8 */;
CREATE TABLE `agts` (
  `id` bigint(20) unsigned NOT NULL AUTO_INCREMENT,
  `private_key` text DEFAULT NULL,
  `public_key` text DEFAULT NULL,
  `created_at` timestamp NULL DEFAULT NULL,
  `updated_at` timestamp NULL DEFAULT NULL,
  PRIMARY KEY (`id`)
) ENGINE=InnoDB AUTO_INCREMENT=2 DEFAULT CHARSET=utf8mb4 COLLATE=utf8mb4_unicode_ci;
/*!40101 SET character_set_client = @saved_cs_client */;

--
-- Dumping data for table `agts`
--

LOCK TABLES `agts` WRITE;
/*!40000 ALTER TABLE `agts` DISABLE KEYS */;
INSERT INTO `agts` VALUES (1,'MIICXAIBAAKBgQC4dcYScJrnD1xCbBAlSwQN80TYmlMhC1q3fqyL0y2ygQOmtKKYJkDDp/bx0F7ZJ4psVDAmJ1PC2SlHfVPtSZrsVTIf/OlWMsrkLQ+bSf2vJuzUgDagZ/htowIn3io6myiY+Ehq9vDjCd65XV/Hq2sDZoksXMpQU8kQoIF4P2oJqwIDAQABAoGBAJdMauHXIQdjDv6gWoHsTPAQWKj9tC/He2pE6cxqs/HVZqRHR5Ja1gZl7+SaUCH4D88ZIsE4wrhwnS45OyzHkdzg6pe1CNhKi1Md3pCsDSzuyes0KpW6Gl1WeNWo4gLd0cxd0shLtq6aUPW17RMGq2qqEbfH4THB21/8OrHz+A25AkEA2sZTr+ea759PgO9W24uRx4NwPhfOObYzc4SVwNJlkxMmkUBIgKzTXykKyHRVI5V55mUf2c7Fmrbh7Q7eHMFeXQJBANfYuWkMspfSotDMMewIy6Vu5Z4WTAM3VqVlWU0YwsTOxJtuYbQejStDBz9mBCLGZpmJXlhRG9TYKxLt82cFt6cCQFoqFt+OcpqDa/7VpVSCZyh1EVNl+EZswzO+1wFLNTWyVNjUR41QrSSxA5Kt71DlEAJWdxQLVgF3khFjaUMsprkCQEmNzBkVP6LnH56hhv2VPbiBYvQNSxfperhgIh9Yqb6ha3RAGEFmC9tLOyQKoqwrCfmWSzUzZpWQmJUZy1E3LI8CQAWL67LsimFT8lsq+6RiwOSWHlMHFCtpqDLCbWA0PgDNYBmE5HBjyLHC/Fyv7LtSRAnsKJP71VOwQJJKw2PUbQA=','MIGfMA0GCSqGSIb3DQEBAQUAA4GNADCBiQKBgQC4dcYScJrnD1xCbBAlSwQN80TYmlMhC1q3fqyL0y2ygQOmtKKYJkDDp/bx0F7ZJ4psVDAmJ1PC2SlHfVPtSZrsVTIf/OlWMsrkLQ+bSf2vJuzUgDagZ/htowIn3io6myiY+Ehq9vDjCd65XV/Hq2sDZoksXMpQU8kQoIF4P2oJqwIDAQAB',NULL,NULL);
/*!40000 ALTER TABLE `agts` ENABLE KEYS */;
UNLOCK TABLES;

--
-- Table structure for table `armazems`
--

DROP TABLE IF EXISTS `armazems`;
/*!40101 SET @saved_cs_client     = @@character_set_client */;
/*!40101 SET character_set_client = utf8 */;
CREATE TABLE `armazems` (
  `id` bigint(20) unsigned NOT NULL AUTO_INCREMENT,
  `empresa_id` bigint(20) unsigned DEFAULT NULL,
  `codigo` varchar(191) DEFAULT NULL,
  `designacao` varchar(191) DEFAULT NULL,
  `descricao` varchar(191) DEFAULT NULL,
  `status` tinyint(1) DEFAULT NULL,
  `created_at` timestamp NULL DEFAULT NULL,
  `updated_at` timestamp NULL DEFAULT NULL,
  PRIMARY KEY (`id`)
) ENGINE=InnoDB AUTO_INCREMENT=32 DEFAULT CHARSET=utf8mb4 COLLATE=utf8mb4_unicode_ci;
/*!40101 SET character_set_client = @saved_cs_client */;

--
-- Dumping data for table `armazems`
--

LOCK TABLES `armazems` WRITE;
/*!40000 ALTER TABLE `armazems` DISABLE KEYS */;
INSERT INTO `armazems` VALUES (1,1,'0001','Sede','And she\'s.',1,NULL,NULL),(2,2,'0001','Sede','I shall fall right.',1,NULL,NULL),(3,3,'0001','Sede','It was as much.',1,NULL,NULL),(4,4,'0001','Sede','Alice had been.',1,NULL,NULL),(5,5,'0001','Sede','VERY good.',1,NULL,NULL),(6,6,'0001','Sede','I look like.',1,NULL,NULL),(7,7,'0001','Sede','Please, Ma\'am.',1,NULL,NULL),(8,8,'0001','Sede','So Alice got up.',1,NULL,NULL),(9,9,'0001','Sede','Alice did not.',1,NULL,NULL),(10,10,'0001','Sede','However, she.',1,NULL,NULL),(11,11,'0001','Sede','IT. It\'s HIM.\'.',1,NULL,NULL),(12,12,'0001','Sede','Shakespeare.',1,NULL,NULL),(13,13,'0001','Sede','Alice did not.',1,NULL,NULL),(14,14,'0001','Sede','The baby grunted.',1,NULL,NULL),(15,15,'0001','Sede','The Hatter\'s.',1,NULL,NULL),(16,16,'0001','Sede','I dare say.',1,NULL,NULL),(17,17,'0001','Sede','When the.',1,NULL,NULL),(18,18,'0001','Sede','THE KING.',1,NULL,NULL),(19,19,'0001','Sede','Five, \'and.',1,NULL,NULL),(20,20,'0001','Sede','Queen, who.',1,NULL,NULL),(21,21,'0001','Sede','The Duchess.',1,NULL,NULL),(22,22,'0001','Sede','YOUR opinion,\'.',1,NULL,NULL),(23,24,'0001','Sede','Time!\' \'Perhaps.',1,NULL,NULL),(24,25,'0001','Sede','Latitude.',1,NULL,NULL),(25,26,'0001','Sede','White Rabbit.',1,NULL,NULL),(26,27,'0001','Sede','I beat him.',1,NULL,NULL),(27,28,'0001','Sede','You gave us.',1,NULL,NULL),(28,29,'0001','Sede','MYSELF, I\'m.',1,NULL,NULL),(29,30,'0001','Sede','Eaglet. \'I don\'t.',1,NULL,NULL),(30,32,'0001','Sede','The Cat only.',1,NULL,NULL),(31,34,'0001','Sede','Wonderland.',1,NULL,NULL);
/*!40000 ALTER TABLE `armazems` ENABLE KEYS */;
UNLOCK TABLES;

--
-- Table structure for table `artigos`
--

DROP TABLE IF EXISTS `artigos`;
/*!40101 SET @saved_cs_client     = @@character_set_client */;
/*!40101 SET character_set_client = utf8 */;
CREATE TABLE `artigos` (
  `id` bigint(20) unsigned NOT NULL AUTO_INCREMENT,
  `empresa_id` bigint(20) unsigned DEFAULT NULL,
  `codigo` varchar(191) DEFAULT NULL,
  `designacao` varchar(191) DEFAULT NULL,
  `tipo_id` bigint(20) unsigned DEFAULT NULL,
  `retencao_id` bigint(20) unsigned DEFAULT NULL,
  `categoria_id` bigint(20) unsigned DEFAULT NULL,
  `imposto_id` bigint(20) unsigned DEFAULT NULL,
  `preco` double DEFAULT NULL,
  `imagem_1` varchar(191) DEFAULT NULL,
  `imagem_2` varchar(191) DEFAULT NULL,
  `imagem_3` varchar(191) DEFAULT NULL,
  `unidade` varchar(191) DEFAULT NULL,
  `fornecedor_id` bigint(20) unsigned DEFAULT NULL,
  `codigo_barra` varchar(191) DEFAULT NULL,
  `is_stock` tinyint(1) DEFAULT NULL,
  `stock_minimo` varchar(191) DEFAULT NULL,
  `stock_maximo` varchar(191) DEFAULT NULL,
  `observacao` varchar(191) DEFAULT NULL,
  `status` tinyint(1) DEFAULT NULL,
  `is_used` tinyint(1) DEFAULT NULL,
  `created_at` timestamp NULL DEFAULT NULL,
  `updated_at` timestamp NULL DEFAULT NULL,
  PRIMARY KEY (`id`),
  KEY `artigos_tipo_id_foreign` (`tipo_id`),
  KEY `artigos_retencao_id_foreign` (`retencao_id`),
  KEY `artigos_categoria_id_foreign` (`categoria_id`),
  KEY `artigos_imposto_id_foreign` (`imposto_id`),
  KEY `artigos_fornecedor_id_foreign` (`fornecedor_id`),
  CONSTRAINT `artigos_categoria_id_foreign` FOREIGN KEY (`categoria_id`) REFERENCES `categorias` (`id`) ON DELETE SET NULL ON UPDATE CASCADE,
  CONSTRAINT `artigos_fornecedor_id_foreign` FOREIGN KEY (`fornecedor_id`) REFERENCES `fornecedors` (`id`) ON DELETE SET NULL ON UPDATE CASCADE,
  CONSTRAINT `artigos_imposto_id_foreign` FOREIGN KEY (`imposto_id`) REFERENCES `impostos` (`id`) ON DELETE SET NULL ON UPDATE CASCADE,
  CONSTRAINT `artigos_retencao_id_foreign` FOREIGN KEY (`retencao_id`) REFERENCES `retencaos` (`id`) ON DELETE SET NULL ON UPDATE CASCADE,
  CONSTRAINT `artigos_tipo_id_foreign` FOREIGN KEY (`tipo_id`) REFERENCES `tipos` (`id`) ON DELETE SET NULL ON UPDATE CASCADE
) ENGINE=InnoDB AUTO_INCREMENT=57 DEFAULT CHARSET=utf8mb4 COLLATE=utf8mb4_unicode_ci;
/*!40101 SET character_set_client = @saved_cs_client */;

--
-- Dumping data for table `artigos`
--

LOCK TABLES `artigos` WRITE;
/*!40000 ALTER TABLE `artigos` DISABLE KEYS */;
INSERT INTO `artigos` VALUES (1,2,'2024-0001','Tinteiro HP 650',3,3,2,41,11094,'null.png','null.png','null.png','1',2,NULL,0,'0','0',NULL,1,1,'2024-08-14 12:47:52','2024-08-22 08:51:12'),(2,2,'2024-0002','Tinteiro hp 932 colour',3,3,2,41,14900,'null.png','null.png','null.png','1',NULL,NULL,1,'1','0',NULL,1,1,'2024-08-15 10:29:49','2024-08-22 08:52:30'),(3,2,'2024-0003','MiraScreen TV Smart',3,3,2,41,7000,'null.png','null.png','null.png','1',NULL,'6970515921883',1,'1','1','Um dispositivo inovador para os amantes de tecnologias',1,NULL,'2024-08-15 19:49:19','2024-08-22 08:52:49'),(4,2,'2024-0004','Tinteiro hp 951 XL',3,3,2,41,13500,'null.png','null.png','null.png','1',NULL,'886111748983',1,'1','1',NULL,1,NULL,'2024-08-15 19:53:12','2024-08-22 08:54:00'),(5,2,'2024-0005','Tinteiro hp 122 black',3,3,2,41,15000,'null.png','null.png','null.png','1',NULL,'884962894583',1,'2','2',NULL,1,NULL,'2024-08-15 19:54:59','2024-08-22 08:53:36'),(6,2,'2024-0006','Tinteiro hp 122 colour',3,3,2,41,15900,'null.png','null.png','null.png','1',NULL,NULL,1,'2','2',NULL,1,NULL,'2024-08-15 19:57:40','2024-08-22 08:53:17'),(7,5,'2024-0001','Temaki',9,9,5,157,6500,'null.png','null.png','null.png',NULL,NULL,NULL,0,'0','0',NULL,1,1,'2024-08-23 12:34:08','2024-08-23 12:38:44'),(8,1,'2024-0001','LICENÇA DE MAIO',1,1,1,1,1000,'null.png','null.png','null.png',NULL,NULL,NULL,0,'0','0',NULL,1,NULL,'2024-08-23 13:14:19','2024-08-23 13:14:19'),(9,7,'2024-0001','Mariscos',13,13,7,235,7000,'null.png','null.png','null.png',NULL,NULL,NULL,0,'0','0',NULL,1,1,'2024-08-26 09:41:25','2024-08-26 09:45:10'),(10,9,'2024-0001','base',17,17,9,313,500,'null.png','null.png','null.png',NULL,NULL,NULL,0,'0','0',NULL,0,NULL,'2024-08-27 12:05:50','2024-08-27 12:06:00'),(11,1,'2024-0002','Software de faturação-Atomo',2,1,1,1,10000,'null.png','null.png','null.png',NULL,NULL,NULL,0,'0','0',NULL,1,1,'2024-08-28 08:12:08','2024-08-29 09:37:28'),(12,7,'2024-0002','Lagosta',13,13,7,238,13000,'null.png','null.png','null.png',NULL,NULL,NULL,0,'0','0',NULL,1,1,'2024-08-30 09:13:15','2024-08-30 10:47:35'),(13,7,'2024-0003','Gamba',13,13,7,238,13500,'null.png','null.png','null.png',NULL,NULL,NULL,0,'0','0',NULL,1,1,'2024-08-30 09:14:25','2024-08-30 10:47:35'),(14,7,'2024-0004','Choco',13,13,7,238,4000,'null.png','null.png','null.png',NULL,NULL,NULL,0,'0','0',NULL,1,1,'2024-08-30 09:15:36','2024-08-30 10:47:35'),(15,14,'2024-0001','lençol',27,27,14,508,20000,'null.png','null.png','null.png','33',14,'001',1,'1','33',NULL,1,1,'2024-09-02 10:11:58','2024-09-12 11:21:46'),(16,14,'2024-0001','Lençol',27,27,14,508,35000,'null.png','null.png','null.png','35',14,NULL,0,'0','0',NULL,1,1,'2024-09-02 10:12:56','2024-09-10 11:48:54'),(17,14,'2024-0002','lençol',27,27,14,508,26000,'null.png','null.png','null.png','1',14,'222',0,'0','0',NULL,1,1,'2024-09-02 10:13:39','2024-09-06 08:34:16'),(18,14,'2024-0004','calça',27,27,14,508,15000,'null.png','null.png','null.png','1',14,'111',0,'0','0',NULL,1,1,'2024-09-02 10:17:14','2024-09-16 11:35:37'),(19,14,'2024-0005','Tenís',27,27,14,508,2500,'null.png','null.png','null.png','1',NULL,NULL,0,'0','0',NULL,1,1,'2024-09-02 10:53:44','2024-09-04 08:35:35'),(20,14,'2024-0006','Pasta',27,27,14,508,2000,'null.png','null.png','null.png','333',14,'111',1,'1','1111',NULL,1,1,'2024-09-02 11:55:31','2024-09-04 07:30:32'),(21,14,'2024-0007','pano',27,27,14,508,2000,'null.png','null.png','null.png','1',NULL,'111',0,'0','0',NULL,1,1,'2024-09-02 11:56:09','2024-09-02 11:56:50'),(22,14,'2024-0008','colchão',27,27,14,508,40000,'null.png','null.png','null.png','1',14,'111',0,'0','0',NULL,1,1,'2024-09-02 12:18:41','2024-09-02 12:19:47'),(23,14,'2024-0009','pasta',27,27,14,508,4000,'null.png','null.png','null.png','1',NULL,'555',0,'0','0',NULL,1,1,'2024-09-02 13:27:11','2024-09-04 07:30:32'),(24,14,'2024-0010','saco de tenis',27,27,14,508,15000,'null.png','null.png','null.png','1',NULL,'666',0,'0','0',NULL,1,1,'2024-09-02 13:47:36','2024-09-04 13:44:55'),(25,14,'2024-0011','saco de tenis',27,27,14,508,25000,'null.png','null.png','null.png','51',14,'02',0,'0','0',NULL,1,1,'2024-09-03 11:50:54','2024-09-03 12:32:00'),(26,14,'2024-0012','Tenís',27,27,14,508,2000,'null.png','null.png','null.png',NULL,NULL,'010',0,'0','0',NULL,1,1,'2024-09-04 08:07:12','2024-09-04 08:35:35'),(27,14,'2024-0013','Calça',27,27,14,508,500,'null.png','null.png','null.png','1',14,'011',0,'0','0',NULL,1,1,'2024-09-04 08:28:31','2024-09-04 10:23:35'),(28,14,'2024-0014','Meia',27,27,14,508,500,'null.png','null.png','null.png','33',14,'012',0,'0','0',NULL,1,1,'2024-09-04 08:31:57','2024-09-04 08:35:35'),(29,14,'2024-0015','pasta',27,27,14,508,2500,'null.png','null.png','null.png','1',NULL,'001',0,'0','0',NULL,1,1,'2024-09-04 08:53:01','2024-09-04 08:53:35'),(30,14,'2024-0016','chuteira',27,27,14,508,8000,'null.png','null.png','null.png','1',NULL,'001',0,'0','0',NULL,1,1,'2024-09-04 09:22:15','2024-09-04 09:22:45'),(31,14,'2024-0017','Calça',27,27,14,508,1000,'null.png','null.png','null.png','1',NULL,NULL,0,'0','0',NULL,1,1,'2024-09-04 10:13:03','2024-09-04 10:23:35'),(32,14,'2024-0018','pano',27,27,14,511,2500,'null.png','null.png','null.png','1',NULL,NULL,0,'0','0',NULL,1,1,'2024-09-04 10:26:16','2024-09-09 10:20:38'),(33,14,'2024-0019','compra',27,27,14,508,6000,'null.png','null.png','null.png','1',NULL,NULL,0,'0','0',NULL,1,1,'2024-09-04 13:12:33','2024-09-04 13:13:12'),(34,14,'2024-0020','meia DE TENIS',27,27,14,508,7500,'null.png','null.png','null.png','1',NULL,NULL,0,'0','0',NULL,1,NULL,'2024-09-04 13:45:54','2024-09-04 13:45:54'),(35,14,'2024-0021','balaoooooooooooooooooooooooooooooooooo',27,27,14,508,40000,'null.png','null.png','null.png','1',14,'02',0,'0','0',NULL,0,NULL,'2024-09-05 07:47:10','2024-09-05 07:47:10'),(36,14,'2024-0022','balao coberta',27,27,14,508,40000,'null.png','null.png','null.png','1',14,'02',0,'0','0',NULL,0,NULL,'2024-09-05 07:48:24','2024-09-05 07:48:24'),(37,14,'2024-0023','curtina',27,27,14,508,28000,'null.png','null.png','null.png','1',14,'02',0,'0','0',NULL,0,NULL,'2024-09-05 07:53:59','2024-09-05 07:53:59'),(38,14,'2024-0024','curtina',27,27,14,508,28000,'null.png','null.png','null.png','1',14,'02',0,'0','0',NULL,0,NULL,'2024-09-05 07:58:12','2024-09-05 07:58:12'),(39,14,'2024-0025','curtina',27,27,14,508,28000,'null.png','null.png','null.png','1',14,'02',0,'0','0',NULL,1,1,'2024-09-05 08:46:09','2024-09-05 08:47:45'),(40,14,'2024-0026','fogão',27,27,14,508,4000,'null.png','null.png','null.png','1',NULL,NULL,0,'0','0',NULL,1,1,'2024-09-05 09:37:33','2024-09-05 09:37:58'),(41,14,'2024-0027','tenis',27,27,14,508,2500,'null.png','null.png','null.png','1',NULL,NULL,0,'0','0',NULL,1,1,'2024-09-05 13:36:37','2024-09-12 09:32:06'),(42,14,'2024-0028','TENIS',27,27,14,508,2500,'null.png','null.png','null.png','1',NULL,NULL,0,'0','0',NULL,1,1,'2024-09-09 12:23:40','2024-09-09 12:25:18'),(43,14,'2024-0029','camisolas',27,27,14,508,25000,'null.png','null.png','null.png','1',NULL,NULL,0,'0','0',NULL,1,1,'2024-09-10 11:27:42','2024-09-16 11:35:37'),(44,14,'2024-0030','colchão',27,27,14,508,50000,'null.png','null.png','null.png','1',NULL,NULL,0,'0','0',NULL,1,1,'2024-09-10 13:34:13','2024-09-10 13:38:55'),(45,14,'2024-0031','cinto',27,27,14,508,2000,'null.png','null.png','null.png','1',14,'02',0,'0','0',NULL,0,NULL,'2024-09-11 07:24:31','2024-09-11 07:24:31'),(46,14,'2024-0032','cinto',27,27,14,508,2000,'null.png','null.png','null.png','1',14,'02',0,'0','0',NULL,1,1,'2024-09-11 07:26:52','2024-09-11 07:27:44'),(47,14,'2024-0033','tenis',27,27,14,508,15000,'null.png','null.png','null.png','1',NULL,NULL,1,'0','0',NULL,1,1,'2024-09-11 09:59:19','2024-09-11 10:31:21'),(48,14,'2024-0034','fronhas',27,27,14,508,1000,'null.png','null.png','null.png','2',NULL,NULL,0,'0','0',NULL,1,1,'2024-09-11 10:01:16','2024-09-11 11:25:43'),(49,14,'2024-0035','fronhas',27,27,14,508,500,'null.png','null.png','null.png','1',NULL,NULL,0,'0','0',NULL,1,1,'2024-09-11 10:12:39','2024-09-11 11:25:43'),(50,14,'2024-0036','meio balão',27,27,14,508,7500,'null.png','null.png','null.png','1',NULL,NULL,0,'0','0',NULL,1,1,'2024-09-11 10:19:21','2024-09-11 10:31:21'),(51,14,'2024-0037','MEIO SACO DE LENÇOL',27,27,14,508,10000,'null.png','null.png','null.png','1',NULL,NULL,0,'0','0',NULL,1,1,'2024-09-11 10:22:07','2024-09-12 11:21:46'),(52,14,'2024-0038','CINTO',27,27,14,508,500,'null.png','null.png','null.png','1',NULL,NULL,0,'0','0',NULL,1,1,'2024-09-11 11:32:04','2024-09-11 11:33:32'),(53,14,'2024-0039','SANDALIA',27,27,14,508,1000,'null.png','null.png','null.png','1',NULL,NULL,0,'0','0',NULL,1,1,'2024-09-11 11:32:52','2024-09-11 11:33:32'),(54,14,'2024-0040','FICHA',27,27,14,508,1500,'null.png','null.png','null.png','1',NULL,NULL,0,'0','0',NULL,1,1,'2024-09-11 13:15:09','2024-09-11 13:15:37'),(55,14,'2024-0041','curtina',27,27,14,508,1500,'null.png','null.png','null.png','1',NULL,NULL,0,'0','0',NULL,1,1,'2024-09-12 10:04:50','2024-09-12 10:05:26'),(56,14,'2024-0042','fronha',27,27,14,508,9500,'null.png','null.png','null.png','18',NULL,NULL,0,'0','0',NULL,1,1,'2024-09-16 08:15:17','2024-09-16 08:15:53');
/*!40000 ALTER TABLE `artigos` ENABLE KEYS */;
UNLOCK TABLES;

--
-- Table structure for table `bancos`
--

DROP TABLE IF EXISTS `bancos`;
/*!40101 SET @saved_cs_client     = @@character_set_client */;
/*!40101 SET character_set_client = utf8 */;
CREATE TABLE `bancos` (
  `id` bigint(20) unsigned NOT NULL AUTO_INCREMENT,
  `empresa_id` bigint(20) unsigned DEFAULT NULL,
  `nome` varchar(191) NOT NULL,
  `numero` varchar(191) NOT NULL,
  `iban` varchar(191) NOT NULL,
  `swift` varchar(191) DEFAULT NULL,
  `created_at` timestamp NULL DEFAULT NULL,
  `updated_at` timestamp NULL DEFAULT NULL,
  PRIMARY KEY (`id`)
) ENGINE=InnoDB AUTO_INCREMENT=2 DEFAULT CHARSET=utf8mb4 COLLATE=utf8mb4_unicode_ci;
/*!40101 SET character_set_client = @saved_cs_client */;

--
-- Dumping data for table `bancos`
--

LOCK TABLES `bancos` WRITE;
/*!40000 ALTER TABLE `bancos` DISABLE KEYS */;
INSERT INTO `bancos` VALUES (1,NULL,'Banco Yetu','4580714','006600000458071410102','YETUAOLU','2024-08-22 09:04:19','2024-08-22 09:04:19');
/*!40000 ALTER TABLE `bancos` ENABLE KEYS */;
UNLOCK TABLES;

--
-- Table structure for table `bugs`
--

DROP TABLE IF EXISTS `bugs`;
/*!40101 SET @saved_cs_client     = @@character_set_client */;
/*!40101 SET character_set_client = utf8 */;
CREATE TABLE `bugs` (
  `id` bigint(20) unsigned NOT NULL AUTO_INCREMENT,
  `empresa_id` bigint(20) unsigned DEFAULT NULL,
  `descricao` text NOT NULL,
  `status` enum('Pendente','Em Andamento','Resolvido') NOT NULL DEFAULT 'Pendente',
  `criador_id` bigint(20) unsigned NOT NULL,
  `executor_id` bigint(20) unsigned DEFAULT NULL,
  `created_at` timestamp NULL DEFAULT NULL,
  `updated_at` timestamp NULL DEFAULT NULL,
  PRIMARY KEY (`id`),
  KEY `bugs_criador_id_foreign` (`criador_id`),
  KEY `bugs_executor_id_foreign` (`executor_id`),
  CONSTRAINT `bugs_criador_id_foreign` FOREIGN KEY (`criador_id`) REFERENCES `users` (`id`),
  CONSTRAINT `bugs_executor_id_foreign` FOREIGN KEY (`executor_id`) REFERENCES `users` (`id`)
) ENGINE=InnoDB DEFAULT CHARSET=utf8mb4 COLLATE=utf8mb4_unicode_ci;
/*!40101 SET character_set_client = @saved_cs_client */;

--
-- Dumping data for table `bugs`
--

LOCK TABLES `bugs` WRITE;
/*!40000 ALTER TABLE `bugs` DISABLE KEYS */;
/*!40000 ALTER TABLE `bugs` ENABLE KEYS */;
UNLOCK TABLES;

--
-- Table structure for table `categorias`
--

DROP TABLE IF EXISTS `categorias`;
/*!40101 SET @saved_cs_client     = @@character_set_client */;
/*!40101 SET character_set_client = utf8 */;
CREATE TABLE `categorias` (
  `id` bigint(20) unsigned NOT NULL AUTO_INCREMENT,
  `empresa_id` bigint(20) unsigned DEFAULT NULL,
  `codigo` varchar(191) DEFAULT NULL,
  `designacao` varchar(191) DEFAULT NULL,
  `descricao` varchar(191) DEFAULT NULL,
  `status` tinyint(1) DEFAULT NULL,
  `created_at` timestamp NULL DEFAULT NULL,
  `updated_at` timestamp NULL DEFAULT NULL,
  PRIMARY KEY (`id`)
) ENGINE=InnoDB AUTO_INCREMENT=32 DEFAULT CHARSET=utf8mb4 COLLATE=utf8mb4_unicode_ci;
/*!40101 SET character_set_client = @saved_cs_client */;

--
-- Dumping data for table `categorias`
--

LOCK TABLES `categorias` WRITE;
/*!40000 ALTER TABLE `categorias` DISABLE KEYS */;
INSERT INTO `categorias` VALUES (1,1,'0001','Diverso','And oh, my poor.',1,NULL,NULL),(2,2,'0001','Diverso','And so it.',1,NULL,NULL),(3,3,'0001','Diverso','Mouse, getting.',1,NULL,NULL),(4,4,'0001','Diverso','Alice \'without.',1,NULL,NULL),(5,5,'0001','Diverso','I to get.',1,NULL,NULL),(6,6,'0001','Diverso','If they had.',1,NULL,NULL),(7,7,'0001','Diverso','She had just.',1,NULL,NULL),(8,8,'0001','Diverso','I gave her.',1,NULL,NULL),(9,9,'0001','Diverso','The question.',1,NULL,NULL),(10,10,'0001','Diverso','Owl had the door.',1,NULL,NULL),(11,11,'0001','Diverso','Alice guessed.',1,NULL,NULL),(12,12,'0001','Diverso','Footman remarked.',1,NULL,NULL),(13,13,'0001','Diverso','It was the White.',1,NULL,NULL),(14,14,'0001','Diverso','SOMEBODY ought to.',1,NULL,NULL),(15,15,'0001','Diverso','King. \'Nearly.',1,NULL,NULL),(16,16,'0001','Diverso','Mock Turtle.',1,NULL,NULL),(17,17,'0001','Diverso','Hatter: \'but you.',1,NULL,NULL),(18,18,'0001','Diverso','King was the.',1,NULL,NULL),(19,19,'0001','Diverso','Alice)--\'and.',1,NULL,NULL),(20,20,'0001','Diverso','I suppose.',1,NULL,NULL),(21,21,'0001','Diverso','They all made a.',1,NULL,NULL),(22,22,'0001','Diverso','King, and.',1,NULL,NULL),(23,24,'0001','Diverso','Poor Alice! It.',1,NULL,NULL),(24,25,'0001','Diverso','Gryphon, and.',1,NULL,NULL),(25,26,'0001','Diverso','I breathe\"!\'.',1,NULL,NULL),(26,27,'0001','Diverso','I was thinking.',1,NULL,NULL),(27,28,'0001','Diverso','In a little.',1,NULL,NULL),(28,29,'0001','Diverso','Dormouse.',1,NULL,NULL),(29,30,'0001','Diverso','Cat, as soon as.',1,NULL,NULL),(30,32,'0001','Diverso','Alice said.',1,NULL,NULL),(31,34,'0001','Diverso','It was so full.',1,NULL,NULL);
/*!40000 ALTER TABLE `categorias` ENABLE KEYS */;
UNLOCK TABLES;

--
-- Table structure for table `clientes`
--

DROP TABLE IF EXISTS `clientes`;
/*!40101 SET @saved_cs_client     = @@character_set_client */;
/*!40101 SET character_set_client = utf8 */;
CREATE TABLE `clientes` (
  `id` bigint(20) unsigned NOT NULL AUTO_INCREMENT,
  `empresa_id` bigint(20) unsigned DEFAULT NULL,
  `codigo` varchar(191) DEFAULT NULL,
  `designacao` varchar(191) DEFAULT NULL,
  `contribuinte` varchar(191) DEFAULT NULL,
  `zona` varchar(191) DEFAULT NULL,
  `identificacao` varchar(191) DEFAULT NULL,
  `observacao` varchar(191) DEFAULT NULL,
  `imagem` varchar(191) DEFAULT NULL,
  `status` tinyint(1) DEFAULT NULL,
  `is_used` tinyint(1) DEFAULT NULL,
  `id_endereco` bigint(20) unsigned DEFAULT NULL,
  `id_contacto` bigint(20) unsigned DEFAULT NULL,
  `created_at` timestamp NULL DEFAULT NULL,
  `updated_at` timestamp NULL DEFAULT NULL,
  PRIMARY KEY (`id`),
  KEY `clientes_id_endereco_foreign` (`id_endereco`),
  KEY `clientes_id_contacto_foreign` (`id_contacto`),
  CONSTRAINT `clientes_id_contacto_foreign` FOREIGN KEY (`id_contacto`) REFERENCES `contactos` (`id`) ON DELETE CASCADE,
  CONSTRAINT `clientes_id_endereco_foreign` FOREIGN KEY (`id_endereco`) REFERENCES `enderecos` (`id`) ON DELETE CASCADE
) ENGINE=InnoDB AUTO_INCREMENT=39 DEFAULT CHARSET=utf8mb4 COLLATE=utf8mb4_unicode_ci;
/*!40101 SET character_set_client = @saved_cs_client */;

--
-- Dumping data for table `clientes`
--

LOCK TABLES `clientes` WRITE;
/*!40000 ALTER TABLE `clientes` DISABLE KEYS */;
INSERT INTO `clientes` VALUES (1,1,'2024-0001','Consumidor Final','Consumidor Final',NULL,NULL,NULL,'null.png',1,NULL,1,1,NULL,NULL),(2,2,'2024-0001','Consumidor Final','Consumidor Final',NULL,NULL,NULL,'null.png',1,NULL,2,2,NULL,NULL),(3,2,'2024-0002','Alberto Capingãla','006217158BE048',NULL,NULL,NULL,'null.png',0,1,3,3,'2024-08-15 10:31:52','2024-08-22 08:55:17'),(4,3,'2024-0001','Consumidor Final','Consumidor Final',NULL,NULL,NULL,'null.png',1,NULL,4,4,NULL,NULL),(5,4,'2024-0001','Consumidor Final','Consumidor Final',NULL,NULL,NULL,'null.png',1,NULL,5,5,NULL,NULL),(6,5,'2024-0001','Consumidor Final','Consumidor Final',NULL,NULL,NULL,'null.png',1,NULL,6,6,NULL,'2024-08-23 13:03:01'),(7,5,'2024-0002','Diogo','12345678',NULL,NULL,NULL,'null.png',1,1,7,7,'2024-08-23 12:31:33','2024-08-23 12:38:44'),(8,6,'2024-0001','Consumidor Final','Consumidor Final',NULL,NULL,NULL,'null.png',1,NULL,8,8,NULL,NULL),(9,7,'2024-0001','Consumidor Final','Consumidor Final',NULL,NULL,NULL,'null.png',1,NULL,9,9,NULL,NULL),(10,7,'2024-0002','primeiro Cliente','12345678',NULL,NULL,NULL,'null.png',1,1,10,10,'2024-08-26 09:40:35','2024-08-26 09:45:10'),(11,8,'2024-0001','Consumidor Final','Consumidor Final',NULL,NULL,NULL,'null.png',1,NULL,11,11,NULL,NULL),(12,9,'2024-0001','Consumidor Final','Consumidor Final',NULL,NULL,NULL,'null.png',1,NULL,12,12,NULL,NULL),(13,10,'2024-0001','Consumidor Final','Consumidor Final',NULL,NULL,NULL,'null.png',1,NULL,13,13,NULL,NULL),(14,10,'2024-0002','LICENÇA DE MAIO','999999999',NULL,NULL,NULL,'null.png',1,NULL,14,14,'2024-08-27 14:11:50','2024-08-27 14:11:50'),(15,1,'2024-0002','Empresa A','5000507091',NULL,NULL,NULL,'null.png',1,1,15,15,'2024-08-28 07:31:41','2024-08-29 09:37:28'),(16,1,'2024-0003','Cliente C','5417029815',NULL,NULL,NULL,'null.png',1,1,16,16,'2024-08-28 07:35:59','2024-08-28 12:31:17'),(17,11,'2024-0001','Consumidor Final','Consumidor Final',NULL,NULL,NULL,'null.png',1,NULL,17,17,NULL,NULL),(18,12,'2024-0001','Consumidor Final','Consumidor Final',NULL,NULL,NULL,'null.png',1,NULL,18,18,NULL,NULL),(19,13,'2024-0001','Consumidor Final','Consumidor Final',NULL,NULL,NULL,'null.png',1,NULL,19,19,NULL,NULL),(20,14,'2024-0001','Consumidor Final','Consumidor Final',NULL,NULL,NULL,'null.png',1,1,20,20,NULL,'2024-09-16 11:35:37'),(21,7,'2024-0003','Wine o\' clock','5000555821',NULL,NULL,NULL,'null.png',1,1,21,21,'2024-08-30 08:50:30','2024-08-30 10:47:34'),(22,15,'2024-0001','Consumidor Final','Consumidor Final',NULL,NULL,NULL,'null.png',1,NULL,22,22,NULL,NULL),(23,16,'2024-0001','Consumidor Final','Consumidor Final',NULL,NULL,NULL,'null.png',1,NULL,23,23,NULL,NULL),(24,17,'2024-0001','Consumidor Final','Consumidor Final',NULL,NULL,NULL,'null.png',1,NULL,24,24,NULL,NULL),(25,18,'2024-0001','Consumidor Final','Consumidor Final',NULL,NULL,NULL,'null.png',1,NULL,25,25,NULL,NULL),(26,18,'2024-0002','FANA','Consumidor final',NULL,NULL,'0000','null.png',0,NULL,26,26,'2024-09-03 20:32:14','2024-09-03 20:33:20'),(27,19,'2024-0001','Consumidor Final','Consumidor Final',NULL,NULL,NULL,'null.png',1,NULL,27,27,NULL,NULL),(28,20,'2024-0001','Consumidor Final','Consumidor Final',NULL,NULL,NULL,'null.png',1,NULL,28,28,NULL,NULL),(29,21,'2024-0001','Consumidor Final','Consumidor Final',NULL,NULL,NULL,'null.png',1,NULL,29,29,NULL,NULL),(30,24,'2024-0001','Consumidor Final','Consumidor Final',NULL,NULL,NULL,'null.png',1,NULL,32,32,NULL,NULL),(31,25,'2024-0001','Consumidor Final','Consumidor Final',NULL,NULL,NULL,'null.png',1,NULL,33,33,NULL,NULL),(32,26,'2024-0001','Consumidor Final','Consumidor Final',NULL,NULL,NULL,'null.png',1,NULL,37,37,NULL,NULL),(33,27,'2024-0001','Consumidor Final','Consumidor Final',NULL,NULL,NULL,'null.png',1,NULL,38,38,NULL,NULL),(34,28,'2024-0001','Consumidor Final','Consumidor Final',NULL,NULL,NULL,'null.png',1,NULL,39,39,NULL,NULL),(35,29,'2024-0001','Consumidor Final','Consumidor Final',NULL,NULL,NULL,'null.png',1,NULL,40,40,NULL,NULL),(36,30,'2024-0001','Consumidor Final','Consumidor Final',NULL,NULL,NULL,'null.png',1,NULL,41,41,NULL,NULL),(37,32,'2024-0001','Consumidor Final','Consumidor Final',NULL,NULL,NULL,'null.png',1,NULL,43,43,NULL,NULL),(38,34,'2024-0001','Consumidor Final','Consumidor Final',NULL,NULL,NULL,'null.png',1,NULL,45,45,NULL,NULL);
/*!40000 ALTER TABLE `clientes` ENABLE KEYS */;
UNLOCK TABLES;

--
-- Table structure for table `condicoes_pagamentos`
--

DROP TABLE IF EXISTS `condicoes_pagamentos`;
/*!40101 SET @saved_cs_client     = @@character_set_client */;
/*!40101 SET character_set_client = utf8 */;
CREATE TABLE `condicoes_pagamentos` (
  `id` bigint(20) unsigned NOT NULL AUTO_INCREMENT,
  `empresa_id` bigint(20) unsigned DEFAULT NULL,
  `codigo` varchar(191) DEFAULT NULL,
  `designacao` varchar(191) DEFAULT NULL,
  `descricao` varchar(191) DEFAULT NULL,
  `status` tinyint(1) DEFAULT NULL,
  `created_at` timestamp NULL DEFAULT NULL,
  `updated_at` timestamp NULL DEFAULT NULL,
  PRIMARY KEY (`id`)
) ENGINE=InnoDB AUTO_INCREMENT=156 DEFAULT CHARSET=utf8mb4 COLLATE=utf8mb4_unicode_ci;
/*!40101 SET character_set_client = @saved_cs_client */;

--
-- Dumping data for table `condicoes_pagamentos`
--

LOCK TABLES `condicoes_pagamentos` WRITE;
/*!40000 ALTER TABLE `condicoes_pagamentos` DISABLE KEYS */;
INSERT INTO `condicoes_pagamentos` VALUES (1,1,NULL,'Pronto Pagemento',NULL,NULL,NULL,NULL),(2,1,NULL,'30 Dias',NULL,NULL,NULL,NULL),(3,1,NULL,'60 Dias',NULL,NULL,NULL,NULL),(4,1,NULL,'90 Dias',NULL,NULL,NULL,NULL),(5,1,NULL,'120 Dias',NULL,NULL,NULL,NULL),(6,2,NULL,'Pronto Pagemento',NULL,NULL,NULL,NULL),(7,2,NULL,'30 Dias',NULL,NULL,NULL,NULL),(8,2,NULL,'60 Dias',NULL,NULL,NULL,NULL),(9,2,NULL,'90 Dias',NULL,NULL,NULL,NULL),(10,2,NULL,'120 Dias',NULL,NULL,NULL,NULL),(11,3,NULL,'Pronto Pagemento',NULL,NULL,NULL,NULL),(12,3,NULL,'30 Dias',NULL,NULL,NULL,NULL),(13,3,NULL,'60 Dias',NULL,NULL,NULL,NULL),(14,3,NULL,'90 Dias',NULL,NULL,NULL,NULL),(15,3,NULL,'120 Dias',NULL,NULL,NULL,NULL),(16,4,NULL,'Pronto Pagemento',NULL,NULL,NULL,NULL),(17,4,NULL,'30 Dias',NULL,NULL,NULL,NULL),(18,4,NULL,'60 Dias',NULL,NULL,NULL,NULL),(19,4,NULL,'90 Dias',NULL,NULL,NULL,NULL),(20,4,NULL,'120 Dias',NULL,NULL,NULL,NULL),(21,5,NULL,'Pronto Pagemento',NULL,NULL,NULL,NULL),(22,5,NULL,'30 Dias',NULL,NULL,NULL,NULL),(23,5,NULL,'60 Dias',NULL,NULL,NULL,NULL),(24,5,NULL,'90 Dias',NULL,NULL,NULL,NULL),(25,5,NULL,'120 Dias',NULL,NULL,NULL,NULL),(26,6,NULL,'Pronto Pagemento',NULL,NULL,NULL,NULL),(27,6,NULL,'30 Dias',NULL,NULL,NULL,NULL),(28,6,NULL,'60 Dias',NULL,NULL,NULL,NULL),(29,6,NULL,'90 Dias',NULL,NULL,NULL,NULL),(30,6,NULL,'120 Dias',NULL,NULL,NULL,NULL),(31,7,NULL,'Pronto Pagemento',NULL,NULL,NULL,NULL),(32,7,NULL,'30 Dias',NULL,NULL,NULL,NULL),(33,7,NULL,'60 Dias',NULL,NULL,NULL,NULL),(34,7,NULL,'90 Dias',NULL,NULL,NULL,NULL),(35,7,NULL,'120 Dias',NULL,NULL,NULL,NULL),(36,8,NULL,'Pronto Pagemento',NULL,NULL,NULL,NULL),(37,8,NULL,'30 Dias',NULL,NULL,NULL,NULL),(38,8,NULL,'60 Dias',NULL,NULL,NULL,NULL),(39,8,NULL,'90 Dias',NULL,NULL,NULL,NULL),(40,8,NULL,'120 Dias',NULL,NULL,NULL,NULL),(41,9,NULL,'Pronto Pagemento',NULL,NULL,NULL,NULL),(42,9,NULL,'30 Dias',NULL,NULL,NULL,NULL),(43,9,NULL,'60 Dias',NULL,NULL,NULL,NULL),(44,9,NULL,'90 Dias',NULL,NULL,NULL,NULL),(45,9,NULL,'120 Dias',NULL,NULL,NULL,NULL),(46,10,NULL,'Pronto Pagemento',NULL,NULL,NULL,NULL),(47,10,NULL,'30 Dias',NULL,NULL,NULL,NULL),(48,10,NULL,'60 Dias',NULL,NULL,NULL,NULL),(49,10,NULL,'90 Dias',NULL,NULL,NULL,NULL),(50,10,NULL,'120 Dias',NULL,NULL,NULL,NULL),(51,11,NULL,'Pronto Pagemento',NULL,NULL,NULL,NULL),(52,11,NULL,'30 Dias',NULL,NULL,NULL,NULL),(53,11,NULL,'60 Dias',NULL,NULL,NULL,NULL),(54,11,NULL,'90 Dias',NULL,NULL,NULL,NULL),(55,11,NULL,'120 Dias',NULL,NULL,NULL,NULL),(56,12,NULL,'Pronto Pagemento',NULL,NULL,NULL,NULL),(57,12,NULL,'30 Dias',NULL,NULL,NULL,NULL),(58,12,NULL,'60 Dias',NULL,NULL,NULL,NULL),(59,12,NULL,'90 Dias',NULL,NULL,NULL,NULL),(60,12,NULL,'120 Dias',NULL,NULL,NULL,NULL),(61,13,NULL,'Pronto Pagemento',NULL,NULL,NULL,NULL),(62,13,NULL,'30 Dias',NULL,NULL,NULL,NULL),(63,13,NULL,'60 Dias',NULL,NULL,NULL,NULL),(64,13,NULL,'90 Dias',NULL,NULL,NULL,NULL),(65,13,NULL,'120 Dias',NULL,NULL,NULL,NULL),(66,14,NULL,'Pronto Pagemento',NULL,NULL,NULL,NULL),(67,14,NULL,'30 Dias',NULL,NULL,NULL,NULL),(68,14,NULL,'60 Dias',NULL,NULL,NULL,NULL),(69,14,NULL,'90 Dias',NULL,NULL,NULL,NULL),(70,14,NULL,'120 Dias',NULL,NULL,NULL,NULL),(71,15,NULL,'Pronto Pagemento',NULL,NULL,NULL,NULL),(72,15,NULL,'30 Dias',NULL,NULL,NULL,NULL),(73,15,NULL,'60 Dias',NULL,NULL,NULL,NULL),(74,15,NULL,'90 Dias',NULL,NULL,NULL,NULL),(75,15,NULL,'120 Dias',NULL,NULL,NULL,NULL),(76,16,NULL,'Pronto Pagemento',NULL,NULL,NULL,NULL),(77,16,NULL,'30 Dias',NULL,NULL,NULL,NULL),(78,16,NULL,'60 Dias',NULL,NULL,NULL,NULL),(79,16,NULL,'90 Dias',NULL,NULL,NULL,NULL),(80,16,NULL,'120 Dias',NULL,NULL,NULL,NULL),(81,17,NULL,'Pronto Pagemento',NULL,NULL,NULL,NULL),(82,17,NULL,'30 Dias',NULL,NULL,NULL,NULL),(83,17,NULL,'60 Dias',NULL,NULL,NULL,NULL),(84,17,NULL,'90 Dias',NULL,NULL,NULL,NULL),(85,17,NULL,'120 Dias',NULL,NULL,NULL,NULL),(86,18,NULL,'Pronto Pagemento',NULL,NULL,NULL,NULL),(87,18,NULL,'30 Dias',NULL,NULL,NULL,NULL),(88,18,NULL,'60 Dias',NULL,NULL,NULL,NULL),(89,18,NULL,'90 Dias',NULL,NULL,NULL,NULL),(90,18,NULL,'120 Dias',NULL,NULL,NULL,NULL),(91,19,NULL,'Pronto Pagemento',NULL,NULL,NULL,NULL),(92,19,NULL,'30 Dias',NULL,NULL,NULL,NULL),(93,19,NULL,'60 Dias',NULL,NULL,NULL,NULL),(94,19,NULL,'90 Dias',NULL,NULL,NULL,NULL),(95,19,NULL,'120 Dias',NULL,NULL,NULL,NULL),(96,20,NULL,'Pronto Pagemento',NULL,NULL,NULL,NULL),(97,20,NULL,'30 Dias',NULL,NULL,NULL,NULL),(98,20,NULL,'60 Dias',NULL,NULL,NULL,NULL),(99,20,NULL,'90 Dias',NULL,NULL,NULL,NULL),(100,20,NULL,'120 Dias',NULL,NULL,NULL,NULL),(101,21,NULL,'Pronto Pagemento',NULL,NULL,NULL,NULL),(102,21,NULL,'30 Dias',NULL,NULL,NULL,NULL),(103,21,NULL,'60 Dias',NULL,NULL,NULL,NULL),(104,21,NULL,'90 Dias',NULL,NULL,NULL,NULL),(105,21,NULL,'120 Dias',NULL,NULL,NULL,NULL),(106,22,NULL,'Pronto Pagemento',NULL,NULL,NULL,NULL),(107,22,NULL,'30 Dias',NULL,NULL,NULL,NULL),(108,22,NULL,'60 Dias',NULL,NULL,NULL,NULL),(109,22,NULL,'90 Dias',NULL,NULL,NULL,NULL),(110,22,NULL,'120 Dias',NULL,NULL,NULL,NULL),(111,24,NULL,'Pronto Pagemento',NULL,NULL,NULL,NULL),(112,24,NULL,'30 Dias',NULL,NULL,NULL,NULL),(113,24,NULL,'60 Dias',NULL,NULL,NULL,NULL),(114,24,NULL,'90 Dias',NULL,NULL,NULL,NULL),(115,24,NULL,'120 Dias',NULL,NULL,NULL,NULL),(116,25,NULL,'Pronto Pagemento',NULL,NULL,NULL,NULL),(117,25,NULL,'30 Dias',NULL,NULL,NULL,NULL),(118,25,NULL,'60 Dias',NULL,NULL,NULL,NULL),(119,25,NULL,'90 Dias',NULL,NULL,NULL,NULL),(120,25,NULL,'120 Dias',NULL,NULL,NULL,NULL),(121,26,NULL,'Pronto Pagemento',NULL,NULL,NULL,NULL),(122,26,NULL,'30 Dias',NULL,NULL,NULL,NULL),(123,26,NULL,'60 Dias',NULL,NULL,NULL,NULL),(124,26,NULL,'90 Dias',NULL,NULL,NULL,NULL),(125,26,NULL,'120 Dias',NULL,NULL,NULL,NULL),(126,27,NULL,'Pronto Pagemento',NULL,NULL,NULL,NULL),(127,27,NULL,'30 Dias',NULL,NULL,NULL,NULL),(128,27,NULL,'60 Dias',NULL,NULL,NULL,NULL),(129,27,NULL,'90 Dias',NULL,NULL,NULL,NULL),(130,27,NULL,'120 Dias',NULL,NULL,NULL,NULL),(131,28,NULL,'Pronto Pagemento',NULL,NULL,NULL,NULL),(132,28,NULL,'30 Dias',NULL,NULL,NULL,NULL),(133,28,NULL,'60 Dias',NULL,NULL,NULL,NULL),(134,28,NULL,'90 Dias',NULL,NULL,NULL,NULL),(135,28,NULL,'120 Dias',NULL,NULL,NULL,NULL),(136,29,NULL,'Pronto Pagemento',NULL,NULL,NULL,NULL),(137,29,NULL,'30 Dias',NULL,NULL,NULL,NULL),(138,29,NULL,'60 Dias',NULL,NULL,NULL,NULL),(139,29,NULL,'90 Dias',NULL,NULL,NULL,NULL),(140,29,NULL,'120 Dias',NULL,NULL,NULL,NULL),(141,30,NULL,'Pronto Pagemento',NULL,NULL,NULL,NULL),(142,30,NULL,'30 Dias',NULL,NULL,NULL,NULL),(143,30,NULL,'60 Dias',NULL,NULL,NULL,NULL),(144,30,NULL,'90 Dias',NULL,NULL,NULL,NULL),(145,30,NULL,'120 Dias',NULL,NULL,NULL,NULL),(146,32,NULL,'Pronto Pagemento',NULL,NULL,NULL,NULL),(147,32,NULL,'30 Dias',NULL,NULL,NULL,NULL),(148,32,NULL,'60 Dias',NULL,NULL,NULL,NULL),(149,32,NULL,'90 Dias',NULL,NULL,NULL,NULL),(150,32,NULL,'120 Dias',NULL,NULL,NULL,NULL),(151,34,NULL,'Pronto Pagemento',NULL,NULL,NULL,NULL),(152,34,NULL,'30 Dias',NULL,NULL,NULL,NULL),(153,34,NULL,'60 Dias',NULL,NULL,NULL,NULL),(154,34,NULL,'90 Dias',NULL,NULL,NULL,NULL),(155,34,NULL,'120 Dias',NULL,NULL,NULL,NULL);
/*!40000 ALTER TABLE `condicoes_pagamentos` ENABLE KEYS */;
UNLOCK TABLES;

--
-- Table structure for table `contactos`
--

DROP TABLE IF EXISTS `contactos`;
/*!40101 SET @saved_cs_client     = @@character_set_client */;
/*!40101 SET character_set_client = utf8 */;
CREATE TABLE `contactos` (
  `id` bigint(20) unsigned NOT NULL AUTO_INCREMENT,
  `empresa_id` bigint(20) unsigned DEFAULT NULL,
  `telemovel` varchar(191) DEFAULT NULL,
  `contacto` varchar(191) DEFAULT NULL,
  `telefone` varchar(191) DEFAULT NULL,
  `fax` varchar(191) DEFAULT NULL,
  `email` varchar(191) DEFAULT NULL,
  `facebook` varchar(191) DEFAULT NULL,
  `whatsapp` varchar(191) DEFAULT NULL,
  `skype` varchar(191) DEFAULT NULL,
  `twitter` varchar(191) DEFAULT NULL,
  `linkedin` varchar(191) DEFAULT NULL,
  `website` varchar(191) DEFAULT NULL,
  `created_at` timestamp NULL DEFAULT NULL,
  `updated_at` timestamp NULL DEFAULT NULL,
  PRIMARY KEY (`id`)
) ENGINE=InnoDB AUTO_INCREMENT=46 DEFAULT CHARSET=utf8 COLLATE=utf8_general_ci;
/*!40101 SET character_set_client = @saved_cs_client */;

--
-- Dumping data for table `contactos`
--

LOCK TABLES `contactos` WRITE;
/*!40000 ALTER TABLE `contactos` DISABLE KEYS */;
INSERT INTO `contactos` VALUES (1,1,'943454745','943454745','943454745',NULL,'geral@atomo.co.ao',NULL,NULL,NULL,NULL,NULL,NULL,NULL,NULL),(2,2,'934597159','934597159','934597159',NULL,'kobe35@yahoo.com',NULL,NULL,NULL,NULL,NULL,NULL,NULL,NULL),(3,2,'947991013',NULL,NULL,NULL,NULL,NULL,NULL,NULL,NULL,NULL,NULL,NULL,NULL),(4,3,'911222333',NULL,'911222333',NULL,'iondricka@mertz.com',NULL,NULL,NULL,NULL,NULL,NULL,NULL,NULL),(5,4,'911222333',NULL,'911222333',NULL,'theo76@collins.com',NULL,NULL,NULL,NULL,NULL,NULL,NULL,NULL),(6,5,'911222333',NULL,'911222333',NULL,'emoore@yahoo.com',NULL,NULL,NULL,NULL,NULL,NULL,NULL,NULL),(7,5,NULL,NULL,NULL,NULL,NULL,NULL,NULL,NULL,NULL,NULL,NULL,NULL,NULL),(8,6,'911222333',NULL,'911222333',NULL,'gutmann.erik@gmail.com',NULL,NULL,NULL,NULL,NULL,NULL,NULL,NULL),(9,7,'999999',NULL,'911222333',NULL,'stephon.franecki@jones.net',NULL,NULL,NULL,NULL,NULL,NULL,NULL,NULL),(10,7,NULL,NULL,NULL,NULL,NULL,NULL,NULL,NULL,NULL,NULL,NULL,NULL,NULL),(11,8,'911222333',NULL,'911222333',NULL,'mdibbert@hotmail.com',NULL,NULL,NULL,NULL,NULL,NULL,NULL,NULL),(12,9,'911222333',NULL,'911222333',NULL,'breitenberg.alda@yahoo.com',NULL,NULL,NULL,NULL,NULL,NULL,NULL,NULL),(13,10,'911222333',NULL,'911222333',NULL,'anya.dibbert@yahoo.com',NULL,NULL,NULL,NULL,NULL,NULL,NULL,NULL),(14,10,NULL,NULL,NULL,NULL,NULL,NULL,NULL,NULL,NULL,NULL,NULL,NULL,NULL),(15,1,NULL,NULL,NULL,NULL,NULL,NULL,NULL,NULL,NULL,NULL,NULL,NULL,NULL),(16,1,NULL,NULL,NULL,NULL,NULL,NULL,NULL,NULL,NULL,NULL,NULL,NULL,NULL),(17,11,'911222333',NULL,'911222333',NULL,'bret.casper@hotmail.com',NULL,NULL,NULL,NULL,NULL,NULL,NULL,NULL),(18,12,'911222333',NULL,'911222333',NULL,'kbrekke@wilkinson.net',NULL,NULL,NULL,NULL,NULL,NULL,NULL,NULL),(19,13,'911222333',NULL,'911222333',NULL,'rosalinda99@gmail.com',NULL,NULL,NULL,NULL,NULL,NULL,NULL,NULL),(20,14,'911222333',NULL,'911222333',NULL,'mhand@olson.biz',NULL,NULL,NULL,NULL,NULL,NULL,NULL,NULL),(21,7,NULL,NULL,NULL,NULL,NULL,NULL,NULL,NULL,NULL,NULL,NULL,NULL,NULL),(22,15,'911222333',NULL,'911222333',NULL,'alek.frami@langworth.com',NULL,NULL,NULL,NULL,NULL,NULL,NULL,NULL),(23,16,'911222333',NULL,'911222333',NULL,'orn.merle@larkin.net',NULL,NULL,NULL,NULL,NULL,NULL,NULL,NULL),(24,17,'911222333',NULL,'911222333',NULL,'zelma.donnelly@yahoo.com',NULL,NULL,NULL,NULL,NULL,NULL,NULL,NULL),(25,18,'911222333',NULL,'911222333',NULL,'elmira46@terry.com',NULL,NULL,NULL,NULL,NULL,NULL,NULL,NULL),(26,18,NULL,NULL,NULL,NULL,NULL,NULL,NULL,NULL,NULL,NULL,NULL,NULL,NULL),(27,19,'911222333',NULL,'911222333',NULL,'cecelia60@corwin.info',NULL,NULL,NULL,NULL,NULL,NULL,NULL,NULL),(28,20,'911222333',NULL,'911222333',NULL,'kub.evangeline@hotmail.com',NULL,NULL,NULL,NULL,NULL,NULL,NULL,NULL),(29,21,'911222333',NULL,'911222333',NULL,'edach@ledner.com',NULL,NULL,NULL,NULL,NULL,NULL,NULL,NULL),(30,NULL,'911222333',NULL,'911222333',NULL,'halie.pfeffer@hotmail.com',NULL,NULL,NULL,NULL,NULL,NULL,NULL,NULL),(31,23,'911222333',NULL,'911222333',NULL,'wratke@yahoo.com',NULL,NULL,NULL,NULL,NULL,NULL,NULL,NULL),(32,24,'911222333',NULL,'911222333',NULL,'joaquin.hyatt@gmail.com',NULL,NULL,NULL,NULL,NULL,NULL,NULL,NULL),(33,25,'911222333',NULL,'911222333',NULL,'ohettinger@gmail.com',NULL,NULL,NULL,NULL,NULL,NULL,NULL,NULL),(34,NULL,'911222333',NULL,'911222333',NULL,'blanche.bernhard@hotmail.com',NULL,NULL,NULL,NULL,NULL,NULL,NULL,NULL),(35,NULL,'911222333',NULL,'911222333',NULL,'reynolds.isadore@hotmail.com',NULL,NULL,NULL,NULL,NULL,NULL,NULL,NULL),(36,NULL,'911222333',NULL,'911222333',NULL,'connie.connelly@durgan.biz',NULL,NULL,NULL,NULL,NULL,NULL,NULL,NULL),(37,26,'911222333',NULL,'911222333',NULL,'martina.lockman@conn.com',NULL,NULL,NULL,NULL,NULL,NULL,NULL,NULL),(38,27,'911222333',NULL,'911222333',NULL,'samanta35@hotmail.com',NULL,NULL,NULL,NULL,NULL,NULL,NULL,NULL),(39,28,'911222333',NULL,'911222333',NULL,'uschiller@hotmail.com',NULL,NULL,NULL,NULL,NULL,NULL,NULL,NULL),(40,29,'911222333',NULL,'911222333',NULL,'megane50@yahoo.com',NULL,NULL,NULL,NULL,NULL,NULL,NULL,NULL),(41,30,'911222333',NULL,'911222333',NULL,'jfeeney@raynor.biz',NULL,NULL,NULL,NULL,NULL,NULL,NULL,NULL),(42,NULL,'911222333',NULL,'911222333',NULL,'ahermiston@yahoo.com',NULL,NULL,NULL,NULL,NULL,NULL,NULL,NULL),(43,32,'911222333',NULL,'911222333',NULL,'hoeger.fausto@abshire.com',NULL,NULL,NULL,NULL,NULL,NULL,NULL,NULL),(44,33,'911222333',NULL,'911222333',NULL,'award@connelly.biz',NULL,NULL,NULL,NULL,NULL,NULL,NULL,NULL),(45,34,'911222333',NULL,'911222333',NULL,'german90@yahoo.com',NULL,NULL,NULL,NULL,NULL,NULL,NULL,NULL);
/*!40000 ALTER TABLE `contactos` ENABLE KEYS */;
UNLOCK TABLES;

--
-- Table structure for table `departamentos`
--

DROP TABLE IF EXISTS `departamentos`;
/*!40101 SET @saved_cs_client     = @@character_set_client */;
/*!40101 SET character_set_client = utf8 */;
CREATE TABLE `departamentos` (
  `id` bigint(20) unsigned NOT NULL AUTO_INCREMENT,
  `empresa_id` bigint(20) unsigned DEFAULT NULL,
  `codigo` varchar(191) DEFAULT NULL,
  `designacao` varchar(191) DEFAULT NULL,
  `descricao` varchar(191) DEFAULT NULL,
  `status` tinyint(1) DEFAULT NULL,
  `created_at` timestamp NULL DEFAULT NULL,
  `updated_at` timestamp NULL DEFAULT NULL,
  PRIMARY KEY (`id`)
) ENGINE=InnoDB AUTO_INCREMENT=103 DEFAULT CHARSET=utf8mb4 COLLATE=utf8mb4_unicode_ci;
/*!40101 SET character_set_client = @saved_cs_client */;

--
-- Dumping data for table `departamentos`
--

LOCK TABLES `departamentos` WRITE;
/*!40000 ALTER TABLE `departamentos` DISABLE KEYS */;
INSERT INTO `departamentos` VALUES (1,1,'0001','Administração','Administração',1,NULL,NULL),(2,1,'0001','Gestão','Gestão',1,NULL,NULL),(3,1,'0001','Vendas','Vendas',1,NULL,NULL),(4,2,'0001','Administração','Administração',1,NULL,NULL),(7,3,'0001','Administração','Administração',1,NULL,NULL),(8,3,'0001','Gestão','Gestão',1,NULL,NULL),(9,3,'0001','Vendas','Vendas',1,NULL,NULL),(10,4,'0001','Administração','Administração',1,NULL,NULL),(11,4,'0001','Gestão','Gestão',1,NULL,NULL),(12,4,'0001','Vendas','Vendas',1,NULL,NULL),(13,5,'0001','Administração','Administração',1,NULL,NULL),(14,5,'0001','Gestão','Gestão',1,NULL,NULL),(15,5,'0001','Vendas','Vendas',1,NULL,NULL),(16,6,'0001','Administração','Administração',1,NULL,NULL),(17,6,'0001','Gestão','Gestão',1,NULL,NULL),(18,6,'0001','Vendas','Vendas',1,NULL,NULL),(19,7,'0001','Administração','Administração',1,NULL,NULL),(20,7,'0001','Gestão','Gestão',1,NULL,NULL),(21,7,'0001','Vendas','Vendas',1,NULL,NULL),(22,8,'0001','Administração','Administração',1,NULL,NULL),(23,8,'0001','Gestão','Gestão',1,NULL,NULL),(24,8,'0001','Vendas','Vendas',1,NULL,NULL),(25,9,'0001','Administração','Administração',1,NULL,NULL),(26,9,'0001','Gestão','Gestão',1,NULL,NULL),(27,9,'0001','Vendas','Vendas',1,NULL,NULL),(28,10,'0001','Administração','Administração',1,NULL,NULL),(29,10,'0001','Gestão','Gestão',1,NULL,NULL),(30,10,'0001','Vendas','Vendas',1,NULL,NULL),(31,11,'0001','Administração','Administração',1,NULL,NULL),(32,11,'0001','Gestão','Gestão',1,NULL,NULL),(33,11,'0001','Vendas','Vendas',1,NULL,NULL),(34,12,'0001','Administração','Administração',1,NULL,NULL),(35,12,'0001','Gestão','Gestão',1,NULL,NULL),(36,12,'0001','Vendas','Vendas',1,NULL,NULL),(37,13,'0001','Administração','Administração',1,NULL,NULL),(38,13,'0001','Gestão','Gestão',1,NULL,NULL),(39,13,'0001','Vendas','Vendas',1,NULL,NULL),(40,14,'0001','Administraço','Administraão',1,NULL,NULL),(41,14,'0001','Gestão','Gestão',1,NULL,NULL),(42,14,'0001','Vendas','Vendas',1,NULL,NULL),(43,15,'0001','Administraço','Administraão',1,NULL,NULL),(44,15,'0001','Gestão','Gestão',1,NULL,NULL),(45,15,'0001','Vendas','Vendas',1,NULL,NULL),(46,16,'0001','Administraço','Administraão',1,NULL,NULL),(47,16,'0001','Gestão','Gestão',1,NULL,NULL),(48,16,'0001','Vendas','Vendas',1,NULL,NULL),(49,17,'0001','Administraço','Administraão',1,NULL,NULL),(50,17,'0001','Gestão','Gestão',1,NULL,NULL),(51,17,'0001','Vendas','Vendas',1,NULL,NULL),(52,18,'0001','Administraço','Administraão',1,NULL,NULL),(53,18,'0001','Gestão','Gestão',1,NULL,NULL),(54,18,'0001','Vendas','Vendas',1,NULL,NULL),(55,19,'0001','Administraço','Administraão',1,NULL,NULL),(56,19,'0001','Gestão','Gestão',1,NULL,NULL),(57,19,'0001','Vendas','Vendas',1,NULL,NULL),(58,20,'0001','Administraço','Administraão',1,NULL,NULL),(59,20,'0001','Gestão','Gestão',1,NULL,NULL),(60,20,'0001','Vendas','Vendas',1,NULL,NULL),(61,21,'0001','Administraço','Administraão',1,NULL,NULL),(62,21,'0001','Gestão','Gestão',1,NULL,NULL),(63,21,'0001','Vendas','Vendas',1,NULL,NULL),(64,22,'0001','Administraço','Administraão',1,NULL,NULL),(65,22,'0001','Gestão','Gestão',1,NULL,NULL),(66,22,'0001','Vendas','Vendas',1,NULL,NULL),(67,23,'0001','Administraço','Administraão',1,NULL,NULL),(68,23,'0001','Gestão','Gestão',1,NULL,NULL),(69,23,'0001','Vendas','Vendas',1,NULL,NULL),(70,24,'0001','Administraço','Administraão',1,NULL,NULL),(71,24,'0001','Gestão','Gestão',1,NULL,NULL),(72,24,'0001','Vendas','Vendas',1,NULL,NULL),(73,25,'0001','Administraço','Administraão',1,NULL,NULL),(74,25,'0001','Gestão','Gestão',1,NULL,NULL),(75,25,'0001','Vendas','Vendas',1,NULL,NULL),(76,26,'0001','Administraço','Administraão',1,NULL,NULL),(77,26,'0001','Gestão','Gestão',1,NULL,NULL),(78,26,'0001','Vendas','Vendas',1,NULL,NULL),(79,27,'0001','Administraço','Administraão',1,NULL,NULL),(80,27,'0001','Gestão','Gestão',1,NULL,NULL),(81,27,'0001','Vendas','Vendas',1,NULL,NULL),(82,28,'0001','Administraço','Administraão',1,NULL,NULL),(83,28,'0001','Gestão','Gestão',1,NULL,NULL),(84,28,'0001','Vendas','Vendas',1,NULL,NULL),(85,29,'0001','Administraço','Administraão',1,NULL,NULL),(86,29,'0001','Gestão','Gestão',1,NULL,NULL),(87,29,'0001','Vendas','Vendas',1,NULL,NULL),(88,30,'0001','Administraço','Administraão',1,NULL,NULL),(89,30,'0001','Gestão','Gestão',1,NULL,NULL),(90,30,'0001','Vendas','Vendas',1,NULL,NULL),(91,31,'0001','Administraço','Administraão',1,NULL,NULL),(92,31,'0001','Gestão','Gestão',1,NULL,NULL),(93,31,'0001','Vendas','Vendas',1,NULL,NULL),(94,32,'0001','Administraço','Administraão',1,NULL,NULL),(95,32,'0001','Gestão','Gestão',1,NULL,NULL),(96,32,'0001','Vendas','Vendas',1,NULL,NULL),(97,33,'0001','Administraço','Administraão',1,NULL,NULL),(98,33,'0001','Gestão','Gestão',1,NULL,NULL),(99,33,'0001','Vendas','Vendas',1,NULL,NULL),(100,34,'0001','Administraço','Administraão',1,NULL,NULL),(101,34,'0001','Gestão','Gestão',1,NULL,NULL),(102,34,'0001','Vendas','Vendas',1,NULL,NULL);
/*!40000 ALTER TABLE `departamentos` ENABLE KEYS */;
UNLOCK TABLES;

--
-- Table structure for table `empresas`
--

DROP TABLE IF EXISTS `empresas`;
/*!40101 SET @saved_cs_client     = @@character_set_client */;
/*!40101 SET character_set_client = utf8 */;
CREATE TABLE `empresas` (
  `id` bigint(20) unsigned NOT NULL AUTO_INCREMENT,
  `designacao` varchar(191) NOT NULL,
  `nif` varchar(191) NOT NULL,
  `registo_comercial` varchar(191) DEFAULT NULL,
  `data_fundacao` date NOT NULL,
  `csocial` varchar(191) DEFAULT NULL,
  `representante` varchar(191) NOT NULL,
  `telefone` int(10) DEFAULT NULL,
  `ndi_rep` varchar(191) NOT NULL,
  `descricao` varchar(191) DEFAULT NULL,
  `foto` varchar(191) DEFAULT NULL,
  `status` tinyint(1) DEFAULT NULL,
  `expermental` tinyint(1) DEFAULT NULL,
  `prazo_inicio` date DEFAULT NULL,
  `prazo_termino` date DEFAULT NULL,
  `data_criacao` varchar(191) DEFAULT NULL,
  `operador` varchar(191) DEFAULT NULL,
  `id_endereco` bigint(20) unsigned DEFAULT NULL,
  `id_contacto` bigint(20) unsigned NOT NULL,
  `created_at` timestamp NULL DEFAULT NULL,
  `updated_at` timestamp NULL DEFAULT NULL,
  PRIMARY KEY (`id`),
  KEY `empresas_id_endereco_foreign` (`id_endereco`),
  KEY `empresas_id_contacto_foreign` (`id_contacto`),
  CONSTRAINT `empresas_id_contacto_foreign` FOREIGN KEY (`id_contacto`) REFERENCES `contactos` (`id`) ON DELETE CASCADE,
  CONSTRAINT `empresas_id_endereco_foreign` FOREIGN KEY (`id_endereco`) REFERENCES `enderecos` (`id`) ON DELETE CASCADE
) ENGINE=InnoDB AUTO_INCREMENT=35 DEFAULT CHARSET=utf8mb4 COLLATE=utf8mb4_unicode_ci;
/*!40101 SET character_set_client = @saved_cs_client */;

--
-- Dumping data for table `empresas`
--

LOCK TABLES `empresas` WRITE;
/*!40000 ALTER TABLE `empresas` DISABLE KEYS */;
INSERT INTO `empresas` VALUES (1,'Átomo tecnologias e Inovação','5001039342','0000000000','1985-06-14','00000000','DEFAULT',0,'00000000',NULL,'1724852400.jpg',1,NULL,NULL,NULL,NULL,NULL,1,1,NULL,NULL),(2,'B.PERDIGÃO COMERCIAL, LDA','5000221090','0000','1987-12-25','200.000,00','Abílio Amaral',0,'006217158BE048',NULL,'1723646277.jpg',0,NULL,'2024-07-28','2024-09-21',NULL,NULL,2,2,NULL,NULL),(3,'Okuli Group','5000918423','0000000000','1983-01-31','00000000','H. Machado',0,'00000000','','null.png',1,NULL,'2024-08-20','2024-08-28',NULL,NULL,4,4,NULL,NULL),(4,'Mundo da Contabilidade','5001462024','0000000000','1984-01-31','00000000','Lucas Cacongo',0,'00000000','','null.png',1,NULL,'2024-08-22','2024-08-30',NULL,NULL,5,5,NULL,NULL),(5,'SUSHI SUKI- Prestação de serviço e comércio Geral, LDA','5000735116','5000735116','2011-03-15','00000000','Victor Seabra',0,'00000000',NULL,'null.png',0,NULL,'2024-08-23','2024-08-31',NULL,NULL,6,6,NULL,NULL),(6,'C.PROVIDER-COMERCIO GERAL,LDA','5000652415','0000000000','1992-07-09','00000000','José Correia',0,'00000000','','null.png',1,NULL,'2024-08-26','2024-09-03',NULL,NULL,8,8,NULL,NULL),(7,'Joel  Mariscos e Pescados','004963124LA045','0000000000','1996-03-24','12.000.000,00','Martins Germano',0,'00000000','921745480','1724674714.jpg',0,NULL,'2024-08-26','2024-09-03',NULL,NULL,9,9,NULL,NULL),(8,'Soumana','5000375842','0000000000','1984-12-31','00000000','Djfjkfkf\'g',0,'00000000','','null.png',1,NULL,'2024-08-26','2024-09-03',NULL,NULL,11,11,NULL,NULL),(9,'teste','0072566672','0000000000','2009-06-18','00000000','Ulima',0,'00000000','','null.png',1,NULL,'2024-08-27','2024-09-04',NULL,NULL,12,12,NULL,NULL),(10,'Átomo','5000428574','0000000000','2012-01-19','00000000','Ulima',0,'00000000','','null.png',1,NULL,'2024-08-27','2024-09-04',NULL,NULL,13,13,NULL,NULL),(11,'Cláudio e Otiniel','5001919423','0000000000','2009-07-03','00000000','Bilga Mateque',0,'00000000','','null.png',1,NULL,'2024-08-28','2024-09-05',NULL,NULL,17,17,NULL,NULL),(12,'Atomo Tecniologias','5000647474','0000000000','1985-02-11','00000000','Gonçalves Nhanga',0,'00000000','','null.png',1,NULL,'2024-08-28','2024-09-05',NULL,NULL,18,18,NULL,NULL),(13,'A.D.G 28-COMERCIO GERAL, LDA','5001919377','0000000000','2016-11-27','00000000','Armando Gonçalves',0,'00000000','','null.png',1,NULL,'2024-08-28','2024-09-05',NULL,NULL,19,19,NULL,NULL),(14,'KAFUNGA GUETH-COMÉRCIO E INDÚSTRIA','5001348515','5001348515','2020-02-23','100,000','Augusto Pembele',932764244,'5001348515',NULL,'1724932948.png',0,NULL,'2024-08-29','2024-09-06',NULL,NULL,20,20,NULL,NULL),(15,'Afuana Transportes e prestação de serviços','5000540323','0000000000','1980-02-19','00000000','Antônio José',945177873,'00000000','','null.png',1,NULL,'2024-09-02','2024-09-10',NULL,NULL,22,22,NULL,NULL),(16,'INACIOROMAO','005206758LA040','0000000000','2003-06-13','00000000','ROMAO',939801238,'00000000','','null.png',1,NULL,'2024-09-02','2024-09-10',NULL,NULL,23,23,NULL,NULL),(17,'KupOration','007959892LA048','0000000000','1972-06-13','00000000','Hermenegildo Kupessa Da Cruz Pedro',937509863,'00000000','','null.png',1,NULL,'2024-09-03','2024-09-11',NULL,NULL,24,24,NULL,NULL),(18,'928299926','000143227BA025','0000000000','2014-10-08','00000000','Aristides Chingolo',928299926,'00000000','','null.png',1,NULL,'2024-09-03','2024-09-11',NULL,NULL,25,25,NULL,NULL),(19,'Índigo Business','020847085BA053','0000000000','2019-03-09','00000000','Pedro Quessongo',957760177,'00000000','','null.png',1,NULL,'2024-09-06','2024-09-14',NULL,NULL,27,27,NULL,NULL),(20,'Bangila Eletronics','004917787LA049','0000000000','1990-03-26','00000000','Raúl Antunes',948098915,'00000000','','null.png',1,NULL,'2024-09-09','2024-09-17',NULL,NULL,28,28,NULL,NULL),(21,'Clinica Rosinid','5000846895','0000000000','2012-05-12','00000000','Fernando',945847514,'00000000','','null.png',1,NULL,'2024-09-12','2024-09-20',NULL,NULL,29,29,NULL,NULL),(22,'RARAFAM','5001652150','0000000000','2022-01-01','00000000','Deodato Pedro',924645836,'00000000','','null.png',1,NULL,'2024-09-30','2024-10-08',NULL,NULL,31,31,NULL,NULL),(23,'RARAFAM','5001652150','0000000000','1998-09-10','00000000','Deodato Pedro',924645836,'00000000','','null.png',1,NULL,'2024-09-30','2024-10-08',NULL,NULL,31,31,NULL,NULL),(24,'Socigráfica-Sociedade de Comércio e Indústria Gráfica, Lda','5401114125','0000000000','1991-04-03','00000000','Augusto Xavier Joaquim',923724128,'00000000','','null.png',1,NULL,'2024-10-03','2024-10-11',NULL,NULL,32,32,NULL,NULL),(25,'KESSENGE & IRMÃOS, LDA','5000807990','0000000000','1996-03-14','00000000','Aristides Chingolo',928299926,'00000000','','null.png',1,NULL,'2024-10-08','2024-10-16',NULL,NULL,33,33,NULL,NULL),(26,'SARHA,LDA','5001584707','0000000000','2000-01-25','00000000','JOSEFINA GOMES',926956960,'00000000','','null.png',1,NULL,'2024-10-11','2024-10-19',NULL,NULL,37,37,NULL,NULL),(27,'DELISKIN ONR, LDA','5001742361','0000000000','1987-08-06','00000000','Nicol Edgar Morais Valaço',924353383,'00000000','','null.png',1,NULL,'2024-10-11','2024-10-19',NULL,NULL,38,38,NULL,NULL),(28,'Mlorb INTERPRENEUR Business -comercio e serviços','5001958488','0000000000','1982-03-16','00000000','Antônio Silva Barros',923796767,'00000000','','null.png',1,NULL,'2024-10-11','2024-10-19',NULL,NULL,39,39,NULL,NULL),(29,'Bumbar Prest. Serviços','5403104240','0000000000','1999-03-07','00000000','Chelsea Ganga',925078563,'00000000','','null.png',1,NULL,'2024-10-16','2024-10-24',NULL,NULL,40,40,NULL,NULL),(30,'AB.MATAU.RS','001467570HO038','0000000000','2019-12-19','00000000','Ricardo Pereira Agostinho Songamaso',928917407,'00000000','','null.png',1,NULL,'2024-10-16','2024-10-24',NULL,NULL,41,41,NULL,NULL),(31,'Mágico Decor','50001875086','0000000000','2011-06-11','00000000','Wails Abdelghafar',940905458,'00000000','','null.png',1,NULL,'2024-10-23','2024-10-31',NULL,NULL,43,43,NULL,NULL),(32,'Mágico Decor','50001875086','0000000000','1982-12-11','00000000','Wails Abdelghafar',940905458,'00000000','','null.png',1,NULL,'2024-10-23','2024-10-31',NULL,NULL,43,43,NULL,NULL),(33,'Good marte','009006014KN043','0000000000','2004-01-02','00000000','Soumana cisse',922878700,'00000000','','null.png',1,NULL,'2024-10-31','2024-11-08',NULL,NULL,44,44,NULL,NULL),(34,'Chitali comercial Lda','005902701LA049','0000000000','2007-11-04','00000000','Fernando Simão',932529318,'00000000','','null.png',1,NULL,'2024-11-01','2024-11-09',NULL,NULL,45,45,NULL,NULL);
/*!40000 ALTER TABLE `empresas` ENABLE KEYS */;
UNLOCK TABLES;

--
-- Table structure for table `enderecos`
--

DROP TABLE IF EXISTS `enderecos`;
/*!40101 SET @saved_cs_client     = @@character_set_client */;
/*!40101 SET character_set_client = utf8 */;
CREATE TABLE `enderecos` (
  `id` bigint(20) unsigned NOT NULL AUTO_INCREMENT,
  `empresa_id` bigint(20) unsigned DEFAULT NULL,
  `pais` varchar(191) DEFAULT NULL,
  `cidade` varchar(191) DEFAULT NULL,
  `endereco` varchar(191) DEFAULT NULL,
  `created_at` timestamp NULL DEFAULT NULL,
  `updated_at` timestamp NULL DEFAULT NULL,
  PRIMARY KEY (`id`)
) ENGINE=InnoDB AUTO_INCREMENT=46 DEFAULT CHARSET=utf8mb4 COLLATE=utf8mb4_unicode_ci;
/*!40101 SET character_set_client = @saved_cs_client */;

--
-- Dumping data for table `enderecos`
--

LOCK TABLES `enderecos` WRITE;
/*!40000 ALTER TABLE `enderecos` DISABLE KEYS */;
INSERT INTO `enderecos` VALUES (1,1,'Angola','Luanda','Talatona-Bomba dos Mirantes, Edificio da Suave-2º andar',NULL,NULL),(2,2,'Angola','Bié','Estrada Nacional 250, Bairro Azul 1',NULL,NULL),(3,2,'Angola','Cuito','Estrada Nacional 250, Bairro Azul 1',NULL,NULL),(4,3,'Angola','Luanda','6185 Schinner Gardens Apt. 465\nReynaland, PA 42213',NULL,NULL),(5,4,'Angola','Luanda','4072 Collier Fork Apt. 530\nMikelton, OR 32085',NULL,NULL),(6,5,'Angola','Luanda','70153 Alexandre PortsCartershire, NE 55583',NULL,NULL),(7,5,'Angola','Luanda','Maculusso',NULL,NULL),(8,6,'Angola','Luanda','48498 Buck Orchard Suite 652\nMelvinaburgh, VT 58872',NULL,NULL),(9,7,'Angola','Luanda','Luanda',NULL,NULL),(10,7,'Angola',NULL,'Luanda',NULL,NULL),(11,8,'Angola','Luanda','7956 Hobart Mission Apt. 400\nDeckowchester, PA 73308-4901',NULL,NULL),(12,9,'Angola','Luanda','286 O\'Keefe Squares Suite 251\nFlatleymouth, NE 96938-2106',NULL,NULL),(13,10,'Angola','Luanda','8186 Smith Cove\nWest Ramona, AR 35021-9434',NULL,NULL),(14,10,'Angola','Luanda','Benfica-Dona Xepa',NULL,NULL),(15,1,'Angola',NULL,'Luanda',NULL,NULL),(16,1,'Angola',NULL,'Benfica',NULL,NULL),(17,11,'Angola','Luanda','2431 Mann Junction Apt. 534\nHeathcoteshire, OK 13984',NULL,NULL),(18,12,'Angola','Luanda','68999 Verda Crest\nGradymouth, IN 36535',NULL,NULL),(19,13,'Angola','Luanda','72660 Bo Mews\nEbertberg, NJ 84493',NULL,NULL),(20,14,'Angola','Luanda','Urbanização Nova Vida - Cambambe 2 -63',NULL,NULL),(21,7,'Angola','Luanda','Ilha de luanda avenida mortala mohamede',NULL,NULL),(22,15,'Angola','Luanda','438 Miller Causeway\nLake Garrettfort, DC 70464',NULL,NULL),(23,16,'Angola','Luanda','913 Benedict Burg\nHirtheshire, NM 03014-4615',NULL,NULL),(24,17,'Angola','Luanda','2042 Wiley Springs\nNorth Margarettebury, DC 11779',NULL,NULL),(25,18,'Angola','Luanda','2400 Pearl Walk Suite 363\nSouth Mckayla, ME 74234',NULL,NULL),(26,18,'Angola','luanda','Rua 21 de Janeiro',NULL,NULL),(27,19,'Angola','Luanda','36793 Isadore Vista\nAiyanaberg, WI 42058-7266',NULL,NULL),(28,20,'Angola','Luanda','70283 Kessler Road\nLakinview, DC 06351',NULL,NULL),(29,21,'Angola','Luanda','115 Georgette Row\nNorth Davonteville, IA 07700-4097',NULL,NULL),(30,NULL,'Angola','Luanda','733 Durgan Vista\nNew Ginochester, NJ 51380',NULL,NULL),(31,23,'Angola','Luanda','74572 Johns Locks Suite 621\nRockyshire, PA 60815-2400',NULL,NULL),(32,24,'Angola','Luanda','71220 McGlynn Loop\nBarrowsshire, OH 06877-3474',NULL,NULL),(33,25,'Angola','Luanda','40219 Renner Coves Apt. 903\nNew Rashad, MT 09640',NULL,NULL),(34,NULL,'Angola','Luanda','6080 Christophe Curve Suite 414\nWittingbury, CT 98098',NULL,NULL),(35,NULL,'Angola','Luanda','59590 Anissa Knoll\nSouth Irma, OK 94674',NULL,NULL),(36,NULL,'Angola','Luanda','20092 Petra Lodge\nGusikowskishire, VT 05878-9646',NULL,NULL),(37,26,'Angola','Luanda','83755 Ruthie Port\nPort Lon, ND 08227-6841',NULL,NULL),(38,27,'Angola','Luanda','7212 Clair Fort\nWest Norwoodmouth, AZ 43896',NULL,NULL),(39,28,'Angola','Luanda','6300 Considine Circle Suite 461\nHelgaborough, MO 83096-4917',NULL,NULL),(40,29,'Angola','Luanda','28365 Kunze Center Suite 639\nHesselton, IL 93957-4619',NULL,NULL),(41,30,'Angola','Luanda','4807 Prohaska Groves\nSouth Daytonmouth, NC 39206-2029',NULL,NULL),(42,NULL,'Angola','Luanda','6243 Wyman Cliffs Apt. 220\nTommietown, CA 27369',NULL,NULL),(43,32,'Angola','Luanda','2767 Madelynn Fall\nNew Pietro, NE 52135-4389',NULL,NULL),(44,33,'Angola','Luanda','54859 Lionel Shores Suite 264\nLake Jena, IA 55862',NULL,NULL),(45,34,'Angola','Luanda','7433 Weimann Port Apt. 834\nNorth Taylorbury, NJ 13344-9111',NULL,NULL);
/*!40000 ALTER TABLE `enderecos` ENABLE KEYS */;
UNLOCK TABLES;

--
-- Table structure for table `fabricantes`
--

DROP TABLE IF EXISTS `fabricantes`;
/*!40101 SET @saved_cs_client     = @@character_set_client */;
/*!40101 SET character_set_client = utf8 */;
CREATE TABLE `fabricantes` (
  `id` bigint(20) unsigned NOT NULL AUTO_INCREMENT,
  `empresa_id` bigint(20) unsigned DEFAULT NULL,
  `codigo` varchar(191) DEFAULT NULL,
  `designacao` varchar(191) DEFAULT NULL,
  `descricao` varchar(191) DEFAULT NULL,
  `status` tinyint(1) DEFAULT NULL,
  `created_at` timestamp NULL DEFAULT NULL,
  `updated_at` timestamp NULL DEFAULT NULL,
  PRIMARY KEY (`id`)
) ENGINE=InnoDB AUTO_INCREMENT=32 DEFAULT CHARSET=utf8mb4 COLLATE=utf8mb4_unicode_ci;
/*!40101 SET character_set_client = @saved_cs_client */;

--
-- Dumping data for table `fabricantes`
--

LOCK TABLES `fabricantes` WRITE;
/*!40000 ALTER TABLE `fabricantes` DISABLE KEYS */;
INSERT INTO `fabricantes` VALUES (1,1,'0001','Diverso','Gryphon: \'I.',1,NULL,NULL),(2,2,'0001','Diverso','SIT down,\' the.',1,NULL,NULL),(3,3,'0001','Diverso','YOURS: I don\'t.',1,NULL,NULL),(4,4,'0001','Diverso','Dinah: I think.',1,NULL,NULL),(5,5,'0001','Diverso','THE KING AND.',1,NULL,NULL),(6,6,'0001','Diverso','The Frog-Footman.',1,NULL,NULL),(7,7,'0001','Diverso','I should.',1,NULL,NULL),(8,8,'0001','Diverso','I to get.',1,NULL,NULL),(9,9,'0001','Diverso','Alice panted as.',1,NULL,NULL),(10,10,'0001','Diverso','Majesty,\' the.',1,NULL,NULL),(11,11,'0001','Diverso','She waited.',1,NULL,NULL),(12,12,'0001','Diverso','Which shall.',1,NULL,NULL),(13,13,'0001','Diverso','Alice hastily.',1,NULL,NULL),(14,14,'0001','Diverso','And she kept on.',1,NULL,NULL),(15,15,'0001','Diverso','Then the Queen.',1,NULL,NULL),(16,16,'0001','Diverso','Five. \'I.',1,NULL,NULL),(17,17,'0001','Diverso','She said.',1,NULL,NULL),(18,18,'0001','Diverso','Cat. \'Do.',1,NULL,NULL),(19,19,'0001','Diverso','Queen till.',1,NULL,NULL),(20,20,'0001','Diverso','Mock Turtle.',1,NULL,NULL),(21,21,'0001','Diverso','YOUR shoes.',1,NULL,NULL),(22,22,'0001','Diverso','Mock Turtle. \'She.',1,NULL,NULL),(23,24,'0001','Diverso','I to do?\' said.',1,NULL,NULL),(24,25,'0001','Diverso','Dormouse, who.',1,NULL,NULL),(25,26,'0001','Diverso','Duck and a fall.',1,NULL,NULL),(26,27,'0001','Diverso','Gryphon, half to.',1,NULL,NULL),(27,28,'0001','Diverso','Alice. \'And.',1,NULL,NULL),(28,29,'0001','Diverso','Lory, who at last.',1,NULL,NULL),(29,30,'0001','Diverso','Pat, what\'s that.',1,NULL,NULL),(30,32,'0001','Diverso','Dodo. Then they.',1,NULL,NULL),(31,34,'0001','Diverso','I can creep under.',1,NULL,NULL);
/*!40000 ALTER TABLE `fabricantes` ENABLE KEYS */;
UNLOCK TABLES;

--
-- Table structure for table `factura_recibos`
--

DROP TABLE IF EXISTS `factura_recibos`;
/*!40101 SET @saved_cs_client     = @@character_set_client */;
/*!40101 SET character_set_client = utf8 */;
CREATE TABLE `factura_recibos` (
  `id` bigint(20) unsigned NOT NULL AUTO_INCREMENT,
  `empresa_id` bigint(20) unsigned DEFAULT NULL,
  `numero` varchar(191) DEFAULT NULL,
  `cliente_id` bigint(20) unsigned DEFAULT NULL,
  `cliente_nome` varchar(191) DEFAULT NULL,
  `contribuinte` varchar(191) DEFAULT NULL,
  `endereco` varchar(191) DEFAULT NULL,
  `data` datetime DEFAULT NULL,
  `data_vencimento` datetime DEFAULT NULL,
  `formapagamento_id` bigint(20) unsigned DEFAULT NULL,
  `banco_id` int(11) DEFAULT NULL,
  `total_banco` decimal(30,2) DEFAULT NULL,
  `total_caixa` decimal(30,2) DEFAULT NULL,
  `moeda_id` bigint(20) unsigned DEFAULT NULL,
  `utilizador_id` bigint(20) unsigned DEFAULT NULL,
  `utilizador_nome` varchar(191) DEFAULT NULL,
  `observacao` text DEFAULT NULL,
  `subtotal` decimal(30,2) DEFAULT NULL,
  `desconto` decimal(30,2) DEFAULT NULL,
  `imposto` decimal(30,2) DEFAULT NULL,
  `retencao` decimal(30,2) DEFAULT NULL,
  `total` decimal(30,2) DEFAULT NULL,
  `hash` text DEFAULT NULL,
  `status` tinyint(1) DEFAULT NULL,
  `is_nota` tinyint(1) DEFAULT NULL,
  `created_at` timestamp NULL DEFAULT NULL,
  `updated_at` timestamp NULL DEFAULT NULL,
  PRIMARY KEY (`id`),
  KEY `factura_recibos_cliente_id_foreign` (`cliente_id`),
  KEY `factura_recibos_formapagamento_id_foreign` (`formapagamento_id`),
  KEY `factura_recibos_moeda_id_foreign` (`moeda_id`),
  KEY `factura_recibos_utilizador_id_foreign` (`utilizador_id`),
  CONSTRAINT `factura_recibos_cliente_id_foreign` FOREIGN KEY (`cliente_id`) REFERENCES `clientes` (`id`) ON UPDATE CASCADE,
  CONSTRAINT `factura_recibos_formapagamento_id_foreign` FOREIGN KEY (`formapagamento_id`) REFERENCES `formas_pagamentos` (`id`) ON UPDATE CASCADE,
  CONSTRAINT `factura_recibos_moeda_id_foreign` FOREIGN KEY (`moeda_id`) REFERENCES `moedas` (`id`) ON UPDATE CASCADE,
  CONSTRAINT `factura_recibos_utilizador_id_foreign` FOREIGN KEY (`utilizador_id`) REFERENCES `users` (`id`) ON UPDATE CASCADE
) ENGINE=InnoDB AUTO_INCREMENT=58 DEFAULT CHARSET=utf8mb4 COLLATE=utf8mb4_unicode_ci;
/*!40101 SET character_set_client = @saved_cs_client */;

--
-- Dumping data for table `factura_recibos`
--

LOCK TABLES `factura_recibos` WRITE;
/*!40000 ALTER TABLE `factura_recibos` DISABLE KEYS */;
INSERT INTO `factura_recibos` VALUES (1,2,'FR  20241',3,'Alberto Capingãla','006217158BE048','Estrada Nacional 250, Bairro Azul 1','2024-08-15 12:45:25','2024-08-16 00:00:00',3,NULL,NULL,NULL,3,2,'Administrador','fornecimento.',25994.00,0.00,3639.16,0.00,29633.16,'miNPYDFRLmmvgj+MAG6+vYBL5T0Vxw/omGHn2l5iWZHGEQuxLrGfLrV7fjVqlzMbTlCdD57BUCgPxWbq7xTfaZZZDKQm+T2IA7MtE2vAmZb3tGSJgihRStfJ1CKHc1/lqhgpApaNlstExxXg9Q0RmSgUWT3c7djtN4kBoLcbkM8=',1,1,'2024-08-15 10:45:25','2024-08-15 10:45:25'),(2,1,'FR 2024 20241',16,'Cliente C','5417029815','Benfica','2024-08-28 14:31:17','2024-08-28 00:00:00',2,NULL,NULL,NULL,1,8,'gonsalves nhanga',NULL,20000.00,0.00,0.00,0.00,20000.00,'hLyQWcLhQTLMav/e5ygUmG7iRvubEu3a28UvxIWJ+UFYvRzqwTJYw0WR6Uw2ebKdpw3ZteiHe+8u63l12gHW9QTmaSgBI1WimhoD427nUuan6HlVWhsSogiCTvPfTAeuKptv8rLyNYasEzh5KP/2Zq7jVlwobfGCSI99Vd5qDso=',1,1,'2024-08-28 12:31:17','2024-08-28 12:31:17'),(3,1,'FR 2024 20242',15,'Empresa A','5000507091','Luanda','2024-08-28 14:49:47','2024-08-28 00:00:00',2,NULL,NULL,NULL,1,8,'gonsalves nhanga',NULL,30000.00,0.00,0.00,0.00,30000.00,'KYcLBcCNO7JF9XEcaKGYr2KsquM9uYhtztzjQDJ2AhSy/23Gfb1Wqi5/mibgXirPM8rX1khYuct5+3Vf8KkNpi+iacblLpoW/ivBjzzs17wNrDKZO1AYjYCg+MPikIgfo56aEG9Ot6xweBBH4gZ79iocaSLFrdBhBEU6uAYHOpY=',1,1,'2024-08-28 12:49:47','2024-08-28 12:49:47'),(4,14,'FR  20241',20,'Consumidor Final','Consumidor Final','Urbanização Nova Vida - Cambambe 2 -63','2024-09-02 12:46:09','2024-09-02 00:00:00',27,NULL,NULL,NULL,27,25,'SANTA NEVES',NULL,35000.00,0.00,0.00,0.00,35000.00,'MizCt8s+gV1DcO99q7r07JCKSsIDAitMD3stW1XKfF+e/eO8RMmhAmDJCoFbHxGbb38aJUIHzOqiIHPd67DNXLNIMEbSxy4SY2X/hnOuHkgNZXD/7BDxrfzTlHgo/L2XgtJjEE9Kxz9yMDGzO9rCZESu1Juoiu8DdCKfA9JMaxw=',1,1,'2024-09-02 10:46:10','2024-09-02 10:46:10'),(5,14,'FR  20242',20,'Consumidor Final','Consumidor Final','Urbanização Nova Vida - Cambambe 2 -63','2024-09-02 12:56:54','2024-09-02 00:00:00',27,NULL,NULL,NULL,27,25,'SANTA NEVES',NULL,30000.00,0.00,0.00,0.00,30000.00,'faTHmdeayScOGrzx2Ty1Q2xRMcgEL4nELjKC20vKShz6LPZ+zAODZCbLQJFlHMFFmZtY0FROEgNkBUDtUFHyBJI8yXUwa2RgKugRw39aZga45QcX5SpM2u4oW5PE4ziQZqCPTJrVzIjFysOgoCaYtntotiQ8korXznza+c6G4RY=',1,1,'2024-09-02 10:56:54','2024-09-02 10:56:54'),(6,14,'FR  20243',20,'Consumidor Final','Consumidor Final','Urbanização Nova Vida - Cambambe 2 -63','2024-09-02 13:56:50','2024-09-02 00:00:00',27,NULL,NULL,NULL,27,25,'SANTA NEVES',NULL,10000.00,0.00,0.00,0.00,10000.00,'kA2V3sh7xSZ819RqZTtpD6jswGVtvl84HgH+HySO1XxkTdqfHTHAuz9IsaSm/bQrsiYmM7kqdSpMxG6AbHKEeqRzzlMVujVkuySFn1vvfDXfqxwaZsbCYfMwuUt9/zON2D6zbNk6PyQDU+ONnF9bz12deJlmzWLxutr7A29CLi4=',1,1,'2024-09-02 11:56:50','2024-09-02 11:56:50'),(7,14,'FR  20244',20,'Consumidor Final','Consumidor Final','Urbanização Nova Vida - Cambambe 2 -63','2024-09-02 13:58:51','2024-09-02 00:00:00',27,NULL,NULL,NULL,27,25,'SANTA NEVES',NULL,30000.00,0.00,0.00,0.00,30000.00,'K46PXxN4c8RkzGkA+fb+7NfpQy1ZYiCoyLdOYFVhlnfuEMuQ6OeJy/G6zrafNEKrfooypBdhir3pRcARxmO7OzrJSaOHV2l7L1nossB/M6BKZa92bM3cMrKiUTQULwWLF9Wqtmv6XU4QfrtElAar79cavCFqDAHnyFtWJoZkE0w=',1,1,'2024-09-02 11:58:52','2024-09-02 11:58:52'),(8,14,'FR  20245',20,'Consumidor Final','Consumidor Final','Urbanização Nova Vida - Cambambe 2 -63','2024-09-02 14:19:46','2024-09-02 00:00:00',27,NULL,NULL,NULL,27,25,'SANTA NEVES',NULL,40000.00,0.00,0.00,0.00,40000.00,'f6eh56tEe4lmqibbMcJhnJ5mVSira8ahBah9P28iA/a7lXVPuOo7zbIOsux3QFEBWBrMOpKaX3hddZFasbMx0mE0g1yTV30Cdouqtyko0Yq6zsbJhvvnWuXGx9O9KtZ/wsyAaPww33ui2fKUehNfsmXxw/igCzdRql3Bs/pNDuY=',1,1,'2024-09-02 12:19:47','2024-09-02 12:19:47'),(9,14,'FR  20246',20,'Consumidor Final','Consumidor Final','Urbanização Nova Vida - Cambambe 2 -63','2024-09-02 15:30:10','2024-09-02 00:00:00',27,NULL,NULL,NULL,27,26,'Natercia Pelenda Kiassungua',NULL,4000.00,0.00,0.00,0.00,4000.00,'DywUJznkgRzLnxO6sJhG3l9D7/Mvm+n7uTqazu369AxXwG2h11ZuH0uj41SUojEM4LFPWdJiXncdU6tOcwMIdU7Ity0w/iJQdm+iqc2t/nIMTX5JAMftnkhHiPmkVOin9z0zuROmvbi2Cb7hHILmHDvU4OxzVLVnYApvUbB5peA=',1,1,'2024-09-02 13:30:11','2024-09-02 13:30:11'),(10,14,'FR  20247',20,'Consumidor Final','Consumidor Final','Urbanização Nova Vida - Cambambe 2 -63','2024-09-02 15:43:00','2024-09-02 00:00:00',27,NULL,NULL,NULL,27,26,'Natercia Pelenda Kiassungua',NULL,15000.00,0.00,0.00,0.00,15000.00,'FnlduLHAP9lJVQGDJ4UEZQ0j7AGT2Qc3f9x+2Z/CJ0USDzGAYOGAEB+8KHYH6GCfxIakoCczBtjmRMFgedDhN5itbIY486ePCk+fk88XIYQfNoi8/IZzcqeaursIacsFSy1ejir9WGUqiNVDDNF84xFjCdMLseCvn3Xg/8X+e2I=',1,1,'2024-09-02 13:43:00','2024-09-02 13:43:00'),(11,14,'FR  20248',20,'Consumidor Final','Consumidor Final','Urbanização Nova Vida - Cambambe 2 -63','2024-09-02 15:49:21','2024-09-02 00:00:00',27,NULL,NULL,NULL,27,26,'Natercia Pelenda Kiassungua',NULL,30000.00,0.00,0.00,0.00,30000.00,'glR/P1jDseEIeaANsgSO9cJQk0bYMK1/pr0U6eGiGY+YAOaiDtoWcCaTzAF9dKzQ659PRO975aBAyaxX2AmbVGxwv98BgOAHHRG8X9vFgRXowdHHHUIb8hLjS4Y9JoZxwPYaABVMsdpKFASrrx7v6Im2L/vr8zT6qvc1I0yjYvY=',1,1,'2024-09-02 13:49:21','2024-09-02 13:49:21'),(12,14,'FR  20249',20,'Consumidor Final','Consumidor Final','Urbanização Nova Vida - Cambambe 2 -63','2024-09-02 16:24:12','2024-09-02 00:00:00',27,NULL,NULL,NULL,27,26,'Natercia Pelenda Kiassungua',NULL,35000.00,0.00,0.00,0.00,35000.00,'TyXoJURp968i0GRsE5BKX5mk2qaHAtDYBg4jrahs3SZVq+Zbd/Uhyo050JR4acQFIYwThmqb0Xs+LUjuqzp4Qhih8t5QEAgVirW5FOYBddLwBlraPZfAhWCeqFcJDIBpbR0iBBFFPZ7f5vqvxM3OizrZsoQHRIX+e1KWs1VhK3I=',1,1,'2024-09-02 14:24:13','2024-09-02 14:24:13'),(13,14,'FR  202410',20,'Consumidor Final','Consumidor Final','Urbanização Nova Vida - Cambambe 2 -63','2024-09-03 13:39:07','2024-09-03 00:00:00',27,NULL,NULL,NULL,27,24,'GELSON MOISÉS NGOLA VALENTE',NULL,115000.00,0.00,0.00,0.00,115000.00,'Hl7tPb59acM9pJtZGExXCv6IfgrNyp6VMwUiy24Pya/ONJSiX0CxnT+m5EG1NrMIGAUJNL18bI3CDaQbHtwRnCWeHljpnX1RPj7jmaPzmalyttMTrEyFjbc4ZwLBmbjBLcVLTSzyOq7CXnaYuR5PgI8UPLZ0dEEJu0c5RfHeK8U=',1,1,'2024-09-03 11:39:07','2024-09-03 11:39:07'),(14,14,'FR  202411',20,'Consumidor Final','Consumidor Final','Urbanização Nova Vida - Cambambe 2 -63','2024-09-03 14:32:00','2024-09-03 00:00:00',27,NULL,NULL,NULL,27,24,'GELSON MOISÉS NGOLA VALENTE',NULL,25000.00,0.00,0.00,0.00,25000.00,'A23+1xxZX2HWkiOTlvCklqofDpiil49rbReNXgsPatOOShX2j2CeZkOctFtoDkq/BGNU6s/wcO88QmTEcmchUkzpIKy5hP4w9pDyWuignDi+SFyRWTRo/XzTo/pDCam6bEc86X272l87RbX+dWDSOV9SgiqyF3bVW2+4FVZNdSo=',1,1,'2024-09-03 12:32:00','2024-09-03 12:32:00'),(15,14,'FR  202412',20,'Consumidor Final','Consumidor Final','Urbanização Nova Vida - Cambambe 2 -63','2024-09-03 14:52:31','2024-09-03 00:00:00',27,NULL,NULL,NULL,27,24,'GELSON MOISÉS NGOLA VALENTE',NULL,15000.00,0.00,0.00,0.00,15000.00,'qlwvCJkPjkNVu1jADx8JG2cvY6CjgCobkdLMTRTBphRVAKwbV0CPWzIXRdqAT9sqqi8xeUyEPL6rgcL3QtrAZYd4fBBwk5kC4p9mg5+FxBeS6/bc0Q4X0y4PJ4Fjvq6N91cG0oIA8ppQI/DazJje0N1W0sf+gPAdbHdRM+9QNyM=',1,1,'2024-09-03 12:52:31','2024-09-03 12:52:31'),(16,14,'FR  202413',20,'Consumidor Final','Consumidor Final','Urbanização Nova Vida - Cambambe 2 -63','2024-09-04 09:30:31','2024-09-04 00:00:00',27,NULL,NULL,NULL,27,24,'GELSON MOISÉS NGOLA VALENTE',NULL,6000.00,0.00,0.00,0.00,6000.00,'rnPvGT5LMwfEvCX8Rk56/6sYwxZR3IgCUUfYdz4SqX9RqZOwi8l/8JjTO+RblqLOg1Kgw2YsEkwuxhUrDx2xILonzfFdy9BbZgx1Oj216dVVY6QdcQBbU0bAuRLkKfhkL/AtHcSrHwahH+FG0KxJ5a0MS/3y2yHYVZBXbHAsuUM=',1,1,'2024-09-04 07:30:32','2024-09-04 07:30:32'),(17,14,'FR  202414',20,'Consumidor Final','Consumidor Final','Urbanização Nova Vida - Cambambe 2 -63','2024-09-04 10:35:35','2024-09-04 00:00:00',27,NULL,NULL,NULL,27,24,'GELSON MOISÉS NGOLA VALENTE',NULL,15000.00,0.00,0.00,0.00,15000.00,'U1Y2aR9wCmllB9KO2JZHpgv/Nbu24mZZIMvnrI0dNcs0+odwvHtxZ5F/P7Ad6O3fxkpVlsTbL/9eUndSPDSIg8U9yeGcFjbf/8NVDpW/HiQYoBOXX4rL+POk9pkPHbhC7nMqZOE4+3JniT6nTk2Vu2Do/4qK6o3ohMwrF13qGpc=',1,1,'2024-09-04 08:35:35','2024-09-04 08:35:35'),(18,14,'FR  202415',20,'Consumidor Final','Consumidor Final','Urbanização Nova Vida - Cambambe 2 -63','2024-09-04 10:53:35','2024-09-04 00:00:00',27,NULL,NULL,NULL,27,26,'Natercia Pelenda Kiassungua',NULL,5000.00,0.00,0.00,0.00,5000.00,'p4iOLEG+2kSE5BeXv6AWXXtzMEqWm/+XPt5Orf2GSE0Ky4uKGVQKkEuztmlLnNScTseQK2rzsYsNbPrXAB77xJjHIoG2/CIa6si5opMaOOC0ntYRBAUZUA/ROa+2za683m9IntfwnQqpFNi8n5NFHA2hbSNww5OSOh4bdIHmeeY=',1,1,'2024-09-04 08:53:35','2024-09-04 08:53:35'),(19,14,'FR  202416',20,'Consumidor Final','Consumidor Final','Urbanização Nova Vida - Cambambe 2 -63','2024-09-04 11:22:44','2024-09-04 00:00:00',27,NULL,NULL,NULL,27,26,'Natercia Pelenda Kiassungua',NULL,8000.00,0.00,0.00,0.00,8000.00,'mkDoAxVwVMijzfUo57GuLLrt0bTc6vjJolxyA0Q1TO2v6stkHVmTbxS4SrgUqlBEUcsiIdA79qa6W6oAVB6oLVUL3N9jRDVYwr343WNLiypRoRfho4Vf1snsHCDPYgY8idpLMiwbFL1Nncto1LOHu/w+nMU+jbTGPU3vR3pfRWc=',1,1,'2024-09-04 09:22:45','2024-09-04 09:22:45'),(20,14,'FR  202417',20,'Consumidor Final','Consumidor Final','Urbanização Nova Vida - Cambambe 2 -63','2024-09-04 11:42:50','2024-09-04 00:00:00',27,NULL,NULL,NULL,27,26,'Natercia Pelenda Kiassungua',NULL,65000.00,0.00,0.00,0.00,65000.00,'aEln9hqgJUGKDFgKPYlgXFKPcEz7KjRjAdXCPY+GL8jz94hF/37eMCiBPFSFBQnNA3w4F8WJLRYFI6Zx4Lp+egZN33x48uBRIpqp4QVwoCB0P6BL5Ei82PXKEuUCDC5asAzq3JB5VPlCRV5FqLkkICz+nR5qLh3xDHOoldd3778=',1,1,'2024-09-04 09:42:50','2024-09-04 09:42:50'),(21,14,'FR  202418',20,'Consumidor Final','Consumidor Final','Urbanização Nova Vida - Cambambe 2 -63','2024-09-04 12:18:59','2024-09-04 00:00:00',27,NULL,NULL,NULL,27,26,'Natercia Pelenda Kiassungua',NULL,115000.00,0.00,0.00,0.00,115000.00,'J+DPxMBxKOuQLXadgfDCkFzvWov41kVO9YpqZU9wgRCn/Oc3lSvxLV/nQ8kOTvVAz3VkAvBVcAeI9diIYxBHFpNgB0ArTmbP4Z1V4ooSq0dYXJbvDTQ2eZCy4fhD8Zu8uMxhGoMwT2Tc8tq3nYF/7hV+gkDkQ8SVOG4JF38A8u0=',1,1,'2024-09-04 10:18:59','2024-09-04 10:18:59'),(22,14,'FR  202419',20,'Consumidor Final','Consumidor Final','Urbanização Nova Vida - Cambambe 2 -63','2024-09-04 12:23:35','2024-09-04 00:00:00',27,NULL,NULL,NULL,27,26,'Natercia Pelenda Kiassungua',NULL,18000.00,0.00,0.00,0.00,18000.00,'apI88lQXuSJJzKp/u/qZcvu41XumflUGeWMqm6YGZDWUtrDlJq0chDURGmkA6ilTyPX/E9bLXNGT5dfaxdI4oNGro2JCc4t99QZgvh8ipfeblcuuQ2/2/H+WiMUIUxs7pA3goAuJyiAIj7r0+qAv3WMe0lJrCNYaSvSsO/nhg1I=',1,1,'2024-09-04 10:23:35','2024-09-04 10:23:35'),(23,14,'FR  202420',20,'Consumidor Final','Consumidor Final','Urbanização Nova Vida - Cambambe 2 -63','2024-09-04 12:26:48','2024-09-04 00:00:00',27,NULL,NULL,NULL,27,26,'Natercia Pelenda Kiassungua',NULL,5000.00,0.00,0.00,0.00,5000.00,'shBhbISmgz95aJEtIOvLqL8XEPtNnesrypwtg/m+tlGAYeBPj2VGUiWHfp7Zwj3klOMFR2zsNFRA4xKbob9v4tJv4ONQ+KgLgqNIgTO9fBTwwegWHCr5M7VS0ywHkYNgBEeG0bqda07cEtM3iy93e+qZqE+dikJcDADspiuDAT4=',1,1,'2024-09-04 10:26:48','2024-09-04 10:26:48'),(24,14,'FR  202421',20,'Consumidor Final','Consumidor Final','Urbanização Nova Vida - Cambambe 2 -63','2024-09-04 15:13:12','2024-09-04 00:00:00',27,NULL,NULL,NULL,27,26,'Natercia Pelenda Kiassungua',NULL,6000.00,0.00,0.00,0.00,6000.00,'G5WoRiPBv13IcAYEZZY2gwWZt+AH7T7ZmwtvrBDFmO7Pl6duBd8zXmcw0ViQz1ik97fCNGcCE9bPpAE3lKS2/TTYn6t5q8BpXzEPnzVPSkBuhpDrS6ZMkve5eBeCzWJcXc0Qpp4DuQLWq6NYPHRrSV8GCAjV5G3+G91B1hOJ1MU=',1,1,'2024-09-04 13:13:12','2024-09-04 13:13:12'),(25,14,'FR  202422',20,'Consumidor Final','Consumidor Final','Urbanização Nova Vida - Cambambe 2 -63','2024-09-04 15:44:55','2024-09-04 00:00:00',27,NULL,NULL,NULL,27,26,'Natercia Pelenda Kiassungua',NULL,35000.00,0.00,0.00,0.00,35000.00,'Mfi8LYw73SdN1PiI+RVhPkotkQdD+4vFG0xEzlVS+2LwiJ4ogB0x+ZX1msTvFXzWfzCZ1zRvczva5YV0iZBji/vKvooTGxR4SNTq2ygDlhr+gByNoxqZ8wxQj9ZlrZ83SWGV4AWLglJzcIHgmfO4F18TXH3HvTaDLordn9hDn1g=',1,1,'2024-09-04 13:44:55','2024-09-04 13:44:55'),(26,14,'FR  202423',20,'Consumidor Final','Consumidor Final','Urbanização Nova Vida - Cambambe 2 -63','2024-09-05 10:31:20','2024-09-05 00:00:00',27,NULL,NULL,NULL,27,25,'SANTA NEVES',NULL,20000.00,0.00,0.00,0.00,20000.00,'lG8hIYU+n7JEAjoCOS8rRmm7SwlDqXxHq90CsKl8Jjc26zrehfzZ+t8o/N5mLqwHyN5ETSy5fti4o+ayNgeEbZR7bxvMNMKAMpBqmxc1yW56EgsH+eITj97R+979VaU+2DI6pqpl0nK6O6xc4+G1U8lHCH+S6bd7bnrTRlC3NrU=',1,1,'2024-09-05 08:31:21','2024-09-05 08:31:21'),(27,14,'FR  202423',20,'Consumidor Final','Consumidor Final','Urbanização Nova Vida - Cambambe 2 -63','2024-09-05 10:31:21','2024-09-05 00:00:00',27,NULL,NULL,NULL,27,25,'SANTA NEVES',NULL,20000.00,0.00,0.00,0.00,20000.00,'k2ccceH2rx63qLt2Q4sK8joF/FNmO456GdLo9og2kEd5neaMRUECQH7lG9vE5JWdbAEdgpjqeQF1k6PyeaMcEz3n2cjQsWvBshf75JE8hjRKrSUucFv5Mx0p6/swJH8M3V+PxKAxocOV6cpf9l8w0Wkai1fVD4KOeRovbT9UOp0=',1,1,'2024-09-05 08:31:21','2024-09-05 08:31:21'),(28,14,'FR  202425',20,'Consumidor Final','Consumidor Final','Urbanização Nova Vida - Cambambe 2 -63','2024-09-05 10:47:45','2024-09-05 00:00:00',27,NULL,NULL,NULL,27,25,'SANTA NEVES',NULL,28000.00,0.00,0.00,0.00,28000.00,'LE2ldbT1oc+HuBx4rk9U8686AuQKLG+D3Yt2483W4rS28e1TW6btojGF38rc/pXNQx+Klcu8ap960B78M5XOMS5vVVEWkgrQAFUVF4GmentvJNNLXY26OXNxptRKdRZgfL0jjez7ttO5VnvOsENidpestlzf3eQRFa8ChxwsNnw=',1,1,'2024-09-05 08:47:45','2024-09-05 08:47:45'),(29,14,'FR  202426',20,'Consumidor Final','Consumidor Final','Urbanização Nova Vida - Cambambe 2 -63','2024-09-05 11:37:57','2024-09-05 00:00:00',27,NULL,NULL,NULL,27,26,'Natercia Pelenda Kiassungua',NULL,4000.00,0.00,0.00,0.00,4000.00,'LOQwRDsu5tQQt9jdBgP0MUIbmz8TxKcuDOgr9XlIB/1jn3x4W+XxL9r6KSr44KXoLFofMTJQD8YNjxHTWKraLSqYv7ZQlYJ87KOo3FXF4x/O1qK7lWAz62ds3VyrER8j7TF488mLVOJLPWBfnjpQgFtTLVgAY8kzGIIraVRRmjY=',1,1,'2024-09-05 09:37:58','2024-09-05 09:37:58'),(30,14,'FR  202427',20,'Consumidor Final','Consumidor Final','Urbanização Nova Vida - Cambambe 2 -63','2024-09-05 14:56:15','2024-09-05 00:00:00',27,NULL,NULL,NULL,27,26,'Natercia Pelenda Kiassungua',NULL,15000.00,0.00,0.00,0.00,15000.00,'AFd5ABTfOu+LZvYbvXEVx4Oma/yMFqn5kgRBIpZvMm1CsmpmOdRGP4h9HyAEU0VHVA/zmB7a+/ENzQQBO9jzTOzY+nowXn+wDNm2rTUnM3s9MYpterivURO0RXOHSyUJjMXfs2M/RZqvC6+UqXA1xJ4c3v8Nv1pmna7EyybpGp4=',1,1,'2024-09-05 12:56:15','2024-09-05 12:56:15'),(31,14,'FR  202428',20,'Consumidor Final','Consumidor Final','Urbanização Nova Vida - Cambambe 2 -63','2024-09-05 15:40:41','2024-09-05 00:00:00',27,NULL,NULL,NULL,27,26,'Natercia Pelenda Kiassungua',NULL,2500.00,0.00,0.00,0.00,2500.00,'lxT8bFK7ugKSAfCy/PABJCnG8Usv7Bw25d9GoEwUsG09Ix0MvY5lpBki9Ij25dFmt5tgz8/W5J8b2n6dDwqp4/CvZUz03NtiL+G6VSjOqIuryiicepajVRmuUcnVQ+cYS/z/26ZflW6JeOJfFCDzu8guQGtYk84Qw9Xp+b/YQhk=',1,1,'2024-09-05 13:40:42','2024-09-05 13:40:42'),(32,14,'FR  202429',20,'Consumidor Final','Consumidor Final','Urbanização Nova Vida - Cambambe 2 -63','2024-09-06 08:30:22','2024-09-06 00:00:00',27,NULL,NULL,NULL,27,25,'SANTA NEVES',NULL,15000.00,0.00,0.00,0.00,15000.00,'BDLNKHwSYnZqbhkikQU0N4PAAvYrwVOgX4WgCX9/lSALzxV/7RsVF/D92tzBKFbQ4ieSrenPDP4nGbuOr8OYJn8KOSShD6OYjrfsGTUfSYUu98bmi6cvXx4e8XqosUBzTpuKMMtA0OOe1M4t7O1OzSC3jRD+5Ao/vrFtFspploQ=',1,1,'2024-09-06 06:30:23','2024-09-06 06:30:23'),(33,14,'FR  202430',20,'Consumidor Final','Consumidor Final','Urbanização Nova Vida - Cambambe 2 -63','2024-09-06 10:28:45','2024-09-06 00:00:00',27,NULL,NULL,NULL,27,25,'SANTA NEVES',NULL,35000.00,0.00,0.00,0.00,35000.00,'RK7ej9JrmYoZc6pIJIPaAuk7CT8JKcgOfUD4RgLd10MNGBIuC/wJleS6H+pNBCfTO2afESNGCmn9xufZMfh37IxCNz5hje8Lf8Wnjtoq1X02Gw2VJpk9ovahqlH+KEbILY6IDYsXUWda35Bmsbc+4Sag/zzSAXrk7JJZnYYug/A=',1,1,'2024-09-06 08:28:45','2024-09-06 08:28:45'),(34,14,'FR  202431',20,'Consumidor Final','Consumidor Final','Urbanização Nova Vida - Cambambe 2 -63','2024-09-06 10:29:36','2024-09-06 00:00:00',27,NULL,NULL,NULL,27,25,'SANTA NEVES',NULL,26000.00,0.00,0.00,0.00,26000.00,'DfTMf0tpfua0qrD+aPTwRJAVnqE/dCmbmoGocPWUWyrmKYfVPn1hkeBzEFBiuur3th4R1P0pzZofPug0o4rUhtP7HbY4Pnh1Go5Ltk0/9IYhzHYHt48TiOmhPn+ztYFXhn3fgsNWzA1PmyiFSpiOgfWTm25uyKTYXqefIQa70Vk=',1,1,'2024-09-06 08:29:36','2024-09-06 08:29:36'),(35,14,'FR  202432',20,'Consumidor Final','Consumidor Final','Urbanização Nova Vida - Cambambe 2 -63','2024-09-06 10:33:11','2024-09-06 00:00:00',27,NULL,NULL,NULL,27,25,'SANTA NEVES',NULL,105000.00,0.00,0.00,0.00,105000.00,'Qj+gbt3cOpaOH3ct58FwcAnLparD3vMtA8liw7Fvs2A73tIauisNNxboPZP9LIUNq1TuWibQSsSyez+GxCMoYZK3Fmv6xJFaYt713SC7jomdac8tc0g1xWgqkfmvzvFkdwkp5ow9hjYQmFQjv2KDonUhezPVYVy9zVtW0Kbzlxg=',1,1,'2024-09-06 08:33:11','2024-09-06 08:33:11'),(36,14,'FR  202433',20,'Consumidor Final','Consumidor Final','Urbanização Nova Vida - Cambambe 2 -63','2024-09-06 10:34:15','2024-09-06 00:00:00',27,NULL,NULL,NULL,27,25,'SANTA NEVES',NULL,26000.00,0.00,0.00,0.00,26000.00,'qW3fMOnHNA1jsfcGSGP9c3RMtoiRL2miZabbNcrAAs6PvmkGGEmz8KencirXWd2qX5nBhHI8xtRUoI2g1Gomwswt1e83pWsc6/ODYgeTVeqftsNPZU7iTZ/76TN6xizMtquX8H2up16Cu3WVY7XZodBS3k/YrZWd/AG5p1N2Tfg=',1,1,'2024-09-06 08:34:16','2024-09-06 08:34:16'),(37,14,'FR  202434',20,'Consumidor Final','Consumidor Final','Urbanização Nova Vida - Cambambe 2 -63','2024-09-09 08:39:48','2024-09-09 00:00:00',27,NULL,NULL,NULL,27,25,'SANTA NEVES',NULL,15000.00,0.00,0.00,0.00,15000.00,'pl0ieGF7DQBqTMBuYAEJ4PV/ENchukkmHYpmn9Kcsk+x7eusX4mhQATm/tI/2HIpImO+tVpJtyieQN+PLBzcelpGrkfNq4aJA3VK0RYnhmT22BebteiTCZakbcJ/H3fCGvA49AyT0hhOy6jVhenYl8TtnCM03AzUytiEiX6rN2g=',1,1,'2024-09-09 06:39:48','2024-09-09 06:39:48'),(38,14,'FR  202435',20,'Consumidor Final','Consumidor Final','Urbanização Nova Vida - Cambambe 2 -63','2024-09-09 12:20:38','2024-09-09 00:00:00',27,NULL,NULL,NULL,27,26,'Natercia Pelenda Kiassungua',NULL,2500.00,0.00,0.00,0.00,2500.00,'lkeZa+xTn6He2a/5qR1wlIdtcUeU4+Xnca8DDVU3MgRdmG+3w58aoWwWel5dTPzqoOhls2uOej0+BwRuRtfp3MvA2Yn+5J30huner9nSm9e1XrQWtMKrBCdKbQf+0DK6LqGz68Q/urfi9zFN0LrIFwmJP62AEhPweeAcUxUjN/8=',1,1,'2024-09-09 10:20:38','2024-09-09 10:20:38'),(39,14,'FR  202436',20,'Consumidor Final','Consumidor Final','Urbanização Nova Vida - Cambambe 2 -63','2024-09-09 14:25:18','2024-09-09 00:00:00',27,NULL,NULL,NULL,27,26,'Natercia Pelenda Kiassungua',NULL,5000.00,0.00,0.00,0.00,5000.00,'YtNvg0DZ7F7prtKHdafMDLo6jyBmyfACHK7e8H+VRCvdqYlvx94fZ4jhw6l8FA26qqpIVE8DiWoS49Zl5OlQCZWb5QjuOo6IyqlvuMtFKD5qXE5IEiVfF31xrMNhE2qtpffWFTpc/1BwAL8KGOZYe8UdXqXo/t2np1p05ocQbdI=',1,1,'2024-09-09 12:25:18','2024-09-09 12:25:18'),(40,14,'FR  202437',20,'Consumidor Final','Consumidor Final','Urbanização Nova Vida - Cambambe 2 -63','2024-09-10 13:22:48','2024-09-10 00:00:00',27,NULL,NULL,NULL,27,26,'Natercia Pelenda Kiassungua',NULL,65000.00,0.00,0.00,0.00,65000.00,'ZTXYJFoPA/Unr/LMqN6HKVpe01eWN6zQRmDWROx4/YQ2jQhQX2k+h4ThH0zEP/g9dctxwHLxABZUR0cLPdK0ZkNgdaOCx6MGIjNxo0Ll5fxBC+/+FPOFje9d5D5JonA4x7AGA2cqr9kIjx64kZW//5KNbnDJ2nVdAbALh6JJY+E=',1,1,'2024-09-10 11:22:49','2024-09-10 11:22:49'),(41,14,'FR  202438',20,'Consumidor Final','Consumidor Final','Urbanização Nova Vida - Cambambe 2 -63','2024-09-10 13:25:09','2024-09-10 00:00:00',27,NULL,NULL,NULL,27,26,'Natercia Pelenda Kiassungua',NULL,30000.00,0.00,0.00,0.00,30000.00,'jPJGuMr2fJiYWQAon2kEY31SA9Kv3ft7No/HAKsi+o0ZYOi21JdFyQK5HbJjfmHBtLOHMqUpVwUy8ifZOk7bfz1bjgiVEDgpKdz/j1b8ck6TjR4LbgTOCYuAp04Y8j9ajBwGi5ncDnm3GDbHCWIhWp63mBS7n+hXSvOFgt00U9w=',1,1,'2024-09-10 11:25:09','2024-09-10 11:25:09'),(42,14,'FR  202439',20,'Consumidor Final','Consumidor Final','Urbanização Nova Vida - Cambambe 2 -63','2024-09-10 13:38:22','2024-09-10 00:00:00',27,NULL,NULL,NULL,27,26,'Natercia Pelenda Kiassungua',NULL,25000.00,0.00,0.00,0.00,25000.00,'lp06vM3GW9XQ3gM8ULbDbtrxe3Lh4IN/odmN4c9Cnka0rNn32PV+jIrfr1zaEtLMAIDN/0o8mig5zRQe3iJSDzT4p45rA58UmtzL1AIW6WDp+r3JoQriqeJS6rusPn+uiz8oc34VhhAUaCAaaL7omtvimz2HUJGnzk7CgfNZV9o=',1,1,'2024-09-10 11:38:22','2024-09-10 11:38:22'),(43,14,'FR  202440',20,'Consumidor Final','Consumidor Final','Urbanização Nova Vida - Cambambe 2 -63','2024-09-10 13:48:54','2024-09-10 00:00:00',27,NULL,NULL,NULL,27,26,'Natercia Pelenda Kiassungua',NULL,35000.00,0.00,0.00,0.00,35000.00,'Xf7NXFGHav8gB/0mwpoGWpwduW/wgxkXTCwMH/I0S8HbojjyjcGwI7ELDWZGfwHcRPNkMUUx0+VRZJwlMYQSTnn/bNiQJrjchdV0h0Dme1WteUbm99HP/KZr74IfcDX+iLMb3zfXiXuHhjdo6/cbVwIBbmrvs4+b96Yyru7UijE=',1,1,'2024-09-10 11:48:54','2024-09-10 11:48:54'),(44,14,'FR  202441',20,'Consumidor Final','Consumidor Final','Urbanização Nova Vida - Cambambe 2 -63','2024-09-10 15:38:55','2024-09-10 00:00:00',27,NULL,NULL,NULL,27,26,'Natercia Pelenda Kiassungua',NULL,50000.00,0.00,0.00,0.00,50000.00,'K+4i8FpLDXZqwlniZuCZSvydmsdbAQrEK/NTW5/EI82xX+wuE57nx1CDYMV30QT3DjAMDCF846pE8JUSDlM5tWpkAHYc4JNAOAcUmhuPKOkOEUAlUOZKcZTUAol4nHFcWtc2MQ1EPDTTmTbUZE4P/5uftPoAjlYoECASc8ckQVw=',1,1,'2024-09-10 13:38:55','2024-09-10 13:38:55'),(45,14,'FR  202442',20,'Consumidor Final','Consumidor Final','Urbanização Nova Vida - Cambambe 2 -63','2024-09-11 09:27:44','2024-09-11 00:00:00',27,NULL,NULL,NULL,27,25,'SANTA NEVES',NULL,2000.00,0.00,0.00,0.00,2000.00,'TovkvXnOcEjoRDESGFiYhcY5/pN0QZGz3Wz7BhD/LCq71JJ6D9BqFMnoKO/TPPFTFJ2IBbuizSRop2LY8z0waGa2h+cNkWA90aQ36lUitEvx3MfTaEvXrOi5RIbgrE05PQo9vFBfQXfI4SCB6LP2cTH9xsxzoH6WS5OWauxnL/w=',1,1,'2024-09-11 07:27:44','2024-09-11 07:27:44'),(46,14,'FR  202443',20,'Consumidor Final','Consumidor Final','Urbanização Nova Vida - Cambambe 2 -63','2024-09-11 10:57:59','2024-09-11 00:00:00',27,NULL,NULL,NULL,27,26,'Natercia Pelenda Kiassungua',NULL,25000.00,0.00,0.00,0.00,25000.00,'ayOVdXeLYBgXzGlJPptq9I8GjuoVstjlHguRiFGIGwKx94CHqY5UQ4k09uFU4AzfsNjHn+tNy9sqzfYHn+jCycVKBZeLJb3kGRFnK8ecsNnskBMwrWfyCEQVaD5cMy615GGPExzykSJ0iRgCLXIcxeVyQOHumEqeCRuZxf88/SM=',1,1,'2024-09-11 08:57:59','2024-09-11 08:57:59'),(47,14,'FR  202444',20,'Consumidor Final','Consumidor Final','Urbanização Nova Vida - Cambambe 2 -63','2024-09-11 11:59:49','2024-09-11 00:00:00',27,NULL,NULL,NULL,27,26,'Natercia Pelenda Kiassungua',NULL,5000.00,0.00,0.00,0.00,5000.00,'LwZvY5TrKxNEPiqIjcd6VwdPgM2AidBiCbbnlDCFKDSgrh2v4h7scZEwip2aRty/Tyq2cVORKEPN5XEsTEIqQkJlTdXgd112Le//ltMtO1AQuOVkuljfD4ljAHLcgiqr5I1NdoQXKWvOyG0vcezm8Qw4eiEndjED1XOa05D7EQQ=',1,1,'2024-09-11 09:59:49','2024-09-11 09:59:49'),(48,14,'FR  202445',20,'Consumidor Final','Consumidor Final','Urbanização Nova Vida - Cambambe 2 -63','2024-09-11 12:31:21','2024-09-11 00:00:00',27,NULL,NULL,NULL,27,26,'Natercia Pelenda Kiassungua',NULL,52500.00,0.00,0.00,0.00,52500.00,'Gy0F3GPof2gfIaSfM7IdhYQdXuThTvMCS8N0lmY9ubdVXttRDAjva4z+n920GWY44791Ur4o6NAkqIk9WRA0+Qhn4qQvVkS7gkHN4O+/YjhVxoImapkgkpQO76AZPGyB4ROHyryhvLM6KPPHKcIYcS6U6NxTQu8xHWiC+HzTIds=',1,1,'2024-09-11 10:31:21','2024-09-11 10:31:21'),(49,14,'FR  202446',20,'Consumidor Final','Consumidor Final','Urbanização Nova Vida - Cambambe 2 -63','2024-09-11 13:25:43','2024-09-11 00:00:00',27,NULL,NULL,NULL,27,26,'Natercia Pelenda Kiassungua',NULL,42500.00,0.00,0.00,0.00,42500.00,'cZ/nY3SIpYSRyfsyQBYcWmHLMSxhRsYfLzQvgCi7xWN4T4shThEv4uwEsLnx1cmDhXac9tGMur4os5SLms29XA8PQWGFnYat3jyYAplZXZtpYGNBNS8+sXAuIQR6PgNV8bSq3KG84mwg9IjR5OaHCgGJxg3l4kz+rwg0MBV9y0E=',1,1,'2024-09-11 11:25:43','2024-09-11 11:25:43'),(50,14,'FR  202447',20,'Consumidor Final','Consumidor Final','Urbanização Nova Vida - Cambambe 2 -63','2024-09-11 13:33:32','2024-09-11 00:00:00',27,NULL,NULL,NULL,27,26,'Natercia Pelenda Kiassungua',NULL,1500.00,0.00,0.00,0.00,1500.00,'JNwzGU6Rshc3TmFq+PEzRgSrNKvVhRc6z2dfcbXx3EO1Ol3PDZBK65FKGVWej9WoIk6kDzGdoiNq9BHE2z+losNYvCKFxu+D7jxfky1VZ6RVdPfFC1ZXqPsjN4Z358fUsRjky/NtZAL7VvzQGnvAsha5671fpgoGPNDTdQcUOc4=',1,1,'2024-09-11 11:33:32','2024-09-11 11:33:32'),(51,14,'FR  202448',20,'Consumidor Final','Consumidor Final','Urbanização Nova Vida - Cambambe 2 -63','2024-09-11 15:01:35','2024-09-11 00:00:00',27,NULL,NULL,NULL,27,26,'Natercia Pelenda Kiassungua',NULL,30000.00,0.00,0.00,0.00,30000.00,'FrjQD5CM5Xv1TnbukL4DiTEdaPiIgMDDCCepaT0H0hz3WiO7vonsy6GPEgFCfx0ssiCHG7EA98DkkkRIjkRaU0XfFoUl4I+Fcw8xkk61PBiYNR9pAuV9W7Rvi3pF3iTMvgpAWGkDW6rog271vqCtZgLrCItxGJlbvbFHE/G4iv4=',1,1,'2024-09-11 13:01:35','2024-09-11 13:01:35'),(52,14,'FR  202449',20,'Consumidor Final','Consumidor Final','Urbanização Nova Vida - Cambambe 2 -63','2024-09-11 15:15:37','2024-09-11 00:00:00',27,NULL,NULL,NULL,27,26,'Natercia Pelenda Kiassungua',NULL,1500.00,0.00,0.00,0.00,1500.00,'qxV9dBnSwMdFUEQuNyMKwweYVia/zqZAOfLG/+XOAg8f3VKVejkdn6+B8tMVJkdizU4HE262lirZWLb7qTshLdAhk2CgkQGaPkrUVk0eiR6Vuqq+MS84Wku3MRM2VU37CQS58oE+wgTNxORgI6xKqJmGazxRpRQ2k9yv4WuRy2s=',1,1,'2024-09-11 13:15:37','2024-09-11 13:15:37'),(53,14,'FR  202450',20,'Consumidor Final','Consumidor Final','Urbanização Nova Vida - Cambambe 2 -63','2024-09-12 11:32:06','2024-09-12 00:00:00',27,NULL,NULL,NULL,27,26,'Natercia Pelenda Kiassungua',NULL,2500.00,0.00,0.00,0.00,2500.00,'PjpQAxtxoB98daFkJHpX2+0vRjw2pq6mUnsztPpO4mb7NeuPR/N2HeC6XlowQV6NGqNsYsOkjbiSxrW/wEq9qQXaS5TP7QYmM/RTIvPoeoQkeoh4BBFOxY9TX9sDWavQKSlFXu4Ii7LUWG8GEiDy7CLT26EofnWGAnK8xGcarCk=',1,1,'2024-09-12 09:32:06','2024-09-12 09:32:06'),(54,14,'FR  202451',20,'Consumidor Final','Consumidor Final','Urbanização Nova Vida - Cambambe 2 -63','2024-09-12 12:05:26','2024-09-12 00:00:00',27,NULL,NULL,NULL,27,26,'Natercia Pelenda Kiassungua',NULL,3000.00,0.00,0.00,0.00,3000.00,'WC9vIUwIPkqc7a0Zoogaxtj8Z7r1TBZvLYVyPEJNY7L9oYnIBEu8wGdHsAl68823K68C+paznmsaKfoVm6DR2xnqnVauzzI5//UNvQY6Ylis188/vrklLtKXrFTdGbBB536ABNe9CDQDBU9vjPM3S9JZvbs34mIAr7tIDCXXXmQ=',1,1,'2024-09-12 10:05:26','2024-09-12 10:05:26'),(55,14,'FR  202452',20,'Consumidor Final','Consumidor Final','Urbanização Nova Vida - Cambambe 2 -63','2024-09-12 13:21:45','2024-09-12 00:00:00',27,NULL,NULL,NULL,27,26,'Natercia Pelenda Kiassungua',NULL,50000.00,0.00,0.00,0.00,50000.00,'cXnJrpPE2IElThy02izRy+py/HvVqJw30LICEB4fG1hXMwlk35y2Ffd05cPMzdBVmfA31zRaFSmYwIbihiVnCOTgn7w/faZNs2tt7jFE2MM+bWGOz3B+udyH1eVwxvSM3NUhwXERrIwL7dipTbiMywZPc/e4yYkqj4SBguEgJjY=',1,1,'2024-09-12 11:21:46','2024-09-12 11:21:46'),(56,14,'FR  202453',20,'Consumidor Final','Consumidor Final','Urbanização Nova Vida - Cambambe 2 -63','2024-09-16 10:15:52','2024-09-16 00:00:00',27,NULL,NULL,NULL,27,26,'Natercia Pelenda Kiassungua',NULL,9500.00,0.00,0.00,0.00,9500.00,'n7IuwdBHHqVhPZnJK7d8rHWk9kR+nAnMwJnUD9ucd1knkp0EiFpvcbRHd96nmX2YGD6QtV8op++Sr146PquvIzpz79ccABoh83jCYmr8b1ANydtp78iON0lqo8qDYDcdRnHNiwJ5iAHwfLhkR1gx+CsuZ0MjNYJr15jUMgaCkmQ=',1,1,'2024-09-16 08:15:53','2024-09-16 08:15:53'),(57,14,'FR  202454',20,'Consumidor Final','Consumidor Final','Urbanização Nova Vida - Cambambe 2 -63','2024-09-16 13:35:36','2024-09-16 00:00:00',27,NULL,NULL,NULL,27,26,'Natercia Pelenda Kiassungua',NULL,40000.00,0.00,0.00,0.00,40000.00,'izkyGdwHCLIIKJ3KoxhP6KQs+nxLHCqYlYItNyuO/OAI+5qmS71iUTcn5Z/HrMMNvqdyA20vpXznhpHe9oYnryf4Ji3LHYe29HMCQi+65ptJcpYNbpPjU/2b5ImqwovJN6O9ldSXkgezJhnwnx86MlPZCCdYtGkesoAXSsv9YFg=',1,1,'2024-09-16 11:35:37','2024-09-16 11:35:37');
/*!40000 ALTER TABLE `factura_recibos` ENABLE KEYS */;
UNLOCK TABLES;

--
-- Table structure for table `facturas`
--

DROP TABLE IF EXISTS `facturas`;
/*!40101 SET @saved_cs_client     = @@character_set_client */;
/*!40101 SET character_set_client = utf8 */;
CREATE TABLE `facturas` (
  `id` bigint(20) unsigned NOT NULL AUTO_INCREMENT,
  `empresa_id` bigint(20) unsigned DEFAULT NULL,
  `numero` varchar(191) DEFAULT NULL,
  `cliente_id` bigint(20) unsigned DEFAULT NULL,
  `cliente_nome` varchar(191) DEFAULT NULL,
  `contribuinte` varchar(191) DEFAULT NULL,
  `endereco` varchar(191) DEFAULT NULL,
  `data` datetime DEFAULT NULL,
  `data_vencimento` datetime DEFAULT NULL,
  `formapagamento_id` bigint(20) unsigned DEFAULT NULL,
  `banco_id` int(11) DEFAULT NULL,
  `total_banco` decimal(30,2) DEFAULT NULL,
  `total_caixa` decimal(30,2) DEFAULT NULL,
  `moeda_id` bigint(20) unsigned DEFAULT NULL,
  `utilizador_id` bigint(20) unsigned DEFAULT NULL,
  `utilizador_nome` varchar(191) DEFAULT NULL,
  `observacao` text DEFAULT NULL,
  `subtotal` decimal(30,2) DEFAULT NULL,
  `desconto` decimal(30,2) DEFAULT NULL,
  `imposto` decimal(30,2) DEFAULT NULL,
  `retencao` decimal(30,2) DEFAULT NULL,
  `total` decimal(30,2) DEFAULT NULL,
  `total_pendente` decimal(30,2) DEFAULT NULL,
  `hash` text DEFAULT NULL,
  `status` tinyint(1) DEFAULT NULL,
  `documento_id` int(11) DEFAULT NULL,
  `documento_numero` varchar(191) DEFAULT NULL,
  `is_recibo` tinyint(1) DEFAULT NULL,
  `is_nota` tinyint(1) DEFAULT NULL,
  `created_at` timestamp NULL DEFAULT NULL,
  `updated_at` timestamp NULL DEFAULT NULL,
  PRIMARY KEY (`id`),
  KEY `facturas_cliente_id_foreign` (`cliente_id`),
  KEY `facturas_formapagamento_id_foreign` (`formapagamento_id`),
  KEY `facturas_moeda_id_foreign` (`moeda_id`),
  KEY `facturas_utilizador_id_foreign` (`utilizador_id`),
  CONSTRAINT `facturas_cliente_id_foreign` FOREIGN KEY (`cliente_id`) REFERENCES `clientes` (`id`) ON UPDATE CASCADE,
  CONSTRAINT `facturas_formapagamento_id_foreign` FOREIGN KEY (`formapagamento_id`) REFERENCES `formas_pagamentos` (`id`) ON UPDATE CASCADE,
  CONSTRAINT `facturas_moeda_id_foreign` FOREIGN KEY (`moeda_id`) REFERENCES `moedas` (`id`) ON UPDATE CASCADE,
  CONSTRAINT `facturas_utilizador_id_foreign` FOREIGN KEY (`utilizador_id`) REFERENCES `users` (`id`) ON UPDATE CASCADE
) ENGINE=InnoDB AUTO_INCREMENT=5 DEFAULT CHARSET=utf8mb4 COLLATE=utf8mb4_unicode_ci;
/*!40101 SET character_set_client = @saved_cs_client */;

--
-- Dumping data for table `facturas`
--

LOCK TABLES `facturas` WRITE;
/*!40000 ALTER TABLE `facturas` DISABLE KEYS */;
INSERT INTO `facturas` VALUES (1,2,'FT  2024/1',3,'Alberto Capingãla','006217158BE048','Estrada Nacional 250, Bairro Azul 1','2024-08-15 12:39:20','2024-08-15 00:00:00',3,NULL,NULL,NULL,3,2,'Administrador',NULL,25994.00,519.88,3639.16,0.00,29113.28,19113.28,'mu9gjTfKfnyTcmp2GmG4ktCN4rKh8xdidxhHF+0GleMdfM3jsHTQ4LerrOiMOZCztfE/ZLndhxq0RqHm3PZ2Hd+Ez8wolUwHosSuNkWbwmrUJD66J3zMS/uDLzPwUEdw7qKAKcLnY69uRa1qZmqCR3X90lcUHKiylrAVOIefJ4s=',1,1,'PP  2024/1',1,1,'2024-08-15 10:39:20','2024-08-15 10:42:19'),(2,5,'FT  2024/1',7,'Diogo','12345678','Maculusso','2024-08-23 14:38:44','2024-08-23 00:00:00',10,NULL,NULL,NULL,9,11,'Administrador',NULL,6500.00,0.00,0.00,0.00,6500.00,6500.00,'elqxhECbO+wl5F42E/HXs6aD6hcGj0IlRtqC4YZKBhIGLwmT55QKHtQNL1W6j3b7n1AYOmIpwudldX2w/Iw//H98MaakHnQ9N8ySiJqyT8LyEnTpQHR0YOA18sBVuhvHrUL51mMszE+WZOJgbh7FItPlBwBEwdUiwnuZH6AG5ko=',1,2,'PP  2024/1',1,1,'2024-08-23 12:38:44','2024-08-23 12:38:44'),(3,7,'FT  2024/1',10,'primeiro Cliente','12345678','Luanda','2024-08-26 11:45:10','2024-08-26 00:00:00',14,NULL,NULL,NULL,13,14,'Administrador','Esta fatura está  aser feita no memoneto da formação do sistema.',7000.00,0.00,0.00,0.00,7000.00,0.00,'i4zMOEHiM/ntglw6LlYwc6rYBnuuIpVutgbOowTcg56L5BDj1lSRZTKwOkmyKYA/TBGGPT0xKnAGzR1D2YJC7JwmltuQhnRqYu/GSZ0QKNA5u0ZNKw/0yLI0Z2O0iqTj5Kshx0vIMKiF84KHZATwUdGSqk1tLNErjTwT85g7/Tc=',1,3,'PP  2024/1',0,1,'2024-08-26 09:45:10','2024-08-26 09:46:58'),(4,1,'FT 2024 2024/1',15,'Empresa A','5000507091','Luanda','2024-08-29 11:37:27','2024-08-29 00:00:00',1,NULL,NULL,NULL,1,7,'Costa Lima',NULL,20000.00,0.00,0.00,0.00,20000.00,10000.00,'l7qO/AJXl49O8OIAMgXT2aW/OR00D+EEBTcuoIBHpKPyxB1dVN6HJejWS+JtP84T4QUiVJOt27zIAAlVIxGXVH5vCn91fekbvjG2HRRq0B+91zp9SNr7CYbFO0a3LaxxkpLfTII9RbiDJiFJu3zvlmBKxBWrbsaDBI+N2KKnNGU=',1,5,'PP 2024 2024/2',1,1,'2024-08-29 09:37:28','2024-08-29 09:37:42');
/*!40000 ALTER TABLE `facturas` ENABLE KEYS */;
UNLOCK TABLES;

--
-- Table structure for table `failed_jobs`
--

DROP TABLE IF EXISTS `failed_jobs`;
/*!40101 SET @saved_cs_client     = @@character_set_client */;
/*!40101 SET character_set_client = utf8 */;
CREATE TABLE `failed_jobs` (
  `id` bigint(20) unsigned NOT NULL AUTO_INCREMENT,
  `connection` text NOT NULL,
  `queue` text NOT NULL,
  `payload` longtext NOT NULL,
  `exception` longtext NOT NULL,
  `failed_at` timestamp NOT NULL DEFAULT current_timestamp(),
  PRIMARY KEY (`id`)
) ENGINE=InnoDB DEFAULT CHARSET=utf8mb4 COLLATE=utf8mb4_unicode_ci;
/*!40101 SET character_set_client = @saved_cs_client */;

--
-- Dumping data for table `failed_jobs`
--

LOCK TABLES `failed_jobs` WRITE;
/*!40000 ALTER TABLE `failed_jobs` DISABLE KEYS */;
/*!40000 ALTER TABLE `failed_jobs` ENABLE KEYS */;
UNLOCK TABLES;

--
-- Table structure for table `formas_pagamentos`
--

DROP TABLE IF EXISTS `formas_pagamentos`;
/*!40101 SET @saved_cs_client     = @@character_set_client */;
/*!40101 SET character_set_client = utf8 */;
CREATE TABLE `formas_pagamentos` (
  `id` bigint(20) unsigned NOT NULL AUTO_INCREMENT,
  `empresa_id` bigint(20) unsigned DEFAULT NULL,
  `codigo` varchar(191) DEFAULT NULL,
  `designacao` varchar(191) DEFAULT NULL,
  `descricao` varchar(191) DEFAULT NULL,
  `status` tinyint(1) DEFAULT NULL,
  `created_at` timestamp NULL DEFAULT NULL,
  `updated_at` timestamp NULL DEFAULT NULL,
  PRIMARY KEY (`id`)
) ENGINE=InnoDB AUTO_INCREMENT=63 DEFAULT CHARSET=utf8mb4 COLLATE=utf8mb4_unicode_ci;
/*!40101 SET character_set_client = @saved_cs_client */;

--
-- Dumping data for table `formas_pagamentos`
--

LOCK TABLES `formas_pagamentos` WRITE;
/*!40000 ALTER TABLE `formas_pagamentos` DISABLE KEYS */;
INSERT INTO `formas_pagamentos` VALUES (1,1,'0001','Dinheiro','Alice in a.',1,NULL,NULL),(2,1,'0002','Transferência','Alice panted.',1,NULL,NULL),(3,2,'0001','Dinheiro','Alice; \'I.',1,NULL,NULL),(4,2,'0002','Transferência','No, no! You\'re.',1,NULL,NULL),(5,3,'0001','Dinheiro','The players all.',1,NULL,NULL),(6,3,'0002','Transferência','Alice. \'And.',1,NULL,NULL),(7,4,'0001','Dinheiro','Queen said.',1,NULL,NULL),(8,4,'0002','Transferência','Alice kept her.',1,NULL,NULL),(9,5,'0001','Dinheiro','It\'s the.',1,NULL,NULL),(10,5,'0002','Transferência','She was walking.',1,NULL,NULL),(11,6,'0001','Dinheiro','The Queen had.',1,NULL,NULL),(12,6,'0002','Transferência','However, on the.',1,NULL,NULL),(13,7,'0001','Dinheiro','Alice. It looked.',1,NULL,NULL),(14,7,'0002','Transferência','Let me see: I\'ll.',1,NULL,NULL),(15,8,'0001','Dinheiro','But said.',1,NULL,NULL),(16,8,'0002','Transferência','I to do?\' said.',1,NULL,NULL),(17,9,'0001','Dinheiro','France-- Then.',1,NULL,NULL),(18,9,'0002','Transferência','Alice kept her.',1,NULL,NULL),(19,10,'0001','Dinheiro','THIS!\' (Sounds of.',1,NULL,NULL),(20,10,'0002','Transferência','The long grass.',1,NULL,NULL),(21,11,'0001','Dinheiro','I had not gone.',1,NULL,NULL),(22,11,'0002','Transferência','They all.',1,NULL,NULL),(23,12,'0001','Dinheiro','Caterpillar.',1,NULL,NULL),(24,12,'0002','Transferência','They were.',1,NULL,NULL),(25,13,'0001','Dinheiro','Alice didn\'t think.',1,NULL,NULL),(26,13,'0002','Transferência','Mock Turtle.',1,NULL,NULL),(27,14,'0001','Dinheiro','I hadn\'t.',1,NULL,NULL),(28,14,'0002','Transferência','Alice could.',1,NULL,NULL),(29,15,'0001','Dinheiro','Cheshire Cat,\'.',1,NULL,NULL),(30,15,'0002','Transferência','Don\'t let me help.',1,NULL,NULL),(31,16,'0001','Dinheiro','Mouse, do.',1,NULL,NULL),(32,16,'0002','Transferência','Mouse in the.',1,NULL,NULL),(33,17,'0001','Dinheiro','Yet you turned.',1,NULL,NULL),(34,17,'0002','Transferência','Dormouse.',1,NULL,NULL),(35,18,'0001','Dinheiro','Gryphon. \'It.',1,NULL,NULL),(36,18,'0002','Transferência','I know?\'.',1,NULL,NULL),(37,19,'0001','Dinheiro','Hatter went on.',1,NULL,NULL),(38,19,'0002','Transferência','Said his.',1,NULL,NULL),(39,20,'0001','Dinheiro','Alice to.',1,NULL,NULL),(40,20,'0002','Transferência','Mary Ann, and.',1,NULL,NULL),(41,21,'0001','Dinheiro','This of course.',1,NULL,NULL),(42,21,'0002','Transferência','I hate cats and.',1,NULL,NULL),(43,22,'0001','Dinheiro','Duchess, it had.',1,NULL,NULL),(44,22,'0002','Transferência','VERY tired of.',1,NULL,NULL),(45,24,'0001','Dinheiro','Lory, as soon.',1,NULL,NULL),(46,24,'0002','Transferência','Alice did.',1,NULL,NULL),(47,25,'0001','Dinheiro','Caterpillar.',1,NULL,NULL),(48,25,'0002','Transferência','I should.',1,NULL,NULL),(49,26,'0001','Dinheiro','White Rabbit was.',1,NULL,NULL),(50,26,'0002','Transferência','Wonderland of long.',1,NULL,NULL),(51,27,'0001','Dinheiro','I vote the.',1,NULL,NULL),(52,27,'0002','Transferência','King and.',1,NULL,NULL),(53,28,'0001','Dinheiro','Pigeon, raising.',1,NULL,NULL),(54,28,'0002','Transferência','Mabel! I\'ll try.',1,NULL,NULL),(55,29,'0001','Dinheiro','I the same thing,\'.',1,NULL,NULL),(56,29,'0002','Transferência','AND SHOES.\' the.',1,NULL,NULL),(57,30,'0001','Dinheiro','THIS size: why.',1,NULL,NULL),(58,30,'0002','Transferência','Dormouse, not.',1,NULL,NULL),(59,32,'0001','Dinheiro','Gryphon at.',1,NULL,NULL),(60,32,'0002','Transferência','March Hare. \'I.',1,NULL,NULL),(61,34,'0001','Dinheiro','And so she.',1,NULL,NULL),(62,34,'0002','Transferência','Tortoise--\' \'Why.',1,NULL,NULL);
/*!40000 ALTER TABLE `formas_pagamentos` ENABLE KEYS */;
UNLOCK TABLES;

--
-- Table structure for table `fornecedors`
--

DROP TABLE IF EXISTS `fornecedors`;
/*!40101 SET @saved_cs_client     = @@character_set_client */;
/*!40101 SET character_set_client = utf8 */;
CREATE TABLE `fornecedors` (
  `id` bigint(20) unsigned NOT NULL AUTO_INCREMENT,
  `empresa_id` bigint(20) unsigned DEFAULT NULL,
  `codigo` varchar(191) DEFAULT NULL,
  `designacao` varchar(191) DEFAULT NULL,
  `contribuinte` varchar(191) DEFAULT NULL,
  `zona` varchar(191) DEFAULT NULL,
  `identificacao` varchar(191) DEFAULT NULL,
  `observacao` varchar(191) DEFAULT NULL,
  `imagem` varchar(191) DEFAULT NULL,
  `status` tinyint(1) DEFAULT NULL,
  `is_used` tinyint(1) DEFAULT NULL,
  `id_endereco` bigint(20) unsigned DEFAULT NULL,
  `id_contacto` bigint(20) unsigned DEFAULT NULL,
  `created_at` timestamp NULL DEFAULT NULL,
  `updated_at` timestamp NULL DEFAULT NULL,
  PRIMARY KEY (`id`),
  KEY `fornecedors_id_endereco_foreign` (`id_endereco`),
  KEY `fornecedors_id_contacto_foreign` (`id_contacto`),
  CONSTRAINT `fornecedors_id_contacto_foreign` FOREIGN KEY (`id_contacto`) REFERENCES `contactos` (`id`) ON DELETE CASCADE,
  CONSTRAINT `fornecedors_id_endereco_foreign` FOREIGN KEY (`id_endereco`) REFERENCES `enderecos` (`id`) ON DELETE CASCADE
) ENGINE=InnoDB AUTO_INCREMENT=31 DEFAULT CHARSET=utf8mb4 COLLATE=utf8mb4_unicode_ci;
/*!40101 SET character_set_client = @saved_cs_client */;

--
-- Dumping data for table `fornecedors`
--

LOCK TABLES `fornecedors` WRITE;
/*!40000 ALTER TABLE `fornecedors` DISABLE KEYS */;
INSERT INTO `fornecedors` VALUES (1,1,'2024-0001','Diverso','999999999',NULL,NULL,NULL,'null.png',1,NULL,1,1,NULL,NULL),(2,2,'2024-0001','Diverso','999999999',NULL,NULL,NULL,'null.png',0,NULL,2,2,NULL,'2024-08-15 20:07:37'),(3,3,'2024-0001','Diverso','999999999',NULL,NULL,NULL,'null.png',1,NULL,4,4,NULL,NULL),(4,4,'2024-0001','Diverso','999999999',NULL,NULL,NULL,'null.png',1,NULL,5,5,NULL,NULL),(5,5,'2024-0001','Diverso','999999999',NULL,NULL,NULL,'null.png',1,NULL,6,6,NULL,NULL),(6,6,'2024-0001','Diverso','999999999',NULL,NULL,NULL,'null.png',1,NULL,8,8,NULL,NULL),(7,7,'2024-0001','Diverso','999999999',NULL,NULL,NULL,'null.png',1,NULL,9,9,NULL,NULL),(8,8,'2024-0001','Diverso','999999999',NULL,NULL,NULL,'null.png',1,NULL,11,11,NULL,NULL),(9,9,'2024-0001','Diverso','999999999',NULL,NULL,NULL,'null.png',1,NULL,12,12,NULL,NULL),(10,10,'2024-0001','Diverso','999999999',NULL,NULL,NULL,'null.png',1,NULL,13,13,NULL,NULL),(11,11,'2024-0001','Diverso','999999999',NULL,NULL,NULL,'null.png',1,NULL,17,17,NULL,NULL),(12,12,'2024-0001','Diverso','999999999',NULL,NULL,NULL,'null.png',1,NULL,18,18,NULL,NULL),(13,13,'2024-0001','Diverso','999999999',NULL,NULL,NULL,'null.png',1,NULL,19,19,NULL,NULL),(14,14,'2024-0001','Diverso','999999999',NULL,NULL,NULL,'null.png',1,NULL,20,20,NULL,NULL),(15,15,'2024-0001','Diverso','999999999',NULL,NULL,NULL,'null.png',1,NULL,22,22,NULL,NULL),(16,16,'2024-0001','Diverso','999999999',NULL,NULL,NULL,'null.png',1,NULL,23,23,NULL,NULL),(17,17,'2024-0001','Diverso','999999999',NULL,NULL,NULL,'null.png',1,NULL,24,24,NULL,NULL),(18,18,'2024-0001','Diverso','999999999',NULL,NULL,NULL,'null.png',1,NULL,25,25,NULL,NULL),(19,19,'2024-0001','Diverso','999999999',NULL,NULL,NULL,'null.png',1,NULL,27,27,NULL,NULL),(20,20,'2024-0001','Diverso','999999999',NULL,NULL,NULL,'null.png',1,NULL,28,28,NULL,NULL),(21,21,'2024-0001','Diverso','999999999',NULL,NULL,NULL,'null.png',1,NULL,29,29,NULL,NULL),(22,24,'2024-0001','Diverso','999999999',NULL,NULL,NULL,'null.png',1,NULL,32,32,NULL,NULL),(23,25,'2024-0001','Diverso','999999999',NULL,NULL,NULL,'null.png',1,NULL,33,33,NULL,NULL),(24,26,'2024-0001','Diverso','999999999',NULL,NULL,NULL,'null.png',1,NULL,37,37,NULL,NULL),(25,27,'2024-0001','Diverso','999999999',NULL,NULL,NULL,'null.png',1,NULL,38,38,NULL,NULL),(26,28,'2024-0001','Diverso','999999999',NULL,NULL,NULL,'null.png',1,NULL,39,39,NULL,NULL),(27,29,'2024-0001','Diverso','999999999',NULL,NULL,NULL,'null.png',1,NULL,40,40,NULL,NULL),(28,30,'2024-0001','Diverso','999999999',NULL,NULL,NULL,'null.png',1,NULL,41,41,NULL,NULL),(29,32,'2024-0001','Diverso','999999999',NULL,NULL,NULL,'null.png',1,NULL,43,43,NULL,NULL),(30,34,'2024-0001','Diverso','999999999',NULL,NULL,NULL,'null.png',1,NULL,45,45,NULL,NULL);
/*!40000 ALTER TABLE `fornecedors` ENABLE KEYS */;
UNLOCK TABLES;

--
-- Table structure for table `gestors`
--

DROP TABLE IF EXISTS `gestors`;
/*!40101 SET @saved_cs_client     = @@character_set_client */;
/*!40101 SET character_set_client = utf8 */;
CREATE TABLE `gestors` (
  `id` int(11) NOT NULL AUTO_INCREMENT,
  `link` varchar(255) NOT NULL,
  PRIMARY KEY (`id`)
) ENGINE=InnoDB AUTO_INCREMENT=2 DEFAULT CHARSET=utf8 COLLATE=utf8_general_ci;
/*!40101 SET character_set_client = @saved_cs_client */;

--
-- Dumping data for table `gestors`
--

LOCK TABLES `gestors` WRITE;
/*!40000 ALTER TABLE `gestors` DISABLE KEYS */;
INSERT INTO `gestors` VALUES (1,'https://gestor.atomo.co.ao/api/company');
/*!40000 ALTER TABLE `gestors` ENABLE KEYS */;
UNLOCK TABLES;

--
-- Table structure for table `guia_remessas`
--

DROP TABLE IF EXISTS `guia_remessas`;
/*!40101 SET @saved_cs_client     = @@character_set_client */;
/*!40101 SET character_set_client = utf8 */;
CREATE TABLE `guia_remessas` (
  `id` bigint(20) unsigned NOT NULL AUTO_INCREMENT,
  `empresa_id` bigint(20) unsigned DEFAULT NULL,
  `numero` varchar(191) DEFAULT NULL,
  `cliente_id` bigint(20) unsigned DEFAULT NULL,
  `cliente_nome` varchar(191) DEFAULT NULL,
  `contribuinte` varchar(191) DEFAULT NULL,
  `endereco` varchar(191) DEFAULT NULL,
  `data` datetime DEFAULT NULL,
  `data_vencimento` datetime DEFAULT NULL,
  `formapagamento_id` bigint(20) unsigned DEFAULT NULL,
  `moeda_id` bigint(20) unsigned DEFAULT NULL,
  `utilizador_id` bigint(20) unsigned DEFAULT NULL,
  `utilizador_nome` varchar(191) DEFAULT NULL,
  `observacao` text DEFAULT NULL,
  `subtotal` decimal(30,2) DEFAULT NULL,
  `desconto` decimal(30,2) DEFAULT NULL,
  `imposto` decimal(30,2) DEFAULT NULL,
  `retencao` decimal(30,2) DEFAULT NULL,
  `total` decimal(30,2) DEFAULT NULL,
  `hash` text DEFAULT NULL,
  `status` tinyint(1) DEFAULT NULL,
  `created_at` timestamp NULL DEFAULT NULL,
  `updated_at` timestamp NULL DEFAULT NULL,
  PRIMARY KEY (`id`),
  KEY `guia_remessas_cliente_id_foreign` (`cliente_id`),
  KEY `guia_remessas_formapagamento_id_foreign` (`formapagamento_id`),
  KEY `guia_remessas_moeda_id_foreign` (`moeda_id`),
  KEY `guia_remessas_utilizador_id_foreign` (`utilizador_id`),
  CONSTRAINT `guia_remessas_cliente_id_foreign` FOREIGN KEY (`cliente_id`) REFERENCES `clientes` (`id`) ON UPDATE CASCADE,
  CONSTRAINT `guia_remessas_formapagamento_id_foreign` FOREIGN KEY (`formapagamento_id`) REFERENCES `formas_pagamentos` (`id`) ON UPDATE CASCADE,
  CONSTRAINT `guia_remessas_moeda_id_foreign` FOREIGN KEY (`moeda_id`) REFERENCES `moedas` (`id`) ON UPDATE CASCADE,
  CONSTRAINT `guia_remessas_utilizador_id_foreign` FOREIGN KEY (`utilizador_id`) REFERENCES `users` (`id`) ON UPDATE CASCADE
) ENGINE=InnoDB DEFAULT CHARSET=utf8mb4 COLLATE=utf8mb4_unicode_ci;
/*!40101 SET character_set_client = @saved_cs_client */;

--
-- Dumping data for table `guia_remessas`
--

LOCK TABLES `guia_remessas` WRITE;
/*!40000 ALTER TABLE `guia_remessas` DISABLE KEYS */;
/*!40000 ALTER TABLE `guia_remessas` ENABLE KEYS */;
UNLOCK TABLES;

--
-- Table structure for table `guia_transportes`
--

DROP TABLE IF EXISTS `guia_transportes`;
/*!40101 SET @saved_cs_client     = @@character_set_client */;
/*!40101 SET character_set_client = utf8 */;
CREATE TABLE `guia_transportes` (
  `id` bigint(20) unsigned NOT NULL AUTO_INCREMENT,
  `empresa_id` bigint(20) unsigned DEFAULT NULL,
  `numero` varchar(191) DEFAULT NULL,
  `cliente_id` bigint(20) unsigned DEFAULT NULL,
  `cliente_nome` varchar(191) DEFAULT NULL,
  `contribuinte` varchar(191) DEFAULT NULL,
  `endereco` varchar(191) DEFAULT NULL,
  `data` datetime DEFAULT NULL,
  `data_vencimento` datetime DEFAULT NULL,
  `formapagamento_id` bigint(20) unsigned DEFAULT NULL,
  `moeda_id` bigint(20) unsigned DEFAULT NULL,
  `utilizador_id` bigint(20) unsigned DEFAULT NULL,
  `utilizador_nome` varchar(191) DEFAULT NULL,
  `observacao` text DEFAULT NULL,
  `subtotal` decimal(30,2) DEFAULT NULL,
  `desconto` decimal(30,2) DEFAULT NULL,
  `imposto` decimal(30,2) DEFAULT NULL,
  `retencao` decimal(30,2) DEFAULT NULL,
  `total` decimal(30,2) DEFAULT NULL,
  `local_carga` varchar(191) DEFAULT NULL,
  `local_descarga` varchar(191) DEFAULT NULL,
  `hash` text DEFAULT NULL,
  `status` tinyint(1) DEFAULT NULL,
  `created_at` timestamp NULL DEFAULT NULL,
  `updated_at` timestamp NULL DEFAULT NULL,
  PRIMARY KEY (`id`),
  KEY `guia_transportes_cliente_id_foreign` (`cliente_id`),
  KEY `guia_transportes_formapagamento_id_foreign` (`formapagamento_id`),
  KEY `guia_transportes_moeda_id_foreign` (`moeda_id`),
  KEY `guia_transportes_utilizador_id_foreign` (`utilizador_id`),
  CONSTRAINT `guia_transportes_cliente_id_foreign` FOREIGN KEY (`cliente_id`) REFERENCES `clientes` (`id`) ON UPDATE CASCADE,
  CONSTRAINT `guia_transportes_formapagamento_id_foreign` FOREIGN KEY (`formapagamento_id`) REFERENCES `formas_pagamentos` (`id`) ON UPDATE CASCADE,
  CONSTRAINT `guia_transportes_moeda_id_foreign` FOREIGN KEY (`moeda_id`) REFERENCES `moedas` (`id`) ON UPDATE CASCADE,
  CONSTRAINT `guia_transportes_utilizador_id_foreign` FOREIGN KEY (`utilizador_id`) REFERENCES `users` (`id`) ON UPDATE CASCADE
) ENGINE=InnoDB DEFAULT CHARSET=utf8mb4 COLLATE=utf8mb4_unicode_ci;
/*!40101 SET character_set_client = @saved_cs_client */;

--
-- Dumping data for table `guia_transportes`
--

LOCK TABLES `guia_transportes` WRITE;
/*!40000 ALTER TABLE `guia_transportes` DISABLE KEYS */;
/*!40000 ALTER TABLE `guia_transportes` ENABLE KEYS */;
UNLOCK TABLES;

--
-- Table structure for table `impostos`
--

DROP TABLE IF EXISTS `impostos`;
/*!40101 SET @saved_cs_client     = @@character_set_client */;
/*!40101 SET character_set_client = utf8 */;
CREATE TABLE `impostos` (
  `id` bigint(20) unsigned NOT NULL AUTO_INCREMENT,
  `empresa_id` bigint(20) unsigned DEFAULT NULL,
  `tipo` varchar(191) DEFAULT NULL,
  `codigo` varchar(191) DEFAULT NULL,
  `designacao` varchar(191) DEFAULT NULL,
  `taxa` double DEFAULT NULL,
  `motivo` varchar(191) DEFAULT NULL,
  `status` tinyint(1) DEFAULT NULL,
  `created_at` timestamp NULL DEFAULT NULL,
  `updated_at` timestamp NULL DEFAULT NULL,
  PRIMARY KEY (`id`)
) ENGINE=InnoDB AUTO_INCREMENT=1210 DEFAULT CHARSET=utf8mb4 COLLATE=utf8mb4_unicode_ci;
/*!40101 SET character_set_client = @saved_cs_client */;

--
-- Dumping data for table `impostos`
--

LOCK TABLES `impostos` WRITE;
/*!40000 ALTER TABLE `impostos` DISABLE KEYS */;
INSERT INTO `impostos` VALUES (1,1,'ISENTO','M00','M00 - Regime Simplificado',0,'Regime Simplificado',1,NULL,NULL),(2,1,'IVA','','IVA',14,'',1,NULL,NULL),(3,1,'ISENTO','M02','M02 - Transmissão de bens e serviço não sujeita',0,'Regime Simplificado',1,NULL,NULL),(4,1,'ISENTO','M04','M04 - Regime de Exclusão',0,'Regime Simplificado',1,NULL,NULL),(5,1,'ISENTO','M11','M11 - Isento nos termos da alínea b) do nº1 do artigo 12.º do CIVA',0,'Isento nos termos da alínea b) do nº1 do artigo 12.º do CIVA',1,NULL,NULL),(6,1,'ISENTO','M12','M12 - Isento nos termos da alínea c) do nº1 do artigo 12.º do CIVA',0,'Isento nos termos da alínea c) do nº1 do artigo 12.º do CIVA',1,NULL,NULL),(7,1,'ISENTO','M13','M13 - Isento nos termos da alínea d) do nº1 do artigo 12.º do CIVA',0,'Isento nos termos da alínea d) do nº1 do artigo 12.º do CIVA',1,NULL,NULL),(8,1,'ISENTO','M14','M14 - Isento nos termos da alínea e) do nº1 do artigo 12.º do CIVA',0,'Isento nos termos da alínea e) do nº1 do artigo 12.º do CIVA',1,NULL,NULL),(9,1,'ISENTO','M15','M15 - Isento nos termos da alínea f) do nº1 do artigo 12.º do CIVA',0,'Isento nos termos da alínea f) do nº1 do artigo 12.º do CIVA',1,NULL,NULL),(10,1,'ISENTO','M16','M16 - Isento nos termos da alínea g) do nº1 do artigo 12.º do CIVA',0,'Isento nos termos da alínea g) do nº1 do artigo 12.º do CIVA',1,NULL,NULL),(11,1,'ISENTO','M17','M17 - Isento nos termos da alínea h) do nº1 do artigo 12.º do CIVA',0,'Isento nos termos da alínea h) do nº1 do artigo 12.º do CIVA',1,NULL,NULL),(12,1,'ISENTO','M18','M18 - Isento nos termos da alínea i) do nº1 do artigo 12.º do CIVA',0,'Isento nos termos da alínea i) do nº1 do artigo 12.º do CIVA',1,NULL,NULL),(13,1,'ISENTO','M19','M19 - Isento nos termos da alínea j) do nº1 do artigo 12.º do CIVA',0,'Isento nos termos da alínea j) do nº1 do artigo 12.º do CIVA',1,NULL,NULL),(14,1,'ISENTO','M20','M20 - Isento nos termos da alínea k) do nº1 do artigo 12.º do CIVA',0,'Isento nos termos da alínea k) do nº1 do artigo 12.º do CIVA',1,NULL,NULL),(15,1,'ISENTO','M21','M21 - Isento nos termos da alínea l) do nº1 do artigo 12.º do CIVA',0,'Isento nos termos da alínea l) do nº1 do artigo 12.º do CIVA',1,NULL,NULL),(16,1,'ISENTO','M22','M22 - Isento nos termos da alínea m) do nº1 do artigo 12.º do CIVA',0,'Isento nos termos da alínea m) do nº1 do artigo 12.º do CIVA',1,NULL,NULL),(17,1,'ISENTO','M23','M23 - Isento nos termos da alínea n) do nº1 do artigo 12.º do CIVA',0,'Isento nos termos da alínea n) do nº1 do artigo 12.º do CIVA',1,NULL,NULL),(18,1,'ISENTO','M24','M24 - Isento nos termos da alínea o) do nº1 do artigo 12.º do CIVA',0,'Isento nos termos da alínea o) do nº1 do artigo 12.º do CIVA',1,NULL,NULL),(19,1,'ISENTO','M80','M80 - Isento nos termos da alínea a) do nº1 do artigo 14.º do CIVA',0,'Isento nos termos da alínea a) do nº1 do artigo 14.º do CIVA',1,NULL,NULL),(20,1,'ISENTO','M81','M81 - Isento nos termos da alínea b) do nº1 do artigo 14.º do CIVA',0,'Isento nos termos da alínea b) do nº1 do artigo 14.º do CIVA',1,NULL,NULL),(21,1,'ISENTO','M82','M82 - Isento nos termos da alínea c) do nº1 do artigo 14.º do CIVA',0,'Isento nos termos da alínea c) do nº1 do artigo 14.º do CIVA',1,NULL,NULL),(22,1,'ISENTO','M83','M83 - Isento nos termos da alínea d) do nº1 do artigo 14.º do CIVA',0,'Isento nos termos da alínea d) do nº1 do artigo 14.º do CIVA',1,NULL,NULL),(23,1,'ISENTO','M84','M84 - Isento nos termos da alínea e) do nº1 do artigo 14.º do CIVA',0,'Isento nos termos da alínea e) do nº1 do artigo 14.º do CIVA',1,NULL,NULL),(24,1,'ISENTO','M85','M85 - Isento nos termos da alínea a) do nº2 do artigo 14.º do CIVA',0,'Isento nos termos da alínea a) do nº2 do artigo 14.º do CIVA',1,NULL,NULL),(25,1,'ISENTO','M86','M86 - Isento nos termos da alínea b) do nº2 do artigo 14.º do CIVA',0,'Isento nos termos da alínea b) do nº2 do artigo 14.º do CIVA',1,NULL,NULL),(26,1,'ISENTO','M30','M30 - Isento nos termos da alínea a) do artigo 15.º do CIVA',0,'Isento nos termos da alínea a) do artigo 15.º do CIVA',1,NULL,NULL),(27,1,'ISENTO','M31','M31 - Isento nos termos da alínea b) do artigo 15.º do CIVA',0,'Isento nos termos da alínea b) do artigo 15.º do CIVA',1,NULL,NULL),(28,1,'ISENTO','M32','M32 - Isento nos termos da alínea c) do artigo 15.º do CIVA',0,'Isento nos termos da alínea c) do artigo 15.º do CIVA',1,NULL,NULL),(29,1,'ISENTO','M33','M33 - Isento nos termos da alínea d) do artigo 15.º do CIVA',0,'Isento nos termos da alínea d) do artigo 15.º do CIVA',1,NULL,NULL),(30,1,'ISENTO','M34','M34 - Isento nos termos da alínea e) do artigo 15.º do CIVA',0,'Isento nos termos da alínea e) do artigo 15.º do CIVA',1,NULL,NULL),(31,1,'ISENTO','M35','M35 - Isento nos termos da alínea f) do artigo 15.º do CIVA',0,'Isento nos termos da alínea f) do artigo 15.º do CIVA',1,NULL,NULL),(32,1,'ISENTO','M36','M36 - Isento nos termos da alínea g) do artigo 15.º do CIVA',0,'Isento nos termos da alínea g) do artigo 15.º do CIVA',1,NULL,NULL),(33,1,'ISENTO','M37','M37 - Isento nos termos da alínea h) do artigo 15.º do CIVA',0,'Isento nos termos da alínea h) do artigo 15.º do CIVA',1,NULL,NULL),(34,1,'ISENTO','M38','M38 - Isento nos termos da alínea i) do artigo 15.º do CIVA',0,'Isento nos termos da alínea i) do artigo 15.º do CIVA',1,NULL,NULL),(35,1,'ISENTO','M90','M90 - Isento nos termos da alinea a) do nº1 do artigo 16.º',0,'Isento nos termos da alinea a) do nº1 do artigo 16.º',1,NULL,NULL),(36,1,'ISENTO','M91','M91 - Isento nos termos da alinea b) do nº1 do artigo 16.º',0,'Isento nos termos da alinea b) do nº1 do artigo 16.º',1,NULL,NULL),(37,1,'ISENTO','M92','M92 - Isento nos termos da alinea c) do nº1 do artigo 16.º',0,'Isento nos termos da alinea c) do nº1 do artigo 16.º',1,NULL,NULL),(38,1,'ISENTO','M93','M93 - Isento nos termos da alinea d) do nº1 do artigo 16.º',0,'Isento nos termos da alinea d) do nº1 do artigo 16.º',1,NULL,NULL),(39,1,'ISENTO','M93','M94 - Isento nos termos da alinea e) do nº1 do artigo 16.º',0,'Isento nos termos da alinea e) do nº1 do artigo 16.º',1,NULL,NULL),(40,2,'ISENTO','M00','M00 - Regime Simplificado',0,'Regime Simplificado',1,NULL,NULL),(41,2,'IVA','','IVA',14,'',1,NULL,NULL),(42,2,'ISENTO','M02','M02 - Transmissão de bens e serviço no sujeita',0,'Regime Simplificado',1,NULL,NULL),(43,2,'ISENTO','M04','M04 - Regime de Exclusão',0,'Regime Simplificado',1,NULL,NULL),(44,2,'ISENTO','M11','M11 - Isento nos termos da alínea b) do n1 do artigo 12.º do CIVA',0,'Isento nos termos da alínea b) do nº1 do artigo 12. do CIVA',1,NULL,NULL),(45,2,'ISENTO','M12','M12 - Isento nos termos da alnea c) do nº1 do artigo 12.º do CIVA',0,'Isento nos termos da alínea c) do nº1 do artigo 12.º do CIVA',1,NULL,NULL),(46,2,'ISENTO','M13','M13 - Isento nos termos da alínea d) do nº1 do artigo 12.º do CIVA',0,'Isento nos termos da alínea d) do nº1 do artigo 12.º do CIVA',1,NULL,NULL),(47,2,'ISENTO','M14','M14 - Isento nos termos da alínea e) do nº1 do artigo 12.º do CIVA',0,'Isento nos termos da alnea e) do nº1 do artigo 12.º do CIVA',1,NULL,NULL),(48,2,'ISENTO','M15','M15 - Isento nos termos da alínea f) do nº1 do artigo 12.º do CIVA',0,'Isento nos termos da alínea f) do nº1 do artigo 12.º do CIVA',1,NULL,NULL),(49,2,'ISENTO','M16','M16 - Isento nos termos da alínea g) do n1 do artigo 12.º do CIVA',0,'Isento nos termos da alnea g) do nº1 do artigo 12.º do CIVA',1,NULL,NULL),(50,2,'ISENTO','M17','M17 - Isento nos termos da alínea h) do nº1 do artigo 12.º do CIVA',0,'Isento nos termos da alínea h) do nº1 do artigo 12.º do CIVA',1,NULL,NULL),(51,2,'ISENTO','M18','M18 - Isento nos termos da alínea i) do n1 do artigo 12.º do CIVA',0,'Isento nos termos da alínea i) do nº1 do artigo 12.º do CIVA',1,NULL,NULL),(52,2,'ISENTO','M19','M19 - Isento nos termos da alínea j) do nº1 do artigo 12.º do CIVA',0,'Isento nos termos da alínea j) do nº1 do artigo 12. do CIVA',1,NULL,NULL),(53,2,'ISENTO','M20','M20 - Isento nos termos da alnea k) do nº1 do artigo 12.º do CIVA',0,'Isento nos termos da alínea k) do n1 do artigo 12.º do CIVA',1,NULL,NULL),(54,2,'ISENTO','M21','M21 - Isento nos termos da alínea l) do nº1 do artigo 12.º do CIVA',0,'Isento nos termos da alínea l) do nº1 do artigo 12.º do CIVA',1,NULL,NULL),(55,2,'ISENTO','M22','M22 - Isento nos termos da alínea m) do nº1 do artigo 12.º do CIVA',0,'Isento nos termos da alínea m) do nº1 do artigo 12.º do CIVA',1,NULL,NULL),(56,2,'ISENTO','M23','M23 - Isento nos termos da alínea n) do nº1 do artigo 12.º do CIVA',0,'Isento nos termos da alínea n) do nº1 do artigo 12.º do CIVA',1,NULL,NULL),(57,2,'ISENTO','M24','M24 - Isento nos termos da alínea o) do nº1 do artigo 12.º do CIVA',0,'Isento nos termos da alínea o) do nº1 do artigo 12.º do CIVA',1,NULL,NULL),(58,2,'ISENTO','M80','M80 - Isento nos termos da alínea a) do nº1 do artigo 14. do CIVA',0,'Isento nos termos da alnea a) do n1 do artigo 14.º do CIVA',1,NULL,NULL),(59,2,'ISENTO','M81','M81 - Isento nos termos da alínea b) do nº1 do artigo 14.º do CIVA',0,'Isento nos termos da alínea b) do nº1 do artigo 14.º do CIVA',1,NULL,NULL),(60,2,'ISENTO','M82','M82 - Isento nos termos da alínea c) do n1 do artigo 14.º do CIVA',0,'Isento nos termos da alínea c) do nº1 do artigo 14.º do CIVA',1,NULL,NULL),(61,2,'ISENTO','M83','M83 - Isento nos termos da alínea d) do nº1 do artigo 14.º do CIVA',0,'Isento nos termos da alínea d) do nº1 do artigo 14.º do CIVA',1,NULL,NULL),(62,2,'ISENTO','M84','M84 - Isento nos termos da alínea e) do nº1 do artigo 14.º do CIVA',0,'Isento nos termos da alínea e) do nº1 do artigo 14.º do CIVA',1,NULL,NULL),(63,2,'ISENTO','M85','M85 - Isento nos termos da alínea a) do nº2 do artigo 14. do CIVA',0,'Isento nos termos da alnea a) do n2 do artigo 14.º do CIVA',1,NULL,NULL),(64,2,'ISENTO','M86','M86 - Isento nos termos da alínea b) do nº2 do artigo 14.º do CIVA',0,'Isento nos termos da alínea b) do n2 do artigo 14.º do CIVA',1,NULL,NULL),(65,2,'ISENTO','M30','M30 - Isento nos termos da alínea a) do artigo 15.º do CIVA',0,'Isento nos termos da alínea a) do artigo 15.º do CIVA',1,NULL,NULL),(66,2,'ISENTO','M31','M31 - Isento nos termos da alínea b) do artigo 15.º do CIVA',0,'Isento nos termos da alínea b) do artigo 15.º do CIVA',1,NULL,NULL),(67,2,'ISENTO','M32','M32 - Isento nos termos da alínea c) do artigo 15.º do CIVA',0,'Isento nos termos da alnea c) do artigo 15.º do CIVA',1,NULL,NULL),(68,2,'ISENTO','M33','M33 - Isento nos termos da alínea d) do artigo 15.º do CIVA',0,'Isento nos termos da alnea d) do artigo 15. do CIVA',1,NULL,NULL),(69,2,'ISENTO','M34','M34 - Isento nos termos da alnea e) do artigo 15.º do CIVA',0,'Isento nos termos da alínea e) do artigo 15.º do CIVA',1,NULL,NULL),(70,2,'ISENTO','M35','M35 - Isento nos termos da alínea f) do artigo 15. do CIVA',0,'Isento nos termos da alínea f) do artigo 15.º do CIVA',1,NULL,NULL),(71,2,'ISENTO','M36','M36 - Isento nos termos da alínea g) do artigo 15.º do CIVA',0,'Isento nos termos da alínea g) do artigo 15.º do CIVA',1,NULL,NULL),(72,2,'ISENTO','M37','M37 - Isento nos termos da alínea h) do artigo 15.º do CIVA',0,'Isento nos termos da alínea h) do artigo 15.º do CIVA',1,NULL,NULL),(73,2,'ISENTO','M38','M38 - Isento nos termos da alínea i) do artigo 15.º do CIVA',0,'Isento nos termos da alínea i) do artigo 15.º do CIVA',1,NULL,NULL),(74,2,'ISENTO','M90','M90 - Isento nos termos da alinea a) do nº1 do artigo 16.',0,'Isento nos termos da alinea a) do nº1 do artigo 16.º',1,NULL,NULL),(75,2,'ISENTO','M91','M91 - Isento nos termos da alinea b) do nº1 do artigo 16.º',0,'Isento nos termos da alinea b) do nº1 do artigo 16.º',1,NULL,NULL),(76,2,'ISENTO','M92','M92 - Isento nos termos da alinea c) do nº1 do artigo 16.º',0,'Isento nos termos da alinea c) do nº1 do artigo 16.',1,NULL,NULL),(77,2,'ISENTO','M93','M93 - Isento nos termos da alinea d) do nº1 do artigo 16.º',0,'Isento nos termos da alinea d) do nº1 do artigo 16.º',1,NULL,NULL),(78,2,'ISENTO','M93','M94 - Isento nos termos da alinea e) do nº1 do artigo 16.',0,'Isento nos termos da alinea e) do nº1 do artigo 16.º',1,NULL,NULL),(79,3,'ISENTO','M00','M00 - Regime Simplificado',0,'Regime Simplificado',1,NULL,NULL),(80,3,'IVA','','IVA',14,'',1,NULL,NULL),(81,3,'ISENTO','M02','M02 - Transmissão de bens e serviço no sujeita',0,'Regime Simplificado',1,NULL,NULL),(82,3,'ISENTO','M04','M04 - Regime de Exclusão',0,'Regime Simplificado',1,NULL,NULL),(83,3,'ISENTO','M11','M11 - Isento nos termos da alínea b) do n1 do artigo 12.º do CIVA',0,'Isento nos termos da alínea b) do nº1 do artigo 12. do CIVA',1,NULL,NULL),(84,3,'ISENTO','M12','M12 - Isento nos termos da alnea c) do nº1 do artigo 12.º do CIVA',0,'Isento nos termos da alínea c) do nº1 do artigo 12.º do CIVA',1,NULL,NULL),(85,3,'ISENTO','M13','M13 - Isento nos termos da alínea d) do nº1 do artigo 12.º do CIVA',0,'Isento nos termos da alínea d) do nº1 do artigo 12.º do CIVA',1,NULL,NULL),(86,3,'ISENTO','M14','M14 - Isento nos termos da alínea e) do nº1 do artigo 12.º do CIVA',0,'Isento nos termos da alnea e) do nº1 do artigo 12.º do CIVA',1,NULL,NULL),(87,3,'ISENTO','M15','M15 - Isento nos termos da alínea f) do nº1 do artigo 12.º do CIVA',0,'Isento nos termos da alínea f) do nº1 do artigo 12.º do CIVA',1,NULL,NULL),(88,3,'ISENTO','M16','M16 - Isento nos termos da alínea g) do n1 do artigo 12.º do CIVA',0,'Isento nos termos da alnea g) do nº1 do artigo 12.º do CIVA',1,NULL,NULL),(89,3,'ISENTO','M17','M17 - Isento nos termos da alínea h) do nº1 do artigo 12.º do CIVA',0,'Isento nos termos da alínea h) do nº1 do artigo 12.º do CIVA',1,NULL,NULL),(90,3,'ISENTO','M18','M18 - Isento nos termos da alínea i) do n1 do artigo 12.º do CIVA',0,'Isento nos termos da alínea i) do nº1 do artigo 12.º do CIVA',1,NULL,NULL),(91,3,'ISENTO','M19','M19 - Isento nos termos da alínea j) do nº1 do artigo 12.º do CIVA',0,'Isento nos termos da alínea j) do nº1 do artigo 12. do CIVA',1,NULL,NULL),(92,3,'ISENTO','M20','M20 - Isento nos termos da alnea k) do nº1 do artigo 12.º do CIVA',0,'Isento nos termos da alínea k) do n1 do artigo 12.º do CIVA',1,NULL,NULL),(93,3,'ISENTO','M21','M21 - Isento nos termos da alínea l) do nº1 do artigo 12.º do CIVA',0,'Isento nos termos da alínea l) do nº1 do artigo 12.º do CIVA',1,NULL,NULL),(94,3,'ISENTO','M22','M22 - Isento nos termos da alínea m) do nº1 do artigo 12.º do CIVA',0,'Isento nos termos da alínea m) do nº1 do artigo 12.º do CIVA',1,NULL,NULL),(95,3,'ISENTO','M23','M23 - Isento nos termos da alínea n) do nº1 do artigo 12.º do CIVA',0,'Isento nos termos da alínea n) do nº1 do artigo 12.º do CIVA',1,NULL,NULL),(96,3,'ISENTO','M24','M24 - Isento nos termos da alínea o) do nº1 do artigo 12.º do CIVA',0,'Isento nos termos da alínea o) do nº1 do artigo 12.º do CIVA',1,NULL,NULL),(97,3,'ISENTO','M80','M80 - Isento nos termos da alínea a) do nº1 do artigo 14. do CIVA',0,'Isento nos termos da alnea a) do n1 do artigo 14.º do CIVA',1,NULL,NULL),(98,3,'ISENTO','M81','M81 - Isento nos termos da alínea b) do nº1 do artigo 14.º do CIVA',0,'Isento nos termos da alínea b) do nº1 do artigo 14.º do CIVA',1,NULL,NULL),(99,3,'ISENTO','M82','M82 - Isento nos termos da alínea c) do n1 do artigo 14.º do CIVA',0,'Isento nos termos da alínea c) do nº1 do artigo 14.º do CIVA',1,NULL,NULL),(100,3,'ISENTO','M83','M83 - Isento nos termos da alínea d) do nº1 do artigo 14.º do CIVA',0,'Isento nos termos da alínea d) do nº1 do artigo 14.º do CIVA',1,NULL,NULL),(101,3,'ISENTO','M84','M84 - Isento nos termos da alínea e) do nº1 do artigo 14.º do CIVA',0,'Isento nos termos da alínea e) do nº1 do artigo 14.º do CIVA',1,NULL,NULL),(102,3,'ISENTO','M85','M85 - Isento nos termos da alínea a) do nº2 do artigo 14. do CIVA',0,'Isento nos termos da alnea a) do n2 do artigo 14.º do CIVA',1,NULL,NULL),(103,3,'ISENTO','M86','M86 - Isento nos termos da alínea b) do nº2 do artigo 14.º do CIVA',0,'Isento nos termos da alínea b) do n2 do artigo 14.º do CIVA',1,NULL,NULL),(104,3,'ISENTO','M30','M30 - Isento nos termos da alínea a) do artigo 15.º do CIVA',0,'Isento nos termos da alínea a) do artigo 15.º do CIVA',1,NULL,NULL),(105,3,'ISENTO','M31','M31 - Isento nos termos da alínea b) do artigo 15.º do CIVA',0,'Isento nos termos da alínea b) do artigo 15.º do CIVA',1,NULL,NULL),(106,3,'ISENTO','M32','M32 - Isento nos termos da alínea c) do artigo 15.º do CIVA',0,'Isento nos termos da alnea c) do artigo 15.º do CIVA',1,NULL,NULL),(107,3,'ISENTO','M33','M33 - Isento nos termos da alínea d) do artigo 15.º do CIVA',0,'Isento nos termos da alnea d) do artigo 15. do CIVA',1,NULL,NULL),(108,3,'ISENTO','M34','M34 - Isento nos termos da alnea e) do artigo 15.º do CIVA',0,'Isento nos termos da alínea e) do artigo 15.º do CIVA',1,NULL,NULL),(109,3,'ISENTO','M35','M35 - Isento nos termos da alínea f) do artigo 15. do CIVA',0,'Isento nos termos da alínea f) do artigo 15.º do CIVA',1,NULL,NULL),(110,3,'ISENTO','M36','M36 - Isento nos termos da alínea g) do artigo 15.º do CIVA',0,'Isento nos termos da alínea g) do artigo 15.º do CIVA',1,NULL,NULL),(111,3,'ISENTO','M37','M37 - Isento nos termos da alínea h) do artigo 15.º do CIVA',0,'Isento nos termos da alínea h) do artigo 15.º do CIVA',1,NULL,NULL),(112,3,'ISENTO','M38','M38 - Isento nos termos da alínea i) do artigo 15.º do CIVA',0,'Isento nos termos da alínea i) do artigo 15.º do CIVA',1,NULL,NULL),(113,3,'ISENTO','M90','M90 - Isento nos termos da alinea a) do nº1 do artigo 16.',0,'Isento nos termos da alinea a) do nº1 do artigo 16.º',1,NULL,NULL),(114,3,'ISENTO','M91','M91 - Isento nos termos da alinea b) do nº1 do artigo 16.º',0,'Isento nos termos da alinea b) do nº1 do artigo 16.º',1,NULL,NULL),(115,3,'ISENTO','M92','M92 - Isento nos termos da alinea c) do nº1 do artigo 16.º',0,'Isento nos termos da alinea c) do nº1 do artigo 16.',1,NULL,NULL),(116,3,'ISENTO','M93','M93 - Isento nos termos da alinea d) do nº1 do artigo 16.º',0,'Isento nos termos da alinea d) do nº1 do artigo 16.º',1,NULL,NULL),(117,3,'ISENTO','M93','M94 - Isento nos termos da alinea e) do nº1 do artigo 16.',0,'Isento nos termos da alinea e) do nº1 do artigo 16.º',1,NULL,NULL),(118,4,'ISENTO','M00','M00 - Regime Simplificado',0,'Regime Simplificado',1,NULL,NULL),(119,4,'IVA','','IVA',14,'',1,NULL,NULL),(120,4,'ISENTO','M02','M02 - Transmissão de bens e serviço no sujeita',0,'Regime Simplificado',1,NULL,NULL),(121,4,'ISENTO','M04','M04 - Regime de Exclusão',0,'Regime Simplificado',1,NULL,NULL),(122,4,'ISENTO','M11','M11 - Isento nos termos da alínea b) do n1 do artigo 12.º do CIVA',0,'Isento nos termos da alínea b) do nº1 do artigo 12. do CIVA',1,NULL,NULL),(123,4,'ISENTO','M12','M12 - Isento nos termos da alnea c) do nº1 do artigo 12.º do CIVA',0,'Isento nos termos da alínea c) do nº1 do artigo 12.º do CIVA',1,NULL,NULL),(124,4,'ISENTO','M13','M13 - Isento nos termos da alínea d) do nº1 do artigo 12.º do CIVA',0,'Isento nos termos da alínea d) do nº1 do artigo 12.º do CIVA',1,NULL,NULL),(125,4,'ISENTO','M14','M14 - Isento nos termos da alínea e) do nº1 do artigo 12.º do CIVA',0,'Isento nos termos da alnea e) do nº1 do artigo 12.º do CIVA',1,NULL,NULL),(126,4,'ISENTO','M15','M15 - Isento nos termos da alínea f) do nº1 do artigo 12.º do CIVA',0,'Isento nos termos da alínea f) do nº1 do artigo 12.º do CIVA',1,NULL,NULL),(127,4,'ISENTO','M16','M16 - Isento nos termos da alínea g) do n1 do artigo 12.º do CIVA',0,'Isento nos termos da alnea g) do nº1 do artigo 12.º do CIVA',1,NULL,NULL),(128,4,'ISENTO','M17','M17 - Isento nos termos da alínea h) do nº1 do artigo 12.º do CIVA',0,'Isento nos termos da alínea h) do n1 do artigo 12.º do CIVA',1,NULL,NULL),(129,4,'ISENTO','M18','M18 - Isento nos termos da alínea i) do n1 do artigo 12.º do CIVA',0,'Isento nos termos da alínea i) do nº1 do artigo 12.º do CIVA',1,NULL,NULL),(130,4,'ISENTO','M19','M19 - Isento nos termos da alínea j) do nº1 do artigo 12.º do CIVA',0,'Isento nos termos da alínea j) do nº1 do artigo 12. do CIVA',1,NULL,NULL),(131,4,'ISENTO','M20','M20 - Isento nos termos da alnea k) do nº1 do artigo 12.º do CIVA',0,'Isento nos termos da alínea k) do n1 do artigo 12.º do CIVA',1,NULL,NULL),(132,4,'ISENTO','M21','M21 - Isento nos termos da alínea l) do nº1 do artigo 12.º do CIVA',0,'Isento nos termos da alínea l) do n1 do artigo 12.º do CIVA',1,NULL,NULL),(133,4,'ISENTO','M22','M22 - Isento nos termos da alínea m) do nº1 do artigo 12.º do CIVA',0,'Isento nos termos da alínea m) do nº1 do artigo 12.º do CIVA',1,NULL,NULL),(134,4,'ISENTO','M23','M23 - Isento nos termos da alínea n) do nº1 do artigo 12.º do CIVA',0,'Isento nos termos da alínea n) do nº1 do artigo 12.º do CIVA',1,NULL,NULL),(135,4,'ISENTO','M24','M24 - Isento nos termos da alínea o) do nº1 do artigo 12.º do CIVA',0,'Isento nos termos da alínea o) do nº1 do artigo 12.º do CIVA',1,NULL,NULL),(136,4,'ISENTO','M80','M80 - Isento nos termos da alínea a) do nº1 do artigo 14. do CIVA',0,'Isento nos termos da alnea a) do n1 do artigo 14.º do CIVA',1,NULL,NULL),(137,4,'ISENTO','M81','M81 - Isento nos termos da alínea b) do n1 do artigo 14.º do CIVA',0,'Isento nos termos da alínea b) do nº1 do artigo 14.º do CIVA',1,NULL,NULL),(138,4,'ISENTO','M82','M82 - Isento nos termos da alínea c) do n1 do artigo 14.º do CIVA',0,'Isento nos termos da alínea c) do nº1 do artigo 14.º do CIVA',1,NULL,NULL),(139,4,'ISENTO','M83','M83 - Isento nos termos da alínea d) do nº1 do artigo 14.º do CIVA',0,'Isento nos termos da alínea d) do nº1 do artigo 14.º do CIVA',1,NULL,NULL),(140,4,'ISENTO','M84','M84 - Isento nos termos da alínea e) do nº1 do artigo 14.º do CIVA',0,'Isento nos termos da alínea e) do nº1 do artigo 14.º do CIVA',1,NULL,NULL),(141,4,'ISENTO','M85','M85 - Isento nos termos da alínea a) do nº2 do artigo 14. do CIVA',0,'Isento nos termos da alnea a) do n2 do artigo 14.º do CIVA',1,NULL,NULL),(142,4,'ISENTO','M86','M86 - Isento nos termos da alínea b) do nº2 do artigo 14.º do CIVA',0,'Isento nos termos da alínea b) do n2 do artigo 14.º do CIVA',1,NULL,NULL),(143,4,'ISENTO','M30','M30 - Isento nos termos da alínea a) do artigo 15.º do CIVA',0,'Isento nos termos da alínea a) do artigo 15.º do CIVA',1,NULL,NULL),(144,4,'ISENTO','M31','M31 - Isento nos termos da alínea b) do artigo 15.º do CIVA',0,'Isento nos termos da alínea b) do artigo 15.º do CIVA',1,NULL,NULL),(145,4,'ISENTO','M32','M32 - Isento nos termos da alínea c) do artigo 15.º do CIVA',0,'Isento nos termos da alnea c) do artigo 15.º do CIVA',1,NULL,NULL),(146,4,'ISENTO','M33','M33 - Isento nos termos da alínea d) do artigo 15.º do CIVA',0,'Isento nos termos da alnea d) do artigo 15. do CIVA',1,NULL,NULL),(147,4,'ISENTO','M34','M34 - Isento nos termos da alnea e) do artigo 15.º do CIVA',0,'Isento nos termos da alínea e) do artigo 15.º do CIVA',1,NULL,NULL),(148,4,'ISENTO','M35','M35 - Isento nos termos da alínea f) do artigo 15. do CIVA',0,'Isento nos termos da alínea f) do artigo 15.º do CIVA',1,NULL,NULL),(149,4,'ISENTO','M36','M36 - Isento nos termos da alínea g) do artigo 15.º do CIVA',0,'Isento nos termos da alínea g) do artigo 15.º do CIVA',1,NULL,NULL),(150,4,'ISENTO','M37','M37 - Isento nos termos da alínea h) do artigo 15.º do CIVA',0,'Isento nos termos da alínea h) do artigo 15.º do CIVA',1,NULL,NULL),(151,4,'ISENTO','M38','M38 - Isento nos termos da alínea i) do artigo 15.º do CIVA',0,'Isento nos termos da alínea i) do artigo 15.º do CIVA',1,NULL,NULL),(152,4,'ISENTO','M90','M90 - Isento nos termos da alinea a) do nº1 do artigo 16.',0,'Isento nos termos da alinea a) do nº1 do artigo 16.º',1,NULL,NULL),(153,4,'ISENTO','M91','M91 - Isento nos termos da alinea b) do nº1 do artigo 16.º',0,'Isento nos termos da alinea b) do nº1 do artigo 16.º',1,NULL,NULL),(154,4,'ISENTO','M92','M92 - Isento nos termos da alinea c) do nº1 do artigo 16.',0,'Isento nos termos da alinea c) do nº1 do artigo 16.',1,NULL,NULL),(155,4,'ISENTO','M93','M93 - Isento nos termos da alinea d) do nº1 do artigo 16.º',0,'Isento nos termos da alinea d) do nº1 do artigo 16.º',1,NULL,NULL),(156,4,'ISENTO','M93','M94 - Isento nos termos da alinea e) do nº1 do artigo 16.',0,'Isento nos termos da alinea e) do nº1 do artigo 16.º',1,NULL,NULL),(157,5,'ISENTO','M00','M00 - Regime Simplificado',0,'Regime Simplificado',1,NULL,NULL),(158,5,'IVA','','IVA',14,'',1,NULL,NULL),(159,5,'ISENTO','M02','M02 - Transmissão de bens e serviço no sujeita',0,'Regime Simplificado',1,NULL,NULL),(160,5,'ISENTO','M04','M04 - Regime de Exclusão',0,'Regime Simplificado',1,NULL,NULL),(161,5,'ISENTO','M11','M11 - Isento nos termos da alínea b) do n1 do artigo 12.º do CIVA',0,'Isento nos termos da alínea b) do nº1 do artigo 12. do CIVA',1,NULL,NULL),(162,5,'ISENTO','M12','M12 - Isento nos termos da alnea c) do nº1 do artigo 12.º do CIVA',0,'Isento nos termos da alínea c) do nº1 do artigo 12.º do CIVA',1,NULL,NULL),(163,5,'ISENTO','M13','M13 - Isento nos termos da alínea d) do nº1 do artigo 12.º do CIVA',0,'Isento nos termos da alínea d) do nº1 do artigo 12.º do CIVA',1,NULL,NULL),(164,5,'ISENTO','M14','M14 - Isento nos termos da alínea e) do nº1 do artigo 12.º do CIVA',0,'Isento nos termos da alnea e) do nº1 do artigo 12.º do CIVA',1,NULL,NULL),(165,5,'ISENTO','M15','M15 - Isento nos termos da alínea f) do nº1 do artigo 12.º do CIVA',0,'Isento nos termos da alínea f) do nº1 do artigo 12.º do CIVA',1,NULL,NULL),(166,5,'ISENTO','M16','M16 - Isento nos termos da alínea g) do n1 do artigo 12.º do CIVA',0,'Isento nos termos da alnea g) do nº1 do artigo 12.º do CIVA',1,NULL,NULL),(167,5,'ISENTO','M17','M17 - Isento nos termos da alínea h) do nº1 do artigo 12.º do CIVA',0,'Isento nos termos da alínea h) do n1 do artigo 12.º do CIVA',1,NULL,NULL),(168,5,'ISENTO','M18','M18 - Isento nos termos da alínea i) do n1 do artigo 12.º do CIVA',0,'Isento nos termos da alínea i) do nº1 do artigo 12.º do CIVA',1,NULL,NULL),(169,5,'ISENTO','M19','M19 - Isento nos termos da alínea j) do nº1 do artigo 12.º do CIVA',0,'Isento nos termos da alínea j) do nº1 do artigo 12. do CIVA',1,NULL,NULL),(170,5,'ISENTO','M20','M20 - Isento nos termos da alnea k) do nº1 do artigo 12.º do CIVA',0,'Isento nos termos da alínea k) do n1 do artigo 12.º do CIVA',1,NULL,NULL),(171,5,'ISENTO','M21','M21 - Isento nos termos da alínea l) do nº1 do artigo 12.º do CIVA',0,'Isento nos termos da alínea l) do n1 do artigo 12.º do CIVA',1,NULL,NULL),(172,5,'ISENTO','M22','M22 - Isento nos termos da alínea m) do nº1 do artigo 12.º do CIVA',0,'Isento nos termos da alínea m) do nº1 do artigo 12.º do CIVA',1,NULL,NULL),(173,5,'ISENTO','M23','M23 - Isento nos termos da alínea n) do nº1 do artigo 12.º do CIVA',0,'Isento nos termos da alínea n) do nº1 do artigo 12.º do CIVA',1,NULL,NULL),(174,5,'ISENTO','M24','M24 - Isento nos termos da alínea o) do nº1 do artigo 12.º do CIVA',0,'Isento nos termos da alínea o) do nº1 do artigo 12.º do CIVA',1,NULL,NULL),(175,5,'ISENTO','M80','M80 - Isento nos termos da alínea a) do nº1 do artigo 14. do CIVA',0,'Isento nos termos da alnea a) do n1 do artigo 14.º do CIVA',1,NULL,NULL),(176,5,'ISENTO','M81','M81 - Isento nos termos da alínea b) do n1 do artigo 14.º do CIVA',0,'Isento nos termos da alínea b) do nº1 do artigo 14.º do CIVA',1,NULL,NULL),(177,5,'ISENTO','M82','M82 - Isento nos termos da alínea c) do n1 do artigo 14.º do CIVA',0,'Isento nos termos da alínea c) do nº1 do artigo 14.º do CIVA',1,NULL,NULL),(178,5,'ISENTO','M83','M83 - Isento nos termos da alínea d) do nº1 do artigo 14.º do CIVA',0,'Isento nos termos da alínea d) do nº1 do artigo 14.º do CIVA',1,NULL,NULL),(179,5,'ISENTO','M84','M84 - Isento nos termos da alínea e) do nº1 do artigo 14.º do CIVA',0,'Isento nos termos da alínea e) do nº1 do artigo 14.º do CIVA',1,NULL,NULL),(180,5,'ISENTO','M85','M85 - Isento nos termos da alínea a) do nº2 do artigo 14. do CIVA',0,'Isento nos termos da alnea a) do n2 do artigo 14.º do CIVA',1,NULL,NULL),(181,5,'ISENTO','M86','M86 - Isento nos termos da alínea b) do nº2 do artigo 14.º do CIVA',0,'Isento nos termos da alínea b) do n2 do artigo 14.º do CIVA',1,NULL,NULL),(182,5,'ISENTO','M30','M30 - Isento nos termos da alínea a) do artigo 15.º do CIVA',0,'Isento nos termos da alínea a) do artigo 15.º do CIVA',1,NULL,NULL),(183,5,'ISENTO','M31','M31 - Isento nos termos da alínea b) do artigo 15.º do CIVA',0,'Isento nos termos da alínea b) do artigo 15.º do CIVA',1,NULL,NULL),(184,5,'ISENTO','M32','M32 - Isento nos termos da alínea c) do artigo 15.º do CIVA',0,'Isento nos termos da alnea c) do artigo 15.º do CIVA',1,NULL,NULL),(185,5,'ISENTO','M33','M33 - Isento nos termos da alínea d) do artigo 15.º do CIVA',0,'Isento nos termos da alnea d) do artigo 15. do CIVA',1,NULL,NULL),(186,5,'ISENTO','M34','M34 - Isento nos termos da alnea e) do artigo 15.º do CIVA',0,'Isento nos termos da alínea e) do artigo 15.º do CIVA',1,NULL,NULL),(187,5,'ISENTO','M35','M35 - Isento nos termos da alínea f) do artigo 15. do CIVA',0,'Isento nos termos da alínea f) do artigo 15.º do CIVA',1,NULL,NULL),(188,5,'ISENTO','M36','M36 - Isento nos termos da alínea g) do artigo 15.º do CIVA',0,'Isento nos termos da alínea g) do artigo 15.º do CIVA',1,NULL,NULL),(189,5,'ISENTO','M37','M37 - Isento nos termos da alínea h) do artigo 15.º do CIVA',0,'Isento nos termos da alínea h) do artigo 15.º do CIVA',1,NULL,NULL),(190,5,'ISENTO','M38','M38 - Isento nos termos da alínea i) do artigo 15.º do CIVA',0,'Isento nos termos da alínea i) do artigo 15.º do CIVA',1,NULL,NULL),(191,5,'ISENTO','M90','M90 - Isento nos termos da alinea a) do nº1 do artigo 16.',0,'Isento nos termos da alinea a) do nº1 do artigo 16.º',1,NULL,NULL),(192,5,'ISENTO','M91','M91 - Isento nos termos da alinea b) do nº1 do artigo 16.º',0,'Isento nos termos da alinea b) do nº1 do artigo 16.º',1,NULL,NULL),(193,5,'ISENTO','M92','M92 - Isento nos termos da alinea c) do nº1 do artigo 16.',0,'Isento nos termos da alinea c) do nº1 do artigo 16.',1,NULL,NULL),(194,5,'ISENTO','M93','M93 - Isento nos termos da alinea d) do nº1 do artigo 16.º',0,'Isento nos termos da alinea d) do nº1 do artigo 16.º',1,NULL,NULL),(195,5,'ISENTO','M93','M94 - Isento nos termos da alinea e) do nº1 do artigo 16.',0,'Isento nos termos da alinea e) do nº1 do artigo 16.º',1,NULL,NULL),(196,6,'ISENTO','M00','M00 - Regime Simplificado',0,'Regime Simplificado',1,NULL,NULL),(197,6,'IVA','','IVA',14,'',1,NULL,NULL),(198,6,'ISENTO','M02','M02 - Transmissão de bens e serviço no sujeita',0,'Regime Simplificado',1,NULL,NULL),(199,6,'ISENTO','M04','M04 - Regime de Exclusão',0,'Regime Simplificado',1,NULL,NULL),(200,6,'ISENTO','M11','M11 - Isento nos termos da alínea b) do n1 do artigo 12.º do CIVA',0,'Isento nos termos da alínea b) do nº1 do artigo 12. do CIVA',1,NULL,NULL),(201,6,'ISENTO','M12','M12 - Isento nos termos da alnea c) do nº1 do artigo 12.º do CIVA',0,'Isento nos termos da alínea c) do nº1 do artigo 12.º do CIVA',1,NULL,NULL),(202,6,'ISENTO','M13','M13 - Isento nos termos da alínea d) do nº1 do artigo 12.º do CIVA',0,'Isento nos termos da alínea d) do nº1 do artigo 12.º do CIVA',1,NULL,NULL),(203,6,'ISENTO','M14','M14 - Isento nos termos da alínea e) do nº1 do artigo 12.º do CIVA',0,'Isento nos termos da alnea e) do nº1 do artigo 12.º do CIVA',1,NULL,NULL),(204,6,'ISENTO','M15','M15 - Isento nos termos da alínea f) do nº1 do artigo 12.º do CIVA',0,'Isento nos termos da alínea f) do nº1 do artigo 12.º do CIVA',1,NULL,NULL),(205,6,'ISENTO','M16','M16 - Isento nos termos da alínea g) do n1 do artigo 12.º do CIVA',0,'Isento nos termos da alnea g) do nº1 do artigo 12.º do CIVA',1,NULL,NULL),(206,6,'ISENTO','M17','M17 - Isento nos termos da alínea h) do nº1 do artigo 12.º do CIVA',0,'Isento nos termos da alínea h) do n1 do artigo 12.º do CIVA',1,NULL,NULL),(207,6,'ISENTO','M18','M18 - Isento nos termos da alínea i) do n1 do artigo 12.º do CIVA',0,'Isento nos termos da alínea i) do nº1 do artigo 12.º do CIVA',1,NULL,NULL),(208,6,'ISENTO','M19','M19 - Isento nos termos da alínea j) do nº1 do artigo 12.º do CIVA',0,'Isento nos termos da alínea j) do nº1 do artigo 12. do CIVA',1,NULL,NULL),(209,6,'ISENTO','M20','M20 - Isento nos termos da alnea k) do nº1 do artigo 12.º do CIVA',0,'Isento nos termos da alínea k) do n1 do artigo 12.º do CIVA',1,NULL,NULL),(210,6,'ISENTO','M21','M21 - Isento nos termos da alínea l) do nº1 do artigo 12.º do CIVA',0,'Isento nos termos da alínea l) do n1 do artigo 12.º do CIVA',1,NULL,NULL),(211,6,'ISENTO','M22','M22 - Isento nos termos da alínea m) do nº1 do artigo 12.º do CIVA',0,'Isento nos termos da alínea m) do nº1 do artigo 12.º do CIVA',1,NULL,NULL),(212,6,'ISENTO','M23','M23 - Isento nos termos da alínea n) do nº1 do artigo 12.º do CIVA',0,'Isento nos termos da alínea n) do nº1 do artigo 12.º do CIVA',1,NULL,NULL),(213,6,'ISENTO','M24','M24 - Isento nos termos da alínea o) do nº1 do artigo 12.º do CIVA',0,'Isento nos termos da alínea o) do nº1 do artigo 12.º do CIVA',1,NULL,NULL),(214,6,'ISENTO','M80','M80 - Isento nos termos da alínea a) do nº1 do artigo 14. do CIVA',0,'Isento nos termos da alnea a) do n1 do artigo 14.º do CIVA',1,NULL,NULL),(215,6,'ISENTO','M81','M81 - Isento nos termos da alínea b) do n1 do artigo 14.º do CIVA',0,'Isento nos termos da alínea b) do nº1 do artigo 14.º do CIVA',1,NULL,NULL),(216,6,'ISENTO','M82','M82 - Isento nos termos da alínea c) do n1 do artigo 14.º do CIVA',0,'Isento nos termos da alínea c) do nº1 do artigo 14.º do CIVA',1,NULL,NULL),(217,6,'ISENTO','M83','M83 - Isento nos termos da alínea d) do nº1 do artigo 14.º do CIVA',0,'Isento nos termos da alínea d) do nº1 do artigo 14.º do CIVA',1,NULL,NULL),(218,6,'ISENTO','M84','M84 - Isento nos termos da alínea e) do nº1 do artigo 14.º do CIVA',0,'Isento nos termos da alínea e) do nº1 do artigo 14.º do CIVA',1,NULL,NULL),(219,6,'ISENTO','M85','M85 - Isento nos termos da alínea a) do nº2 do artigo 14. do CIVA',0,'Isento nos termos da alnea a) do n2 do artigo 14.º do CIVA',1,NULL,NULL),(220,6,'ISENTO','M86','M86 - Isento nos termos da alínea b) do nº2 do artigo 14.º do CIVA',0,'Isento nos termos da alínea b) do n2 do artigo 14.º do CIVA',1,NULL,NULL),(221,6,'ISENTO','M30','M30 - Isento nos termos da alínea a) do artigo 15.º do CIVA',0,'Isento nos termos da alínea a) do artigo 15.º do CIVA',1,NULL,NULL),(222,6,'ISENTO','M31','M31 - Isento nos termos da alínea b) do artigo 15.º do CIVA',0,'Isento nos termos da alínea b) do artigo 15.º do CIVA',1,NULL,NULL),(223,6,'ISENTO','M32','M32 - Isento nos termos da alínea c) do artigo 15.º do CIVA',0,'Isento nos termos da alnea c) do artigo 15.º do CIVA',1,NULL,NULL),(224,6,'ISENTO','M33','M33 - Isento nos termos da alínea d) do artigo 15.º do CIVA',0,'Isento nos termos da alnea d) do artigo 15. do CIVA',1,NULL,NULL),(225,6,'ISENTO','M34','M34 - Isento nos termos da alnea e) do artigo 15.º do CIVA',0,'Isento nos termos da alínea e) do artigo 15.º do CIVA',1,NULL,NULL),(226,6,'ISENTO','M35','M35 - Isento nos termos da alínea f) do artigo 15. do CIVA',0,'Isento nos termos da alínea f) do artigo 15.º do CIVA',1,NULL,NULL),(227,6,'ISENTO','M36','M36 - Isento nos termos da alínea g) do artigo 15.º do CIVA',0,'Isento nos termos da alínea g) do artigo 15.º do CIVA',1,NULL,NULL),(228,6,'ISENTO','M37','M37 - Isento nos termos da alínea h) do artigo 15.º do CIVA',0,'Isento nos termos da alínea h) do artigo 15.º do CIVA',1,NULL,NULL),(229,6,'ISENTO','M38','M38 - Isento nos termos da alínea i) do artigo 15.º do CIVA',0,'Isento nos termos da alínea i) do artigo 15.º do CIVA',1,NULL,NULL),(230,6,'ISENTO','M90','M90 - Isento nos termos da alinea a) do nº1 do artigo 16.',0,'Isento nos termos da alinea a) do nº1 do artigo 16.º',1,NULL,NULL),(231,6,'ISENTO','M91','M91 - Isento nos termos da alinea b) do nº1 do artigo 16.º',0,'Isento nos termos da alinea b) do nº1 do artigo 16.º',1,NULL,NULL),(232,6,'ISENTO','M92','M92 - Isento nos termos da alinea c) do nº1 do artigo 16.',0,'Isento nos termos da alinea c) do nº1 do artigo 16.',1,NULL,NULL),(233,6,'ISENTO','M93','M93 - Isento nos termos da alinea d) do nº1 do artigo 16.º',0,'Isento nos termos da alinea d) do nº1 do artigo 16.º',1,NULL,NULL),(234,6,'ISENTO','M93','M94 - Isento nos termos da alinea e) do nº1 do artigo 16.',0,'Isento nos termos da alinea e) do nº1 do artigo 16.º',1,NULL,NULL),(235,7,'ISENTO','M00','M00 - Regime Simplificado',0,'Regime Simplificado',1,NULL,NULL),(236,7,'IVA','','IVA',14,'',1,NULL,NULL),(237,7,'ISENTO','M02','M02 - Transmissão de bens e serviço no sujeita',0,'Regime Simplificado',1,NULL,NULL),(238,7,'ISENTO','M04','M04 - Regime de Exclusão',0,'Regime Simplificado',1,NULL,NULL),(239,7,'ISENTO','M11','M11 - Isento nos termos da alínea b) do n1 do artigo 12.º do CIVA',0,'Isento nos termos da alínea b) do nº1 do artigo 12. do CIVA',1,NULL,NULL),(240,7,'ISENTO','M12','M12 - Isento nos termos da alnea c) do nº1 do artigo 12.º do CIVA',0,'Isento nos termos da alínea c) do nº1 do artigo 12.º do CIVA',1,NULL,NULL),(241,7,'ISENTO','M13','M13 - Isento nos termos da alínea d) do nº1 do artigo 12.º do CIVA',0,'Isento nos termos da alínea d) do nº1 do artigo 12.º do CIVA',1,NULL,NULL),(242,7,'ISENTO','M14','M14 - Isento nos termos da alínea e) do nº1 do artigo 12.º do CIVA',0,'Isento nos termos da alnea e) do nº1 do artigo 12.º do CIVA',1,NULL,NULL),(243,7,'ISENTO','M15','M15 - Isento nos termos da alínea f) do nº1 do artigo 12.º do CIVA',0,'Isento nos termos da alínea f) do nº1 do artigo 12.º do CIVA',1,NULL,NULL),(244,7,'ISENTO','M16','M16 - Isento nos termos da alínea g) do n1 do artigo 12.º do CIVA',0,'Isento nos termos da alnea g) do nº1 do artigo 12.º do CIVA',1,NULL,NULL),(245,7,'ISENTO','M17','M17 - Isento nos termos da alínea h) do nº1 do artigo 12.º do CIVA',0,'Isento nos termos da alínea h) do n1 do artigo 12.º do CIVA',1,NULL,NULL),(246,7,'ISENTO','M18','M18 - Isento nos termos da alínea i) do n1 do artigo 12.º do CIVA',0,'Isento nos termos da alínea i) do nº1 do artigo 12.º do CIVA',1,NULL,NULL),(247,7,'ISENTO','M19','M19 - Isento nos termos da alínea j) do nº1 do artigo 12.º do CIVA',0,'Isento nos termos da alínea j) do nº1 do artigo 12. do CIVA',1,NULL,NULL),(248,7,'ISENTO','M20','M20 - Isento nos termos da alnea k) do nº1 do artigo 12.º do CIVA',0,'Isento nos termos da alínea k) do n1 do artigo 12.º do CIVA',1,NULL,NULL),(249,7,'ISENTO','M21','M21 - Isento nos termos da alínea l) do nº1 do artigo 12.º do CIVA',0,'Isento nos termos da alínea l) do n1 do artigo 12.º do CIVA',1,NULL,NULL),(250,7,'ISENTO','M22','M22 - Isento nos termos da alínea m) do nº1 do artigo 12.º do CIVA',0,'Isento nos termos da alínea m) do nº1 do artigo 12.º do CIVA',1,NULL,NULL),(251,7,'ISENTO','M23','M23 - Isento nos termos da alínea n) do nº1 do artigo 12.º do CIVA',0,'Isento nos termos da alínea n) do nº1 do artigo 12.º do CIVA',1,NULL,NULL),(252,7,'ISENTO','M24','M24 - Isento nos termos da alínea o) do nº1 do artigo 12.º do CIVA',0,'Isento nos termos da alínea o) do nº1 do artigo 12.º do CIVA',1,NULL,NULL),(253,7,'ISENTO','M80','M80 - Isento nos termos da alínea a) do nº1 do artigo 14. do CIVA',0,'Isento nos termos da alnea a) do n1 do artigo 14.º do CIVA',1,NULL,NULL),(254,7,'ISENTO','M81','M81 - Isento nos termos da alínea b) do n1 do artigo 14.º do CIVA',0,'Isento nos termos da alínea b) do nº1 do artigo 14.º do CIVA',1,NULL,NULL),(255,7,'ISENTO','M82','M82 - Isento nos termos da alínea c) do n1 do artigo 14.º do CIVA',0,'Isento nos termos da alínea c) do nº1 do artigo 14.º do CIVA',1,NULL,NULL),(256,7,'ISENTO','M83','M83 - Isento nos termos da alínea d) do nº1 do artigo 14.º do CIVA',0,'Isento nos termos da alínea d) do nº1 do artigo 14.º do CIVA',1,NULL,NULL),(257,7,'ISENTO','M84','M84 - Isento nos termos da alínea e) do nº1 do artigo 14.º do CIVA',0,'Isento nos termos da alínea e) do nº1 do artigo 14.º do CIVA',1,NULL,NULL),(258,7,'ISENTO','M85','M85 - Isento nos termos da alínea a) do nº2 do artigo 14. do CIVA',0,'Isento nos termos da alnea a) do n2 do artigo 14.º do CIVA',1,NULL,NULL),(259,7,'ISENTO','M86','M86 - Isento nos termos da alínea b) do nº2 do artigo 14.º do CIVA',0,'Isento nos termos da alínea b) do n2 do artigo 14.º do CIVA',1,NULL,NULL),(260,7,'ISENTO','M30','M30 - Isento nos termos da alínea a) do artigo 15.º do CIVA',0,'Isento nos termos da alínea a) do artigo 15.º do CIVA',1,NULL,NULL),(261,7,'ISENTO','M31','M31 - Isento nos termos da alínea b) do artigo 15.º do CIVA',0,'Isento nos termos da alínea b) do artigo 15.º do CIVA',1,NULL,NULL),(262,7,'ISENTO','M32','M32 - Isento nos termos da alínea c) do artigo 15.º do CIVA',0,'Isento nos termos da alnea c) do artigo 15.º do CIVA',1,NULL,NULL),(263,7,'ISENTO','M33','M33 - Isento nos termos da alínea d) do artigo 15.º do CIVA',0,'Isento nos termos da alnea d) do artigo 15. do CIVA',1,NULL,NULL),(264,7,'ISENTO','M34','M34 - Isento nos termos da alnea e) do artigo 15.º do CIVA',0,'Isento nos termos da alínea e) do artigo 15.º do CIVA',1,NULL,NULL),(265,7,'ISENTO','M35','M35 - Isento nos termos da alínea f) do artigo 15. do CIVA',0,'Isento nos termos da alínea f) do artigo 15.º do CIVA',1,NULL,NULL),(266,7,'ISENTO','M36','M36 - Isento nos termos da alínea g) do artigo 15.º do CIVA',0,'Isento nos termos da alínea g) do artigo 15.º do CIVA',1,NULL,NULL),(267,7,'ISENTO','M37','M37 - Isento nos termos da alínea h) do artigo 15.º do CIVA',0,'Isento nos termos da alínea h) do artigo 15.º do CIVA',1,NULL,NULL),(268,7,'ISENTO','M38','M38 - Isento nos termos da alínea i) do artigo 15.º do CIVA',0,'Isento nos termos da alínea i) do artigo 15.º do CIVA',1,NULL,NULL),(269,7,'ISENTO','M90','M90 - Isento nos termos da alinea a) do nº1 do artigo 16.',0,'Isento nos termos da alinea a) do nº1 do artigo 16.º',1,NULL,NULL),(270,7,'ISENTO','M91','M91 - Isento nos termos da alinea b) do nº1 do artigo 16.º',0,'Isento nos termos da alinea b) do nº1 do artigo 16.º',1,NULL,NULL),(271,7,'ISENTO','M92','M92 - Isento nos termos da alinea c) do nº1 do artigo 16.',0,'Isento nos termos da alinea c) do nº1 do artigo 16.',1,NULL,NULL),(272,7,'ISENTO','M93','M93 - Isento nos termos da alinea d) do nº1 do artigo 16.º',0,'Isento nos termos da alinea d) do nº1 do artigo 16.º',1,NULL,NULL),(273,7,'ISENTO','M93','M94 - Isento nos termos da alinea e) do nº1 do artigo 16.',0,'Isento nos termos da alinea e) do nº1 do artigo 16.º',1,NULL,NULL),(274,8,'ISENTO','M00','M00 - Regime Simplificado',0,'Regime Simplificado',1,NULL,NULL),(275,8,'IVA','','IVA',14,'',1,NULL,NULL),(276,8,'ISENTO','M02','M02 - Transmissão de bens e serviço no sujeita',0,'Regime Simplificado',1,NULL,NULL),(277,8,'ISENTO','M04','M04 - Regime de Exclusão',0,'Regime Simplificado',1,NULL,NULL),(278,8,'ISENTO','M11','M11 - Isento nos termos da alínea b) do n1 do artigo 12.º do CIVA',0,'Isento nos termos da alínea b) do nº1 do artigo 12. do CIVA',1,NULL,NULL),(279,8,'ISENTO','M12','M12 - Isento nos termos da alnea c) do nº1 do artigo 12.º do CIVA',0,'Isento nos termos da alínea c) do nº1 do artigo 12.º do CIVA',1,NULL,NULL),(280,8,'ISENTO','M13','M13 - Isento nos termos da alínea d) do nº1 do artigo 12.º do CIVA',0,'Isento nos termos da alínea d) do nº1 do artigo 12.º do CIVA',1,NULL,NULL),(281,8,'ISENTO','M14','M14 - Isento nos termos da alínea e) do nº1 do artigo 12.º do CIVA',0,'Isento nos termos da alnea e) do nº1 do artigo 12.º do CIVA',1,NULL,NULL),(282,8,'ISENTO','M15','M15 - Isento nos termos da alínea f) do nº1 do artigo 12.º do CIVA',0,'Isento nos termos da alínea f) do nº1 do artigo 12.º do CIVA',1,NULL,NULL),(283,8,'ISENTO','M16','M16 - Isento nos termos da alínea g) do n1 do artigo 12.º do CIVA',0,'Isento nos termos da alnea g) do nº1 do artigo 12.º do CIVA',1,NULL,NULL),(284,8,'ISENTO','M17','M17 - Isento nos termos da alínea h) do nº1 do artigo 12.º do CIVA',0,'Isento nos termos da alínea h) do n1 do artigo 12.º do CIVA',1,NULL,NULL),(285,8,'ISENTO','M18','M18 - Isento nos termos da alínea i) do n1 do artigo 12.º do CIVA',0,'Isento nos termos da alínea i) do nº1 do artigo 12.º do CIVA',1,NULL,NULL),(286,8,'ISENTO','M19','M19 - Isento nos termos da alínea j) do nº1 do artigo 12.º do CIVA',0,'Isento nos termos da alínea j) do nº1 do artigo 12. do CIVA',1,NULL,NULL),(287,8,'ISENTO','M20','M20 - Isento nos termos da alnea k) do nº1 do artigo 12.º do CIVA',0,'Isento nos termos da alínea k) do n1 do artigo 12.º do CIVA',1,NULL,NULL),(288,8,'ISENTO','M21','M21 - Isento nos termos da alínea l) do nº1 do artigo 12.º do CIVA',0,'Isento nos termos da alínea l) do n1 do artigo 12.º do CIVA',1,NULL,NULL),(289,8,'ISENTO','M22','M22 - Isento nos termos da alínea m) do nº1 do artigo 12.º do CIVA',0,'Isento nos termos da alínea m) do nº1 do artigo 12.º do CIVA',1,NULL,NULL),(290,8,'ISENTO','M23','M23 - Isento nos termos da alínea n) do nº1 do artigo 12.º do CIVA',0,'Isento nos termos da alínea n) do nº1 do artigo 12.º do CIVA',1,NULL,NULL),(291,8,'ISENTO','M24','M24 - Isento nos termos da alínea o) do nº1 do artigo 12.º do CIVA',0,'Isento nos termos da alínea o) do nº1 do artigo 12.º do CIVA',1,NULL,NULL),(292,8,'ISENTO','M80','M80 - Isento nos termos da alínea a) do nº1 do artigo 14. do CIVA',0,'Isento nos termos da alnea a) do n1 do artigo 14.º do CIVA',1,NULL,NULL),(293,8,'ISENTO','M81','M81 - Isento nos termos da alínea b) do n1 do artigo 14.º do CIVA',0,'Isento nos termos da alínea b) do nº1 do artigo 14.º do CIVA',1,NULL,NULL),(294,8,'ISENTO','M82','M82 - Isento nos termos da alínea c) do n1 do artigo 14.º do CIVA',0,'Isento nos termos da alínea c) do nº1 do artigo 14.º do CIVA',1,NULL,NULL),(295,8,'ISENTO','M83','M83 - Isento nos termos da alínea d) do nº1 do artigo 14.º do CIVA',0,'Isento nos termos da alínea d) do nº1 do artigo 14.º do CIVA',1,NULL,NULL),(296,8,'ISENTO','M84','M84 - Isento nos termos da alínea e) do nº1 do artigo 14.º do CIVA',0,'Isento nos termos da alínea e) do nº1 do artigo 14.º do CIVA',1,NULL,NULL),(297,8,'ISENTO','M85','M85 - Isento nos termos da alínea a) do nº2 do artigo 14. do CIVA',0,'Isento nos termos da alnea a) do n2 do artigo 14.º do CIVA',1,NULL,NULL),(298,8,'ISENTO','M86','M86 - Isento nos termos da alínea b) do nº2 do artigo 14.º do CIVA',0,'Isento nos termos da alínea b) do n2 do artigo 14.º do CIVA',1,NULL,NULL),(299,8,'ISENTO','M30','M30 - Isento nos termos da alínea a) do artigo 15.º do CIVA',0,'Isento nos termos da alínea a) do artigo 15.º do CIVA',1,NULL,NULL),(300,8,'ISENTO','M31','M31 - Isento nos termos da alínea b) do artigo 15.º do CIVA',0,'Isento nos termos da alínea b) do artigo 15.º do CIVA',1,NULL,NULL),(301,8,'ISENTO','M32','M32 - Isento nos termos da alínea c) do artigo 15.º do CIVA',0,'Isento nos termos da alnea c) do artigo 15.º do CIVA',1,NULL,NULL),(302,8,'ISENTO','M33','M33 - Isento nos termos da alínea d) do artigo 15.º do CIVA',0,'Isento nos termos da alnea d) do artigo 15. do CIVA',1,NULL,NULL),(303,8,'ISENTO','M34','M34 - Isento nos termos da alnea e) do artigo 15.º do CIVA',0,'Isento nos termos da alínea e) do artigo 15.º do CIVA',1,NULL,NULL),(304,8,'ISENTO','M35','M35 - Isento nos termos da alínea f) do artigo 15. do CIVA',0,'Isento nos termos da alínea f) do artigo 15.º do CIVA',1,NULL,NULL),(305,8,'ISENTO','M36','M36 - Isento nos termos da alínea g) do artigo 15.º do CIVA',0,'Isento nos termos da alínea g) do artigo 15.º do CIVA',1,NULL,NULL),(306,8,'ISENTO','M37','M37 - Isento nos termos da alínea h) do artigo 15.º do CIVA',0,'Isento nos termos da alínea h) do artigo 15.º do CIVA',1,NULL,NULL),(307,8,'ISENTO','M38','M38 - Isento nos termos da alínea i) do artigo 15.º do CIVA',0,'Isento nos termos da alínea i) do artigo 15.º do CIVA',1,NULL,NULL),(308,8,'ISENTO','M90','M90 - Isento nos termos da alinea a) do nº1 do artigo 16.',0,'Isento nos termos da alinea a) do nº1 do artigo 16.º',1,NULL,NULL),(309,8,'ISENTO','M91','M91 - Isento nos termos da alinea b) do nº1 do artigo 16.º',0,'Isento nos termos da alinea b) do nº1 do artigo 16.º',1,NULL,NULL),(310,8,'ISENTO','M92','M92 - Isento nos termos da alinea c) do nº1 do artigo 16.',0,'Isento nos termos da alinea c) do nº1 do artigo 16.',1,NULL,NULL),(311,8,'ISENTO','M93','M93 - Isento nos termos da alinea d) do nº1 do artigo 16.º',0,'Isento nos termos da alinea d) do nº1 do artigo 16.º',1,NULL,NULL),(312,8,'ISENTO','M93','M94 - Isento nos termos da alinea e) do nº1 do artigo 16.',0,'Isento nos termos da alinea e) do nº1 do artigo 16.º',1,NULL,NULL),(313,9,'ISENTO','M00','M00 - Regime Simplificado',0,'Regime Simplificado',1,NULL,NULL),(314,9,'IVA','','IVA',14,'',1,NULL,NULL),(315,9,'ISENTO','M02','M02 - Transmissão de bens e serviço no sujeita',0,'Regime Simplificado',1,NULL,NULL),(316,9,'ISENTO','M04','M04 - Regime de Exclusão',0,'Regime Simplificado',1,NULL,NULL),(317,9,'ISENTO','M11','M11 - Isento nos termos da alínea b) do n1 do artigo 12.º do CIVA',0,'Isento nos termos da alínea b) do nº1 do artigo 12. do CIVA',1,NULL,NULL),(318,9,'ISENTO','M12','M12 - Isento nos termos da alnea c) do nº1 do artigo 12.º do CIVA',0,'Isento nos termos da alínea c) do nº1 do artigo 12.º do CIVA',1,NULL,NULL),(319,9,'ISENTO','M13','M13 - Isento nos termos da alínea d) do nº1 do artigo 12.º do CIVA',0,'Isento nos termos da alínea d) do nº1 do artigo 12.º do CIVA',1,NULL,NULL),(320,9,'ISENTO','M14','M14 - Isento nos termos da alínea e) do nº1 do artigo 12.º do CIVA',0,'Isento nos termos da alnea e) do nº1 do artigo 12.º do CIVA',1,NULL,NULL),(321,9,'ISENTO','M15','M15 - Isento nos termos da alínea f) do nº1 do artigo 12.º do CIVA',0,'Isento nos termos da alínea f) do nº1 do artigo 12.º do CIVA',1,NULL,NULL),(322,9,'ISENTO','M16','M16 - Isento nos termos da alínea g) do n1 do artigo 12.º do CIVA',0,'Isento nos termos da alnea g) do nº1 do artigo 12.º do CIVA',1,NULL,NULL),(323,9,'ISENTO','M17','M17 - Isento nos termos da alínea h) do nº1 do artigo 12.º do CIVA',0,'Isento nos termos da alínea h) do n1 do artigo 12.º do CIVA',1,NULL,NULL),(324,9,'ISENTO','M18','M18 - Isento nos termos da alínea i) do n1 do artigo 12.º do CIVA',0,'Isento nos termos da alínea i) do nº1 do artigo 12.º do CIVA',1,NULL,NULL),(325,9,'ISENTO','M19','M19 - Isento nos termos da alínea j) do nº1 do artigo 12.º do CIVA',0,'Isento nos termos da alínea j) do nº1 do artigo 12. do CIVA',1,NULL,NULL),(326,9,'ISENTO','M20','M20 - Isento nos termos da alnea k) do nº1 do artigo 12.º do CIVA',0,'Isento nos termos da alínea k) do n1 do artigo 12.º do CIVA',1,NULL,NULL),(327,9,'ISENTO','M21','M21 - Isento nos termos da alínea l) do nº1 do artigo 12.º do CIVA',0,'Isento nos termos da alínea l) do n1 do artigo 12.º do CIVA',1,NULL,NULL),(328,9,'ISENTO','M22','M22 - Isento nos termos da alínea m) do nº1 do artigo 12.º do CIVA',0,'Isento nos termos da alínea m) do nº1 do artigo 12.º do CIVA',1,NULL,NULL),(329,9,'ISENTO','M23','M23 - Isento nos termos da alínea n) do nº1 do artigo 12.º do CIVA',0,'Isento nos termos da alínea n) do nº1 do artigo 12.º do CIVA',1,NULL,NULL),(330,9,'ISENTO','M24','M24 - Isento nos termos da alínea o) do nº1 do artigo 12.º do CIVA',0,'Isento nos termos da alínea o) do nº1 do artigo 12.º do CIVA',1,NULL,NULL),(331,9,'ISENTO','M80','M80 - Isento nos termos da alínea a) do nº1 do artigo 14. do CIVA',0,'Isento nos termos da alnea a) do n1 do artigo 14.º do CIVA',1,NULL,NULL),(332,9,'ISENTO','M81','M81 - Isento nos termos da alínea b) do n1 do artigo 14.º do CIVA',0,'Isento nos termos da alínea b) do nº1 do artigo 14.º do CIVA',1,NULL,NULL),(333,9,'ISENTO','M82','M82 - Isento nos termos da alínea c) do n1 do artigo 14.º do CIVA',0,'Isento nos termos da alínea c) do nº1 do artigo 14.º do CIVA',1,NULL,NULL),(334,9,'ISENTO','M83','M83 - Isento nos termos da alínea d) do nº1 do artigo 14.º do CIVA',0,'Isento nos termos da alínea d) do nº1 do artigo 14.º do CIVA',1,NULL,NULL),(335,9,'ISENTO','M84','M84 - Isento nos termos da alínea e) do nº1 do artigo 14.º do CIVA',0,'Isento nos termos da alínea e) do nº1 do artigo 14.º do CIVA',1,NULL,NULL),(336,9,'ISENTO','M85','M85 - Isento nos termos da alínea a) do nº2 do artigo 14. do CIVA',0,'Isento nos termos da alnea a) do n2 do artigo 14.º do CIVA',1,NULL,NULL),(337,9,'ISENTO','M86','M86 - Isento nos termos da alínea b) do nº2 do artigo 14.º do CIVA',0,'Isento nos termos da alínea b) do n2 do artigo 14.º do CIVA',1,NULL,NULL),(338,9,'ISENTO','M30','M30 - Isento nos termos da alínea a) do artigo 15.º do CIVA',0,'Isento nos termos da alínea a) do artigo 15.º do CIVA',1,NULL,NULL),(339,9,'ISENTO','M31','M31 - Isento nos termos da alínea b) do artigo 15.º do CIVA',0,'Isento nos termos da alínea b) do artigo 15.º do CIVA',1,NULL,NULL),(340,9,'ISENTO','M32','M32 - Isento nos termos da alínea c) do artigo 15.º do CIVA',0,'Isento nos termos da alnea c) do artigo 15.º do CIVA',1,NULL,NULL),(341,9,'ISENTO','M33','M33 - Isento nos termos da alínea d) do artigo 15.º do CIVA',0,'Isento nos termos da alnea d) do artigo 15. do CIVA',1,NULL,NULL),(342,9,'ISENTO','M34','M34 - Isento nos termos da alnea e) do artigo 15.º do CIVA',0,'Isento nos termos da alínea e) do artigo 15.º do CIVA',1,NULL,NULL),(343,9,'ISENTO','M35','M35 - Isento nos termos da alínea f) do artigo 15. do CIVA',0,'Isento nos termos da alínea f) do artigo 15.º do CIVA',1,NULL,NULL),(344,9,'ISENTO','M36','M36 - Isento nos termos da alínea g) do artigo 15.º do CIVA',0,'Isento nos termos da alínea g) do artigo 15.º do CIVA',1,NULL,NULL),(345,9,'ISENTO','M37','M37 - Isento nos termos da alínea h) do artigo 15.º do CIVA',0,'Isento nos termos da alínea h) do artigo 15.º do CIVA',1,NULL,NULL),(346,9,'ISENTO','M38','M38 - Isento nos termos da alínea i) do artigo 15.º do CIVA',0,'Isento nos termos da alínea i) do artigo 15.º do CIVA',1,NULL,NULL),(347,9,'ISENTO','M90','M90 - Isento nos termos da alinea a) do nº1 do artigo 16.',0,'Isento nos termos da alinea a) do nº1 do artigo 16.º',1,NULL,NULL),(348,9,'ISENTO','M91','M91 - Isento nos termos da alinea b) do nº1 do artigo 16.º',0,'Isento nos termos da alinea b) do nº1 do artigo 16.º',1,NULL,NULL),(349,9,'ISENTO','M92','M92 - Isento nos termos da alinea c) do nº1 do artigo 16.',0,'Isento nos termos da alinea c) do nº1 do artigo 16.',1,NULL,NULL),(350,9,'ISENTO','M93','M93 - Isento nos termos da alinea d) do nº1 do artigo 16.º',0,'Isento nos termos da alinea d) do nº1 do artigo 16.º',1,NULL,NULL),(351,9,'ISENTO','M93','M94 - Isento nos termos da alinea e) do nº1 do artigo 16.',0,'Isento nos termos da alinea e) do nº1 do artigo 16.º',1,NULL,NULL),(352,10,'ISENTO','M00','M00 - Regime Simplificado',0,'Regime Simplificado',1,NULL,NULL),(353,10,'IVA','','IVA',14,'',1,NULL,NULL),(354,10,'ISENTO','M02','M02 - Transmissão de bens e serviço no sujeita',0,'Regime Simplificado',1,NULL,NULL),(355,10,'ISENTO','M04','M04 - Regime de Exclusão',0,'Regime Simplificado',1,NULL,NULL),(356,10,'ISENTO','M11','M11 - Isento nos termos da alínea b) do n1 do artigo 12.º do CIVA',0,'Isento nos termos da alínea b) do nº1 do artigo 12. do CIVA',1,NULL,NULL),(357,10,'ISENTO','M12','M12 - Isento nos termos da alnea c) do nº1 do artigo 12.º do CIVA',0,'Isento nos termos da alínea c) do nº1 do artigo 12.º do CIVA',1,NULL,NULL),(358,10,'ISENTO','M13','M13 - Isento nos termos da alínea d) do nº1 do artigo 12.º do CIVA',0,'Isento nos termos da alínea d) do nº1 do artigo 12.º do CIVA',1,NULL,NULL),(359,10,'ISENTO','M14','M14 - Isento nos termos da alínea e) do nº1 do artigo 12.º do CIVA',0,'Isento nos termos da alnea e) do nº1 do artigo 12.º do CIVA',1,NULL,NULL),(360,10,'ISENTO','M15','M15 - Isento nos termos da alínea f) do nº1 do artigo 12.º do CIVA',0,'Isento nos termos da alínea f) do nº1 do artigo 12.º do CIVA',1,NULL,NULL),(361,10,'ISENTO','M16','M16 - Isento nos termos da alínea g) do n1 do artigo 12.º do CIVA',0,'Isento nos termos da alnea g) do nº1 do artigo 12.º do CIVA',1,NULL,NULL),(362,10,'ISENTO','M17','M17 - Isento nos termos da alínea h) do nº1 do artigo 12.º do CIVA',0,'Isento nos termos da alínea h) do n1 do artigo 12.º do CIVA',1,NULL,NULL),(363,10,'ISENTO','M18','M18 - Isento nos termos da alínea i) do n1 do artigo 12.º do CIVA',0,'Isento nos termos da alínea i) do nº1 do artigo 12.º do CIVA',1,NULL,NULL),(364,10,'ISENTO','M19','M19 - Isento nos termos da alínea j) do nº1 do artigo 12.º do CIVA',0,'Isento nos termos da alínea j) do nº1 do artigo 12. do CIVA',1,NULL,NULL),(365,10,'ISENTO','M20','M20 - Isento nos termos da alnea k) do nº1 do artigo 12.º do CIVA',0,'Isento nos termos da alínea k) do n1 do artigo 12.º do CIVA',1,NULL,NULL),(366,10,'ISENTO','M21','M21 - Isento nos termos da alínea l) do nº1 do artigo 12.º do CIVA',0,'Isento nos termos da alínea l) do n1 do artigo 12.º do CIVA',1,NULL,NULL),(367,10,'ISENTO','M22','M22 - Isento nos termos da alínea m) do nº1 do artigo 12.º do CIVA',0,'Isento nos termos da alínea m) do nº1 do artigo 12.º do CIVA',1,NULL,NULL),(368,10,'ISENTO','M23','M23 - Isento nos termos da alínea n) do nº1 do artigo 12.º do CIVA',0,'Isento nos termos da alínea n) do nº1 do artigo 12.º do CIVA',1,NULL,NULL),(369,10,'ISENTO','M24','M24 - Isento nos termos da alínea o) do nº1 do artigo 12.º do CIVA',0,'Isento nos termos da alínea o) do nº1 do artigo 12.º do CIVA',1,NULL,NULL),(370,10,'ISENTO','M80','M80 - Isento nos termos da alínea a) do nº1 do artigo 14. do CIVA',0,'Isento nos termos da alnea a) do n1 do artigo 14.º do CIVA',1,NULL,NULL),(371,10,'ISENTO','M81','M81 - Isento nos termos da alínea b) do n1 do artigo 14.º do CIVA',0,'Isento nos termos da alínea b) do nº1 do artigo 14.º do CIVA',1,NULL,NULL),(372,10,'ISENTO','M82','M82 - Isento nos termos da alínea c) do n1 do artigo 14.º do CIVA',0,'Isento nos termos da alínea c) do nº1 do artigo 14.º do CIVA',1,NULL,NULL),(373,10,'ISENTO','M83','M83 - Isento nos termos da alínea d) do nº1 do artigo 14.º do CIVA',0,'Isento nos termos da alínea d) do nº1 do artigo 14.º do CIVA',1,NULL,NULL),(374,10,'ISENTO','M84','M84 - Isento nos termos da alínea e) do nº1 do artigo 14.º do CIVA',0,'Isento nos termos da alínea e) do nº1 do artigo 14.º do CIVA',1,NULL,NULL),(375,10,'ISENTO','M85','M85 - Isento nos termos da alínea a) do nº2 do artigo 14. do CIVA',0,'Isento nos termos da alnea a) do n2 do artigo 14.º do CIVA',1,NULL,NULL),(376,10,'ISENTO','M86','M86 - Isento nos termos da alínea b) do nº2 do artigo 14.º do CIVA',0,'Isento nos termos da alínea b) do n2 do artigo 14.º do CIVA',1,NULL,NULL),(377,10,'ISENTO','M30','M30 - Isento nos termos da alínea a) do artigo 15.º do CIVA',0,'Isento nos termos da alínea a) do artigo 15.º do CIVA',1,NULL,NULL),(378,10,'ISENTO','M31','M31 - Isento nos termos da alínea b) do artigo 15.º do CIVA',0,'Isento nos termos da alínea b) do artigo 15.º do CIVA',1,NULL,NULL),(379,10,'ISENTO','M32','M32 - Isento nos termos da alínea c) do artigo 15.º do CIVA',0,'Isento nos termos da alnea c) do artigo 15.º do CIVA',1,NULL,NULL),(380,10,'ISENTO','M33','M33 - Isento nos termos da alínea d) do artigo 15.º do CIVA',0,'Isento nos termos da alnea d) do artigo 15. do CIVA',1,NULL,NULL),(381,10,'ISENTO','M34','M34 - Isento nos termos da alnea e) do artigo 15.º do CIVA',0,'Isento nos termos da alínea e) do artigo 15.º do CIVA',1,NULL,NULL),(382,10,'ISENTO','M35','M35 - Isento nos termos da alínea f) do artigo 15. do CIVA',0,'Isento nos termos da alínea f) do artigo 15.º do CIVA',1,NULL,NULL),(383,10,'ISENTO','M36','M36 - Isento nos termos da alínea g) do artigo 15.º do CIVA',0,'Isento nos termos da alínea g) do artigo 15.º do CIVA',1,NULL,NULL),(384,10,'ISENTO','M37','M37 - Isento nos termos da alínea h) do artigo 15.º do CIVA',0,'Isento nos termos da alínea h) do artigo 15.º do CIVA',1,NULL,NULL),(385,10,'ISENTO','M38','M38 - Isento nos termos da alínea i) do artigo 15.º do CIVA',0,'Isento nos termos da alínea i) do artigo 15.º do CIVA',1,NULL,NULL),(386,10,'ISENTO','M90','M90 - Isento nos termos da alinea a) do nº1 do artigo 16.',0,'Isento nos termos da alinea a) do nº1 do artigo 16.º',1,NULL,NULL),(387,10,'ISENTO','M91','M91 - Isento nos termos da alinea b) do nº1 do artigo 16.º',0,'Isento nos termos da alinea b) do nº1 do artigo 16.º',1,NULL,NULL),(388,10,'ISENTO','M92','M92 - Isento nos termos da alinea c) do nº1 do artigo 16.',0,'Isento nos termos da alinea c) do nº1 do artigo 16.',1,NULL,NULL),(389,10,'ISENTO','M93','M93 - Isento nos termos da alinea d) do nº1 do artigo 16.º',0,'Isento nos termos da alinea d) do nº1 do artigo 16.º',1,NULL,NULL),(390,10,'ISENTO','M93','M94 - Isento nos termos da alinea e) do nº1 do artigo 16.',0,'Isento nos termos da alinea e) do nº1 do artigo 16.º',1,NULL,NULL),(391,11,'ISENTO','M00','M00 - Regime Simplificado',0,'Regime Simplificado',1,NULL,NULL),(392,11,'IVA','','IVA',14,'',1,NULL,NULL),(393,11,'ISENTO','M02','M02 - Transmissão de bens e serviço no sujeita',0,'Regime Simplificado',1,NULL,NULL),(394,11,'ISENTO','M04','M04 - Regime de Exclusão',0,'Regime Simplificado',1,NULL,NULL),(395,11,'ISENTO','M11','M11 - Isento nos termos da alínea b) do n1 do artigo 12.º do CIVA',0,'Isento nos termos da alínea b) do nº1 do artigo 12. do CIVA',1,NULL,NULL),(396,11,'ISENTO','M12','M12 - Isento nos termos da alnea c) do nº1 do artigo 12.º do CIVA',0,'Isento nos termos da alínea c) do nº1 do artigo 12.º do CIVA',1,NULL,NULL),(397,11,'ISENTO','M13','M13 - Isento nos termos da alínea d) do nº1 do artigo 12.º do CIVA',0,'Isento nos termos da alínea d) do nº1 do artigo 12.º do CIVA',1,NULL,NULL),(398,11,'ISENTO','M14','M14 - Isento nos termos da alínea e) do nº1 do artigo 12.º do CIVA',0,'Isento nos termos da alnea e) do nº1 do artigo 12.º do CIVA',1,NULL,NULL),(399,11,'ISENTO','M15','M15 - Isento nos termos da alínea f) do nº1 do artigo 12.º do CIVA',0,'Isento nos termos da alínea f) do nº1 do artigo 12.º do CIVA',1,NULL,NULL),(400,11,'ISENTO','M16','M16 - Isento nos termos da alínea g) do n1 do artigo 12.º do CIVA',0,'Isento nos termos da alnea g) do nº1 do artigo 12.º do CIVA',1,NULL,NULL),(401,11,'ISENTO','M17','M17 - Isento nos termos da alínea h) do nº1 do artigo 12.º do CIVA',0,'Isento nos termos da alínea h) do n1 do artigo 12.º do CIVA',1,NULL,NULL),(402,11,'ISENTO','M18','M18 - Isento nos termos da alínea i) do n1 do artigo 12.º do CIVA',0,'Isento nos termos da alínea i) do nº1 do artigo 12.º do CIVA',1,NULL,NULL),(403,11,'ISENTO','M19','M19 - Isento nos termos da alínea j) do nº1 do artigo 12.º do CIVA',0,'Isento nos termos da alínea j) do nº1 do artigo 12. do CIVA',1,NULL,NULL),(404,11,'ISENTO','M20','M20 - Isento nos termos da alnea k) do nº1 do artigo 12.º do CIVA',0,'Isento nos termos da alínea k) do n1 do artigo 12.º do CIVA',1,NULL,NULL),(405,11,'ISENTO','M21','M21 - Isento nos termos da alínea l) do nº1 do artigo 12.º do CIVA',0,'Isento nos termos da alínea l) do n1 do artigo 12.º do CIVA',1,NULL,NULL),(406,11,'ISENTO','M22','M22 - Isento nos termos da alínea m) do nº1 do artigo 12.º do CIVA',0,'Isento nos termos da alínea m) do nº1 do artigo 12.º do CIVA',1,NULL,NULL),(407,11,'ISENTO','M23','M23 - Isento nos termos da alínea n) do nº1 do artigo 12.º do CIVA',0,'Isento nos termos da alínea n) do nº1 do artigo 12.º do CIVA',1,NULL,NULL),(408,11,'ISENTO','M24','M24 - Isento nos termos da alínea o) do nº1 do artigo 12.º do CIVA',0,'Isento nos termos da alínea o) do nº1 do artigo 12.º do CIVA',1,NULL,NULL),(409,11,'ISENTO','M80','M80 - Isento nos termos da alínea a) do nº1 do artigo 14. do CIVA',0,'Isento nos termos da alnea a) do n1 do artigo 14.º do CIVA',1,NULL,NULL),(410,11,'ISENTO','M81','M81 - Isento nos termos da alínea b) do n1 do artigo 14.º do CIVA',0,'Isento nos termos da alínea b) do nº1 do artigo 14.º do CIVA',1,NULL,NULL),(411,11,'ISENTO','M82','M82 - Isento nos termos da alínea c) do n1 do artigo 14.º do CIVA',0,'Isento nos termos da alínea c) do nº1 do artigo 14.º do CIVA',1,NULL,NULL),(412,11,'ISENTO','M83','M83 - Isento nos termos da alínea d) do nº1 do artigo 14.º do CIVA',0,'Isento nos termos da alínea d) do nº1 do artigo 14.º do CIVA',1,NULL,NULL),(413,11,'ISENTO','M84','M84 - Isento nos termos da alínea e) do nº1 do artigo 14.º do CIVA',0,'Isento nos termos da alínea e) do nº1 do artigo 14.º do CIVA',1,NULL,NULL),(414,11,'ISENTO','M85','M85 - Isento nos termos da alínea a) do nº2 do artigo 14. do CIVA',0,'Isento nos termos da alnea a) do n2 do artigo 14.º do CIVA',1,NULL,NULL),(415,11,'ISENTO','M86','M86 - Isento nos termos da alínea b) do nº2 do artigo 14.º do CIVA',0,'Isento nos termos da alínea b) do n2 do artigo 14.º do CIVA',1,NULL,NULL),(416,11,'ISENTO','M30','M30 - Isento nos termos da alínea a) do artigo 15.º do CIVA',0,'Isento nos termos da alínea a) do artigo 15.º do CIVA',1,NULL,NULL),(417,11,'ISENTO','M31','M31 - Isento nos termos da alínea b) do artigo 15.º do CIVA',0,'Isento nos termos da alínea b) do artigo 15.º do CIVA',1,NULL,NULL),(418,11,'ISENTO','M32','M32 - Isento nos termos da alínea c) do artigo 15.º do CIVA',0,'Isento nos termos da alnea c) do artigo 15.º do CIVA',1,NULL,NULL),(419,11,'ISENTO','M33','M33 - Isento nos termos da alínea d) do artigo 15.º do CIVA',0,'Isento nos termos da alnea d) do artigo 15. do CIVA',1,NULL,NULL),(420,11,'ISENTO','M34','M34 - Isento nos termos da alnea e) do artigo 15.º do CIVA',0,'Isento nos termos da alínea e) do artigo 15.º do CIVA',1,NULL,NULL),(421,11,'ISENTO','M35','M35 - Isento nos termos da alínea f) do artigo 15. do CIVA',0,'Isento nos termos da alínea f) do artigo 15.º do CIVA',1,NULL,NULL),(422,11,'ISENTO','M36','M36 - Isento nos termos da alínea g) do artigo 15.º do CIVA',0,'Isento nos termos da alínea g) do artigo 15.º do CIVA',1,NULL,NULL),(423,11,'ISENTO','M37','M37 - Isento nos termos da alínea h) do artigo 15.º do CIVA',0,'Isento nos termos da alínea h) do artigo 15.º do CIVA',1,NULL,NULL),(424,11,'ISENTO','M38','M38 - Isento nos termos da alínea i) do artigo 15.º do CIVA',0,'Isento nos termos da alínea i) do artigo 15.º do CIVA',1,NULL,NULL),(425,11,'ISENTO','M90','M90 - Isento nos termos da alinea a) do nº1 do artigo 16.',0,'Isento nos termos da alinea a) do nº1 do artigo 16.º',1,NULL,NULL),(426,11,'ISENTO','M91','M91 - Isento nos termos da alinea b) do nº1 do artigo 16.º',0,'Isento nos termos da alinea b) do nº1 do artigo 16.º',1,NULL,NULL),(427,11,'ISENTO','M92','M92 - Isento nos termos da alinea c) do nº1 do artigo 16.',0,'Isento nos termos da alinea c) do nº1 do artigo 16.',1,NULL,NULL),(428,11,'ISENTO','M93','M93 - Isento nos termos da alinea d) do nº1 do artigo 16.º',0,'Isento nos termos da alinea d) do nº1 do artigo 16.º',1,NULL,NULL),(429,11,'ISENTO','M93','M94 - Isento nos termos da alinea e) do nº1 do artigo 16.',0,'Isento nos termos da alinea e) do nº1 do artigo 16.º',1,NULL,NULL),(430,12,'ISENTO','M00','M00 - Regime Simplificado',0,'Regime Simplificado',1,NULL,NULL),(431,12,'IVA','','IVA',14,'',1,NULL,NULL),(432,12,'ISENTO','M02','M02 - Transmissão de bens e serviço no sujeita',0,'Regime Simplificado',1,NULL,NULL),(433,12,'ISENTO','M04','M04 - Regime de Exclusão',0,'Regime Simplificado',1,NULL,NULL),(434,12,'ISENTO','M11','M11 - Isento nos termos da alínea b) do n1 do artigo 12.º do CIVA',0,'Isento nos termos da alínea b) do nº1 do artigo 12. do CIVA',1,NULL,NULL),(435,12,'ISENTO','M12','M12 - Isento nos termos da alnea c) do nº1 do artigo 12.º do CIVA',0,'Isento nos termos da alínea c) do nº1 do artigo 12.º do CIVA',1,NULL,NULL),(436,12,'ISENTO','M13','M13 - Isento nos termos da alínea d) do nº1 do artigo 12.º do CIVA',0,'Isento nos termos da alínea d) do nº1 do artigo 12.º do CIVA',1,NULL,NULL),(437,12,'ISENTO','M14','M14 - Isento nos termos da alínea e) do nº1 do artigo 12.º do CIVA',0,'Isento nos termos da alnea e) do nº1 do artigo 12.º do CIVA',1,NULL,NULL),(438,12,'ISENTO','M15','M15 - Isento nos termos da alínea f) do nº1 do artigo 12.º do CIVA',0,'Isento nos termos da alínea f) do nº1 do artigo 12.º do CIVA',1,NULL,NULL),(439,12,'ISENTO','M16','M16 - Isento nos termos da alínea g) do n1 do artigo 12.º do CIVA',0,'Isento nos termos da alnea g) do nº1 do artigo 12.º do CIVA',1,NULL,NULL),(440,12,'ISENTO','M17','M17 - Isento nos termos da alínea h) do nº1 do artigo 12.º do CIVA',0,'Isento nos termos da alínea h) do n1 do artigo 12.º do CIVA',1,NULL,NULL),(441,12,'ISENTO','M18','M18 - Isento nos termos da alínea i) do n1 do artigo 12.º do CIVA',0,'Isento nos termos da alínea i) do nº1 do artigo 12.º do CIVA',1,NULL,NULL),(442,12,'ISENTO','M19','M19 - Isento nos termos da alínea j) do nº1 do artigo 12.º do CIVA',0,'Isento nos termos da alínea j) do nº1 do artigo 12. do CIVA',1,NULL,NULL),(443,12,'ISENTO','M20','M20 - Isento nos termos da alnea k) do nº1 do artigo 12.º do CIVA',0,'Isento nos termos da alínea k) do n1 do artigo 12.º do CIVA',1,NULL,NULL),(444,12,'ISENTO','M21','M21 - Isento nos termos da alínea l) do nº1 do artigo 12.º do CIVA',0,'Isento nos termos da alínea l) do n1 do artigo 12.º do CIVA',1,NULL,NULL),(445,12,'ISENTO','M22','M22 - Isento nos termos da alínea m) do nº1 do artigo 12.º do CIVA',0,'Isento nos termos da alínea m) do nº1 do artigo 12.º do CIVA',1,NULL,NULL),(446,12,'ISENTO','M23','M23 - Isento nos termos da alínea n) do nº1 do artigo 12.º do CIVA',0,'Isento nos termos da alínea n) do nº1 do artigo 12.º do CIVA',1,NULL,NULL),(447,12,'ISENTO','M24','M24 - Isento nos termos da alínea o) do nº1 do artigo 12.º do CIVA',0,'Isento nos termos da alínea o) do nº1 do artigo 12.º do CIVA',1,NULL,NULL),(448,12,'ISENTO','M80','M80 - Isento nos termos da alínea a) do nº1 do artigo 14. do CIVA',0,'Isento nos termos da alnea a) do n1 do artigo 14.º do CIVA',1,NULL,NULL),(449,12,'ISENTO','M81','M81 - Isento nos termos da alínea b) do n1 do artigo 14.º do CIVA',0,'Isento nos termos da alínea b) do nº1 do artigo 14.º do CIVA',1,NULL,NULL),(450,12,'ISENTO','M82','M82 - Isento nos termos da alínea c) do n1 do artigo 14.º do CIVA',0,'Isento nos termos da alínea c) do nº1 do artigo 14.º do CIVA',1,NULL,NULL),(451,12,'ISENTO','M83','M83 - Isento nos termos da alínea d) do nº1 do artigo 14.º do CIVA',0,'Isento nos termos da alínea d) do nº1 do artigo 14.º do CIVA',1,NULL,NULL),(452,12,'ISENTO','M84','M84 - Isento nos termos da alínea e) do nº1 do artigo 14.º do CIVA',0,'Isento nos termos da alínea e) do nº1 do artigo 14.º do CIVA',1,NULL,NULL),(453,12,'ISENTO','M85','M85 - Isento nos termos da alínea a) do nº2 do artigo 14. do CIVA',0,'Isento nos termos da alnea a) do n2 do artigo 14.º do CIVA',1,NULL,NULL),(454,12,'ISENTO','M86','M86 - Isento nos termos da alínea b) do nº2 do artigo 14.º do CIVA',0,'Isento nos termos da alínea b) do n2 do artigo 14.º do CIVA',1,NULL,NULL),(455,12,'ISENTO','M30','M30 - Isento nos termos da alínea a) do artigo 15.º do CIVA',0,'Isento nos termos da alínea a) do artigo 15.º do CIVA',1,NULL,NULL),(456,12,'ISENTO','M31','M31 - Isento nos termos da alínea b) do artigo 15.º do CIVA',0,'Isento nos termos da alínea b) do artigo 15.º do CIVA',1,NULL,NULL),(457,12,'ISENTO','M32','M32 - Isento nos termos da alínea c) do artigo 15.º do CIVA',0,'Isento nos termos da alnea c) do artigo 15.º do CIVA',1,NULL,NULL),(458,12,'ISENTO','M33','M33 - Isento nos termos da alínea d) do artigo 15.º do CIVA',0,'Isento nos termos da alnea d) do artigo 15. do CIVA',1,NULL,NULL),(459,12,'ISENTO','M34','M34 - Isento nos termos da alnea e) do artigo 15.º do CIVA',0,'Isento nos termos da alínea e) do artigo 15.º do CIVA',1,NULL,NULL),(460,12,'ISENTO','M35','M35 - Isento nos termos da alínea f) do artigo 15. do CIVA',0,'Isento nos termos da alínea f) do artigo 15.º do CIVA',1,NULL,NULL),(461,12,'ISENTO','M36','M36 - Isento nos termos da alínea g) do artigo 15.º do CIVA',0,'Isento nos termos da alínea g) do artigo 15.º do CIVA',1,NULL,NULL),(462,12,'ISENTO','M37','M37 - Isento nos termos da alínea h) do artigo 15.º do CIVA',0,'Isento nos termos da alínea h) do artigo 15.º do CIVA',1,NULL,NULL),(463,12,'ISENTO','M38','M38 - Isento nos termos da alínea i) do artigo 15.º do CIVA',0,'Isento nos termos da alínea i) do artigo 15.º do CIVA',1,NULL,NULL),(464,12,'ISENTO','M90','M90 - Isento nos termos da alinea a) do nº1 do artigo 16.',0,'Isento nos termos da alinea a) do nº1 do artigo 16.º',1,NULL,NULL),(465,12,'ISENTO','M91','M91 - Isento nos termos da alinea b) do nº1 do artigo 16.º',0,'Isento nos termos da alinea b) do nº1 do artigo 16.º',1,NULL,NULL),(466,12,'ISENTO','M92','M92 - Isento nos termos da alinea c) do nº1 do artigo 16.',0,'Isento nos termos da alinea c) do nº1 do artigo 16.',1,NULL,NULL),(467,12,'ISENTO','M93','M93 - Isento nos termos da alinea d) do nº1 do artigo 16.º',0,'Isento nos termos da alinea d) do nº1 do artigo 16.º',1,NULL,NULL),(468,12,'ISENTO','M93','M94 - Isento nos termos da alinea e) do nº1 do artigo 16.',0,'Isento nos termos da alinea e) do nº1 do artigo 16.º',1,NULL,NULL),(469,13,'ISENTO','M00','M00 - Regime Simplificado',0,'Regime Simplificado',1,NULL,NULL),(470,13,'IVA','','IVA',14,'',1,NULL,NULL),(471,13,'ISENTO','M02','M02 - Transmissão de bens e serviço no sujeita',0,'Regime Simplificado',1,NULL,NULL),(472,13,'ISENTO','M04','M04 - Regime de Exclusão',0,'Regime Simplificado',1,NULL,NULL),(473,13,'ISENTO','M11','M11 - Isento nos termos da alínea b) do n1 do artigo 12.º do CIVA',0,'Isento nos termos da alínea b) do nº1 do artigo 12. do CIVA',1,NULL,NULL),(474,13,'ISENTO','M12','M12 - Isento nos termos da alnea c) do nº1 do artigo 12.º do CIVA',0,'Isento nos termos da alínea c) do nº1 do artigo 12.º do CIVA',1,NULL,NULL),(475,13,'ISENTO','M13','M13 - Isento nos termos da alínea d) do nº1 do artigo 12.º do CIVA',0,'Isento nos termos da alínea d) do nº1 do artigo 12.º do CIVA',1,NULL,NULL),(476,13,'ISENTO','M14','M14 - Isento nos termos da alínea e) do nº1 do artigo 12.º do CIVA',0,'Isento nos termos da alnea e) do nº1 do artigo 12.º do CIVA',1,NULL,NULL),(477,13,'ISENTO','M15','M15 - Isento nos termos da alínea f) do nº1 do artigo 12.º do CIVA',0,'Isento nos termos da alínea f) do nº1 do artigo 12.º do CIVA',1,NULL,NULL),(478,13,'ISENTO','M16','M16 - Isento nos termos da alínea g) do n1 do artigo 12.º do CIVA',0,'Isento nos termos da alnea g) do nº1 do artigo 12.º do CIVA',1,NULL,NULL),(479,13,'ISENTO','M17','M17 - Isento nos termos da alínea h) do nº1 do artigo 12.º do CIVA',0,'Isento nos termos da alínea h) do n1 do artigo 12.º do CIVA',1,NULL,NULL),(480,13,'ISENTO','M18','M18 - Isento nos termos da alínea i) do n1 do artigo 12.º do CIVA',0,'Isento nos termos da alínea i) do nº1 do artigo 12.º do CIVA',1,NULL,NULL),(481,13,'ISENTO','M19','M19 - Isento nos termos da alínea j) do nº1 do artigo 12.º do CIVA',0,'Isento nos termos da alínea j) do nº1 do artigo 12. do CIVA',1,NULL,NULL),(482,13,'ISENTO','M20','M20 - Isento nos termos da alnea k) do nº1 do artigo 12.º do CIVA',0,'Isento nos termos da alínea k) do n1 do artigo 12.º do CIVA',1,NULL,NULL),(483,13,'ISENTO','M21','M21 - Isento nos termos da alínea l) do nº1 do artigo 12.º do CIVA',0,'Isento nos termos da alínea l) do n1 do artigo 12.º do CIVA',1,NULL,NULL),(484,13,'ISENTO','M22','M22 - Isento nos termos da alínea m) do nº1 do artigo 12.º do CIVA',0,'Isento nos termos da alínea m) do nº1 do artigo 12.º do CIVA',1,NULL,NULL),(485,13,'ISENTO','M23','M23 - Isento nos termos da alínea n) do nº1 do artigo 12.º do CIVA',0,'Isento nos termos da alínea n) do nº1 do artigo 12.º do CIVA',1,NULL,NULL),(486,13,'ISENTO','M24','M24 - Isento nos termos da alínea o) do nº1 do artigo 12.º do CIVA',0,'Isento nos termos da alínea o) do nº1 do artigo 12.º do CIVA',1,NULL,NULL),(487,13,'ISENTO','M80','M80 - Isento nos termos da alínea a) do nº1 do artigo 14. do CIVA',0,'Isento nos termos da alnea a) do n1 do artigo 14.º do CIVA',1,NULL,NULL),(488,13,'ISENTO','M81','M81 - Isento nos termos da alínea b) do n1 do artigo 14.º do CIVA',0,'Isento nos termos da alínea b) do nº1 do artigo 14.º do CIVA',1,NULL,NULL),(489,13,'ISENTO','M82','M82 - Isento nos termos da alínea c) do n1 do artigo 14.º do CIVA',0,'Isento nos termos da alínea c) do nº1 do artigo 14.º do CIVA',1,NULL,NULL),(490,13,'ISENTO','M83','M83 - Isento nos termos da alínea d) do nº1 do artigo 14.º do CIVA',0,'Isento nos termos da alínea d) do nº1 do artigo 14.º do CIVA',1,NULL,NULL),(491,13,'ISENTO','M84','M84 - Isento nos termos da alínea e) do nº1 do artigo 14.º do CIVA',0,'Isento nos termos da alínea e) do nº1 do artigo 14.º do CIVA',1,NULL,NULL),(492,13,'ISENTO','M85','M85 - Isento nos termos da alínea a) do nº2 do artigo 14. do CIVA',0,'Isento nos termos da alnea a) do n2 do artigo 14.º do CIVA',1,NULL,NULL),(493,13,'ISENTO','M86','M86 - Isento nos termos da alínea b) do nº2 do artigo 14.º do CIVA',0,'Isento nos termos da alínea b) do n2 do artigo 14.º do CIVA',1,NULL,NULL),(494,13,'ISENTO','M30','M30 - Isento nos termos da alínea a) do artigo 15.º do CIVA',0,'Isento nos termos da alínea a) do artigo 15.º do CIVA',1,NULL,NULL),(495,13,'ISENTO','M31','M31 - Isento nos termos da alínea b) do artigo 15.º do CIVA',0,'Isento nos termos da alínea b) do artigo 15.º do CIVA',1,NULL,NULL),(496,13,'ISENTO','M32','M32 - Isento nos termos da alínea c) do artigo 15.º do CIVA',0,'Isento nos termos da alnea c) do artigo 15.º do CIVA',1,NULL,NULL),(497,13,'ISENTO','M33','M33 - Isento nos termos da alínea d) do artigo 15.º do CIVA',0,'Isento nos termos da alnea d) do artigo 15. do CIVA',1,NULL,NULL),(498,13,'ISENTO','M34','M34 - Isento nos termos da alnea e) do artigo 15.º do CIVA',0,'Isento nos termos da alínea e) do artigo 15.º do CIVA',1,NULL,NULL),(499,13,'ISENTO','M35','M35 - Isento nos termos da alínea f) do artigo 15. do CIVA',0,'Isento nos termos da alínea f) do artigo 15.º do CIVA',1,NULL,NULL),(500,13,'ISENTO','M36','M36 - Isento nos termos da alínea g) do artigo 15.º do CIVA',0,'Isento nos termos da alínea g) do artigo 15.º do CIVA',1,NULL,NULL),(501,13,'ISENTO','M37','M37 - Isento nos termos da alínea h) do artigo 15.º do CIVA',0,'Isento nos termos da alínea h) do artigo 15.º do CIVA',1,NULL,NULL),(502,13,'ISENTO','M38','M38 - Isento nos termos da alínea i) do artigo 15.º do CIVA',0,'Isento nos termos da alínea i) do artigo 15.º do CIVA',1,NULL,NULL),(503,13,'ISENTO','M90','M90 - Isento nos termos da alinea a) do nº1 do artigo 16.',0,'Isento nos termos da alinea a) do nº1 do artigo 16.º',1,NULL,NULL),(504,13,'ISENTO','M91','M91 - Isento nos termos da alinea b) do nº1 do artigo 16.º',0,'Isento nos termos da alinea b) do nº1 do artigo 16.º',1,NULL,NULL),(505,13,'ISENTO','M92','M92 - Isento nos termos da alinea c) do nº1 do artigo 16.',0,'Isento nos termos da alinea c) do nº1 do artigo 16.',1,NULL,NULL),(506,13,'ISENTO','M93','M93 - Isento nos termos da alinea d) do nº1 do artigo 16.º',0,'Isento nos termos da alinea d) do nº1 do artigo 16.º',1,NULL,NULL),(507,13,'ISENTO','M93','M94 - Isento nos termos da alinea e) do nº1 do artigo 16.',0,'Isento nos termos da alinea e) do nº1 do artigo 16.º',1,NULL,NULL),(508,14,'ISENTO','M00','M00 - Regime Simplificado',0,'Regime Simplificado',1,NULL,NULL),(509,14,'IVA','','IVA',14,'',1,NULL,NULL),(510,14,'ISENTO','M02','M02 - Transmissão de bens e serviço no sujeita',0,'Regime Simplificado',1,NULL,NULL),(511,14,'ISENTO','M04','M04 - Regime de Exclusão',0,'Regime Simplificado',1,NULL,NULL),(512,14,'ISENTO','M11','M11 - Isento nos termos da alínea b) do n1 do artigo 12.º do CIVA',0,'Isento nos termos da alínea b) do nº1 do artigo 12. do CIVA',1,NULL,NULL),(513,14,'ISENTO','M12','M12 - Isento nos termos da alnea c) do nº1 do artigo 12.º do CIVA',0,'Isento nos termos da alínea c) do nº1 do artigo 12.º do CIVA',1,NULL,NULL),(514,14,'ISENTO','M13','M13 - Isento nos termos da alínea d) do nº1 do artigo 12.º do CIVA',0,'Isento nos termos da alínea d) do nº1 do artigo 12.º do CIVA',1,NULL,NULL),(515,14,'ISENTO','M14','M14 - Isento nos termos da alínea e) do nº1 do artigo 12.º do CIVA',0,'Isento nos termos da alnea e) do nº1 do artigo 12.º do CIVA',1,NULL,NULL),(516,14,'ISENTO','M15','M15 - Isento nos termos da alínea f) do nº1 do artigo 12.º do CIVA',0,'Isento nos termos da alínea f) do nº1 do artigo 12.º do CIVA',1,NULL,NULL),(517,14,'ISENTO','M16','M16 - Isento nos termos da alínea g) do n1 do artigo 12.º do CIVA',0,'Isento nos termos da alnea g) do nº1 do artigo 12.º do CIVA',1,NULL,NULL),(518,14,'ISENTO','M17','M17 - Isento nos termos da alínea h) do nº1 do artigo 12.º do CIVA',0,'Isento nos termos da alínea h) do n1 do artigo 12.º do CIVA',1,NULL,NULL),(519,14,'ISENTO','M18','M18 - Isento nos termos da alínea i) do n1 do artigo 12.º do CIVA',0,'Isento nos termos da alínea i) do nº1 do artigo 12.º do CIVA',1,NULL,NULL),(520,14,'ISENTO','M19','M19 - Isento nos termos da alínea j) do nº1 do artigo 12.º do CIVA',0,'Isento nos termos da alínea j) do nº1 do artigo 12. do CIVA',1,NULL,NULL),(521,14,'ISENTO','M20','M20 - Isento nos termos da alnea k) do n1 do artigo 12.º do CIVA',0,'Isento nos termos da alínea k) do n1 do artigo 12.º do CIVA',1,NULL,NULL),(522,14,'ISENTO','M21','M21 - Isento nos termos da alínea l) do nº1 do artigo 12.º do CIVA',0,'Isento nos termos da alínea l) do n1 do artigo 12.º do CIVA',1,NULL,NULL),(523,14,'ISENTO','M22','M22 - Isento nos termos da alínea m) do nº1 do artigo 12.º do CIVA',0,'Isento nos termos da alínea m) do nº1 do artigo 12.º do CIVA',1,NULL,NULL),(524,14,'ISENTO','M23','M23 - Isento nos termos da alínea n) do nº1 do artigo 12.º do CIVA',0,'Isento nos termos da alínea n) do nº1 do artigo 12.º do CIVA',1,NULL,NULL),(525,14,'ISENTO','M24','M24 - Isento nos termos da alínea o) do nº1 do artigo 12.º do CIVA',0,'Isento nos termos da alínea o) do n1 do artigo 12.º do CIVA',1,NULL,NULL),(526,14,'ISENTO','M80','M80 - Isento nos termos da alínea a) do nº1 do artigo 14. do CIVA',0,'Isento nos termos da alnea a) do n1 do artigo 14.º do CIVA',1,NULL,NULL),(527,14,'ISENTO','M81','M81 - Isento nos termos da alínea b) do n1 do artigo 14.º do CIVA',0,'Isento nos termos da alínea b) do nº1 do artigo 14.º do CIVA',1,NULL,NULL),(528,14,'ISENTO','M82','M82 - Isento nos termos da alínea c) do n1 do artigo 14.º do CIVA',0,'Isento nos termos da alínea c) do nº1 do artigo 14.º do CIVA',1,NULL,NULL),(529,14,'ISENTO','M83','M83 - Isento nos termos da alínea d) do nº1 do artigo 14.º do CIVA',0,'Isento nos termos da alínea d) do nº1 do artigo 14.º do CIVA',1,NULL,NULL),(530,14,'ISENTO','M84','M84 - Isento nos termos da alínea e) do nº1 do artigo 14.º do CIVA',0,'Isento nos termos da alínea e) do nº1 do artigo 14.º do CIVA',1,NULL,NULL),(531,14,'ISENTO','M85','M85 - Isento nos termos da alínea a) do n2 do artigo 14. do CIVA',0,'Isento nos termos da alnea a) do n2 do artigo 14.º do CIVA',1,NULL,NULL),(532,14,'ISENTO','M86','M86 - Isento nos termos da alínea b) do nº2 do artigo 14.º do CIVA',0,'Isento nos termos da alínea b) do n2 do artigo 14.º do CIVA',1,NULL,NULL),(533,14,'ISENTO','M30','M30 - Isento nos termos da alínea a) do artigo 15.º do CIVA',0,'Isento nos termos da alínea a) do artigo 15.º do CIVA',1,NULL,NULL),(534,14,'ISENTO','M31','M31 - Isento nos termos da alínea b) do artigo 15.º do CIVA',0,'Isento nos termos da alínea b) do artigo 15.º do CIVA',1,NULL,NULL),(535,14,'ISENTO','M32','M32 - Isento nos termos da alínea c) do artigo 15.º do CIVA',0,'Isento nos termos da alnea c) do artigo 15.º do CIVA',1,NULL,NULL),(536,14,'ISENTO','M33','M33 - Isento nos termos da alínea d) do artigo 15.º do CIVA',0,'Isento nos termos da alnea d) do artigo 15. do CIVA',1,NULL,NULL),(537,14,'ISENTO','M34','M34 - Isento nos termos da alnea e) do artigo 15.º do CIVA',0,'Isento nos termos da alínea e) do artigo 15.º do CIVA',1,NULL,NULL),(538,14,'ISENTO','M35','M35 - Isento nos termos da alínea f) do artigo 15. do CIVA',0,'Isento nos termos da alínea f) do artigo 15.º do CIVA',1,NULL,NULL),(539,14,'ISENTO','M36','M36 - Isento nos termos da alínea g) do artigo 15.º do CIVA',0,'Isento nos termos da alínea g) do artigo 15.º do CIVA',1,NULL,NULL),(540,14,'ISENTO','M37','M37 - Isento nos termos da alínea h) do artigo 15.º do CIVA',0,'Isento nos termos da alínea h) do artigo 15.º do CIVA',1,NULL,NULL),(541,14,'ISENTO','M38','M38 - Isento nos termos da alínea i) do artigo 15.º do CIVA',0,'Isento nos termos da alínea i) do artigo 15.º do CIVA',1,NULL,NULL),(542,14,'ISENTO','M90','M90 - Isento nos termos da alinea a) do nº1 do artigo 16.',0,'Isento nos termos da alinea a) do n1 do artigo 16.º',1,NULL,NULL),(543,14,'ISENTO','M91','M91 - Isento nos termos da alinea b) do nº1 do artigo 16.º',0,'Isento nos termos da alinea b) do nº1 do artigo 16.º',1,NULL,NULL),(544,14,'ISENTO','M92','M92 - Isento nos termos da alinea c) do nº1 do artigo 16.',0,'Isento nos termos da alinea c) do nº1 do artigo 16.',1,NULL,NULL),(545,14,'ISENTO','M93','M93 - Isento nos termos da alinea d) do nº1 do artigo 16.º',0,'Isento nos termos da alinea d) do n1 do artigo 16.º',1,NULL,NULL),(546,14,'ISENTO','M93','M94 - Isento nos termos da alinea e) do nº1 do artigo 16.',0,'Isento nos termos da alinea e) do nº1 do artigo 16.º',1,NULL,NULL),(547,15,'ISENTO','M00','M00 - Regime Simplificado',0,'Regime Simplificado',1,NULL,NULL),(548,15,'IVA','','IVA',14,'',1,NULL,NULL),(549,15,'ISENTO','M02','M02 - Transmissão de bens e serviço no sujeita',0,'Regime Simplificado',1,NULL,NULL),(550,15,'ISENTO','M04','M04 - Regime de Exclusão',0,'Regime Simplificado',1,NULL,NULL),(551,15,'ISENTO','M11','M11 - Isento nos termos da alínea b) do n1 do artigo 12.º do CIVA',0,'Isento nos termos da alínea b) do nº1 do artigo 12. do CIVA',1,NULL,NULL),(552,15,'ISENTO','M12','M12 - Isento nos termos da alnea c) do nº1 do artigo 12.º do CIVA',0,'Isento nos termos da alínea c) do nº1 do artigo 12.º do CIVA',1,NULL,NULL),(553,15,'ISENTO','M13','M13 - Isento nos termos da alínea d) do n1 do artigo 12.º do CIVA',0,'Isento nos termos da alínea d) do nº1 do artigo 12.º do CIVA',1,NULL,NULL),(554,15,'ISENTO','M14','M14 - Isento nos termos da alínea e) do nº1 do artigo 12.º do CIVA',0,'Isento nos termos da alnea e) do nº1 do artigo 12.º do CIVA',1,NULL,NULL),(555,15,'ISENTO','M15','M15 - Isento nos termos da alínea f) do nº1 do artigo 12.º do CIVA',0,'Isento nos termos da alínea f) do nº1 do artigo 12.º do CIVA',1,NULL,NULL),(556,15,'ISENTO','M16','M16 - Isento nos termos da alínea g) do n1 do artigo 12.º do CIVA',0,'Isento nos termos da alnea g) do nº1 do artigo 12.º do CIVA',1,NULL,NULL),(557,15,'ISENTO','M17','M17 - Isento nos termos da alínea h) do nº1 do artigo 12.º do CIVA',0,'Isento nos termos da alínea h) do n1 do artigo 12.º do CIVA',1,NULL,NULL),(558,15,'ISENTO','M18','M18 - Isento nos termos da alínea i) do n1 do artigo 12.º do CIVA',0,'Isento nos termos da alínea i) do nº1 do artigo 12.º do CIVA',1,NULL,NULL),(559,15,'ISENTO','M19','M19 - Isento nos termos da alínea j) do nº1 do artigo 12.º do CIVA',0,'Isento nos termos da alínea j) do nº1 do artigo 12. do CIVA',1,NULL,NULL),(560,15,'ISENTO','M20','M20 - Isento nos termos da alnea k) do n1 do artigo 12.º do CIVA',0,'Isento nos termos da alínea k) do n1 do artigo 12.º do CIVA',1,NULL,NULL),(561,15,'ISENTO','M21','M21 - Isento nos termos da alínea l) do nº1 do artigo 12.º do CIVA',0,'Isento nos termos da alínea l) do n1 do artigo 12.º do CIVA',1,NULL,NULL),(562,15,'ISENTO','M22','M22 - Isento nos termos da alínea m) do nº1 do artigo 12.º do CIVA',0,'Isento nos termos da alínea m) do nº1 do artigo 12.º do CIVA',1,NULL,NULL),(563,15,'ISENTO','M23','M23 - Isento nos termos da alínea n) do nº1 do artigo 12.º do CIVA',0,'Isento nos termos da alínea n) do nº1 do artigo 12.º do CIVA',1,NULL,NULL),(564,15,'ISENTO','M24','M24 - Isento nos termos da alínea o) do nº1 do artigo 12.º do CIVA',0,'Isento nos termos da alínea o) do n1 do artigo 12.º do CIVA',1,NULL,NULL),(565,15,'ISENTO','M80','M80 - Isento nos termos da alínea a) do nº1 do artigo 14. do CIVA',0,'Isento nos termos da alnea a) do n1 do artigo 14.º do CIVA',1,NULL,NULL),(566,15,'ISENTO','M81','M81 - Isento nos termos da alínea b) do n1 do artigo 14.º do CIVA',0,'Isento nos termos da alínea b) do nº1 do artigo 14.º do CIVA',1,NULL,NULL),(567,15,'ISENTO','M82','M82 - Isento nos termos da alínea c) do n1 do artigo 14.º do CIVA',0,'Isento nos termos da alínea c) do nº1 do artigo 14.º do CIVA',1,NULL,NULL),(568,15,'ISENTO','M83','M83 - Isento nos termos da alínea d) do nº1 do artigo 14.º do CIVA',0,'Isento nos termos da alínea d) do nº1 do artigo 14.º do CIVA',1,NULL,NULL),(569,15,'ISENTO','M84','M84 - Isento nos termos da alínea e) do n1 do artigo 14.º do CIVA',0,'Isento nos termos da alínea e) do nº1 do artigo 14.º do CIVA',1,NULL,NULL),(570,15,'ISENTO','M85','M85 - Isento nos termos da alínea a) do n2 do artigo 14. do CIVA',0,'Isento nos termos da alnea a) do n2 do artigo 14.º do CIVA',1,NULL,NULL),(571,15,'ISENTO','M86','M86 - Isento nos termos da alínea b) do nº2 do artigo 14.º do CIVA',0,'Isento nos termos da alínea b) do n2 do artigo 14.º do CIVA',1,NULL,NULL),(572,15,'ISENTO','M30','M30 - Isento nos termos da alínea a) do artigo 15.º do CIVA',0,'Isento nos termos da alínea a) do artigo 15.º do CIVA',1,NULL,NULL),(573,15,'ISENTO','M31','M31 - Isento nos termos da alínea b) do artigo 15.º do CIVA',0,'Isento nos termos da alínea b) do artigo 15.º do CIVA',1,NULL,NULL),(574,15,'ISENTO','M32','M32 - Isento nos termos da alínea c) do artigo 15.º do CIVA',0,'Isento nos termos da alnea c) do artigo 15.º do CIVA',1,NULL,NULL),(575,15,'ISENTO','M33','M33 - Isento nos termos da alínea d) do artigo 15.º do CIVA',0,'Isento nos termos da alnea d) do artigo 15. do CIVA',1,NULL,NULL),(576,15,'ISENTO','M34','M34 - Isento nos termos da alnea e) do artigo 15.º do CIVA',0,'Isento nos termos da alínea e) do artigo 15.º do CIVA',1,NULL,NULL),(577,15,'ISENTO','M35','M35 - Isento nos termos da alínea f) do artigo 15. do CIVA',0,'Isento nos termos da alínea f) do artigo 15.º do CIVA',1,NULL,NULL),(578,15,'ISENTO','M36','M36 - Isento nos termos da alínea g) do artigo 15.º do CIVA',0,'Isento nos termos da alínea g) do artigo 15.º do CIVA',1,NULL,NULL),(579,15,'ISENTO','M37','M37 - Isento nos termos da alínea h) do artigo 15.º do CIVA',0,'Isento nos termos da alínea h) do artigo 15.º do CIVA',1,NULL,NULL),(580,15,'ISENTO','M38','M38 - Isento nos termos da alínea i) do artigo 15.º do CIVA',0,'Isento nos termos da alínea i) do artigo 15.º do CIVA',1,NULL,NULL),(581,15,'ISENTO','M90','M90 - Isento nos termos da alinea a) do nº1 do artigo 16.',0,'Isento nos termos da alinea a) do n1 do artigo 16.º',1,NULL,NULL),(582,15,'ISENTO','M91','M91 - Isento nos termos da alinea b) do nº1 do artigo 16.º',0,'Isento nos termos da alinea b) do nº1 do artigo 16.º',1,NULL,NULL),(583,15,'ISENTO','M92','M92 - Isento nos termos da alinea c) do nº1 do artigo 16.',0,'Isento nos termos da alinea c) do nº1 do artigo 16.',1,NULL,NULL),(584,15,'ISENTO','M93','M93 - Isento nos termos da alinea d) do nº1 do artigo 16.º',0,'Isento nos termos da alinea d) do n1 do artigo 16.º',1,NULL,NULL),(585,15,'ISENTO','M93','M94 - Isento nos termos da alinea e) do nº1 do artigo 16.',0,'Isento nos termos da alinea e) do nº1 do artigo 16.º',1,NULL,NULL),(586,16,'ISENTO','M00','M00 - Regime Simplificado',0,'Regime Simplificado',1,NULL,NULL),(587,16,'IVA','','IVA',14,'',1,NULL,NULL),(588,16,'ISENTO','M02','M02 - Transmissão de bens e serviço no sujeita',0,'Regime Simplificado',1,NULL,NULL),(589,16,'ISENTO','M04','M04 - Regime de Exclusão',0,'Regime Simplificado',1,NULL,NULL),(590,16,'ISENTO','M11','M11 - Isento nos termos da alínea b) do n1 do artigo 12.º do CIVA',0,'Isento nos termos da alínea b) do nº1 do artigo 12. do CIVA',1,NULL,NULL),(591,16,'ISENTO','M12','M12 - Isento nos termos da alnea c) do nº1 do artigo 12.º do CIVA',0,'Isento nos termos da alínea c) do nº1 do artigo 12.º do CIVA',1,NULL,NULL),(592,16,'ISENTO','M13','M13 - Isento nos termos da alínea d) do n1 do artigo 12.º do CIVA',0,'Isento nos termos da alínea d) do nº1 do artigo 12.º do CIVA',1,NULL,NULL),(593,16,'ISENTO','M14','M14 - Isento nos termos da alínea e) do nº1 do artigo 12.º do CIVA',0,'Isento nos termos da alnea e) do nº1 do artigo 12.º do CIVA',1,NULL,NULL),(594,16,'ISENTO','M15','M15 - Isento nos termos da alínea f) do nº1 do artigo 12.º do CIVA',0,'Isento nos termos da alínea f) do nº1 do artigo 12.º do CIVA',1,NULL,NULL),(595,16,'ISENTO','M16','M16 - Isento nos termos da alínea g) do n1 do artigo 12.º do CIVA',0,'Isento nos termos da alnea g) do nº1 do artigo 12.º do CIVA',1,NULL,NULL),(596,16,'ISENTO','M17','M17 - Isento nos termos da alínea h) do nº1 do artigo 12.º do CIVA',0,'Isento nos termos da alínea h) do n1 do artigo 12.º do CIVA',1,NULL,NULL),(597,16,'ISENTO','M18','M18 - Isento nos termos da alínea i) do n1 do artigo 12.º do CIVA',0,'Isento nos termos da alínea i) do nº1 do artigo 12.º do CIVA',1,NULL,NULL),(598,16,'ISENTO','M19','M19 - Isento nos termos da alínea j) do nº1 do artigo 12.º do CIVA',0,'Isento nos termos da alínea j) do nº1 do artigo 12. do CIVA',1,NULL,NULL),(599,16,'ISENTO','M20','M20 - Isento nos termos da alnea k) do n1 do artigo 12.º do CIVA',0,'Isento nos termos da alínea k) do n1 do artigo 12.º do CIVA',1,NULL,NULL),(600,16,'ISENTO','M21','M21 - Isento nos termos da alínea l) do nº1 do artigo 12.º do CIVA',0,'Isento nos termos da alínea l) do n1 do artigo 12.º do CIVA',1,NULL,NULL),(601,16,'ISENTO','M22','M22 - Isento nos termos da alínea m) do nº1 do artigo 12.º do CIVA',0,'Isento nos termos da alínea m) do nº1 do artigo 12.º do CIVA',1,NULL,NULL),(602,16,'ISENTO','M23','M23 - Isento nos termos da alínea n) do nº1 do artigo 12.º do CIVA',0,'Isento nos termos da alínea n) do nº1 do artigo 12.º do CIVA',1,NULL,NULL),(603,16,'ISENTO','M24','M24 - Isento nos termos da alínea o) do nº1 do artigo 12.º do CIVA',0,'Isento nos termos da alínea o) do n1 do artigo 12.º do CIVA',1,NULL,NULL),(604,16,'ISENTO','M80','M80 - Isento nos termos da alínea a) do nº1 do artigo 14. do CIVA',0,'Isento nos termos da alnea a) do n1 do artigo 14.º do CIVA',1,NULL,NULL),(605,16,'ISENTO','M81','M81 - Isento nos termos da alínea b) do n1 do artigo 14.º do CIVA',0,'Isento nos termos da alínea b) do nº1 do artigo 14.º do CIVA',1,NULL,NULL),(606,16,'ISENTO','M82','M82 - Isento nos termos da alínea c) do n1 do artigo 14.º do CIVA',0,'Isento nos termos da alínea c) do nº1 do artigo 14.º do CIVA',1,NULL,NULL),(607,16,'ISENTO','M83','M83 - Isento nos termos da alínea d) do nº1 do artigo 14.º do CIVA',0,'Isento nos termos da alínea d) do nº1 do artigo 14.º do CIVA',1,NULL,NULL),(608,16,'ISENTO','M84','M84 - Isento nos termos da alínea e) do n1 do artigo 14.º do CIVA',0,'Isento nos termos da alínea e) do nº1 do artigo 14.º do CIVA',1,NULL,NULL),(609,16,'ISENTO','M85','M85 - Isento nos termos da alínea a) do n2 do artigo 14. do CIVA',0,'Isento nos termos da alnea a) do n2 do artigo 14.º do CIVA',1,NULL,NULL),(610,16,'ISENTO','M86','M86 - Isento nos termos da alínea b) do nº2 do artigo 14.º do CIVA',0,'Isento nos termos da alínea b) do n2 do artigo 14.º do CIVA',1,NULL,NULL),(611,16,'ISENTO','M30','M30 - Isento nos termos da alínea a) do artigo 15.º do CIVA',0,'Isento nos termos da alínea a) do artigo 15.º do CIVA',1,NULL,NULL),(612,16,'ISENTO','M31','M31 - Isento nos termos da alínea b) do artigo 15.º do CIVA',0,'Isento nos termos da alínea b) do artigo 15.º do CIVA',1,NULL,NULL),(613,16,'ISENTO','M32','M32 - Isento nos termos da alínea c) do artigo 15.º do CIVA',0,'Isento nos termos da alnea c) do artigo 15.º do CIVA',1,NULL,NULL),(614,16,'ISENTO','M33','M33 - Isento nos termos da alínea d) do artigo 15.º do CIVA',0,'Isento nos termos da alnea d) do artigo 15. do CIVA',1,NULL,NULL),(615,16,'ISENTO','M34','M34 - Isento nos termos da alnea e) do artigo 15.º do CIVA',0,'Isento nos termos da alínea e) do artigo 15.º do CIVA',1,NULL,NULL),(616,16,'ISENTO','M35','M35 - Isento nos termos da alínea f) do artigo 15. do CIVA',0,'Isento nos termos da alínea f) do artigo 15.º do CIVA',1,NULL,NULL),(617,16,'ISENTO','M36','M36 - Isento nos termos da alínea g) do artigo 15.º do CIVA',0,'Isento nos termos da alínea g) do artigo 15.º do CIVA',1,NULL,NULL),(618,16,'ISENTO','M37','M37 - Isento nos termos da alínea h) do artigo 15.º do CIVA',0,'Isento nos termos da alínea h) do artigo 15.º do CIVA',1,NULL,NULL),(619,16,'ISENTO','M38','M38 - Isento nos termos da alínea i) do artigo 15.º do CIVA',0,'Isento nos termos da alínea i) do artigo 15.º do CIVA',1,NULL,NULL),(620,16,'ISENTO','M90','M90 - Isento nos termos da alinea a) do nº1 do artigo 16.',0,'Isento nos termos da alinea a) do n1 do artigo 16.º',1,NULL,NULL),(621,16,'ISENTO','M91','M91 - Isento nos termos da alinea b) do nº1 do artigo 16.º',0,'Isento nos termos da alinea b) do nº1 do artigo 16.º',1,NULL,NULL),(622,16,'ISENTO','M92','M92 - Isento nos termos da alinea c) do nº1 do artigo 16.',0,'Isento nos termos da alinea c) do nº1 do artigo 16.',1,NULL,NULL),(623,16,'ISENTO','M93','M93 - Isento nos termos da alinea d) do nº1 do artigo 16.º',0,'Isento nos termos da alinea d) do n1 do artigo 16.º',1,NULL,NULL),(624,16,'ISENTO','M93','M94 - Isento nos termos da alinea e) do nº1 do artigo 16.',0,'Isento nos termos da alinea e) do nº1 do artigo 16.º',1,NULL,NULL),(625,17,'ISENTO','M00','M00 - Regime Simplificado',0,'Regime Simplificado',1,NULL,NULL),(626,17,'IVA','','IVA',14,'',1,NULL,NULL),(627,17,'ISENTO','M02','M02 - Transmissão de bens e serviço no sujeita',0,'Regime Simplificado',1,NULL,NULL),(628,17,'ISENTO','M04','M04 - Regime de Exclusão',0,'Regime Simplificado',1,NULL,NULL),(629,17,'ISENTO','M11','M11 - Isento nos termos da alínea b) do n1 do artigo 12.º do CIVA',0,'Isento nos termos da alínea b) do nº1 do artigo 12. do CIVA',1,NULL,NULL),(630,17,'ISENTO','M12','M12 - Isento nos termos da alnea c) do nº1 do artigo 12.º do CIVA',0,'Isento nos termos da alínea c) do nº1 do artigo 12.º do CIVA',1,NULL,NULL),(631,17,'ISENTO','M13','M13 - Isento nos termos da alínea d) do n1 do artigo 12.º do CIVA',0,'Isento nos termos da alínea d) do nº1 do artigo 12.º do CIVA',1,NULL,NULL),(632,17,'ISENTO','M14','M14 - Isento nos termos da alínea e) do nº1 do artigo 12.º do CIVA',0,'Isento nos termos da alnea e) do nº1 do artigo 12.º do CIVA',1,NULL,NULL),(633,17,'ISENTO','M15','M15 - Isento nos termos da alínea f) do nº1 do artigo 12.º do CIVA',0,'Isento nos termos da alínea f) do nº1 do artigo 12.º do CIVA',1,NULL,NULL),(634,17,'ISENTO','M16','M16 - Isento nos termos da alínea g) do n1 do artigo 12.º do CIVA',0,'Isento nos termos da alnea g) do nº1 do artigo 12.º do CIVA',1,NULL,NULL),(635,17,'ISENTO','M17','M17 - Isento nos termos da alínea h) do nº1 do artigo 12.º do CIVA',0,'Isento nos termos da alínea h) do n1 do artigo 12.º do CIVA',1,NULL,NULL),(636,17,'ISENTO','M18','M18 - Isento nos termos da alínea i) do n1 do artigo 12.º do CIVA',0,'Isento nos termos da alínea i) do nº1 do artigo 12.º do CIVA',1,NULL,NULL),(637,17,'ISENTO','M19','M19 - Isento nos termos da alínea j) do nº1 do artigo 12.º do CIVA',0,'Isento nos termos da alínea j) do nº1 do artigo 12. do CIVA',1,NULL,NULL),(638,17,'ISENTO','M20','M20 - Isento nos termos da alnea k) do n1 do artigo 12.º do CIVA',0,'Isento nos termos da alínea k) do n1 do artigo 12.º do CIVA',1,NULL,NULL),(639,17,'ISENTO','M21','M21 - Isento nos termos da alínea l) do nº1 do artigo 12.º do CIVA',0,'Isento nos termos da alínea l) do n1 do artigo 12.º do CIVA',1,NULL,NULL),(640,17,'ISENTO','M22','M22 - Isento nos termos da alínea m) do nº1 do artigo 12.º do CIVA',0,'Isento nos termos da alínea m) do nº1 do artigo 12.º do CIVA',1,NULL,NULL),(641,17,'ISENTO','M23','M23 - Isento nos termos da alínea n) do nº1 do artigo 12.º do CIVA',0,'Isento nos termos da alínea n) do nº1 do artigo 12.º do CIVA',1,NULL,NULL),(642,17,'ISENTO','M24','M24 - Isento nos termos da alínea o) do nº1 do artigo 12.º do CIVA',0,'Isento nos termos da alínea o) do n1 do artigo 12.º do CIVA',1,NULL,NULL),(643,17,'ISENTO','M80','M80 - Isento nos termos da alínea a) do nº1 do artigo 14. do CIVA',0,'Isento nos termos da alnea a) do n1 do artigo 14.º do CIVA',1,NULL,NULL),(644,17,'ISENTO','M81','M81 - Isento nos termos da alínea b) do n1 do artigo 14.º do CIVA',0,'Isento nos termos da alínea b) do nº1 do artigo 14.º do CIVA',1,NULL,NULL),(645,17,'ISENTO','M82','M82 - Isento nos termos da alínea c) do n1 do artigo 14.º do CIVA',0,'Isento nos termos da alínea c) do nº1 do artigo 14.º do CIVA',1,NULL,NULL),(646,17,'ISENTO','M83','M83 - Isento nos termos da alínea d) do nº1 do artigo 14.º do CIVA',0,'Isento nos termos da alínea d) do nº1 do artigo 14.º do CIVA',1,NULL,NULL),(647,17,'ISENTO','M84','M84 - Isento nos termos da alínea e) do n1 do artigo 14.º do CIVA',0,'Isento nos termos da alínea e) do nº1 do artigo 14.º do CIVA',1,NULL,NULL),(648,17,'ISENTO','M85','M85 - Isento nos termos da alínea a) do n2 do artigo 14. do CIVA',0,'Isento nos termos da alnea a) do n2 do artigo 14.º do CIVA',1,NULL,NULL),(649,17,'ISENTO','M86','M86 - Isento nos termos da alínea b) do nº2 do artigo 14.º do CIVA',0,'Isento nos termos da alínea b) do n2 do artigo 14.º do CIVA',1,NULL,NULL),(650,17,'ISENTO','M30','M30 - Isento nos termos da alínea a) do artigo 15.º do CIVA',0,'Isento nos termos da alínea a) do artigo 15.º do CIVA',1,NULL,NULL),(651,17,'ISENTO','M31','M31 - Isento nos termos da alínea b) do artigo 15.º do CIVA',0,'Isento nos termos da alínea b) do artigo 15.º do CIVA',1,NULL,NULL),(652,17,'ISENTO','M32','M32 - Isento nos termos da alínea c) do artigo 15.º do CIVA',0,'Isento nos termos da alnea c) do artigo 15.º do CIVA',1,NULL,NULL),(653,17,'ISENTO','M33','M33 - Isento nos termos da alínea d) do artigo 15.º do CIVA',0,'Isento nos termos da alnea d) do artigo 15. do CIVA',1,NULL,NULL),(654,17,'ISENTO','M34','M34 - Isento nos termos da alnea e) do artigo 15.º do CIVA',0,'Isento nos termos da alínea e) do artigo 15.º do CIVA',1,NULL,NULL),(655,17,'ISENTO','M35','M35 - Isento nos termos da alínea f) do artigo 15. do CIVA',0,'Isento nos termos da alínea f) do artigo 15.º do CIVA',1,NULL,NULL),(656,17,'ISENTO','M36','M36 - Isento nos termos da alínea g) do artigo 15.º do CIVA',0,'Isento nos termos da alínea g) do artigo 15.º do CIVA',1,NULL,NULL),(657,17,'ISENTO','M37','M37 - Isento nos termos da alínea h) do artigo 15.º do CIVA',0,'Isento nos termos da alínea h) do artigo 15.º do CIVA',1,NULL,NULL),(658,17,'ISENTO','M38','M38 - Isento nos termos da alínea i) do artigo 15.º do CIVA',0,'Isento nos termos da alínea i) do artigo 15.º do CIVA',1,NULL,NULL),(659,17,'ISENTO','M90','M90 - Isento nos termos da alinea a) do nº1 do artigo 16.',0,'Isento nos termos da alinea a) do n1 do artigo 16.º',1,NULL,NULL),(660,17,'ISENTO','M91','M91 - Isento nos termos da alinea b) do nº1 do artigo 16.º',0,'Isento nos termos da alinea b) do nº1 do artigo 16.º',1,NULL,NULL),(661,17,'ISENTO','M92','M92 - Isento nos termos da alinea c) do nº1 do artigo 16.',0,'Isento nos termos da alinea c) do nº1 do artigo 16.',1,NULL,NULL),(662,17,'ISENTO','M93','M93 - Isento nos termos da alinea d) do nº1 do artigo 16.º',0,'Isento nos termos da alinea d) do n1 do artigo 16.º',1,NULL,NULL),(663,17,'ISENTO','M93','M94 - Isento nos termos da alinea e) do nº1 do artigo 16.',0,'Isento nos termos da alinea e) do nº1 do artigo 16.º',1,NULL,NULL),(664,18,'ISENTO','M00','M00 - Regime Simplificado',0,'Regime Simplificado',1,NULL,NULL),(665,18,'IVA','','IVA',14,'',1,NULL,NULL),(666,18,'ISENTO','M02','M02 - Transmissão de bens e serviço no sujeita',0,'Regime Simplificado',1,NULL,NULL),(667,18,'ISENTO','M04','M04 - Regime de Exclusão',0,'Regime Simplificado',1,NULL,NULL),(668,18,'ISENTO','M11','M11 - Isento nos termos da alínea b) do n1 do artigo 12.º do CIVA',0,'Isento nos termos da alínea b) do nº1 do artigo 12. do CIVA',1,NULL,NULL),(669,18,'ISENTO','M12','M12 - Isento nos termos da alnea c) do nº1 do artigo 12.º do CIVA',0,'Isento nos termos da alínea c) do nº1 do artigo 12.º do CIVA',1,NULL,NULL),(670,18,'ISENTO','M13','M13 - Isento nos termos da alínea d) do n1 do artigo 12.º do CIVA',0,'Isento nos termos da alínea d) do nº1 do artigo 12.º do CIVA',1,NULL,NULL),(671,18,'ISENTO','M14','M14 - Isento nos termos da alínea e) do nº1 do artigo 12.º do CIVA',0,'Isento nos termos da alnea e) do nº1 do artigo 12.º do CIVA',1,NULL,NULL),(672,18,'ISENTO','M15','M15 - Isento nos termos da alínea f) do nº1 do artigo 12.º do CIVA',0,'Isento nos termos da alínea f) do nº1 do artigo 12.º do CIVA',1,NULL,NULL),(673,18,'ISENTO','M16','M16 - Isento nos termos da alínea g) do n1 do artigo 12.º do CIVA',0,'Isento nos termos da alnea g) do nº1 do artigo 12.º do CIVA',1,NULL,NULL),(674,18,'ISENTO','M17','M17 - Isento nos termos da alínea h) do nº1 do artigo 12.º do CIVA',0,'Isento nos termos da alínea h) do n1 do artigo 12.º do CIVA',1,NULL,NULL),(675,18,'ISENTO','M18','M18 - Isento nos termos da alínea i) do n1 do artigo 12.º do CIVA',0,'Isento nos termos da alínea i) do nº1 do artigo 12.º do CIVA',1,NULL,NULL),(676,18,'ISENTO','M19','M19 - Isento nos termos da alínea j) do nº1 do artigo 12.º do CIVA',0,'Isento nos termos da alínea j) do nº1 do artigo 12. do CIVA',1,NULL,NULL),(677,18,'ISENTO','M20','M20 - Isento nos termos da alnea k) do n1 do artigo 12.º do CIVA',0,'Isento nos termos da alínea k) do n1 do artigo 12.º do CIVA',1,NULL,NULL),(678,18,'ISENTO','M21','M21 - Isento nos termos da alínea l) do nº1 do artigo 12.º do CIVA',0,'Isento nos termos da alínea l) do n1 do artigo 12.º do CIVA',1,NULL,NULL),(679,18,'ISENTO','M22','M22 - Isento nos termos da alínea m) do nº1 do artigo 12.º do CIVA',0,'Isento nos termos da alínea m) do nº1 do artigo 12.º do CIVA',1,NULL,NULL),(680,18,'ISENTO','M23','M23 - Isento nos termos da alínea n) do nº1 do artigo 12.º do CIVA',0,'Isento nos termos da alínea n) do nº1 do artigo 12.º do CIVA',1,NULL,NULL),(681,18,'ISENTO','M24','M24 - Isento nos termos da alínea o) do nº1 do artigo 12.º do CIVA',0,'Isento nos termos da alínea o) do n1 do artigo 12.º do CIVA',1,NULL,NULL),(682,18,'ISENTO','M80','M80 - Isento nos termos da alínea a) do nº1 do artigo 14. do CIVA',0,'Isento nos termos da alnea a) do n1 do artigo 14.º do CIVA',1,NULL,NULL),(683,18,'ISENTO','M81','M81 - Isento nos termos da alínea b) do n1 do artigo 14.º do CIVA',0,'Isento nos termos da alínea b) do nº1 do artigo 14.º do CIVA',1,NULL,NULL),(684,18,'ISENTO','M82','M82 - Isento nos termos da alínea c) do n1 do artigo 14.º do CIVA',0,'Isento nos termos da alínea c) do nº1 do artigo 14.º do CIVA',1,NULL,NULL),(685,18,'ISENTO','M83','M83 - Isento nos termos da alínea d) do nº1 do artigo 14.º do CIVA',0,'Isento nos termos da alínea d) do nº1 do artigo 14.º do CIVA',1,NULL,NULL),(686,18,'ISENTO','M84','M84 - Isento nos termos da alínea e) do n1 do artigo 14.º do CIVA',0,'Isento nos termos da alínea e) do nº1 do artigo 14.º do CIVA',1,NULL,NULL),(687,18,'ISENTO','M85','M85 - Isento nos termos da alínea a) do n2 do artigo 14. do CIVA',0,'Isento nos termos da alnea a) do n2 do artigo 14.º do CIVA',1,NULL,NULL),(688,18,'ISENTO','M86','M86 - Isento nos termos da alínea b) do nº2 do artigo 14.º do CIVA',0,'Isento nos termos da alínea b) do n2 do artigo 14.º do CIVA',1,NULL,NULL),(689,18,'ISENTO','M30','M30 - Isento nos termos da alínea a) do artigo 15.º do CIVA',0,'Isento nos termos da alínea a) do artigo 15.º do CIVA',1,NULL,NULL),(690,18,'ISENTO','M31','M31 - Isento nos termos da alínea b) do artigo 15.º do CIVA',0,'Isento nos termos da alínea b) do artigo 15.º do CIVA',1,NULL,NULL),(691,18,'ISENTO','M32','M32 - Isento nos termos da alínea c) do artigo 15.º do CIVA',0,'Isento nos termos da alnea c) do artigo 15.º do CIVA',1,NULL,NULL),(692,18,'ISENTO','M33','M33 - Isento nos termos da alínea d) do artigo 15.º do CIVA',0,'Isento nos termos da alnea d) do artigo 15. do CIVA',1,NULL,NULL),(693,18,'ISENTO','M34','M34 - Isento nos termos da alnea e) do artigo 15.º do CIVA',0,'Isento nos termos da alínea e) do artigo 15.º do CIVA',1,NULL,NULL),(694,18,'ISENTO','M35','M35 - Isento nos termos da alínea f) do artigo 15. do CIVA',0,'Isento nos termos da alínea f) do artigo 15.º do CIVA',1,NULL,NULL),(695,18,'ISENTO','M36','M36 - Isento nos termos da alínea g) do artigo 15.º do CIVA',0,'Isento nos termos da alínea g) do artigo 15.º do CIVA',1,NULL,NULL),(696,18,'ISENTO','M37','M37 - Isento nos termos da alínea h) do artigo 15.º do CIVA',0,'Isento nos termos da alínea h) do artigo 15.º do CIVA',1,NULL,NULL),(697,18,'ISENTO','M38','M38 - Isento nos termos da alínea i) do artigo 15.º do CIVA',0,'Isento nos termos da alínea i) do artigo 15.º do CIVA',1,NULL,NULL),(698,18,'ISENTO','M90','M90 - Isento nos termos da alinea a) do nº1 do artigo 16.',0,'Isento nos termos da alinea a) do n1 do artigo 16.º',1,NULL,NULL),(699,18,'ISENTO','M91','M91 - Isento nos termos da alinea b) do nº1 do artigo 16.º',0,'Isento nos termos da alinea b) do nº1 do artigo 16.º',1,NULL,NULL),(700,18,'ISENTO','M92','M92 - Isento nos termos da alinea c) do nº1 do artigo 16.',0,'Isento nos termos da alinea c) do nº1 do artigo 16.',1,NULL,NULL),(701,18,'ISENTO','M93','M93 - Isento nos termos da alinea d) do nº1 do artigo 16.º',0,'Isento nos termos da alinea d) do n1 do artigo 16.º',1,NULL,NULL),(702,18,'ISENTO','M93','M94 - Isento nos termos da alinea e) do nº1 do artigo 16.',0,'Isento nos termos da alinea e) do nº1 do artigo 16.º',1,NULL,NULL),(703,19,'ISENTO','M00','M00 - Regime Simplificado',0,'Regime Simplificado',1,NULL,NULL),(704,19,'IVA','','IVA',14,'',1,NULL,NULL),(705,19,'ISENTO','M02','M02 - Transmissão de bens e serviço no sujeita',0,'Regime Simplificado',1,NULL,NULL),(706,19,'ISENTO','M04','M04 - Regime de Exclusão',0,'Regime Simplificado',1,NULL,NULL),(707,19,'ISENTO','M11','M11 - Isento nos termos da alínea b) do n1 do artigo 12.º do CIVA',0,'Isento nos termos da alínea b) do nº1 do artigo 12. do CIVA',1,NULL,NULL),(708,19,'ISENTO','M12','M12 - Isento nos termos da alnea c) do nº1 do artigo 12.º do CIVA',0,'Isento nos termos da alínea c) do nº1 do artigo 12.º do CIVA',1,NULL,NULL),(709,19,'ISENTO','M13','M13 - Isento nos termos da alínea d) do n1 do artigo 12.º do CIVA',0,'Isento nos termos da alínea d) do nº1 do artigo 12.º do CIVA',1,NULL,NULL),(710,19,'ISENTO','M14','M14 - Isento nos termos da alínea e) do n1 do artigo 12.º do CIVA',0,'Isento nos termos da alnea e) do nº1 do artigo 12.º do CIVA',1,NULL,NULL),(711,19,'ISENTO','M15','M15 - Isento nos termos da alínea f) do nº1 do artigo 12.º do CIVA',0,'Isento nos termos da alínea f) do nº1 do artigo 12.º do CIVA',1,NULL,NULL),(712,19,'ISENTO','M16','M16 - Isento nos termos da alínea g) do n1 do artigo 12.º do CIVA',0,'Isento nos termos da alnea g) do nº1 do artigo 12.º do CIVA',1,NULL,NULL),(713,19,'ISENTO','M17','M17 - Isento nos termos da alínea h) do nº1 do artigo 12.º do CIVA',0,'Isento nos termos da alínea h) do n1 do artigo 12.º do CIVA',1,NULL,NULL),(714,19,'ISENTO','M18','M18 - Isento nos termos da alínea i) do n1 do artigo 12.º do CIVA',0,'Isento nos termos da alínea i) do nº1 do artigo 12.º do CIVA',1,NULL,NULL),(715,19,'ISENTO','M19','M19 - Isento nos termos da alínea j) do nº1 do artigo 12.º do CIVA',0,'Isento nos termos da alínea j) do nº1 do artigo 12. do CIVA',1,NULL,NULL),(716,19,'ISENTO','M20','M20 - Isento nos termos da alnea k) do n1 do artigo 12.º do CIVA',0,'Isento nos termos da alínea k) do n1 do artigo 12.º do CIVA',1,NULL,NULL),(717,19,'ISENTO','M21','M21 - Isento nos termos da alínea l) do nº1 do artigo 12.º do CIVA',0,'Isento nos termos da alínea l) do n1 do artigo 12.º do CIVA',1,NULL,NULL),(718,19,'ISENTO','M22','M22 - Isento nos termos da alínea m) do nº1 do artigo 12.º do CIVA',0,'Isento nos termos da alínea m) do nº1 do artigo 12.º do CIVA',1,NULL,NULL),(719,19,'ISENTO','M23','M23 - Isento nos termos da alínea n) do nº1 do artigo 12.º do CIVA',0,'Isento nos termos da alínea n) do nº1 do artigo 12.º do CIVA',1,NULL,NULL),(720,19,'ISENTO','M24','M24 - Isento nos termos da alínea o) do nº1 do artigo 12.º do CIVA',0,'Isento nos termos da alínea o) do n1 do artigo 12.º do CIVA',1,NULL,NULL),(721,19,'ISENTO','M80','M80 - Isento nos termos da alínea a) do nº1 do artigo 14. do CIVA',0,'Isento nos termos da alnea a) do n1 do artigo 14.º do CIVA',1,NULL,NULL),(722,19,'ISENTO','M81','M81 - Isento nos termos da alínea b) do n1 do artigo 14.º do CIVA',0,'Isento nos termos da alínea b) do nº1 do artigo 14.º do CIVA',1,NULL,NULL),(723,19,'ISENTO','M82','M82 - Isento nos termos da alínea c) do n1 do artigo 14.º do CIVA',0,'Isento nos termos da alínea c) do nº1 do artigo 14.º do CIVA',1,NULL,NULL),(724,19,'ISENTO','M83','M83 - Isento nos termos da alínea d) do nº1 do artigo 14.º do CIVA',0,'Isento nos termos da alínea d) do nº1 do artigo 14.º do CIVA',1,NULL,NULL),(725,19,'ISENTO','M84','M84 - Isento nos termos da alínea e) do n1 do artigo 14.º do CIVA',0,'Isento nos termos da alínea e) do n1 do artigo 14.º do CIVA',1,NULL,NULL),(726,19,'ISENTO','M85','M85 - Isento nos termos da alínea a) do n2 do artigo 14. do CIVA',0,'Isento nos termos da alnea a) do n2 do artigo 14.º do CIVA',1,NULL,NULL),(727,19,'ISENTO','M86','M86 - Isento nos termos da alínea b) do nº2 do artigo 14.º do CIVA',0,'Isento nos termos da alínea b) do n2 do artigo 14.º do CIVA',1,NULL,NULL),(728,19,'ISENTO','M30','M30 - Isento nos termos da alínea a) do artigo 15.º do CIVA',0,'Isento nos termos da alínea a) do artigo 15.º do CIVA',1,NULL,NULL),(729,19,'ISENTO','M31','M31 - Isento nos termos da alínea b) do artigo 15.º do CIVA',0,'Isento nos termos da alínea b) do artigo 15.º do CIVA',1,NULL,NULL),(730,19,'ISENTO','M32','M32 - Isento nos termos da alínea c) do artigo 15.º do CIVA',0,'Isento nos termos da alnea c) do artigo 15.º do CIVA',1,NULL,NULL),(731,19,'ISENTO','M33','M33 - Isento nos termos da alínea d) do artigo 15.º do CIVA',0,'Isento nos termos da alnea d) do artigo 15. do CIVA',1,NULL,NULL),(732,19,'ISENTO','M34','M34 - Isento nos termos da alnea e) do artigo 15.º do CIVA',0,'Isento nos termos da alínea e) do artigo 15.º do CIVA',1,NULL,NULL),(733,19,'ISENTO','M35','M35 - Isento nos termos da alínea f) do artigo 15. do CIVA',0,'Isento nos termos da alínea f) do artigo 15.º do CIVA',1,NULL,NULL),(734,19,'ISENTO','M36','M36 - Isento nos termos da alínea g) do artigo 15.º do CIVA',0,'Isento nos termos da alínea g) do artigo 15.º do CIVA',1,NULL,NULL),(735,19,'ISENTO','M37','M37 - Isento nos termos da alínea h) do artigo 15.º do CIVA',0,'Isento nos termos da alínea h) do artigo 15.º do CIVA',1,NULL,NULL),(736,19,'ISENTO','M38','M38 - Isento nos termos da alínea i) do artigo 15.º do CIVA',0,'Isento nos termos da alínea i) do artigo 15.º do CIVA',1,NULL,NULL),(737,19,'ISENTO','M90','M90 - Isento nos termos da alinea a) do nº1 do artigo 16.',0,'Isento nos termos da alinea a) do n1 do artigo 16.º',1,NULL,NULL),(738,19,'ISENTO','M91','M91 - Isento nos termos da alinea b) do nº1 do artigo 16.º',0,'Isento nos termos da alinea b) do nº1 do artigo 16.º',1,NULL,NULL),(739,19,'ISENTO','M92','M92 - Isento nos termos da alinea c) do nº1 do artigo 16.',0,'Isento nos termos da alinea c) do nº1 do artigo 16.',1,NULL,NULL),(740,19,'ISENTO','M93','M93 - Isento nos termos da alinea d) do nº1 do artigo 16.º',0,'Isento nos termos da alinea d) do n1 do artigo 16.º',1,NULL,NULL),(741,19,'ISENTO','M93','M94 - Isento nos termos da alinea e) do nº1 do artigo 16.',0,'Isento nos termos da alinea e) do nº1 do artigo 16.º',1,NULL,NULL),(742,20,'ISENTO','M00','M00 - Regime Simplificado',0,'Regime Simplificado',1,NULL,NULL),(743,20,'IVA','','IVA',14,'',1,NULL,NULL),(744,20,'ISENTO','M02','M02 - Transmissão de bens e serviço no sujeita',0,'Regime Simplificado',1,NULL,NULL),(745,20,'ISENTO','M04','M04 - Regime de Exclusão',0,'Regime Simplificado',1,NULL,NULL),(746,20,'ISENTO','M11','M11 - Isento nos termos da alínea b) do n1 do artigo 12.º do CIVA',0,'Isento nos termos da alínea b) do nº1 do artigo 12. do CIVA',1,NULL,NULL),(747,20,'ISENTO','M12','M12 - Isento nos termos da alnea c) do nº1 do artigo 12.º do CIVA',0,'Isento nos termos da alínea c) do nº1 do artigo 12.º do CIVA',1,NULL,NULL),(748,20,'ISENTO','M13','M13 - Isento nos termos da alínea d) do n1 do artigo 12.º do CIVA',0,'Isento nos termos da alínea d) do nº1 do artigo 12.º do CIVA',1,NULL,NULL),(749,20,'ISENTO','M14','M14 - Isento nos termos da alínea e) do n1 do artigo 12.º do CIVA',0,'Isento nos termos da alnea e) do nº1 do artigo 12.º do CIVA',1,NULL,NULL),(750,20,'ISENTO','M15','M15 - Isento nos termos da alínea f) do nº1 do artigo 12.º do CIVA',0,'Isento nos termos da alínea f) do nº1 do artigo 12.º do CIVA',1,NULL,NULL),(751,20,'ISENTO','M16','M16 - Isento nos termos da alínea g) do n1 do artigo 12.º do CIVA',0,'Isento nos termos da alnea g) do nº1 do artigo 12.º do CIVA',1,NULL,NULL),(752,20,'ISENTO','M17','M17 - Isento nos termos da alínea h) do nº1 do artigo 12.º do CIVA',0,'Isento nos termos da alínea h) do n1 do artigo 12.º do CIVA',1,NULL,NULL),(753,20,'ISENTO','M18','M18 - Isento nos termos da alínea i) do n1 do artigo 12.º do CIVA',0,'Isento nos termos da alínea i) do nº1 do artigo 12.º do CIVA',1,NULL,NULL),(754,20,'ISENTO','M19','M19 - Isento nos termos da alínea j) do nº1 do artigo 12.º do CIVA',0,'Isento nos termos da alínea j) do nº1 do artigo 12. do CIVA',1,NULL,NULL),(755,20,'ISENTO','M20','M20 - Isento nos termos da alnea k) do n1 do artigo 12.º do CIVA',0,'Isento nos termos da alínea k) do n1 do artigo 12.º do CIVA',1,NULL,NULL),(756,20,'ISENTO','M21','M21 - Isento nos termos da alínea l) do nº1 do artigo 12.º do CIVA',0,'Isento nos termos da alínea l) do n1 do artigo 12.º do CIVA',1,NULL,NULL),(757,20,'ISENTO','M22','M22 - Isento nos termos da alínea m) do nº1 do artigo 12.º do CIVA',0,'Isento nos termos da alínea m) do nº1 do artigo 12.º do CIVA',1,NULL,NULL),(758,20,'ISENTO','M23','M23 - Isento nos termos da alínea n) do nº1 do artigo 12.º do CIVA',0,'Isento nos termos da alínea n) do nº1 do artigo 12.º do CIVA',1,NULL,NULL),(759,20,'ISENTO','M24','M24 - Isento nos termos da alínea o) do nº1 do artigo 12.º do CIVA',0,'Isento nos termos da alínea o) do n1 do artigo 12.º do CIVA',1,NULL,NULL),(760,20,'ISENTO','M80','M80 - Isento nos termos da alínea a) do nº1 do artigo 14. do CIVA',0,'Isento nos termos da alnea a) do n1 do artigo 14.º do CIVA',1,NULL,NULL),(761,20,'ISENTO','M81','M81 - Isento nos termos da alínea b) do n1 do artigo 14.º do CIVA',0,'Isento nos termos da alínea b) do nº1 do artigo 14.º do CIVA',1,NULL,NULL),(762,20,'ISENTO','M82','M82 - Isento nos termos da alínea c) do n1 do artigo 14.º do CIVA',0,'Isento nos termos da alínea c) do nº1 do artigo 14.º do CIVA',1,NULL,NULL),(763,20,'ISENTO','M83','M83 - Isento nos termos da alínea d) do nº1 do artigo 14.º do CIVA',0,'Isento nos termos da alínea d) do nº1 do artigo 14.º do CIVA',1,NULL,NULL),(764,20,'ISENTO','M84','M84 - Isento nos termos da alínea e) do n1 do artigo 14.º do CIVA',0,'Isento nos termos da alínea e) do n1 do artigo 14.º do CIVA',1,NULL,NULL),(765,20,'ISENTO','M85','M85 - Isento nos termos da alínea a) do n2 do artigo 14. do CIVA',0,'Isento nos termos da alnea a) do n2 do artigo 14.º do CIVA',1,NULL,NULL),(766,20,'ISENTO','M86','M86 - Isento nos termos da alínea b) do nº2 do artigo 14.º do CIVA',0,'Isento nos termos da alínea b) do n2 do artigo 14.º do CIVA',1,NULL,NULL),(767,20,'ISENTO','M30','M30 - Isento nos termos da alínea a) do artigo 15.º do CIVA',0,'Isento nos termos da alínea a) do artigo 15.º do CIVA',1,NULL,NULL),(768,20,'ISENTO','M31','M31 - Isento nos termos da alínea b) do artigo 15.º do CIVA',0,'Isento nos termos da alínea b) do artigo 15.º do CIVA',1,NULL,NULL),(769,20,'ISENTO','M32','M32 - Isento nos termos da alínea c) do artigo 15.º do CIVA',0,'Isento nos termos da alnea c) do artigo 15.º do CIVA',1,NULL,NULL),(770,20,'ISENTO','M33','M33 - Isento nos termos da alínea d) do artigo 15.º do CIVA',0,'Isento nos termos da alnea d) do artigo 15. do CIVA',1,NULL,NULL),(771,20,'ISENTO','M34','M34 - Isento nos termos da alnea e) do artigo 15.º do CIVA',0,'Isento nos termos da alínea e) do artigo 15.º do CIVA',1,NULL,NULL),(772,20,'ISENTO','M35','M35 - Isento nos termos da alínea f) do artigo 15. do CIVA',0,'Isento nos termos da alínea f) do artigo 15.º do CIVA',1,NULL,NULL),(773,20,'ISENTO','M36','M36 - Isento nos termos da alínea g) do artigo 15.º do CIVA',0,'Isento nos termos da alínea g) do artigo 15.º do CIVA',1,NULL,NULL),(774,20,'ISENTO','M37','M37 - Isento nos termos da alínea h) do artigo 15.º do CIVA',0,'Isento nos termos da alínea h) do artigo 15.º do CIVA',1,NULL,NULL),(775,20,'ISENTO','M38','M38 - Isento nos termos da alínea i) do artigo 15.º do CIVA',0,'Isento nos termos da alínea i) do artigo 15.º do CIVA',1,NULL,NULL),(776,20,'ISENTO','M90','M90 - Isento nos termos da alinea a) do nº1 do artigo 16.',0,'Isento nos termos da alinea a) do n1 do artigo 16.º',1,NULL,NULL),(777,20,'ISENTO','M91','M91 - Isento nos termos da alinea b) do nº1 do artigo 16.º',0,'Isento nos termos da alinea b) do nº1 do artigo 16.º',1,NULL,NULL),(778,20,'ISENTO','M92','M92 - Isento nos termos da alinea c) do nº1 do artigo 16.',0,'Isento nos termos da alinea c) do nº1 do artigo 16.',1,NULL,NULL),(779,20,'ISENTO','M93','M93 - Isento nos termos da alinea d) do nº1 do artigo 16.º',0,'Isento nos termos da alinea d) do n1 do artigo 16.º',1,NULL,NULL),(780,20,'ISENTO','M93','M94 - Isento nos termos da alinea e) do nº1 do artigo 16.',0,'Isento nos termos da alinea e) do nº1 do artigo 16.º',1,NULL,NULL),(781,21,'ISENTO','M00','M00 - Regime Simplificado',0,'Regime Simplificado',1,NULL,NULL),(782,21,'IVA','','IVA',14,'',1,NULL,NULL),(783,21,'ISENTO','M02','M02 - Transmissão de bens e serviço no sujeita',0,'Regime Simplificado',1,NULL,NULL),(784,21,'ISENTO','M04','M04 - Regime de Exclusão',0,'Regime Simplificado',1,NULL,NULL),(785,21,'ISENTO','M11','M11 - Isento nos termos da alínea b) do n1 do artigo 12.º do CIVA',0,'Isento nos termos da alínea b) do nº1 do artigo 12. do CIVA',1,NULL,NULL),(786,21,'ISENTO','M12','M12 - Isento nos termos da alnea c) do nº1 do artigo 12.º do CIVA',0,'Isento nos termos da alínea c) do nº1 do artigo 12.º do CIVA',1,NULL,NULL),(787,21,'ISENTO','M13','M13 - Isento nos termos da alínea d) do n1 do artigo 12.º do CIVA',0,'Isento nos termos da alínea d) do nº1 do artigo 12.º do CIVA',1,NULL,NULL),(788,21,'ISENTO','M14','M14 - Isento nos termos da alínea e) do n1 do artigo 12.º do CIVA',0,'Isento nos termos da alnea e) do nº1 do artigo 12.º do CIVA',1,NULL,NULL),(789,21,'ISENTO','M15','M15 - Isento nos termos da alínea f) do nº1 do artigo 12.º do CIVA',0,'Isento nos termos da alínea f) do nº1 do artigo 12.º do CIVA',1,NULL,NULL),(790,21,'ISENTO','M16','M16 - Isento nos termos da alínea g) do n1 do artigo 12.º do CIVA',0,'Isento nos termos da alnea g) do nº1 do artigo 12.º do CIVA',1,NULL,NULL),(791,21,'ISENTO','M17','M17 - Isento nos termos da alínea h) do nº1 do artigo 12.º do CIVA',0,'Isento nos termos da alínea h) do n1 do artigo 12.º do CIVA',1,NULL,NULL),(792,21,'ISENTO','M18','M18 - Isento nos termos da alínea i) do n1 do artigo 12.º do CIVA',0,'Isento nos termos da alínea i) do nº1 do artigo 12.º do CIVA',1,NULL,NULL),(793,21,'ISENTO','M19','M19 - Isento nos termos da alínea j) do nº1 do artigo 12.º do CIVA',0,'Isento nos termos da alínea j) do nº1 do artigo 12. do CIVA',1,NULL,NULL),(794,21,'ISENTO','M20','M20 - Isento nos termos da alnea k) do n1 do artigo 12.º do CIVA',0,'Isento nos termos da alínea k) do n1 do artigo 12.º do CIVA',1,NULL,NULL),(795,21,'ISENTO','M21','M21 - Isento nos termos da alínea l) do nº1 do artigo 12.º do CIVA',0,'Isento nos termos da alínea l) do n1 do artigo 12.º do CIVA',1,NULL,NULL),(796,21,'ISENTO','M22','M22 - Isento nos termos da alínea m) do nº1 do artigo 12.º do CIVA',0,'Isento nos termos da alínea m) do nº1 do artigo 12.º do CIVA',1,NULL,NULL),(797,21,'ISENTO','M23','M23 - Isento nos termos da alínea n) do nº1 do artigo 12.º do CIVA',0,'Isento nos termos da alínea n) do nº1 do artigo 12.º do CIVA',1,NULL,NULL),(798,21,'ISENTO','M24','M24 - Isento nos termos da alínea o) do nº1 do artigo 12.º do CIVA',0,'Isento nos termos da alínea o) do n1 do artigo 12.º do CIVA',1,NULL,NULL),(799,21,'ISENTO','M80','M80 - Isento nos termos da alínea a) do nº1 do artigo 14. do CIVA',0,'Isento nos termos da alnea a) do n1 do artigo 14.º do CIVA',1,NULL,NULL),(800,21,'ISENTO','M81','M81 - Isento nos termos da alínea b) do n1 do artigo 14.º do CIVA',0,'Isento nos termos da alínea b) do nº1 do artigo 14.º do CIVA',1,NULL,NULL),(801,21,'ISENTO','M82','M82 - Isento nos termos da alínea c) do n1 do artigo 14.º do CIVA',0,'Isento nos termos da alínea c) do nº1 do artigo 14.º do CIVA',1,NULL,NULL),(802,21,'ISENTO','M83','M83 - Isento nos termos da alínea d) do nº1 do artigo 14.º do CIVA',0,'Isento nos termos da alínea d) do nº1 do artigo 14.º do CIVA',1,NULL,NULL),(803,21,'ISENTO','M84','M84 - Isento nos termos da alínea e) do n1 do artigo 14.º do CIVA',0,'Isento nos termos da alínea e) do n1 do artigo 14.º do CIVA',1,NULL,NULL),(804,21,'ISENTO','M85','M85 - Isento nos termos da alínea a) do n2 do artigo 14. do CIVA',0,'Isento nos termos da alnea a) do n2 do artigo 14.º do CIVA',1,NULL,NULL),(805,21,'ISENTO','M86','M86 - Isento nos termos da alínea b) do nº2 do artigo 14.º do CIVA',0,'Isento nos termos da alínea b) do n2 do artigo 14.º do CIVA',1,NULL,NULL),(806,21,'ISENTO','M30','M30 - Isento nos termos da alínea a) do artigo 15.º do CIVA',0,'Isento nos termos da alínea a) do artigo 15.º do CIVA',1,NULL,NULL),(807,21,'ISENTO','M31','M31 - Isento nos termos da alínea b) do artigo 15.º do CIVA',0,'Isento nos termos da alínea b) do artigo 15.º do CIVA',1,NULL,NULL),(808,21,'ISENTO','M32','M32 - Isento nos termos da alínea c) do artigo 15.º do CIVA',0,'Isento nos termos da alnea c) do artigo 15.º do CIVA',1,NULL,NULL),(809,21,'ISENTO','M33','M33 - Isento nos termos da alínea d) do artigo 15.º do CIVA',0,'Isento nos termos da alnea d) do artigo 15. do CIVA',1,NULL,NULL),(810,21,'ISENTO','M34','M34 - Isento nos termos da alnea e) do artigo 15.º do CIVA',0,'Isento nos termos da alínea e) do artigo 15.º do CIVA',1,NULL,NULL),(811,21,'ISENTO','M35','M35 - Isento nos termos da alínea f) do artigo 15. do CIVA',0,'Isento nos termos da alínea f) do artigo 15.º do CIVA',1,NULL,NULL),(812,21,'ISENTO','M36','M36 - Isento nos termos da alínea g) do artigo 15.º do CIVA',0,'Isento nos termos da alínea g) do artigo 15.º do CIVA',1,NULL,NULL),(813,21,'ISENTO','M37','M37 - Isento nos termos da alínea h) do artigo 15.º do CIVA',0,'Isento nos termos da alínea h) do artigo 15.º do CIVA',1,NULL,NULL),(814,21,'ISENTO','M38','M38 - Isento nos termos da alínea i) do artigo 15.º do CIVA',0,'Isento nos termos da alínea i) do artigo 15.º do CIVA',1,NULL,NULL),(815,21,'ISENTO','M90','M90 - Isento nos termos da alinea a) do nº1 do artigo 16.',0,'Isento nos termos da alinea a) do n1 do artigo 16.º',1,NULL,NULL),(816,21,'ISENTO','M91','M91 - Isento nos termos da alinea b) do nº1 do artigo 16.º',0,'Isento nos termos da alinea b) do nº1 do artigo 16.º',1,NULL,NULL),(817,21,'ISENTO','M92','M92 - Isento nos termos da alinea c) do nº1 do artigo 16.',0,'Isento nos termos da alinea c) do nº1 do artigo 16.',1,NULL,NULL),(818,21,'ISENTO','M93','M93 - Isento nos termos da alinea d) do nº1 do artigo 16.º',0,'Isento nos termos da alinea d) do n1 do artigo 16.º',1,NULL,NULL),(819,21,'ISENTO','M93','M94 - Isento nos termos da alinea e) do nº1 do artigo 16.',0,'Isento nos termos da alinea e) do nº1 do artigo 16.º',1,NULL,NULL),(820,22,'ISENTO','M00','M00 - Regime Simplificado',0,'Regime Simplificado',1,NULL,NULL),(821,22,'IVA','','IVA',14,'',1,NULL,NULL),(822,22,'ISENTO','M02','M02 - Transmissão de bens e serviço no sujeita',0,'Regime Simplificado',1,NULL,NULL),(823,22,'ISENTO','M04','M04 - Regime de Exclusão',0,'Regime Simplificado',1,NULL,NULL),(824,22,'ISENTO','M11','M11 - Isento nos termos da alínea b) do n1 do artigo 12.º do CIVA',0,'Isento nos termos da alínea b) do nº1 do artigo 12. do CIVA',1,NULL,NULL),(825,22,'ISENTO','M12','M12 - Isento nos termos da alnea c) do nº1 do artigo 12.º do CIVA',0,'Isento nos termos da alínea c) do nº1 do artigo 12.º do CIVA',1,NULL,NULL),(826,22,'ISENTO','M13','M13 - Isento nos termos da alínea d) do n1 do artigo 12.º do CIVA',0,'Isento nos termos da alínea d) do nº1 do artigo 12.º do CIVA',1,NULL,NULL),(827,22,'ISENTO','M14','M14 - Isento nos termos da alínea e) do n1 do artigo 12.º do CIVA',0,'Isento nos termos da alnea e) do nº1 do artigo 12.º do CIVA',1,NULL,NULL),(828,22,'ISENTO','M15','M15 - Isento nos termos da alínea f) do nº1 do artigo 12.º do CIVA',0,'Isento nos termos da alínea f) do nº1 do artigo 12.º do CIVA',1,NULL,NULL),(829,22,'ISENTO','M16','M16 - Isento nos termos da alínea g) do n1 do artigo 12.º do CIVA',0,'Isento nos termos da alnea g) do nº1 do artigo 12.º do CIVA',1,NULL,NULL),(830,22,'ISENTO','M17','M17 - Isento nos termos da alínea h) do nº1 do artigo 12.º do CIVA',0,'Isento nos termos da alínea h) do n1 do artigo 12.º do CIVA',1,NULL,NULL),(831,22,'ISENTO','M18','M18 - Isento nos termos da alínea i) do n1 do artigo 12.º do CIVA',0,'Isento nos termos da alínea i) do nº1 do artigo 12.º do CIVA',1,NULL,NULL),(832,22,'ISENTO','M19','M19 - Isento nos termos da alínea j) do nº1 do artigo 12.º do CIVA',0,'Isento nos termos da alínea j) do nº1 do artigo 12. do CIVA',1,NULL,NULL),(833,22,'ISENTO','M20','M20 - Isento nos termos da alnea k) do n1 do artigo 12.º do CIVA',0,'Isento nos termos da alínea k) do n1 do artigo 12.º do CIVA',1,NULL,NULL),(834,22,'ISENTO','M21','M21 - Isento nos termos da alínea l) do nº1 do artigo 12.º do CIVA',0,'Isento nos termos da alínea l) do n1 do artigo 12.º do CIVA',1,NULL,NULL),(835,22,'ISENTO','M22','M22 - Isento nos termos da alínea m) do nº1 do artigo 12.º do CIVA',0,'Isento nos termos da alínea m) do nº1 do artigo 12.º do CIVA',1,NULL,NULL),(836,22,'ISENTO','M23','M23 - Isento nos termos da alínea n) do nº1 do artigo 12.º do CIVA',0,'Isento nos termos da alínea n) do nº1 do artigo 12.º do CIVA',1,NULL,NULL),(837,22,'ISENTO','M24','M24 - Isento nos termos da alínea o) do nº1 do artigo 12.º do CIVA',0,'Isento nos termos da alínea o) do n1 do artigo 12.º do CIVA',1,NULL,NULL),(838,22,'ISENTO','M80','M80 - Isento nos termos da alínea a) do nº1 do artigo 14. do CIVA',0,'Isento nos termos da alnea a) do n1 do artigo 14.º do CIVA',1,NULL,NULL),(839,22,'ISENTO','M81','M81 - Isento nos termos da alínea b) do n1 do artigo 14.º do CIVA',0,'Isento nos termos da alínea b) do nº1 do artigo 14.º do CIVA',1,NULL,NULL),(840,22,'ISENTO','M82','M82 - Isento nos termos da alínea c) do n1 do artigo 14.º do CIVA',0,'Isento nos termos da alínea c) do nº1 do artigo 14.º do CIVA',1,NULL,NULL),(841,22,'ISENTO','M83','M83 - Isento nos termos da alínea d) do nº1 do artigo 14.º do CIVA',0,'Isento nos termos da alínea d) do nº1 do artigo 14.º do CIVA',1,NULL,NULL),(842,22,'ISENTO','M84','M84 - Isento nos termos da alínea e) do n1 do artigo 14.º do CIVA',0,'Isento nos termos da alínea e) do n1 do artigo 14.º do CIVA',1,NULL,NULL),(843,22,'ISENTO','M85','M85 - Isento nos termos da alínea a) do n2 do artigo 14. do CIVA',0,'Isento nos termos da alnea a) do n2 do artigo 14.º do CIVA',1,NULL,NULL),(844,22,'ISENTO','M86','M86 - Isento nos termos da alínea b) do nº2 do artigo 14.º do CIVA',0,'Isento nos termos da alínea b) do n2 do artigo 14.º do CIVA',1,NULL,NULL),(845,22,'ISENTO','M30','M30 - Isento nos termos da alínea a) do artigo 15.º do CIVA',0,'Isento nos termos da alínea a) do artigo 15.º do CIVA',1,NULL,NULL),(846,22,'ISENTO','M31','M31 - Isento nos termos da alínea b) do artigo 15.º do CIVA',0,'Isento nos termos da alínea b) do artigo 15.º do CIVA',1,NULL,NULL),(847,22,'ISENTO','M32','M32 - Isento nos termos da alínea c) do artigo 15.º do CIVA',0,'Isento nos termos da alnea c) do artigo 15.º do CIVA',1,NULL,NULL),(848,22,'ISENTO','M33','M33 - Isento nos termos da alínea d) do artigo 15.º do CIVA',0,'Isento nos termos da alnea d) do artigo 15. do CIVA',1,NULL,NULL),(849,22,'ISENTO','M34','M34 - Isento nos termos da alnea e) do artigo 15.º do CIVA',0,'Isento nos termos da alínea e) do artigo 15.º do CIVA',1,NULL,NULL),(850,22,'ISENTO','M35','M35 - Isento nos termos da alínea f) do artigo 15. do CIVA',0,'Isento nos termos da alínea f) do artigo 15.º do CIVA',1,NULL,NULL),(851,22,'ISENTO','M36','M36 - Isento nos termos da alínea g) do artigo 15.º do CIVA',0,'Isento nos termos da alínea g) do artigo 15.º do CIVA',1,NULL,NULL),(852,22,'ISENTO','M37','M37 - Isento nos termos da alínea h) do artigo 15.º do CIVA',0,'Isento nos termos da alínea h) do artigo 15.º do CIVA',1,NULL,NULL),(853,22,'ISENTO','M38','M38 - Isento nos termos da alínea i) do artigo 15.º do CIVA',0,'Isento nos termos da alínea i) do artigo 15.º do CIVA',1,NULL,NULL),(854,22,'ISENTO','M90','M90 - Isento nos termos da alinea a) do nº1 do artigo 16.',0,'Isento nos termos da alinea a) do n1 do artigo 16.º',1,NULL,NULL),(855,22,'ISENTO','M91','M91 - Isento nos termos da alinea b) do nº1 do artigo 16.º',0,'Isento nos termos da alinea b) do nº1 do artigo 16.º',1,NULL,NULL),(856,22,'ISENTO','M92','M92 - Isento nos termos da alinea c) do nº1 do artigo 16.',0,'Isento nos termos da alinea c) do nº1 do artigo 16.',1,NULL,NULL),(857,22,'ISENTO','M93','M93 - Isento nos termos da alinea d) do nº1 do artigo 16.º',0,'Isento nos termos da alinea d) do n1 do artigo 16.º',1,NULL,NULL),(858,22,'ISENTO','M93','M94 - Isento nos termos da alinea e) do nº1 do artigo 16.',0,'Isento nos termos da alinea e) do nº1 do artigo 16.º',1,NULL,NULL),(859,24,'ISENTO','M00','M00 - Regime Simplificado',0,'Regime Simplificado',1,NULL,NULL),(860,24,'IVA','','IVA',14,'',1,NULL,NULL),(861,24,'ISENTO','M02','M02 - Transmissão de bens e serviço no sujeita',0,'Regime Simplificado',1,NULL,NULL),(862,24,'ISENTO','M04','M04 - Regime de Exclusão',0,'Regime Simplificado',1,NULL,NULL),(863,24,'ISENTO','M11','M11 - Isento nos termos da alínea b) do n1 do artigo 12.º do CIVA',0,'Isento nos termos da alínea b) do nº1 do artigo 12. do CIVA',1,NULL,NULL),(864,24,'ISENTO','M12','M12 - Isento nos termos da alnea c) do nº1 do artigo 12.º do CIVA',0,'Isento nos termos da alínea c) do nº1 do artigo 12.º do CIVA',1,NULL,NULL),(865,24,'ISENTO','M13','M13 - Isento nos termos da alínea d) do n1 do artigo 12.º do CIVA',0,'Isento nos termos da alínea d) do nº1 do artigo 12.º do CIVA',1,NULL,NULL),(866,24,'ISENTO','M14','M14 - Isento nos termos da alínea e) do n1 do artigo 12.º do CIVA',0,'Isento nos termos da alnea e) do nº1 do artigo 12.º do CIVA',1,NULL,NULL),(867,24,'ISENTO','M15','M15 - Isento nos termos da alínea f) do nº1 do artigo 12.º do CIVA',0,'Isento nos termos da alínea f) do nº1 do artigo 12.º do CIVA',1,NULL,NULL),(868,24,'ISENTO','M16','M16 - Isento nos termos da alínea g) do n1 do artigo 12.º do CIVA',0,'Isento nos termos da alnea g) do nº1 do artigo 12.º do CIVA',1,NULL,NULL),(869,24,'ISENTO','M17','M17 - Isento nos termos da alínea h) do nº1 do artigo 12.º do CIVA',0,'Isento nos termos da alínea h) do n1 do artigo 12.º do CIVA',1,NULL,NULL),(870,24,'ISENTO','M18','M18 - Isento nos termos da alínea i) do n1 do artigo 12.º do CIVA',0,'Isento nos termos da alínea i) do nº1 do artigo 12.º do CIVA',1,NULL,NULL),(871,24,'ISENTO','M19','M19 - Isento nos termos da alínea j) do nº1 do artigo 12.º do CIVA',0,'Isento nos termos da alínea j) do nº1 do artigo 12. do CIVA',1,NULL,NULL),(872,24,'ISENTO','M20','M20 - Isento nos termos da alnea k) do n1 do artigo 12.º do CIVA',0,'Isento nos termos da alínea k) do n1 do artigo 12.º do CIVA',1,NULL,NULL),(873,24,'ISENTO','M21','M21 - Isento nos termos da alínea l) do nº1 do artigo 12.º do CIVA',0,'Isento nos termos da alínea l) do n1 do artigo 12.º do CIVA',1,NULL,NULL),(874,24,'ISENTO','M22','M22 - Isento nos termos da alínea m) do nº1 do artigo 12.º do CIVA',0,'Isento nos termos da alínea m) do nº1 do artigo 12.º do CIVA',1,NULL,NULL),(875,24,'ISENTO','M23','M23 - Isento nos termos da alínea n) do nº1 do artigo 12.º do CIVA',0,'Isento nos termos da alínea n) do nº1 do artigo 12.º do CIVA',1,NULL,NULL),(876,24,'ISENTO','M24','M24 - Isento nos termos da alínea o) do nº1 do artigo 12.º do CIVA',0,'Isento nos termos da alínea o) do n1 do artigo 12.º do CIVA',1,NULL,NULL),(877,24,'ISENTO','M80','M80 - Isento nos termos da alínea a) do nº1 do artigo 14. do CIVA',0,'Isento nos termos da alnea a) do n1 do artigo 14.º do CIVA',1,NULL,NULL),(878,24,'ISENTO','M81','M81 - Isento nos termos da alínea b) do n1 do artigo 14.º do CIVA',0,'Isento nos termos da alínea b) do nº1 do artigo 14.º do CIVA',1,NULL,NULL),(879,24,'ISENTO','M82','M82 - Isento nos termos da alínea c) do n1 do artigo 14.º do CIVA',0,'Isento nos termos da alínea c) do nº1 do artigo 14.º do CIVA',1,NULL,NULL),(880,24,'ISENTO','M83','M83 - Isento nos termos da alínea d) do nº1 do artigo 14.º do CIVA',0,'Isento nos termos da alínea d) do nº1 do artigo 14.º do CIVA',1,NULL,NULL),(881,24,'ISENTO','M84','M84 - Isento nos termos da alínea e) do n1 do artigo 14.º do CIVA',0,'Isento nos termos da alínea e) do n1 do artigo 14.º do CIVA',1,NULL,NULL),(882,24,'ISENTO','M85','M85 - Isento nos termos da alínea a) do n2 do artigo 14. do CIVA',0,'Isento nos termos da alnea a) do n2 do artigo 14.º do CIVA',1,NULL,NULL),(883,24,'ISENTO','M86','M86 - Isento nos termos da alínea b) do nº2 do artigo 14.º do CIVA',0,'Isento nos termos da alínea b) do n2 do artigo 14.º do CIVA',1,NULL,NULL),(884,24,'ISENTO','M30','M30 - Isento nos termos da alínea a) do artigo 15.º do CIVA',0,'Isento nos termos da alínea a) do artigo 15.º do CIVA',1,NULL,NULL),(885,24,'ISENTO','M31','M31 - Isento nos termos da alínea b) do artigo 15.º do CIVA',0,'Isento nos termos da alínea b) do artigo 15.º do CIVA',1,NULL,NULL),(886,24,'ISENTO','M32','M32 - Isento nos termos da alínea c) do artigo 15.º do CIVA',0,'Isento nos termos da alnea c) do artigo 15.º do CIVA',1,NULL,NULL),(887,24,'ISENTO','M33','M33 - Isento nos termos da alínea d) do artigo 15.º do CIVA',0,'Isento nos termos da alnea d) do artigo 15. do CIVA',1,NULL,NULL),(888,24,'ISENTO','M34','M34 - Isento nos termos da alnea e) do artigo 15.º do CIVA',0,'Isento nos termos da alínea e) do artigo 15.º do CIVA',1,NULL,NULL),(889,24,'ISENTO','M35','M35 - Isento nos termos da alínea f) do artigo 15. do CIVA',0,'Isento nos termos da alínea f) do artigo 15.º do CIVA',1,NULL,NULL),(890,24,'ISENTO','M36','M36 - Isento nos termos da alínea g) do artigo 15.º do CIVA',0,'Isento nos termos da alínea g) do artigo 15.º do CIVA',1,NULL,NULL),(891,24,'ISENTO','M37','M37 - Isento nos termos da alínea h) do artigo 15.º do CIVA',0,'Isento nos termos da alínea h) do artigo 15.º do CIVA',1,NULL,NULL),(892,24,'ISENTO','M38','M38 - Isento nos termos da alínea i) do artigo 15.º do CIVA',0,'Isento nos termos da alínea i) do artigo 15.º do CIVA',1,NULL,NULL),(893,24,'ISENTO','M90','M90 - Isento nos termos da alinea a) do nº1 do artigo 16.',0,'Isento nos termos da alinea a) do n1 do artigo 16.º',1,NULL,NULL),(894,24,'ISENTO','M91','M91 - Isento nos termos da alinea b) do nº1 do artigo 16.º',0,'Isento nos termos da alinea b) do nº1 do artigo 16.º',1,NULL,NULL),(895,24,'ISENTO','M92','M92 - Isento nos termos da alinea c) do nº1 do artigo 16.',0,'Isento nos termos da alinea c) do nº1 do artigo 16.',1,NULL,NULL),(896,24,'ISENTO','M93','M93 - Isento nos termos da alinea d) do nº1 do artigo 16.º',0,'Isento nos termos da alinea d) do n1 do artigo 16.º',1,NULL,NULL),(897,24,'ISENTO','M93','M94 - Isento nos termos da alinea e) do nº1 do artigo 16.',0,'Isento nos termos da alinea e) do nº1 do artigo 16.º',1,NULL,NULL),(898,25,'ISENTO','M00','M00 - Regime Simplificado',0,'Regime Simplificado',1,NULL,NULL),(899,25,'IVA','','IVA',14,'',1,NULL,NULL),(900,25,'ISENTO','M02','M02 - Transmissão de bens e serviço no sujeita',0,'Regime Simplificado',1,NULL,NULL),(901,25,'ISENTO','M04','M04 - Regime de Exclusão',0,'Regime Simplificado',1,NULL,NULL),(902,25,'ISENTO','M11','M11 - Isento nos termos da alínea b) do n1 do artigo 12.º do CIVA',0,'Isento nos termos da alínea b) do nº1 do artigo 12. do CIVA',1,NULL,NULL),(903,25,'ISENTO','M12','M12 - Isento nos termos da alnea c) do nº1 do artigo 12.º do CIVA',0,'Isento nos termos da alínea c) do nº1 do artigo 12.º do CIVA',1,NULL,NULL),(904,25,'ISENTO','M13','M13 - Isento nos termos da alínea d) do n1 do artigo 12.º do CIVA',0,'Isento nos termos da alínea d) do nº1 do artigo 12.º do CIVA',1,NULL,NULL),(905,25,'ISENTO','M14','M14 - Isento nos termos da alínea e) do n1 do artigo 12.º do CIVA',0,'Isento nos termos da alnea e) do nº1 do artigo 12.º do CIVA',1,NULL,NULL),(906,25,'ISENTO','M15','M15 - Isento nos termos da alínea f) do nº1 do artigo 12.º do CIVA',0,'Isento nos termos da alínea f) do nº1 do artigo 12.º do CIVA',1,NULL,NULL),(907,25,'ISENTO','M16','M16 - Isento nos termos da alínea g) do n1 do artigo 12.º do CIVA',0,'Isento nos termos da alnea g) do nº1 do artigo 12.º do CIVA',1,NULL,NULL),(908,25,'ISENTO','M17','M17 - Isento nos termos da alínea h) do nº1 do artigo 12.º do CIVA',0,'Isento nos termos da alínea h) do n1 do artigo 12.º do CIVA',1,NULL,NULL),(909,25,'ISENTO','M18','M18 - Isento nos termos da alínea i) do n1 do artigo 12.º do CIVA',0,'Isento nos termos da alínea i) do nº1 do artigo 12.º do CIVA',1,NULL,NULL),(910,25,'ISENTO','M19','M19 - Isento nos termos da alínea j) do nº1 do artigo 12.º do CIVA',0,'Isento nos termos da alínea j) do nº1 do artigo 12. do CIVA',1,NULL,NULL),(911,25,'ISENTO','M20','M20 - Isento nos termos da alnea k) do n1 do artigo 12.º do CIVA',0,'Isento nos termos da alínea k) do n1 do artigo 12.º do CIVA',1,NULL,NULL),(912,25,'ISENTO','M21','M21 - Isento nos termos da alínea l) do nº1 do artigo 12.º do CIVA',0,'Isento nos termos da alínea l) do n1 do artigo 12.º do CIVA',1,NULL,NULL),(913,25,'ISENTO','M22','M22 - Isento nos termos da alínea m) do nº1 do artigo 12.º do CIVA',0,'Isento nos termos da alínea m) do nº1 do artigo 12.º do CIVA',1,NULL,NULL),(914,25,'ISENTO','M23','M23 - Isento nos termos da alínea n) do nº1 do artigo 12.º do CIVA',0,'Isento nos termos da alínea n) do nº1 do artigo 12.º do CIVA',1,NULL,NULL),(915,25,'ISENTO','M24','M24 - Isento nos termos da alínea o) do nº1 do artigo 12.º do CIVA',0,'Isento nos termos da alínea o) do n1 do artigo 12.º do CIVA',1,NULL,NULL),(916,25,'ISENTO','M80','M80 - Isento nos termos da alínea a) do nº1 do artigo 14. do CIVA',0,'Isento nos termos da alnea a) do n1 do artigo 14.º do CIVA',1,NULL,NULL),(917,25,'ISENTO','M81','M81 - Isento nos termos da alínea b) do n1 do artigo 14.º do CIVA',0,'Isento nos termos da alínea b) do nº1 do artigo 14.º do CIVA',1,NULL,NULL),(918,25,'ISENTO','M82','M82 - Isento nos termos da alínea c) do n1 do artigo 14.º do CIVA',0,'Isento nos termos da alínea c) do nº1 do artigo 14.º do CIVA',1,NULL,NULL),(919,25,'ISENTO','M83','M83 - Isento nos termos da alínea d) do nº1 do artigo 14.º do CIVA',0,'Isento nos termos da alínea d) do nº1 do artigo 14.º do CIVA',1,NULL,NULL),(920,25,'ISENTO','M84','M84 - Isento nos termos da alínea e) do n1 do artigo 14.º do CIVA',0,'Isento nos termos da alínea e) do n1 do artigo 14.º do CIVA',1,NULL,NULL),(921,25,'ISENTO','M85','M85 - Isento nos termos da alínea a) do n2 do artigo 14. do CIVA',0,'Isento nos termos da alnea a) do n2 do artigo 14.º do CIVA',1,NULL,NULL),(922,25,'ISENTO','M86','M86 - Isento nos termos da alínea b) do nº2 do artigo 14.º do CIVA',0,'Isento nos termos da alínea b) do n2 do artigo 14.º do CIVA',1,NULL,NULL),(923,25,'ISENTO','M30','M30 - Isento nos termos da alínea a) do artigo 15.º do CIVA',0,'Isento nos termos da alínea a) do artigo 15.º do CIVA',1,NULL,NULL),(924,25,'ISENTO','M31','M31 - Isento nos termos da alínea b) do artigo 15.º do CIVA',0,'Isento nos termos da alínea b) do artigo 15.º do CIVA',1,NULL,NULL),(925,25,'ISENTO','M32','M32 - Isento nos termos da alínea c) do artigo 15.º do CIVA',0,'Isento nos termos da alnea c) do artigo 15.º do CIVA',1,NULL,NULL),(926,25,'ISENTO','M33','M33 - Isento nos termos da alínea d) do artigo 15.º do CIVA',0,'Isento nos termos da alnea d) do artigo 15. do CIVA',1,NULL,NULL),(927,25,'ISENTO','M34','M34 - Isento nos termos da alnea e) do artigo 15.º do CIVA',0,'Isento nos termos da alínea e) do artigo 15.º do CIVA',1,NULL,NULL),(928,25,'ISENTO','M35','M35 - Isento nos termos da alínea f) do artigo 15. do CIVA',0,'Isento nos termos da alínea f) do artigo 15.º do CIVA',1,NULL,NULL),(929,25,'ISENTO','M36','M36 - Isento nos termos da alínea g) do artigo 15.º do CIVA',0,'Isento nos termos da alínea g) do artigo 15.º do CIVA',1,NULL,NULL),(930,25,'ISENTO','M37','M37 - Isento nos termos da alínea h) do artigo 15.º do CIVA',0,'Isento nos termos da alínea h) do artigo 15.º do CIVA',1,NULL,NULL),(931,25,'ISENTO','M38','M38 - Isento nos termos da alínea i) do artigo 15.º do CIVA',0,'Isento nos termos da alínea i) do artigo 15.º do CIVA',1,NULL,NULL),(932,25,'ISENTO','M90','M90 - Isento nos termos da alinea a) do nº1 do artigo 16.',0,'Isento nos termos da alinea a) do n1 do artigo 16.º',1,NULL,NULL),(933,25,'ISENTO','M91','M91 - Isento nos termos da alinea b) do nº1 do artigo 16.º',0,'Isento nos termos da alinea b) do nº1 do artigo 16.º',1,NULL,NULL),(934,25,'ISENTO','M92','M92 - Isento nos termos da alinea c) do nº1 do artigo 16.',0,'Isento nos termos da alinea c) do nº1 do artigo 16.',1,NULL,NULL),(935,25,'ISENTO','M93','M93 - Isento nos termos da alinea d) do nº1 do artigo 16.º',0,'Isento nos termos da alinea d) do n1 do artigo 16.º',1,NULL,NULL),(936,25,'ISENTO','M93','M94 - Isento nos termos da alinea e) do nº1 do artigo 16.',0,'Isento nos termos da alinea e) do nº1 do artigo 16.º',1,NULL,NULL),(937,26,'ISENTO','M00','M00 - Regime Simplificado',0,'Regime Simplificado',1,NULL,NULL),(938,26,'IVA','','IVA',14,'',1,NULL,NULL),(939,26,'ISENTO','M02','M02 - Transmissão de bens e serviço no sujeita',0,'Regime Simplificado',1,NULL,NULL),(940,26,'ISENTO','M04','M04 - Regime de Exclusão',0,'Regime Simplificado',1,NULL,NULL),(941,26,'ISENTO','M11','M11 - Isento nos termos da alínea b) do n1 do artigo 12.º do CIVA',0,'Isento nos termos da alínea b) do nº1 do artigo 12. do CIVA',1,NULL,NULL),(942,26,'ISENTO','M12','M12 - Isento nos termos da alnea c) do nº1 do artigo 12.º do CIVA',0,'Isento nos termos da alínea c) do nº1 do artigo 12.º do CIVA',1,NULL,NULL),(943,26,'ISENTO','M13','M13 - Isento nos termos da alínea d) do n1 do artigo 12.º do CIVA',0,'Isento nos termos da alínea d) do nº1 do artigo 12.º do CIVA',1,NULL,NULL),(944,26,'ISENTO','M14','M14 - Isento nos termos da alínea e) do n1 do artigo 12.º do CIVA',0,'Isento nos termos da alnea e) do nº1 do artigo 12.º do CIVA',1,NULL,NULL),(945,26,'ISENTO','M15','M15 - Isento nos termos da alínea f) do nº1 do artigo 12.º do CIVA',0,'Isento nos termos da alínea f) do nº1 do artigo 12.º do CIVA',1,NULL,NULL),(946,26,'ISENTO','M16','M16 - Isento nos termos da alínea g) do n1 do artigo 12.º do CIVA',0,'Isento nos termos da alnea g) do nº1 do artigo 12.º do CIVA',1,NULL,NULL),(947,26,'ISENTO','M17','M17 - Isento nos termos da alínea h) do nº1 do artigo 12.º do CIVA',0,'Isento nos termos da alínea h) do n1 do artigo 12.º do CIVA',1,NULL,NULL),(948,26,'ISENTO','M18','M18 - Isento nos termos da alínea i) do n1 do artigo 12.º do CIVA',0,'Isento nos termos da alínea i) do nº1 do artigo 12.º do CIVA',1,NULL,NULL),(949,26,'ISENTO','M19','M19 - Isento nos termos da alínea j) do nº1 do artigo 12.º do CIVA',0,'Isento nos termos da alínea j) do nº1 do artigo 12. do CIVA',1,NULL,NULL),(950,26,'ISENTO','M20','M20 - Isento nos termos da alnea k) do n1 do artigo 12.º do CIVA',0,'Isento nos termos da alínea k) do n1 do artigo 12.º do CIVA',1,NULL,NULL),(951,26,'ISENTO','M21','M21 - Isento nos termos da alínea l) do nº1 do artigo 12.º do CIVA',0,'Isento nos termos da alínea l) do n1 do artigo 12.º do CIVA',1,NULL,NULL),(952,26,'ISENTO','M22','M22 - Isento nos termos da alínea m) do nº1 do artigo 12.º do CIVA',0,'Isento nos termos da alínea m) do nº1 do artigo 12.º do CIVA',1,NULL,NULL),(953,26,'ISENTO','M23','M23 - Isento nos termos da alínea n) do nº1 do artigo 12.º do CIVA',0,'Isento nos termos da alínea n) do nº1 do artigo 12.º do CIVA',1,NULL,NULL),(954,26,'ISENTO','M24','M24 - Isento nos termos da alínea o) do nº1 do artigo 12.º do CIVA',0,'Isento nos termos da alínea o) do n1 do artigo 12.º do CIVA',1,NULL,NULL),(955,26,'ISENTO','M80','M80 - Isento nos termos da alínea a) do nº1 do artigo 14. do CIVA',0,'Isento nos termos da alnea a) do n1 do artigo 14.º do CIVA',1,NULL,NULL),(956,26,'ISENTO','M81','M81 - Isento nos termos da alínea b) do n1 do artigo 14.º do CIVA',0,'Isento nos termos da alínea b) do nº1 do artigo 14.º do CIVA',1,NULL,NULL),(957,26,'ISENTO','M82','M82 - Isento nos termos da alínea c) do n1 do artigo 14.º do CIVA',0,'Isento nos termos da alínea c) do nº1 do artigo 14.º do CIVA',1,NULL,NULL),(958,26,'ISENTO','M83','M83 - Isento nos termos da alínea d) do nº1 do artigo 14.º do CIVA',0,'Isento nos termos da alínea d) do nº1 do artigo 14.º do CIVA',1,NULL,NULL),(959,26,'ISENTO','M84','M84 - Isento nos termos da alínea e) do n1 do artigo 14.º do CIVA',0,'Isento nos termos da alínea e) do n1 do artigo 14.º do CIVA',1,NULL,NULL),(960,26,'ISENTO','M85','M85 - Isento nos termos da alínea a) do n2 do artigo 14. do CIVA',0,'Isento nos termos da alnea a) do n2 do artigo 14.º do CIVA',1,NULL,NULL),(961,26,'ISENTO','M86','M86 - Isento nos termos da alínea b) do nº2 do artigo 14.º do CIVA',0,'Isento nos termos da alínea b) do n2 do artigo 14.º do CIVA',1,NULL,NULL),(962,26,'ISENTO','M30','M30 - Isento nos termos da alínea a) do artigo 15.º do CIVA',0,'Isento nos termos da alínea a) do artigo 15.º do CIVA',1,NULL,NULL),(963,26,'ISENTO','M31','M31 - Isento nos termos da alínea b) do artigo 15.º do CIVA',0,'Isento nos termos da alínea b) do artigo 15.º do CIVA',1,NULL,NULL),(964,26,'ISENTO','M32','M32 - Isento nos termos da alínea c) do artigo 15.º do CIVA',0,'Isento nos termos da alnea c) do artigo 15.º do CIVA',1,NULL,NULL),(965,26,'ISENTO','M33','M33 - Isento nos termos da alínea d) do artigo 15.º do CIVA',0,'Isento nos termos da alnea d) do artigo 15. do CIVA',1,NULL,NULL),(966,26,'ISENTO','M34','M34 - Isento nos termos da alnea e) do artigo 15.º do CIVA',0,'Isento nos termos da alínea e) do artigo 15.º do CIVA',1,NULL,NULL),(967,26,'ISENTO','M35','M35 - Isento nos termos da alínea f) do artigo 15. do CIVA',0,'Isento nos termos da alínea f) do artigo 15.º do CIVA',1,NULL,NULL),(968,26,'ISENTO','M36','M36 - Isento nos termos da alínea g) do artigo 15.º do CIVA',0,'Isento nos termos da alínea g) do artigo 15.º do CIVA',1,NULL,NULL),(969,26,'ISENTO','M37','M37 - Isento nos termos da alínea h) do artigo 15.º do CIVA',0,'Isento nos termos da alínea h) do artigo 15.º do CIVA',1,NULL,NULL),(970,26,'ISENTO','M38','M38 - Isento nos termos da alínea i) do artigo 15.º do CIVA',0,'Isento nos termos da alínea i) do artigo 15.º do CIVA',1,NULL,NULL),(971,26,'ISENTO','M90','M90 - Isento nos termos da alinea a) do nº1 do artigo 16.',0,'Isento nos termos da alinea a) do n1 do artigo 16.º',1,NULL,NULL),(972,26,'ISENTO','M91','M91 - Isento nos termos da alinea b) do nº1 do artigo 16.º',0,'Isento nos termos da alinea b) do nº1 do artigo 16.º',1,NULL,NULL),(973,26,'ISENTO','M92','M92 - Isento nos termos da alinea c) do nº1 do artigo 16.',0,'Isento nos termos da alinea c) do nº1 do artigo 16.',1,NULL,NULL),(974,26,'ISENTO','M93','M93 - Isento nos termos da alinea d) do nº1 do artigo 16.º',0,'Isento nos termos da alinea d) do n1 do artigo 16.º',1,NULL,NULL),(975,26,'ISENTO','M93','M94 - Isento nos termos da alinea e) do nº1 do artigo 16.',0,'Isento nos termos da alinea e) do nº1 do artigo 16.º',1,NULL,NULL),(976,27,'ISENTO','M00','M00 - Regime Simplificado',0,'Regime Simplificado',1,NULL,NULL),(977,27,'IVA','','IVA',14,'',1,NULL,NULL),(978,27,'ISENTO','M02','M02 - Transmissão de bens e serviço no sujeita',0,'Regime Simplificado',1,NULL,NULL),(979,27,'ISENTO','M04','M04 - Regime de Exclusão',0,'Regime Simplificado',1,NULL,NULL),(980,27,'ISENTO','M11','M11 - Isento nos termos da alínea b) do n1 do artigo 12.º do CIVA',0,'Isento nos termos da alínea b) do nº1 do artigo 12. do CIVA',1,NULL,NULL),(981,27,'ISENTO','M12','M12 - Isento nos termos da alnea c) do nº1 do artigo 12.º do CIVA',0,'Isento nos termos da alínea c) do nº1 do artigo 12.º do CIVA',1,NULL,NULL),(982,27,'ISENTO','M13','M13 - Isento nos termos da alínea d) do n1 do artigo 12.º do CIVA',0,'Isento nos termos da alínea d) do nº1 do artigo 12.º do CIVA',1,NULL,NULL),(983,27,'ISENTO','M14','M14 - Isento nos termos da alínea e) do n1 do artigo 12.º do CIVA',0,'Isento nos termos da alnea e) do nº1 do artigo 12.º do CIVA',1,NULL,NULL),(984,27,'ISENTO','M15','M15 - Isento nos termos da alínea f) do nº1 do artigo 12.º do CIVA',0,'Isento nos termos da alínea f) do nº1 do artigo 12.º do CIVA',1,NULL,NULL),(985,27,'ISENTO','M16','M16 - Isento nos termos da alínea g) do n1 do artigo 12.º do CIVA',0,'Isento nos termos da alnea g) do nº1 do artigo 12.º do CIVA',1,NULL,NULL),(986,27,'ISENTO','M17','M17 - Isento nos termos da alínea h) do nº1 do artigo 12.º do CIVA',0,'Isento nos termos da alínea h) do n1 do artigo 12.º do CIVA',1,NULL,NULL),(987,27,'ISENTO','M18','M18 - Isento nos termos da alínea i) do n1 do artigo 12.º do CIVA',0,'Isento nos termos da alínea i) do nº1 do artigo 12.º do CIVA',1,NULL,NULL),(988,27,'ISENTO','M19','M19 - Isento nos termos da alínea j) do nº1 do artigo 12.º do CIVA',0,'Isento nos termos da alínea j) do nº1 do artigo 12. do CIVA',1,NULL,NULL),(989,27,'ISENTO','M20','M20 - Isento nos termos da alnea k) do n1 do artigo 12.º do CIVA',0,'Isento nos termos da alínea k) do n1 do artigo 12.º do CIVA',1,NULL,NULL),(990,27,'ISENTO','M21','M21 - Isento nos termos da alínea l) do nº1 do artigo 12.º do CIVA',0,'Isento nos termos da alínea l) do n1 do artigo 12.º do CIVA',1,NULL,NULL),(991,27,'ISENTO','M22','M22 - Isento nos termos da alínea m) do nº1 do artigo 12.º do CIVA',0,'Isento nos termos da alínea m) do nº1 do artigo 12.º do CIVA',1,NULL,NULL),(992,27,'ISENTO','M23','M23 - Isento nos termos da alínea n) do nº1 do artigo 12.º do CIVA',0,'Isento nos termos da alínea n) do nº1 do artigo 12.º do CIVA',1,NULL,NULL),(993,27,'ISENTO','M24','M24 - Isento nos termos da alínea o) do nº1 do artigo 12.º do CIVA',0,'Isento nos termos da alínea o) do n1 do artigo 12.º do CIVA',1,NULL,NULL),(994,27,'ISENTO','M80','M80 - Isento nos termos da alínea a) do nº1 do artigo 14. do CIVA',0,'Isento nos termos da alnea a) do n1 do artigo 14.º do CIVA',1,NULL,NULL),(995,27,'ISENTO','M81','M81 - Isento nos termos da alínea b) do n1 do artigo 14.º do CIVA',0,'Isento nos termos da alínea b) do nº1 do artigo 14.º do CIVA',1,NULL,NULL),(996,27,'ISENTO','M82','M82 - Isento nos termos da alínea c) do n1 do artigo 14.º do CIVA',0,'Isento nos termos da alínea c) do nº1 do artigo 14.º do CIVA',1,NULL,NULL),(997,27,'ISENTO','M83','M83 - Isento nos termos da alínea d) do nº1 do artigo 14.º do CIVA',0,'Isento nos termos da alínea d) do nº1 do artigo 14.º do CIVA',1,NULL,NULL),(998,27,'ISENTO','M84','M84 - Isento nos termos da alínea e) do n1 do artigo 14.º do CIVA',0,'Isento nos termos da alínea e) do n1 do artigo 14.º do CIVA',1,NULL,NULL),(999,27,'ISENTO','M85','M85 - Isento nos termos da alínea a) do n2 do artigo 14. do CIVA',0,'Isento nos termos da alnea a) do n2 do artigo 14.º do CIVA',1,NULL,NULL),(1000,27,'ISENTO','M86','M86 - Isento nos termos da alínea b) do nº2 do artigo 14.º do CIVA',0,'Isento nos termos da alínea b) do n2 do artigo 14.º do CIVA',1,NULL,NULL),(1001,27,'ISENTO','M30','M30 - Isento nos termos da alínea a) do artigo 15.º do CIVA',0,'Isento nos termos da alínea a) do artigo 15.º do CIVA',1,NULL,NULL),(1002,27,'ISENTO','M31','M31 - Isento nos termos da alínea b) do artigo 15.º do CIVA',0,'Isento nos termos da alínea b) do artigo 15.º do CIVA',1,NULL,NULL),(1003,27,'ISENTO','M32','M32 - Isento nos termos da alínea c) do artigo 15.º do CIVA',0,'Isento nos termos da alnea c) do artigo 15.º do CIVA',1,NULL,NULL),(1004,27,'ISENTO','M33','M33 - Isento nos termos da alínea d) do artigo 15.º do CIVA',0,'Isento nos termos da alnea d) do artigo 15. do CIVA',1,NULL,NULL),(1005,27,'ISENTO','M34','M34 - Isento nos termos da alnea e) do artigo 15.º do CIVA',0,'Isento nos termos da alínea e) do artigo 15.º do CIVA',1,NULL,NULL),(1006,27,'ISENTO','M35','M35 - Isento nos termos da alínea f) do artigo 15. do CIVA',0,'Isento nos termos da alínea f) do artigo 15.º do CIVA',1,NULL,NULL),(1007,27,'ISENTO','M36','M36 - Isento nos termos da alínea g) do artigo 15.º do CIVA',0,'Isento nos termos da alínea g) do artigo 15.º do CIVA',1,NULL,NULL),(1008,27,'ISENTO','M37','M37 - Isento nos termos da alínea h) do artigo 15.º do CIVA',0,'Isento nos termos da alínea h) do artigo 15.º do CIVA',1,NULL,NULL),(1009,27,'ISENTO','M38','M38 - Isento nos termos da alínea i) do artigo 15.º do CIVA',0,'Isento nos termos da alínea i) do artigo 15.º do CIVA',1,NULL,NULL),(1010,27,'ISENTO','M90','M90 - Isento nos termos da alinea a) do nº1 do artigo 16.',0,'Isento nos termos da alinea a) do n1 do artigo 16.º',1,NULL,NULL),(1011,27,'ISENTO','M91','M91 - Isento nos termos da alinea b) do nº1 do artigo 16.º',0,'Isento nos termos da alinea b) do nº1 do artigo 16.º',1,NULL,NULL),(1012,27,'ISENTO','M92','M92 - Isento nos termos da alinea c) do nº1 do artigo 16.',0,'Isento nos termos da alinea c) do nº1 do artigo 16.',1,NULL,NULL),(1013,27,'ISENTO','M93','M93 - Isento nos termos da alinea d) do nº1 do artigo 16.º',0,'Isento nos termos da alinea d) do n1 do artigo 16.º',1,NULL,NULL),(1014,27,'ISENTO','M93','M94 - Isento nos termos da alinea e) do nº1 do artigo 16.',0,'Isento nos termos da alinea e) do nº1 do artigo 16.º',1,NULL,NULL),(1015,28,'ISENTO','M00','M00 - Regime Simplificado',0,'Regime Simplificado',1,NULL,NULL),(1016,28,'IVA','','IVA',14,'',1,NULL,NULL),(1017,28,'ISENTO','M02','M02 - Transmissão de bens e serviço no sujeita',0,'Regime Simplificado',1,NULL,NULL),(1018,28,'ISENTO','M04','M04 - Regime de Exclusão',0,'Regime Simplificado',1,NULL,NULL),(1019,28,'ISENTO','M11','M11 - Isento nos termos da alínea b) do n1 do artigo 12.º do CIVA',0,'Isento nos termos da alínea b) do nº1 do artigo 12. do CIVA',1,NULL,NULL),(1020,28,'ISENTO','M12','M12 - Isento nos termos da alnea c) do nº1 do artigo 12.º do CIVA',0,'Isento nos termos da alínea c) do nº1 do artigo 12.º do CIVA',1,NULL,NULL),(1021,28,'ISENTO','M13','M13 - Isento nos termos da alínea d) do n1 do artigo 12.º do CIVA',0,'Isento nos termos da alínea d) do nº1 do artigo 12.º do CIVA',1,NULL,NULL),(1022,28,'ISENTO','M14','M14 - Isento nos termos da alínea e) do n1 do artigo 12.º do CIVA',0,'Isento nos termos da alnea e) do nº1 do artigo 12.º do CIVA',1,NULL,NULL),(1023,28,'ISENTO','M15','M15 - Isento nos termos da alínea f) do nº1 do artigo 12.º do CIVA',0,'Isento nos termos da alínea f) do nº1 do artigo 12.º do CIVA',1,NULL,NULL),(1024,28,'ISENTO','M16','M16 - Isento nos termos da alínea g) do n1 do artigo 12.º do CIVA',0,'Isento nos termos da alnea g) do nº1 do artigo 12.º do CIVA',1,NULL,NULL),(1025,28,'ISENTO','M17','M17 - Isento nos termos da alínea h) do nº1 do artigo 12.º do CIVA',0,'Isento nos termos da alínea h) do n1 do artigo 12.º do CIVA',1,NULL,NULL),(1026,28,'ISENTO','M18','M18 - Isento nos termos da alínea i) do n1 do artigo 12.º do CIVA',0,'Isento nos termos da alínea i) do nº1 do artigo 12.º do CIVA',1,NULL,NULL),(1027,28,'ISENTO','M19','M19 - Isento nos termos da alínea j) do nº1 do artigo 12.º do CIVA',0,'Isento nos termos da alínea j) do nº1 do artigo 12. do CIVA',1,NULL,NULL),(1028,28,'ISENTO','M20','M20 - Isento nos termos da alnea k) do n1 do artigo 12.º do CIVA',0,'Isento nos termos da alínea k) do n1 do artigo 12.º do CIVA',1,NULL,NULL),(1029,28,'ISENTO','M21','M21 - Isento nos termos da alínea l) do nº1 do artigo 12.º do CIVA',0,'Isento nos termos da alínea l) do n1 do artigo 12.º do CIVA',1,NULL,NULL),(1030,28,'ISENTO','M22','M22 - Isento nos termos da alínea m) do nº1 do artigo 12.º do CIVA',0,'Isento nos termos da alínea m) do nº1 do artigo 12.º do CIVA',1,NULL,NULL),(1031,28,'ISENTO','M23','M23 - Isento nos termos da alínea n) do nº1 do artigo 12.º do CIVA',0,'Isento nos termos da alínea n) do nº1 do artigo 12.º do CIVA',1,NULL,NULL),(1032,28,'ISENTO','M24','M24 - Isento nos termos da alínea o) do nº1 do artigo 12.º do CIVA',0,'Isento nos termos da alínea o) do n1 do artigo 12.º do CIVA',1,NULL,NULL),(1033,28,'ISENTO','M80','M80 - Isento nos termos da alínea a) do nº1 do artigo 14. do CIVA',0,'Isento nos termos da alnea a) do n1 do artigo 14.º do CIVA',1,NULL,NULL),(1034,28,'ISENTO','M81','M81 - Isento nos termos da alínea b) do n1 do artigo 14.º do CIVA',0,'Isento nos termos da alínea b) do nº1 do artigo 14.º do CIVA',1,NULL,NULL),(1035,28,'ISENTO','M82','M82 - Isento nos termos da alínea c) do n1 do artigo 14.º do CIVA',0,'Isento nos termos da alínea c) do nº1 do artigo 14.º do CIVA',1,NULL,NULL),(1036,28,'ISENTO','M83','M83 - Isento nos termos da alínea d) do nº1 do artigo 14.º do CIVA',0,'Isento nos termos da alínea d) do nº1 do artigo 14.º do CIVA',1,NULL,NULL),(1037,28,'ISENTO','M84','M84 - Isento nos termos da alínea e) do n1 do artigo 14.º do CIVA',0,'Isento nos termos da alínea e) do n1 do artigo 14.º do CIVA',1,NULL,NULL),(1038,28,'ISENTO','M85','M85 - Isento nos termos da alínea a) do n2 do artigo 14. do CIVA',0,'Isento nos termos da alnea a) do n2 do artigo 14.º do CIVA',1,NULL,NULL),(1039,28,'ISENTO','M86','M86 - Isento nos termos da alínea b) do nº2 do artigo 14.º do CIVA',0,'Isento nos termos da alínea b) do n2 do artigo 14.º do CIVA',1,NULL,NULL),(1040,28,'ISENTO','M30','M30 - Isento nos termos da alínea a) do artigo 15.º do CIVA',0,'Isento nos termos da alínea a) do artigo 15.º do CIVA',1,NULL,NULL),(1041,28,'ISENTO','M31','M31 - Isento nos termos da alínea b) do artigo 15.º do CIVA',0,'Isento nos termos da alínea b) do artigo 15.º do CIVA',1,NULL,NULL),(1042,28,'ISENTO','M32','M32 - Isento nos termos da alínea c) do artigo 15.º do CIVA',0,'Isento nos termos da alnea c) do artigo 15.º do CIVA',1,NULL,NULL),(1043,28,'ISENTO','M33','M33 - Isento nos termos da alínea d) do artigo 15.º do CIVA',0,'Isento nos termos da alnea d) do artigo 15. do CIVA',1,NULL,NULL),(1044,28,'ISENTO','M34','M34 - Isento nos termos da alnea e) do artigo 15.º do CIVA',0,'Isento nos termos da alínea e) do artigo 15.º do CIVA',1,NULL,NULL),(1045,28,'ISENTO','M35','M35 - Isento nos termos da alínea f) do artigo 15. do CIVA',0,'Isento nos termos da alínea f) do artigo 15.º do CIVA',1,NULL,NULL),(1046,28,'ISENTO','M36','M36 - Isento nos termos da alínea g) do artigo 15.º do CIVA',0,'Isento nos termos da alínea g) do artigo 15.º do CIVA',1,NULL,NULL),(1047,28,'ISENTO','M37','M37 - Isento nos termos da alínea h) do artigo 15.º do CIVA',0,'Isento nos termos da alínea h) do artigo 15.º do CIVA',1,NULL,NULL),(1048,28,'ISENTO','M38','M38 - Isento nos termos da alínea i) do artigo 15.º do CIVA',0,'Isento nos termos da alínea i) do artigo 15.º do CIVA',1,NULL,NULL),(1049,28,'ISENTO','M90','M90 - Isento nos termos da alinea a) do nº1 do artigo 16.',0,'Isento nos termos da alinea a) do n1 do artigo 16.º',1,NULL,NULL),(1050,28,'ISENTO','M91','M91 - Isento nos termos da alinea b) do nº1 do artigo 16.º',0,'Isento nos termos da alinea b) do nº1 do artigo 16.º',1,NULL,NULL),(1051,28,'ISENTO','M92','M92 - Isento nos termos da alinea c) do nº1 do artigo 16.',0,'Isento nos termos da alinea c) do nº1 do artigo 16.',1,NULL,NULL),(1052,28,'ISENTO','M93','M93 - Isento nos termos da alinea d) do nº1 do artigo 16.º',0,'Isento nos termos da alinea d) do n1 do artigo 16.º',1,NULL,NULL),(1053,28,'ISENTO','M93','M94 - Isento nos termos da alinea e) do nº1 do artigo 16.',0,'Isento nos termos da alinea e) do nº1 do artigo 16.º',1,NULL,NULL),(1054,29,'ISENTO','M00','M00 - Regime Simplificado',0,'Regime Simplificado',1,NULL,NULL),(1055,29,'IVA','','IVA',14,'',1,NULL,NULL),(1056,29,'ISENTO','M02','M02 - Transmissão de bens e serviço no sujeita',0,'Regime Simplificado',1,NULL,NULL),(1057,29,'ISENTO','M04','M04 - Regime de Exclusão',0,'Regime Simplificado',1,NULL,NULL),(1058,29,'ISENTO','M11','M11 - Isento nos termos da alínea b) do n1 do artigo 12.º do CIVA',0,'Isento nos termos da alínea b) do nº1 do artigo 12. do CIVA',1,NULL,NULL),(1059,29,'ISENTO','M12','M12 - Isento nos termos da alnea c) do nº1 do artigo 12.º do CIVA',0,'Isento nos termos da alínea c) do nº1 do artigo 12.º do CIVA',1,NULL,NULL),(1060,29,'ISENTO','M13','M13 - Isento nos termos da alínea d) do n1 do artigo 12.º do CIVA',0,'Isento nos termos da alínea d) do nº1 do artigo 12.º do CIVA',1,NULL,NULL),(1061,29,'ISENTO','M14','M14 - Isento nos termos da alínea e) do n1 do artigo 12.º do CIVA',0,'Isento nos termos da alnea e) do nº1 do artigo 12.º do CIVA',1,NULL,NULL),(1062,29,'ISENTO','M15','M15 - Isento nos termos da alínea f) do nº1 do artigo 12.º do CIVA',0,'Isento nos termos da alínea f) do nº1 do artigo 12.º do CIVA',1,NULL,NULL),(1063,29,'ISENTO','M16','M16 - Isento nos termos da alínea g) do n1 do artigo 12.º do CIVA',0,'Isento nos termos da alnea g) do nº1 do artigo 12.º do CIVA',1,NULL,NULL),(1064,29,'ISENTO','M17','M17 - Isento nos termos da alínea h) do nº1 do artigo 12.º do CIVA',0,'Isento nos termos da alínea h) do n1 do artigo 12.º do CIVA',1,NULL,NULL),(1065,29,'ISENTO','M18','M18 - Isento nos termos da alínea i) do n1 do artigo 12.º do CIVA',0,'Isento nos termos da alínea i) do nº1 do artigo 12.º do CIVA',1,NULL,NULL),(1066,29,'ISENTO','M19','M19 - Isento nos termos da alínea j) do nº1 do artigo 12.º do CIVA',0,'Isento nos termos da alínea j) do nº1 do artigo 12. do CIVA',1,NULL,NULL),(1067,29,'ISENTO','M20','M20 - Isento nos termos da alnea k) do n1 do artigo 12.º do CIVA',0,'Isento nos termos da alínea k) do n1 do artigo 12.º do CIVA',1,NULL,NULL),(1068,29,'ISENTO','M21','M21 - Isento nos termos da alínea l) do nº1 do artigo 12.º do CIVA',0,'Isento nos termos da alínea l) do n1 do artigo 12.º do CIVA',1,NULL,NULL),(1069,29,'ISENTO','M22','M22 - Isento nos termos da alínea m) do nº1 do artigo 12.º do CIVA',0,'Isento nos termos da alínea m) do nº1 do artigo 12.º do CIVA',1,NULL,NULL),(1070,29,'ISENTO','M23','M23 - Isento nos termos da alínea n) do nº1 do artigo 12.º do CIVA',0,'Isento nos termos da alínea n) do nº1 do artigo 12.º do CIVA',1,NULL,NULL),(1071,29,'ISENTO','M24','M24 - Isento nos termos da alínea o) do nº1 do artigo 12.º do CIVA',0,'Isento nos termos da alínea o) do n1 do artigo 12.º do CIVA',1,NULL,NULL),(1072,29,'ISENTO','M80','M80 - Isento nos termos da alínea a) do nº1 do artigo 14. do CIVA',0,'Isento nos termos da alnea a) do n1 do artigo 14.º do CIVA',1,NULL,NULL),(1073,29,'ISENTO','M81','M81 - Isento nos termos da alínea b) do n1 do artigo 14.º do CIVA',0,'Isento nos termos da alínea b) do nº1 do artigo 14.º do CIVA',1,NULL,NULL),(1074,29,'ISENTO','M82','M82 - Isento nos termos da alínea c) do n1 do artigo 14.º do CIVA',0,'Isento nos termos da alínea c) do nº1 do artigo 14.º do CIVA',1,NULL,NULL),(1075,29,'ISENTO','M83','M83 - Isento nos termos da alínea d) do nº1 do artigo 14.º do CIVA',0,'Isento nos termos da alínea d) do nº1 do artigo 14.º do CIVA',1,NULL,NULL),(1076,29,'ISENTO','M84','M84 - Isento nos termos da alínea e) do n1 do artigo 14.º do CIVA',0,'Isento nos termos da alínea e) do n1 do artigo 14.º do CIVA',1,NULL,NULL),(1077,29,'ISENTO','M85','M85 - Isento nos termos da alínea a) do n2 do artigo 14. do CIVA',0,'Isento nos termos da alnea a) do n2 do artigo 14.º do CIVA',1,NULL,NULL),(1078,29,'ISENTO','M86','M86 - Isento nos termos da alínea b) do nº2 do artigo 14.º do CIVA',0,'Isento nos termos da alínea b) do n2 do artigo 14.º do CIVA',1,NULL,NULL),(1079,29,'ISENTO','M30','M30 - Isento nos termos da alínea a) do artigo 15.º do CIVA',0,'Isento nos termos da alínea a) do artigo 15.º do CIVA',1,NULL,NULL),(1080,29,'ISENTO','M31','M31 - Isento nos termos da alínea b) do artigo 15.º do CIVA',0,'Isento nos termos da alínea b) do artigo 15.º do CIVA',1,NULL,NULL),(1081,29,'ISENTO','M32','M32 - Isento nos termos da alínea c) do artigo 15.º do CIVA',0,'Isento nos termos da alnea c) do artigo 15.º do CIVA',1,NULL,NULL),(1082,29,'ISENTO','M33','M33 - Isento nos termos da alínea d) do artigo 15.º do CIVA',0,'Isento nos termos da alnea d) do artigo 15. do CIVA',1,NULL,NULL),(1083,29,'ISENTO','M34','M34 - Isento nos termos da alnea e) do artigo 15.º do CIVA',0,'Isento nos termos da alínea e) do artigo 15.º do CIVA',1,NULL,NULL),(1084,29,'ISENTO','M35','M35 - Isento nos termos da alínea f) do artigo 15. do CIVA',0,'Isento nos termos da alínea f) do artigo 15.º do CIVA',1,NULL,NULL),(1085,29,'ISENTO','M36','M36 - Isento nos termos da alínea g) do artigo 15.º do CIVA',0,'Isento nos termos da alínea g) do artigo 15.º do CIVA',1,NULL,NULL),(1086,29,'ISENTO','M37','M37 - Isento nos termos da alínea h) do artigo 15.º do CIVA',0,'Isento nos termos da alínea h) do artigo 15.º do CIVA',1,NULL,NULL),(1087,29,'ISENTO','M38','M38 - Isento nos termos da alínea i) do artigo 15.º do CIVA',0,'Isento nos termos da alínea i) do artigo 15.º do CIVA',1,NULL,NULL),(1088,29,'ISENTO','M90','M90 - Isento nos termos da alinea a) do nº1 do artigo 16.',0,'Isento nos termos da alinea a) do n1 do artigo 16.º',1,NULL,NULL),(1089,29,'ISENTO','M91','M91 - Isento nos termos da alinea b) do nº1 do artigo 16.º',0,'Isento nos termos da alinea b) do nº1 do artigo 16.º',1,NULL,NULL),(1090,29,'ISENTO','M92','M92 - Isento nos termos da alinea c) do nº1 do artigo 16.',0,'Isento nos termos da alinea c) do nº1 do artigo 16.',1,NULL,NULL),(1091,29,'ISENTO','M93','M93 - Isento nos termos da alinea d) do nº1 do artigo 16.º',0,'Isento nos termos da alinea d) do n1 do artigo 16.º',1,NULL,NULL),(1092,29,'ISENTO','M93','M94 - Isento nos termos da alinea e) do nº1 do artigo 16.',0,'Isento nos termos da alinea e) do nº1 do artigo 16.º',1,NULL,NULL),(1093,30,'ISENTO','M00','M00 - Regime Simplificado',0,'Regime Simplificado',1,NULL,NULL),(1094,30,'IVA','','IVA',14,'',1,NULL,NULL),(1095,30,'ISENTO','M02','M02 - Transmissão de bens e serviço no sujeita',0,'Regime Simplificado',1,NULL,NULL),(1096,30,'ISENTO','M04','M04 - Regime de Exclusão',0,'Regime Simplificado',1,NULL,NULL),(1097,30,'ISENTO','M11','M11 - Isento nos termos da alínea b) do n1 do artigo 12.º do CIVA',0,'Isento nos termos da alínea b) do nº1 do artigo 12. do CIVA',1,NULL,NULL),(1098,30,'ISENTO','M12','M12 - Isento nos termos da alnea c) do nº1 do artigo 12.º do CIVA',0,'Isento nos termos da alínea c) do nº1 do artigo 12.º do CIVA',1,NULL,NULL),(1099,30,'ISENTO','M13','M13 - Isento nos termos da alínea d) do n1 do artigo 12.º do CIVA',0,'Isento nos termos da alínea d) do nº1 do artigo 12.º do CIVA',1,NULL,NULL),(1100,30,'ISENTO','M14','M14 - Isento nos termos da alínea e) do n1 do artigo 12.º do CIVA',0,'Isento nos termos da alnea e) do nº1 do artigo 12.º do CIVA',1,NULL,NULL),(1101,30,'ISENTO','M15','M15 - Isento nos termos da alínea f) do nº1 do artigo 12.º do CIVA',0,'Isento nos termos da alínea f) do nº1 do artigo 12.º do CIVA',1,NULL,NULL),(1102,30,'ISENTO','M16','M16 - Isento nos termos da alínea g) do n1 do artigo 12.º do CIVA',0,'Isento nos termos da alnea g) do nº1 do artigo 12.º do CIVA',1,NULL,NULL),(1103,30,'ISENTO','M17','M17 - Isento nos termos da alínea h) do nº1 do artigo 12.º do CIVA',0,'Isento nos termos da alínea h) do n1 do artigo 12.º do CIVA',1,NULL,NULL),(1104,30,'ISENTO','M18','M18 - Isento nos termos da alínea i) do n1 do artigo 12.º do CIVA',0,'Isento nos termos da alínea i) do nº1 do artigo 12.º do CIVA',1,NULL,NULL),(1105,30,'ISENTO','M19','M19 - Isento nos termos da alínea j) do nº1 do artigo 12.º do CIVA',0,'Isento nos termos da alínea j) do nº1 do artigo 12. do CIVA',1,NULL,NULL),(1106,30,'ISENTO','M20','M20 - Isento nos termos da alnea k) do n1 do artigo 12.º do CIVA',0,'Isento nos termos da alínea k) do n1 do artigo 12.º do CIVA',1,NULL,NULL),(1107,30,'ISENTO','M21','M21 - Isento nos termos da alínea l) do nº1 do artigo 12.º do CIVA',0,'Isento nos termos da alínea l) do n1 do artigo 12.º do CIVA',1,NULL,NULL),(1108,30,'ISENTO','M22','M22 - Isento nos termos da alínea m) do nº1 do artigo 12.º do CIVA',0,'Isento nos termos da alínea m) do nº1 do artigo 12.º do CIVA',1,NULL,NULL),(1109,30,'ISENTO','M23','M23 - Isento nos termos da alínea n) do nº1 do artigo 12.º do CIVA',0,'Isento nos termos da alínea n) do nº1 do artigo 12.º do CIVA',1,NULL,NULL),(1110,30,'ISENTO','M24','M24 - Isento nos termos da alínea o) do nº1 do artigo 12.º do CIVA',0,'Isento nos termos da alínea o) do n1 do artigo 12.º do CIVA',1,NULL,NULL),(1111,30,'ISENTO','M80','M80 - Isento nos termos da alínea a) do nº1 do artigo 14. do CIVA',0,'Isento nos termos da alnea a) do n1 do artigo 14.º do CIVA',1,NULL,NULL),(1112,30,'ISENTO','M81','M81 - Isento nos termos da alínea b) do n1 do artigo 14.º do CIVA',0,'Isento nos termos da alínea b) do nº1 do artigo 14.º do CIVA',1,NULL,NULL),(1113,30,'ISENTO','M82','M82 - Isento nos termos da alínea c) do n1 do artigo 14.º do CIVA',0,'Isento nos termos da alínea c) do nº1 do artigo 14.º do CIVA',1,NULL,NULL),(1114,30,'ISENTO','M83','M83 - Isento nos termos da alínea d) do nº1 do artigo 14.º do CIVA',0,'Isento nos termos da alínea d) do nº1 do artigo 14.º do CIVA',1,NULL,NULL),(1115,30,'ISENTO','M84','M84 - Isento nos termos da alínea e) do n1 do artigo 14.º do CIVA',0,'Isento nos termos da alínea e) do n1 do artigo 14.º do CIVA',1,NULL,NULL),(1116,30,'ISENTO','M85','M85 - Isento nos termos da alínea a) do n2 do artigo 14. do CIVA',0,'Isento nos termos da alnea a) do n2 do artigo 14.º do CIVA',1,NULL,NULL),(1117,30,'ISENTO','M86','M86 - Isento nos termos da alínea b) do nº2 do artigo 14.º do CIVA',0,'Isento nos termos da alínea b) do n2 do artigo 14.º do CIVA',1,NULL,NULL),(1118,30,'ISENTO','M30','M30 - Isento nos termos da alínea a) do artigo 15.º do CIVA',0,'Isento nos termos da alínea a) do artigo 15.º do CIVA',1,NULL,NULL),(1119,30,'ISENTO','M31','M31 - Isento nos termos da alínea b) do artigo 15.º do CIVA',0,'Isento nos termos da alínea b) do artigo 15.º do CIVA',1,NULL,NULL),(1120,30,'ISENTO','M32','M32 - Isento nos termos da alínea c) do artigo 15.º do CIVA',0,'Isento nos termos da alnea c) do artigo 15.º do CIVA',1,NULL,NULL),(1121,30,'ISENTO','M33','M33 - Isento nos termos da alínea d) do artigo 15.º do CIVA',0,'Isento nos termos da alnea d) do artigo 15. do CIVA',1,NULL,NULL),(1122,30,'ISENTO','M34','M34 - Isento nos termos da alnea e) do artigo 15.º do CIVA',0,'Isento nos termos da alínea e) do artigo 15.º do CIVA',1,NULL,NULL),(1123,30,'ISENTO','M35','M35 - Isento nos termos da alínea f) do artigo 15. do CIVA',0,'Isento nos termos da alínea f) do artigo 15.º do CIVA',1,NULL,NULL),(1124,30,'ISENTO','M36','M36 - Isento nos termos da alínea g) do artigo 15.º do CIVA',0,'Isento nos termos da alínea g) do artigo 15.º do CIVA',1,NULL,NULL),(1125,30,'ISENTO','M37','M37 - Isento nos termos da alínea h) do artigo 15.º do CIVA',0,'Isento nos termos da alínea h) do artigo 15.º do CIVA',1,NULL,NULL),(1126,30,'ISENTO','M38','M38 - Isento nos termos da alínea i) do artigo 15.º do CIVA',0,'Isento nos termos da alínea i) do artigo 15.º do CIVA',1,NULL,NULL),(1127,30,'ISENTO','M90','M90 - Isento nos termos da alinea a) do nº1 do artigo 16.',0,'Isento nos termos da alinea a) do n1 do artigo 16.º',1,NULL,NULL),(1128,30,'ISENTO','M91','M91 - Isento nos termos da alinea b) do nº1 do artigo 16.º',0,'Isento nos termos da alinea b) do nº1 do artigo 16.º',1,NULL,NULL),(1129,30,'ISENTO','M92','M92 - Isento nos termos da alinea c) do nº1 do artigo 16.',0,'Isento nos termos da alinea c) do nº1 do artigo 16.',1,NULL,NULL),(1130,30,'ISENTO','M93','M93 - Isento nos termos da alinea d) do nº1 do artigo 16.º',0,'Isento nos termos da alinea d) do n1 do artigo 16.º',1,NULL,NULL),(1131,30,'ISENTO','M93','M94 - Isento nos termos da alinea e) do nº1 do artigo 16.',0,'Isento nos termos da alinea e) do nº1 do artigo 16.º',1,NULL,NULL),(1132,32,'ISENTO','M00','M00 - Regime Simplificado',0,'Regime Simplificado',1,NULL,NULL),(1133,32,'IVA','','IVA',14,'',1,NULL,NULL),(1134,32,'ISENTO','M02','M02 - Transmissão de bens e serviço no sujeita',0,'Regime Simplificado',1,NULL,NULL),(1135,32,'ISENTO','M04','M04 - Regime de Exclusão',0,'Regime Simplificado',1,NULL,NULL),(1136,32,'ISENTO','M11','M11 - Isento nos termos da alínea b) do n1 do artigo 12.º do CIVA',0,'Isento nos termos da alínea b) do nº1 do artigo 12. do CIVA',1,NULL,NULL),(1137,32,'ISENTO','M12','M12 - Isento nos termos da alnea c) do nº1 do artigo 12.º do CIVA',0,'Isento nos termos da alínea c) do nº1 do artigo 12.º do CIVA',1,NULL,NULL),(1138,32,'ISENTO','M13','M13 - Isento nos termos da alínea d) do n1 do artigo 12.º do CIVA',0,'Isento nos termos da alínea d) do nº1 do artigo 12.º do CIVA',1,NULL,NULL),(1139,32,'ISENTO','M14','M14 - Isento nos termos da alínea e) do n1 do artigo 12.º do CIVA',0,'Isento nos termos da alnea e) do nº1 do artigo 12.º do CIVA',1,NULL,NULL),(1140,32,'ISENTO','M15','M15 - Isento nos termos da alínea f) do nº1 do artigo 12.º do CIVA',0,'Isento nos termos da alínea f) do nº1 do artigo 12.º do CIVA',1,NULL,NULL),(1141,32,'ISENTO','M16','M16 - Isento nos termos da alínea g) do n1 do artigo 12.º do CIVA',0,'Isento nos termos da alnea g) do nº1 do artigo 12.º do CIVA',1,NULL,NULL),(1142,32,'ISENTO','M17','M17 - Isento nos termos da alínea h) do nº1 do artigo 12.º do CIVA',0,'Isento nos termos da alínea h) do n1 do artigo 12.º do CIVA',1,NULL,NULL),(1143,32,'ISENTO','M18','M18 - Isento nos termos da alínea i) do n1 do artigo 12.º do CIVA',0,'Isento nos termos da alínea i) do nº1 do artigo 12.º do CIVA',1,NULL,NULL),(1144,32,'ISENTO','M19','M19 - Isento nos termos da alínea j) do nº1 do artigo 12.º do CIVA',0,'Isento nos termos da alínea j) do nº1 do artigo 12. do CIVA',1,NULL,NULL),(1145,32,'ISENTO','M20','M20 - Isento nos termos da alnea k) do n1 do artigo 12.º do CIVA',0,'Isento nos termos da alínea k) do n1 do artigo 12.º do CIVA',1,NULL,NULL),(1146,32,'ISENTO','M21','M21 - Isento nos termos da alínea l) do nº1 do artigo 12.º do CIVA',0,'Isento nos termos da alínea l) do n1 do artigo 12.º do CIVA',1,NULL,NULL),(1147,32,'ISENTO','M22','M22 - Isento nos termos da alínea m) do nº1 do artigo 12.º do CIVA',0,'Isento nos termos da alínea m) do nº1 do artigo 12.º do CIVA',1,NULL,NULL),(1148,32,'ISENTO','M23','M23 - Isento nos termos da alínea n) do nº1 do artigo 12.º do CIVA',0,'Isento nos termos da alínea n) do nº1 do artigo 12.º do CIVA',1,NULL,NULL),(1149,32,'ISENTO','M24','M24 - Isento nos termos da alínea o) do nº1 do artigo 12.º do CIVA',0,'Isento nos termos da alínea o) do n1 do artigo 12.º do CIVA',1,NULL,NULL),(1150,32,'ISENTO','M80','M80 - Isento nos termos da alínea a) do nº1 do artigo 14. do CIVA',0,'Isento nos termos da alnea a) do n1 do artigo 14.º do CIVA',1,NULL,NULL),(1151,32,'ISENTO','M81','M81 - Isento nos termos da alínea b) do n1 do artigo 14.º do CIVA',0,'Isento nos termos da alínea b) do nº1 do artigo 14.º do CIVA',1,NULL,NULL),(1152,32,'ISENTO','M82','M82 - Isento nos termos da alínea c) do n1 do artigo 14.º do CIVA',0,'Isento nos termos da alínea c) do nº1 do artigo 14.º do CIVA',1,NULL,NULL),(1153,32,'ISENTO','M83','M83 - Isento nos termos da alínea d) do nº1 do artigo 14.º do CIVA',0,'Isento nos termos da alínea d) do nº1 do artigo 14.º do CIVA',1,NULL,NULL),(1154,32,'ISENTO','M84','M84 - Isento nos termos da alínea e) do n1 do artigo 14.º do CIVA',0,'Isento nos termos da alínea e) do n1 do artigo 14.º do CIVA',1,NULL,NULL),(1155,32,'ISENTO','M85','M85 - Isento nos termos da alínea a) do n2 do artigo 14. do CIVA',0,'Isento nos termos da alnea a) do n2 do artigo 14.º do CIVA',1,NULL,NULL),(1156,32,'ISENTO','M86','M86 - Isento nos termos da alínea b) do nº2 do artigo 14.º do CIVA',0,'Isento nos termos da alínea b) do n2 do artigo 14.º do CIVA',1,NULL,NULL),(1157,32,'ISENTO','M30','M30 - Isento nos termos da alínea a) do artigo 15.º do CIVA',0,'Isento nos termos da alínea a) do artigo 15.º do CIVA',1,NULL,NULL),(1158,32,'ISENTO','M31','M31 - Isento nos termos da alínea b) do artigo 15.º do CIVA',0,'Isento nos termos da alínea b) do artigo 15.º do CIVA',1,NULL,NULL),(1159,32,'ISENTO','M32','M32 - Isento nos termos da alínea c) do artigo 15.º do CIVA',0,'Isento nos termos da alnea c) do artigo 15.º do CIVA',1,NULL,NULL),(1160,32,'ISENTO','M33','M33 - Isento nos termos da alínea d) do artigo 15.º do CIVA',0,'Isento nos termos da alnea d) do artigo 15. do CIVA',1,NULL,NULL),(1161,32,'ISENTO','M34','M34 - Isento nos termos da alnea e) do artigo 15.º do CIVA',0,'Isento nos termos da alínea e) do artigo 15.º do CIVA',1,NULL,NULL),(1162,32,'ISENTO','M35','M35 - Isento nos termos da alínea f) do artigo 15. do CIVA',0,'Isento nos termos da alínea f) do artigo 15.º do CIVA',1,NULL,NULL),(1163,32,'ISENTO','M36','M36 - Isento nos termos da alínea g) do artigo 15.º do CIVA',0,'Isento nos termos da alínea g) do artigo 15.º do CIVA',1,NULL,NULL),(1164,32,'ISENTO','M37','M37 - Isento nos termos da alínea h) do artigo 15.º do CIVA',0,'Isento nos termos da alínea h) do artigo 15.º do CIVA',1,NULL,NULL),(1165,32,'ISENTO','M38','M38 - Isento nos termos da alínea i) do artigo 15.º do CIVA',0,'Isento nos termos da alínea i) do artigo 15.º do CIVA',1,NULL,NULL),(1166,32,'ISENTO','M90','M90 - Isento nos termos da alinea a) do nº1 do artigo 16.',0,'Isento nos termos da alinea a) do n1 do artigo 16.º',1,NULL,NULL),(1167,32,'ISENTO','M91','M91 - Isento nos termos da alinea b) do nº1 do artigo 16.º',0,'Isento nos termos da alinea b) do nº1 do artigo 16.º',1,NULL,NULL),(1168,32,'ISENTO','M92','M92 - Isento nos termos da alinea c) do nº1 do artigo 16.',0,'Isento nos termos da alinea c) do nº1 do artigo 16.',1,NULL,NULL),(1169,32,'ISENTO','M93','M93 - Isento nos termos da alinea d) do nº1 do artigo 16.º',0,'Isento nos termos da alinea d) do n1 do artigo 16.º',1,NULL,NULL),(1170,32,'ISENTO','M93','M94 - Isento nos termos da alinea e) do nº1 do artigo 16.',0,'Isento nos termos da alinea e) do nº1 do artigo 16.º',1,NULL,NULL),(1171,34,'ISENTO','M00','M00 - Regime Simplificado',0,'Regime Simplificado',1,NULL,NULL),(1172,34,'IVA','','IVA',14,'',1,NULL,NULL),(1173,34,'ISENTO','M02','M02 - Transmissão de bens e serviço no sujeita',0,'Regime Simplificado',1,NULL,NULL),(1174,34,'ISENTO','M04','M04 - Regime de Exclusão',0,'Regime Simplificado',1,NULL,NULL),(1175,34,'ISENTO','M11','M11 - Isento nos termos da alínea b) do n1 do artigo 12.º do CIVA',0,'Isento nos termos da alínea b) do nº1 do artigo 12. do CIVA',1,NULL,NULL),(1176,34,'ISENTO','M12','M12 - Isento nos termos da alnea c) do nº1 do artigo 12.º do CIVA',0,'Isento nos termos da alínea c) do nº1 do artigo 12.º do CIVA',1,NULL,NULL),(1177,34,'ISENTO','M13','M13 - Isento nos termos da alínea d) do n1 do artigo 12.º do CIVA',0,'Isento nos termos da alínea d) do nº1 do artigo 12.º do CIVA',1,NULL,NULL),(1178,34,'ISENTO','M14','M14 - Isento nos termos da alínea e) do n1 do artigo 12.º do CIVA',0,'Isento nos termos da alnea e) do nº1 do artigo 12.º do CIVA',1,NULL,NULL),(1179,34,'ISENTO','M15','M15 - Isento nos termos da alínea f) do nº1 do artigo 12.º do CIVA',0,'Isento nos termos da alínea f) do nº1 do artigo 12.º do CIVA',1,NULL,NULL),(1180,34,'ISENTO','M16','M16 - Isento nos termos da alínea g) do n1 do artigo 12.º do CIVA',0,'Isento nos termos da alnea g) do nº1 do artigo 12.º do CIVA',1,NULL,NULL),(1181,34,'ISENTO','M17','M17 - Isento nos termos da alínea h) do nº1 do artigo 12.º do CIVA',0,'Isento nos termos da alínea h) do n1 do artigo 12.º do CIVA',1,NULL,NULL),(1182,34,'ISENTO','M18','M18 - Isento nos termos da alínea i) do n1 do artigo 12.º do CIVA',0,'Isento nos termos da alínea i) do nº1 do artigo 12.º do CIVA',1,NULL,NULL),(1183,34,'ISENTO','M19','M19 - Isento nos termos da alínea j) do nº1 do artigo 12.º do CIVA',0,'Isento nos termos da alínea j) do nº1 do artigo 12. do CIVA',1,NULL,NULL),(1184,34,'ISENTO','M20','M20 - Isento nos termos da alnea k) do n1 do artigo 12.º do CIVA',0,'Isento nos termos da alínea k) do n1 do artigo 12.º do CIVA',1,NULL,NULL),(1185,34,'ISENTO','M21','M21 - Isento nos termos da alínea l) do nº1 do artigo 12.º do CIVA',0,'Isento nos termos da alínea l) do n1 do artigo 12.º do CIVA',1,NULL,NULL),(1186,34,'ISENTO','M22','M22 - Isento nos termos da alínea m) do nº1 do artigo 12.º do CIVA',0,'Isento nos termos da alínea m) do nº1 do artigo 12.º do CIVA',1,NULL,NULL),(1187,34,'ISENTO','M23','M23 - Isento nos termos da alínea n) do nº1 do artigo 12.º do CIVA',0,'Isento nos termos da alínea n) do nº1 do artigo 12.º do CIVA',1,NULL,NULL),(1188,34,'ISENTO','M24','M24 - Isento nos termos da alínea o) do nº1 do artigo 12.º do CIVA',0,'Isento nos termos da alínea o) do n1 do artigo 12.º do CIVA',1,NULL,NULL),(1189,34,'ISENTO','M80','M80 - Isento nos termos da alínea a) do nº1 do artigo 14. do CIVA',0,'Isento nos termos da alnea a) do n1 do artigo 14.º do CIVA',1,NULL,NULL),(1190,34,'ISENTO','M81','M81 - Isento nos termos da alínea b) do n1 do artigo 14.º do CIVA',0,'Isento nos termos da alínea b) do nº1 do artigo 14.º do CIVA',1,NULL,NULL),(1191,34,'ISENTO','M82','M82 - Isento nos termos da alínea c) do n1 do artigo 14.º do CIVA',0,'Isento nos termos da alínea c) do nº1 do artigo 14.º do CIVA',1,NULL,NULL),(1192,34,'ISENTO','M83','M83 - Isento nos termos da alínea d) do nº1 do artigo 14.º do CIVA',0,'Isento nos termos da alínea d) do nº1 do artigo 14.º do CIVA',1,NULL,NULL),(1193,34,'ISENTO','M84','M84 - Isento nos termos da alínea e) do n1 do artigo 14.º do CIVA',0,'Isento nos termos da alínea e) do n1 do artigo 14.º do CIVA',1,NULL,NULL),(1194,34,'ISENTO','M85','M85 - Isento nos termos da alínea a) do n2 do artigo 14. do CIVA',0,'Isento nos termos da alnea a) do n2 do artigo 14.º do CIVA',1,NULL,NULL),(1195,34,'ISENTO','M86','M86 - Isento nos termos da alínea b) do nº2 do artigo 14.º do CIVA',0,'Isento nos termos da alínea b) do n2 do artigo 14.º do CIVA',1,NULL,NULL),(1196,34,'ISENTO','M30','M30 - Isento nos termos da alínea a) do artigo 15.º do CIVA',0,'Isento nos termos da alínea a) do artigo 15.º do CIVA',1,NULL,NULL),(1197,34,'ISENTO','M31','M31 - Isento nos termos da alínea b) do artigo 15.º do CIVA',0,'Isento nos termos da alínea b) do artigo 15.º do CIVA',1,NULL,NULL),(1198,34,'ISENTO','M32','M32 - Isento nos termos da alínea c) do artigo 15.º do CIVA',0,'Isento nos termos da alnea c) do artigo 15.º do CIVA',1,NULL,NULL),(1199,34,'ISENTO','M33','M33 - Isento nos termos da alínea d) do artigo 15.º do CIVA',0,'Isento nos termos da alnea d) do artigo 15. do CIVA',1,NULL,NULL),(1200,34,'ISENTO','M34','M34 - Isento nos termos da alnea e) do artigo 15.º do CIVA',0,'Isento nos termos da alínea e) do artigo 15.º do CIVA',1,NULL,NULL),(1201,34,'ISENTO','M35','M35 - Isento nos termos da alínea f) do artigo 15. do CIVA',0,'Isento nos termos da alínea f) do artigo 15.º do CIVA',1,NULL,NULL),(1202,34,'ISENTO','M36','M36 - Isento nos termos da alínea g) do artigo 15.º do CIVA',0,'Isento nos termos da alínea g) do artigo 15.º do CIVA',1,NULL,NULL),(1203,34,'ISENTO','M37','M37 - Isento nos termos da alínea h) do artigo 15.º do CIVA',0,'Isento nos termos da alínea h) do artigo 15.º do CIVA',1,NULL,NULL),(1204,34,'ISENTO','M38','M38 - Isento nos termos da alínea i) do artigo 15.º do CIVA',0,'Isento nos termos da alínea i) do artigo 15.º do CIVA',1,NULL,NULL),(1205,34,'ISENTO','M90','M90 - Isento nos termos da alinea a) do nº1 do artigo 16.',0,'Isento nos termos da alinea a) do n1 do artigo 16.º',1,NULL,NULL),(1206,34,'ISENTO','M91','M91 - Isento nos termos da alinea b) do nº1 do artigo 16.º',0,'Isento nos termos da alinea b) do nº1 do artigo 16.º',1,NULL,NULL),(1207,34,'ISENTO','M92','M92 - Isento nos termos da alinea c) do nº1 do artigo 16.',0,'Isento nos termos da alinea c) do nº1 do artigo 16.',1,NULL,NULL),(1208,34,'ISENTO','M93','M93 - Isento nos termos da alinea d) do nº1 do artigo 16.º',0,'Isento nos termos da alinea d) do n1 do artigo 16.º',1,NULL,NULL),(1209,34,'ISENTO','M93','M94 - Isento nos termos da alinea e) do nº1 do artigo 16.',0,'Isento nos termos da alinea e) do nº1 do artigo 16.º',1,NULL,NULL);
/*!40000 ALTER TABLE `impostos` ENABLE KEYS */;
UNLOCK TABLES;

--
-- Table structure for table `item_factura_recibos`
--

DROP TABLE IF EXISTS `item_factura_recibos`;
/*!40101 SET @saved_cs_client     = @@character_set_client */;
/*!40101 SET character_set_client = utf8 */;
CREATE TABLE `item_factura_recibos` (
  `id` bigint(20) unsigned NOT NULL AUTO_INCREMENT,
  `empresa_id` bigint(20) unsigned DEFAULT NULL,
  `designacao` varchar(191) DEFAULT NULL,
  `preco` decimal(30,2) DEFAULT NULL,
  `qtd` int(11) DEFAULT NULL,
  `desconto` decimal(30,2) DEFAULT NULL,
  `subtotal` decimal(30,2) DEFAULT NULL,
  `retencao_designacao` varchar(191) DEFAULT NULL,
  `retencao_taxa` double DEFAULT NULL,
  `imposto_tipo` varchar(191) DEFAULT NULL,
  `imposto_codigo` varchar(191) DEFAULT NULL,
  `imposto_designacao` varchar(191) DEFAULT NULL,
  `imposto_taxa` double DEFAULT NULL,
  `imposto_motivo` varchar(191) DEFAULT NULL,
  `factura_recibo_id` bigint(20) unsigned NOT NULL,
  `artigo_id` bigint(20) unsigned NOT NULL,
  `imposto_id` bigint(20) unsigned NOT NULL,
  `retencao_id` bigint(20) unsigned DEFAULT NULL,
  `created_at` timestamp NULL DEFAULT NULL,
  `updated_at` timestamp NULL DEFAULT NULL,
  PRIMARY KEY (`id`),
  KEY `item_factura_recibos_factura_recibo_id_foreign` (`factura_recibo_id`),
  KEY `item_factura_recibos_artigo_id_foreign` (`artigo_id`),
  KEY `item_factura_recibos_imposto_id_foreign` (`imposto_id`),
  KEY `item_factura_recibos_retencao_id_foreign` (`retencao_id`),
  CONSTRAINT `item_factura_recibos_artigo_id_foreign` FOREIGN KEY (`artigo_id`) REFERENCES `artigos` (`id`),
  CONSTRAINT `item_factura_recibos_factura_recibo_id_foreign` FOREIGN KEY (`factura_recibo_id`) REFERENCES `factura_recibos` (`id`) ON DELETE CASCADE,
  CONSTRAINT `item_factura_recibos_imposto_id_foreign` FOREIGN KEY (`imposto_id`) REFERENCES `impostos` (`id`),
  CONSTRAINT `item_factura_recibos_retencao_id_foreign` FOREIGN KEY (`retencao_id`) REFERENCES `retencaos` (`id`) ON DELETE SET NULL ON UPDATE CASCADE
) ENGINE=InnoDB AUTO_INCREMENT=78 DEFAULT CHARSET=utf8mb4 COLLATE=utf8mb4_unicode_ci;
/*!40101 SET character_set_client = @saved_cs_client */;

--
-- Dumping data for table `item_factura_recibos`
--

LOCK TABLES `item_factura_recibos` WRITE;
/*!40000 ALTER TABLE `item_factura_recibos` DISABLE KEYS */;
INSERT INTO `item_factura_recibos` VALUES (1,2,'Tinteiro HP 650',11094.00,1,0.00,11094.00,'Sem rentenção na fonte',0,'IVA',NULL,'IVA',14,NULL,1,1,41,3,'2024-08-15 10:45:25','2024-08-15 10:45:25'),(2,2,'Tinteiro hp 932 colour',14900.00,1,0.00,14900.00,'Sem rentenção na fonte',0,'IVA',NULL,'IVA',14,NULL,1,2,41,3,'2024-08-15 10:45:25','2024-08-15 10:45:25'),(3,1,'Software de faturação-Atomo',10000.00,2,0.00,20000.00,'Sem rentenção na fonte',0,'ISENTO','M00','M00 - Regime Simplificado',0,'Regime Simplificado',2,11,1,1,'2024-08-28 12:31:17','2024-08-28 12:31:17'),(4,1,'Software de faturação-Atomo',10000.00,3,0.00,30000.00,'Sem rentenção na fonte',0,'ISENTO','M00','M00 - Regime Simplificado',0,'Regime Simplificado',3,11,1,1,'2024-08-28 12:49:47','2024-08-28 12:49:47'),(5,14,'Lençol',35000.00,1,0.00,35000.00,'Sem rentenção na fonte',0,'ISENTO','M04','M04 - Regime de Exclusão',0,'Regime Simplificado',4,16,511,27,'2024-09-02 10:46:10','2024-09-02 10:46:10'),(6,14,'calça',15000.00,2,0.00,30000.00,'Sem rentenção na fonte',0,'ISENTO','M00','M00 - Regime Simplificado',0,'Regime Simplificado',5,18,508,27,'2024-09-02 10:56:54','2024-09-02 10:56:54'),(7,14,'pano',2000.00,5,0.00,10000.00,'Sem rentenção na fonte',0,'ISENTO','M00','M00 - Regime Simplificado',0,'Regime Simplificado',6,21,508,27,'2024-09-02 11:56:50','2024-09-02 11:56:50'),(8,14,'calça',15000.00,2,0.00,30000.00,'Sem rentenção na fonte',0,'ISENTO','M00','M00 - Regime Simplificado',0,'Regime Simplificado',7,18,508,27,'2024-09-02 11:58:52','2024-09-02 11:58:52'),(9,14,'colchão',40000.00,1,0.00,40000.00,'Sem rentenção na fonte',0,'ISENTO','M00','M00 - Regime Simplificado',0,'Regime Simplificado',8,22,508,27,'2024-09-02 12:19:47','2024-09-02 12:19:47'),(10,14,'pasta',4000.00,1,0.00,4000.00,'Sem rentenção na fonte',0,'ISENTO','M00','M00 - Regime Simplificado',0,'Regime Simplificado',9,23,508,27,'2024-09-02 13:30:11','2024-09-02 13:30:11'),(11,14,'calça',15000.00,1,0.00,15000.00,'Sem rentenção na fonte',0,'ISENTO','M00','M00 - Regime Simplificado',0,'Regime Simplificado',10,18,508,27,'2024-09-02 13:43:00','2024-09-02 13:43:00'),(12,14,'saco de tenis',15000.00,2,0.00,30000.00,'Sem rentenção na fonte',0,'ISENTO','M00','M00 - Regime Simplificado',0,'Regime Simplificado',11,24,508,27,'2024-09-02 13:49:21','2024-09-02 13:49:21'),(13,14,'Lençol',35000.00,1,0.00,35000.00,'Sem rentenção na fonte',0,'ISENTO','M00','M00 - Regime Simplificado',0,'Regime Simplificado',12,16,508,27,'2024-09-02 14:24:13','2024-09-02 14:24:13'),(14,14,'Lençol',35000.00,1,0.00,35000.00,'Sem rentenção na fonte',0,'ISENTO','M00','M00 - Regime Simplificado',0,'Regime Simplificado',13,16,508,27,'2024-09-03 11:39:07','2024-09-03 11:39:07'),(15,14,'lençol',20000.00,4,0.00,80000.00,'Sem rentenção na fonte',0,'ISENTO','M00','M00 - Regime Simplificado',0,'Regime Simplificado',13,15,508,27,'2024-09-03 11:39:07','2024-09-03 11:39:07'),(16,14,'saco de tenis',25000.00,1,0.00,25000.00,'Sem rentenção na fonte',0,'ISENTO','M00','M00 - Regime Simplificado',0,'Regime Simplificado',14,25,508,27,'2024-09-03 12:32:00','2024-09-03 12:32:00'),(17,14,'calça',15000.00,1,0.00,15000.00,'Sem rentenção na fonte',0,'ISENTO','M00','M00 - Regime Simplificado',0,'Regime Simplificado',15,18,508,27,'2024-09-03 12:52:31','2024-09-03 12:52:31'),(18,14,'pasta',4000.00,1,0.00,4000.00,'Sem rentenção na fonte',0,'ISENTO','M00','M00 - Regime Simplificado',0,'Regime Simplificado',16,23,508,27,'2024-09-04 07:30:32','2024-09-04 07:30:32'),(19,14,'Pasta',2000.00,1,0.00,2000.00,'Sem rentenção na fonte',0,'ISENTO','M00','M00 - Regime Simplificado',0,'Regime Simplificado',16,20,508,27,'2024-09-04 07:30:32','2024-09-04 07:30:32'),(20,14,'Tenís',2000.00,2,0.00,4000.00,'Sem rentenção na fonte',0,'ISENTO','M00','M00 - Regime Simplificado',0,'Regime Simplificado',17,26,508,27,'2024-09-04 08:35:35','2024-09-04 08:35:35'),(21,14,'Meia',500.00,4,0.00,2000.00,'Sem rentenção na fonte',0,'ISENTO','M00','M00 - Regime Simplificado',0,'Regime Simplificado',17,28,508,27,'2024-09-04 08:35:35','2024-09-04 08:35:35'),(22,14,'Calça',2000.00,2,0.00,4000.00,'Sem rentenção na fonte',0,'ISENTO','M00','M00 - Regime Simplificado',0,'Regime Simplificado',17,27,508,27,'2024-09-04 08:35:35','2024-09-04 08:35:35'),(23,14,'Tenís',2500.00,2,0.00,5000.00,'Sem rentenção na fonte',0,'ISENTO','M00','M00 - Regime Simplificado',0,'Regime Simplificado',17,19,508,27,'2024-09-04 08:35:35','2024-09-04 08:35:35'),(24,14,'pasta',2500.00,2,0.00,5000.00,'Sem rentenção na fonte',0,'ISENTO','M00','M00 - Regime Simplificado',0,'Regime Simplificado',18,29,508,27,'2024-09-04 08:53:35','2024-09-04 08:53:35'),(25,14,'chuteira',8000.00,1,0.00,8000.00,'Sem rentenção na fonte',0,'ISENTO','M00','M00 - Regime Simplificado',0,'Regime Simplificado',19,30,508,27,'2024-09-04 09:22:45','2024-09-04 09:22:45'),(26,14,'calça',15000.00,2,0.00,30000.00,'Sem rentenção na fonte',0,'ISENTO','M00','M00 - Regime Simplificado',0,'Regime Simplificado',20,18,508,27,'2024-09-04 09:42:50','2024-09-04 09:42:50'),(27,14,'Lençol',35000.00,1,0.00,35000.00,'Sem rentenção na fonte',0,'ISENTO','M00','M00 - Regime Simplificado',0,'Regime Simplificado',20,16,508,27,'2024-09-04 09:42:50','2024-09-04 09:42:50'),(28,14,'lençol',20000.00,4,0.00,80000.00,'Sem rentenção na fonte',0,'ISENTO','M00','M00 - Regime Simplificado',0,'Regime Simplificado',21,15,508,27,'2024-09-04 10:18:59','2024-09-04 10:18:59'),(29,14,'Lençol',35000.00,1,0.00,35000.00,'Sem rentenção na fonte',0,'ISENTO','M00','M00 - Regime Simplificado',0,'Regime Simplificado',21,16,508,27,'2024-09-04 10:18:59','2024-09-04 10:18:59'),(30,14,'Calça',1000.00,2,0.00,2000.00,'Sem rentenção na fonte',0,'ISENTO','M00','M00 - Regime Simplificado',0,'Regime Simplificado',22,31,508,27,'2024-09-04 10:23:35','2024-09-04 10:23:35'),(31,14,'Calça',500.00,2,0.00,1000.00,'Sem rentenção na fonte',0,'ISENTO','M00','M00 - Regime Simplificado',0,'Regime Simplificado',22,27,508,27,'2024-09-04 10:23:35','2024-09-04 10:23:35'),(32,14,'calça',15000.00,1,0.00,15000.00,'Sem rentenção na fonte',0,'ISENTO','M00','M00 - Regime Simplificado',0,'Regime Simplificado',22,18,508,27,'2024-09-04 10:23:35','2024-09-04 10:23:35'),(33,14,'pano',2500.00,2,0.00,5000.00,'Sem rentenção na fonte',0,'ISENTO','M04','M04 - Regime de Exclusão',0,'Regime Simplificado',23,32,511,27,'2024-09-04 10:26:48','2024-09-04 10:26:48'),(34,14,'compra',6000.00,1,0.00,6000.00,'Sem rentenção na fonte',0,'ISENTO','M00','M00 - Regime Simplificado',0,'Regime Simplificado',24,33,508,27,'2024-09-04 13:13:12','2024-09-04 13:13:12'),(35,14,'lençol',20000.00,1,0.00,20000.00,'Sem rentenção na fonte',0,'ISENTO','M00','M00 - Regime Simplificado',0,'Regime Simplificado',25,15,508,27,'2024-09-04 13:44:55','2024-09-04 13:44:55'),(36,14,'saco de tenis',15000.00,1,0.00,15000.00,'Sem rentenção na fonte',0,'ISENTO','M00','M00 - Regime Simplificado',0,'Regime Simplificado',25,24,508,27,'2024-09-04 13:44:55','2024-09-04 13:44:55'),(37,14,'lençol',20000.00,1,0.00,20000.00,'Sem rentenção na fonte',0,'ISENTO','M00','M00 - Regime Simplificado',0,'Regime Simplificado',26,15,508,27,'2024-09-05 08:31:21','2024-09-05 08:31:21'),(38,14,'lençol',20000.00,1,0.00,20000.00,'Sem rentenção na fonte',0,'ISENTO','M00','M00 - Regime Simplificado',0,'Regime Simplificado',27,15,508,27,'2024-09-05 08:31:21','2024-09-05 08:31:21'),(39,14,'curtina',28000.00,1,0.00,28000.00,'Sem rentenção na fonte',0,'ISENTO','M00','M00 - Regime Simplificado',0,'Regime Simplificado',28,39,508,27,'2024-09-05 08:47:45','2024-09-05 08:47:45'),(40,14,'fogão',4000.00,1,0.00,4000.00,'Sem rentenção na fonte',0,'ISENTO','M00','M00 - Regime Simplificado',0,'Regime Simplificado',29,40,508,27,'2024-09-05 09:37:58','2024-09-05 09:37:58'),(41,14,'calça',15000.00,1,0.00,15000.00,'Sem rentenção na fonte',0,'ISENTO','M00','M00 - Regime Simplificado',0,'Regime Simplificado',30,18,508,27,'2024-09-05 12:56:15','2024-09-05 12:56:15'),(42,14,'tenis',2500.00,1,0.00,2500.00,'Sem rentenção na fonte',0,'ISENTO','M00','M00 - Regime Simplificado',0,'Regime Simplificado',31,41,508,27,'2024-09-05 13:40:42','2024-09-05 13:40:42'),(43,14,'calça',15000.00,1,0.00,15000.00,'Sem rentenção na fonte',0,'ISENTO','M00','M00 - Regime Simplificado',0,'Regime Simplificado',32,18,508,27,'2024-09-06 06:30:23','2024-09-06 06:30:23'),(44,14,'Lençol',35000.00,1,0.00,35000.00,'Sem rentenção na fonte',0,'ISENTO','M00','M00 - Regime Simplificado',0,'Regime Simplificado',33,16,508,27,'2024-09-06 08:28:45','2024-09-06 08:28:45'),(45,14,'lençol',26000.00,1,0.00,26000.00,'Sem rentenção na fonte',0,'ISENTO','M00','M00 - Regime Simplificado',0,'Regime Simplificado',34,17,508,27,'2024-09-06 08:29:36','2024-09-06 08:29:36'),(46,14,'Lençol',35000.00,3,0.00,105000.00,'Sem rentenção na fonte',0,'ISENTO','M00','M00 - Regime Simplificado',0,'Regime Simplificado',35,16,508,27,'2024-09-06 08:33:11','2024-09-06 08:33:11'),(47,14,'lençol',26000.00,1,0.00,26000.00,'Sem rentenção na fonte',0,'ISENTO','M00','M00 - Regime Simplificado',0,'Regime Simplificado',36,17,508,27,'2024-09-06 08:34:16','2024-09-06 08:34:16'),(48,14,'calça',15000.00,1,0.00,15000.00,'Sem rentenção na fonte',0,'ISENTO','M00','M00 - Regime Simplificado',0,'Regime Simplificado',37,18,508,27,'2024-09-09 06:39:48','2024-09-09 06:39:48'),(49,14,'pano',2500.00,1,0.00,2500.00,'Sem rentenção na fonte',0,'ISENTO','M04','M04 - Regime de Exclusão',0,'Regime Simplificado',38,32,511,27,'2024-09-09 10:20:38','2024-09-09 10:20:38'),(50,14,'TENIS',2500.00,2,0.00,5000.00,'Sem rentenção na fonte',0,'ISENTO','M00','M00 - Regime Simplificado',0,'Regime Simplificado',39,42,508,27,'2024-09-09 12:25:18','2024-09-09 12:25:18'),(51,14,'Lençol',35000.00,1,0.00,35000.00,'Sem rentenção na fonte',0,'ISENTO','M00','M00 - Regime Simplificado',0,'Regime Simplificado',40,16,508,27,'2024-09-10 11:22:49','2024-09-10 11:22:49'),(52,14,'calça',15000.00,2,0.00,30000.00,'Sem rentenção na fonte',0,'ISENTO','M00','M00 - Regime Simplificado',0,'Regime Simplificado',40,18,508,27,'2024-09-10 11:22:49','2024-09-10 11:22:49'),(53,14,'calça',15000.00,2,0.00,30000.00,'Sem rentenção na fonte',0,'ISENTO','M00','M00 - Regime Simplificado',0,'Regime Simplificado',41,18,508,27,'2024-09-10 11:25:09','2024-09-10 11:25:09'),(54,14,'camisolas',25000.00,1,0.00,25000.00,'Sem rentenção na fonte',0,'ISENTO','M00','M00 - Regime Simplificado',0,'Regime Simplificado',42,43,508,27,'2024-09-10 11:38:22','2024-09-10 11:38:22'),(55,14,'Lençol',35000.00,1,0.00,35000.00,'Sem rentenção na fonte',0,'ISENTO','M00','M00 - Regime Simplificado',0,'Regime Simplificado',43,16,508,27,'2024-09-10 11:48:54','2024-09-10 11:48:54'),(56,14,'colchão',50000.00,1,0.00,50000.00,'Sem rentenção na fonte',0,'ISENTO','M00','M00 - Regime Simplificado',0,'Regime Simplificado',44,44,508,27,'2024-09-10 13:38:55','2024-09-10 13:38:55'),(57,14,'cinto',2000.00,1,0.00,2000.00,'Sem rentenção na fonte',0,'ISENTO','M00','M00 - Regime Simplificado',0,'Regime Simplificado',45,46,508,27,'2024-09-11 07:27:44','2024-09-11 07:27:44'),(58,14,'camisolas',25000.00,1,0.00,25000.00,'Sem rentenção na fonte',0,'ISENTO','M00','M00 - Regime Simplificado',0,'Regime Simplificado',46,43,508,27,'2024-09-11 08:57:59','2024-09-11 08:57:59'),(59,14,'tenis',5000.00,1,0.00,5000.00,'Sem rentenção na fonte',0,'ISENTO','M00','M00 - Regime Simplificado',0,'Regime Simplificado',47,47,508,27,'2024-09-11 09:59:49','2024-09-11 09:59:49'),(60,14,'tenis',15000.00,1,0.00,15000.00,'Sem rentenção na fonte',0,'ISENTO','M00','M00 - Regime Simplificado',0,'Regime Simplificado',48,47,508,27,'2024-09-11 10:31:21','2024-09-11 10:31:21'),(61,14,'lençol',20000.00,1,0.00,20000.00,'Sem rentenção na fonte',0,'ISENTO','M00','M00 - Regime Simplificado',0,'Regime Simplificado',48,15,508,27,'2024-09-11 10:31:21','2024-09-11 10:31:21'),(62,14,'meio balão',7500.00,1,0.00,7500.00,'Sem rentenção na fonte',0,'ISENTO','M00','M00 - Regime Simplificado',0,'Regime Simplificado',48,50,508,27,'2024-09-11 10:31:21','2024-09-11 10:31:21'),(63,14,'MEIO SACO DE LENÇOL',10000.00,1,0.00,10000.00,'Sem rentenção na fonte',0,'ISENTO','M00','M00 - Regime Simplificado',0,'Regime Simplificado',48,51,508,27,'2024-09-11 10:31:21','2024-09-11 10:31:21'),(64,14,'fronhas',500.00,1,0.00,500.00,'Sem rentenção na fonte',0,'ISENTO','M00','M00 - Regime Simplificado',0,'Regime Simplificado',49,49,508,27,'2024-09-11 11:25:43','2024-09-11 11:25:43'),(65,14,'fronhas',1000.00,12,0.00,12000.00,'Sem rentenção na fonte',0,'ISENTO','M00','M00 - Regime Simplificado',0,'Regime Simplificado',49,48,508,27,'2024-09-11 11:25:43','2024-09-11 11:25:43'),(66,14,'calça',15000.00,2,0.00,30000.00,'Sem rentenção na fonte',0,'ISENTO','M00','M00 - Regime Simplificado',0,'Regime Simplificado',49,18,508,27,'2024-09-11 11:25:43','2024-09-11 11:25:43'),(67,14,'CINTO',500.00,1,0.00,500.00,'Sem rentenção na fonte',0,'ISENTO','M00','M00 - Regime Simplificado',0,'Regime Simplificado',50,52,508,27,'2024-09-11 11:33:32','2024-09-11 11:33:32'),(68,14,'SANDALIA',1000.00,1,0.00,1000.00,'Sem rentenção na fonte',0,'ISENTO','M00','M00 - Regime Simplificado',0,'Regime Simplificado',50,53,508,27,'2024-09-11 11:33:32','2024-09-11 11:33:32'),(69,14,'calça',15000.00,2,0.00,30000.00,'Sem rentenção na fonte',0,'ISENTO','M00','M00 - Regime Simplificado',0,'Regime Simplificado',51,18,508,27,'2024-09-11 13:01:35','2024-09-11 13:01:35'),(70,14,'FICHA',1500.00,1,0.00,1500.00,'Sem rentenção na fonte',0,'ISENTO','M00','M00 - Regime Simplificado',0,'Regime Simplificado',52,54,508,27,'2024-09-11 13:15:37','2024-09-11 13:15:37'),(71,14,'tenis',2500.00,1,0.00,2500.00,'Sem rentenção na fonte',0,'ISENTO','M00','M00 - Regime Simplificado',0,'Regime Simplificado',53,41,508,27,'2024-09-12 09:32:06','2024-09-12 09:32:06'),(72,14,'curtina',1500.00,2,0.00,3000.00,'Sem rentenção na fonte',0,'ISENTO','M00','M00 - Regime Simplificado',0,'Regime Simplificado',54,55,508,27,'2024-09-12 10:05:26','2024-09-12 10:05:26'),(73,14,'MEIO SACO DE LENÇOL',10000.00,1,0.00,10000.00,'Sem rentenção na fonte',0,'ISENTO','M00','M00 - Regime Simplificado',0,'Regime Simplificado',55,51,508,27,'2024-09-12 11:21:46','2024-09-12 11:21:46'),(74,14,'lençol',20000.00,2,0.00,40000.00,'Sem rentenção na fonte',0,'ISENTO','M00','M00 - Regime Simplificado',0,'Regime Simplificado',55,15,508,27,'2024-09-12 11:21:46','2024-09-12 11:21:46'),(75,14,'fronha',9500.00,1,0.00,9500.00,'Sem rentenção na fonte',0,'ISENTO','M00','M00 - Regime Simplificado',0,'Regime Simplificado',56,56,508,27,'2024-09-16 08:15:53','2024-09-16 08:15:53'),(76,14,'calça',15000.00,1,0.00,15000.00,'Sem rentenção na fonte',0,'ISENTO','M00','M00 - Regime Simplificado',0,'Regime Simplificado',57,18,508,27,'2024-09-16 11:35:37','2024-09-16 11:35:37'),(77,14,'camisolas',25000.00,1,0.00,25000.00,'Sem rentenção na fonte',0,'ISENTO','M00','M00 - Regime Simplificado',0,'Regime Simplificado',57,43,508,27,'2024-09-16 11:35:37','2024-09-16 11:35:37');
/*!40000 ALTER TABLE `item_factura_recibos` ENABLE KEYS */;
UNLOCK TABLES;

--
-- Table structure for table `item_guia_remessas`
--

DROP TABLE IF EXISTS `item_guia_remessas`;
/*!40101 SET @saved_cs_client     = @@character_set_client */;
/*!40101 SET character_set_client = utf8 */;
CREATE TABLE `item_guia_remessas` (
  `id` bigint(20) unsigned NOT NULL AUTO_INCREMENT,
  `empresa_id` bigint(20) unsigned DEFAULT NULL,
  `designacao` varchar(191) DEFAULT NULL,
  `preco` decimal(30,2) DEFAULT NULL,
  `qtd` int(11) DEFAULT NULL,
  `desconto` decimal(30,2) DEFAULT NULL,
  `subtotal` decimal(30,2) DEFAULT NULL,
  `retencao_designacao` varchar(191) DEFAULT NULL,
  `retencao_taxa` double DEFAULT NULL,
  `imposto_tipo` varchar(191) DEFAULT NULL,
  `imposto_codigo` varchar(191) DEFAULT NULL,
  `imposto_designacao` varchar(191) DEFAULT NULL,
  `imposto_taxa` double DEFAULT NULL,
  `imposto_motivo` varchar(191) DEFAULT NULL,
  `guia_remessa_id` bigint(20) unsigned NOT NULL,
  `artigo_id` bigint(20) unsigned NOT NULL,
  `imposto_id` bigint(20) unsigned NOT NULL,
  `retencao_id` bigint(20) unsigned DEFAULT NULL,
  `created_at` timestamp NULL DEFAULT NULL,
  `updated_at` timestamp NULL DEFAULT NULL,
  PRIMARY KEY (`id`),
  KEY `item_guia_remessas_guia_remessa_id_foreign` (`guia_remessa_id`),
  KEY `item_guia_remessas_artigo_id_foreign` (`artigo_id`),
  KEY `item_guia_remessas_imposto_id_foreign` (`imposto_id`),
  KEY `item_guia_remessas_retencao_id_foreign` (`retencao_id`),
  CONSTRAINT `item_guia_remessas_artigo_id_foreign` FOREIGN KEY (`artigo_id`) REFERENCES `artigos` (`id`),
  CONSTRAINT `item_guia_remessas_guia_remessa_id_foreign` FOREIGN KEY (`guia_remessa_id`) REFERENCES `guia_remessas` (`id`) ON DELETE CASCADE,
  CONSTRAINT `item_guia_remessas_imposto_id_foreign` FOREIGN KEY (`imposto_id`) REFERENCES `impostos` (`id`),
  CONSTRAINT `item_guia_remessas_retencao_id_foreign` FOREIGN KEY (`retencao_id`) REFERENCES `retencaos` (`id`) ON DELETE SET NULL ON UPDATE CASCADE
) ENGINE=InnoDB DEFAULT CHARSET=utf8mb4 COLLATE=utf8mb4_unicode_ci;
/*!40101 SET character_set_client = @saved_cs_client */;

--
-- Dumping data for table `item_guia_remessas`
--

LOCK TABLES `item_guia_remessas` WRITE;
/*!40000 ALTER TABLE `item_guia_remessas` DISABLE KEYS */;
/*!40000 ALTER TABLE `item_guia_remessas` ENABLE KEYS */;
UNLOCK TABLES;

--
-- Table structure for table `item_guia_transportes`
--

DROP TABLE IF EXISTS `item_guia_transportes`;
/*!40101 SET @saved_cs_client     = @@character_set_client */;
/*!40101 SET character_set_client = utf8 */;
CREATE TABLE `item_guia_transportes` (
  `id` bigint(20) unsigned NOT NULL AUTO_INCREMENT,
  `empresa_id` bigint(20) unsigned DEFAULT NULL,
  `designacao` varchar(191) DEFAULT NULL,
  `preco` decimal(30,2) DEFAULT NULL,
  `qtd` int(11) DEFAULT NULL,
  `desconto` decimal(30,2) DEFAULT NULL,
  `subtotal` decimal(30,2) DEFAULT NULL,
  `retencao_designacao` varchar(191) DEFAULT NULL,
  `retencao_taxa` double DEFAULT NULL,
  `imposto_tipo` varchar(191) DEFAULT NULL,
  `imposto_codigo` varchar(191) DEFAULT NULL,
  `imposto_designacao` varchar(191) DEFAULT NULL,
  `imposto_taxa` double DEFAULT NULL,
  `imposto_motivo` varchar(191) DEFAULT NULL,
  `guia_transporte_id` bigint(20) unsigned NOT NULL,
  `artigo_id` bigint(20) unsigned NOT NULL,
  `imposto_id` bigint(20) unsigned NOT NULL,
  `retencao_id` bigint(20) unsigned DEFAULT NULL,
  `created_at` timestamp NULL DEFAULT NULL,
  `updated_at` timestamp NULL DEFAULT NULL,
  PRIMARY KEY (`id`),
  KEY `item_guia_transportes_guia_transporte_id_foreign` (`guia_transporte_id`),
  KEY `item_guia_transportes_artigo_id_foreign` (`artigo_id`),
  KEY `item_guia_transportes_imposto_id_foreign` (`imposto_id`),
  KEY `item_guia_transportes_retencao_id_foreign` (`retencao_id`),
  CONSTRAINT `item_guia_transportes_artigo_id_foreign` FOREIGN KEY (`artigo_id`) REFERENCES `artigos` (`id`),
  CONSTRAINT `item_guia_transportes_guia_transporte_id_foreign` FOREIGN KEY (`guia_transporte_id`) REFERENCES `guia_transportes` (`id`) ON DELETE CASCADE,
  CONSTRAINT `item_guia_transportes_imposto_id_foreign` FOREIGN KEY (`imposto_id`) REFERENCES `impostos` (`id`),
  CONSTRAINT `item_guia_transportes_retencao_id_foreign` FOREIGN KEY (`retencao_id`) REFERENCES `retencaos` (`id`) ON DELETE SET NULL ON UPDATE CASCADE
) ENGINE=InnoDB DEFAULT CHARSET=utf8mb4 COLLATE=utf8mb4_unicode_ci;
/*!40101 SET character_set_client = @saved_cs_client */;

--
-- Dumping data for table `item_guia_transportes`
--

LOCK TABLES `item_guia_transportes` WRITE;
/*!40000 ALTER TABLE `item_guia_transportes` DISABLE KEYS */;
/*!40000 ALTER TABLE `item_guia_transportes` ENABLE KEYS */;
UNLOCK TABLES;

--
-- Table structure for table `item_nota_creditos`
--

DROP TABLE IF EXISTS `item_nota_creditos`;
/*!40101 SET @saved_cs_client     = @@character_set_client */;
/*!40101 SET character_set_client = utf8 */;
CREATE TABLE `item_nota_creditos` (
  `id` bigint(20) unsigned NOT NULL AUTO_INCREMENT,
  `empresa_id` bigint(20) unsigned DEFAULT NULL,
  `designacao` varchar(191) DEFAULT NULL,
  `preco` decimal(30,2) DEFAULT NULL,
  `qtd` int(11) DEFAULT NULL,
  `desconto` decimal(30,2) DEFAULT NULL,
  `subtotal` decimal(30,2) DEFAULT NULL,
  `retencao_designacao` varchar(191) DEFAULT NULL,
  `retencao_taxa` double DEFAULT NULL,
  `imposto_tipo` varchar(191) DEFAULT NULL,
  `imposto_codigo` varchar(191) DEFAULT NULL,
  `imposto_designacao` varchar(191) DEFAULT NULL,
  `imposto_taxa` double DEFAULT NULL,
  `imposto_motivo` varchar(191) DEFAULT NULL,
  `nota_credito_id` bigint(20) unsigned NOT NULL,
  `artigo_id` bigint(20) unsigned NOT NULL,
  `imposto_id` bigint(20) unsigned NOT NULL,
  `retencao_id` bigint(20) unsigned DEFAULT NULL,
  `created_at` timestamp NULL DEFAULT NULL,
  `updated_at` timestamp NULL DEFAULT NULL,
  PRIMARY KEY (`id`),
  KEY `item_nota_creditos_nota_credito_id_foreign` (`nota_credito_id`),
  KEY `item_nota_creditos_artigo_id_foreign` (`artigo_id`),
  KEY `item_nota_creditos_imposto_id_foreign` (`imposto_id`),
  KEY `item_nota_creditos_retencao_id_foreign` (`retencao_id`),
  CONSTRAINT `item_nota_creditos_artigo_id_foreign` FOREIGN KEY (`artigo_id`) REFERENCES `artigos` (`id`),
  CONSTRAINT `item_nota_creditos_imposto_id_foreign` FOREIGN KEY (`imposto_id`) REFERENCES `impostos` (`id`),
  CONSTRAINT `item_nota_creditos_nota_credito_id_foreign` FOREIGN KEY (`nota_credito_id`) REFERENCES `nota_creditos` (`id`) ON DELETE CASCADE,
  CONSTRAINT `item_nota_creditos_retencao_id_foreign` FOREIGN KEY (`retencao_id`) REFERENCES `retencaos` (`id`) ON DELETE SET NULL ON UPDATE CASCADE
) ENGINE=InnoDB DEFAULT CHARSET=utf8mb4 COLLATE=utf8mb4_unicode_ci;
/*!40101 SET character_set_client = @saved_cs_client */;

--
-- Dumping data for table `item_nota_creditos`
--

LOCK TABLES `item_nota_creditos` WRITE;
/*!40000 ALTER TABLE `item_nota_creditos` DISABLE KEYS */;
/*!40000 ALTER TABLE `item_nota_creditos` ENABLE KEYS */;
UNLOCK TABLES;

--
-- Table structure for table `item_nota_debitos`
--

DROP TABLE IF EXISTS `item_nota_debitos`;
/*!40101 SET @saved_cs_client     = @@character_set_client */;
/*!40101 SET character_set_client = utf8 */;
CREATE TABLE `item_nota_debitos` (
  `id` bigint(20) unsigned NOT NULL AUTO_INCREMENT,
  `empresa_id` bigint(20) unsigned DEFAULT NULL,
  `designacao` varchar(191) DEFAULT NULL,
  `preco` decimal(30,2) DEFAULT NULL,
  `qtd` int(11) DEFAULT NULL,
  `desconto` decimal(30,2) DEFAULT NULL,
  `subtotal` decimal(30,2) DEFAULT NULL,
  `retencao_designacao` varchar(191) DEFAULT NULL,
  `retencao_taxa` double DEFAULT NULL,
  `imposto_tipo` varchar(191) DEFAULT NULL,
  `imposto_codigo` varchar(191) DEFAULT NULL,
  `imposto_designacao` varchar(191) DEFAULT NULL,
  `imposto_taxa` double DEFAULT NULL,
  `imposto_motivo` varchar(191) DEFAULT NULL,
  `nota_debito_id` bigint(20) unsigned NOT NULL,
  `artigo_id` bigint(20) unsigned NOT NULL,
  `imposto_id` bigint(20) unsigned NOT NULL,
  `retencao_id` bigint(20) unsigned DEFAULT NULL,
  `created_at` timestamp NULL DEFAULT NULL,
  `updated_at` timestamp NULL DEFAULT NULL,
  PRIMARY KEY (`id`),
  KEY `item_nota_debitos_nota_debito_id_foreign` (`nota_debito_id`),
  KEY `item_nota_debitos_artigo_id_foreign` (`artigo_id`),
  KEY `item_nota_debitos_imposto_id_foreign` (`imposto_id`),
  KEY `item_nota_debitos_retencao_id_foreign` (`retencao_id`),
  CONSTRAINT `item_nota_debitos_artigo_id_foreign` FOREIGN KEY (`artigo_id`) REFERENCES `artigos` (`id`),
  CONSTRAINT `item_nota_debitos_imposto_id_foreign` FOREIGN KEY (`imposto_id`) REFERENCES `impostos` (`id`),
  CONSTRAINT `item_nota_debitos_nota_debito_id_foreign` FOREIGN KEY (`nota_debito_id`) REFERENCES `nota_debitos` (`id`) ON DELETE CASCADE,
  CONSTRAINT `item_nota_debitos_retencao_id_foreign` FOREIGN KEY (`retencao_id`) REFERENCES `retencaos` (`id`) ON DELETE SET NULL ON UPDATE CASCADE
) ENGINE=InnoDB DEFAULT CHARSET=utf8mb4 COLLATE=utf8mb4_unicode_ci;
/*!40101 SET character_set_client = @saved_cs_client */;

--
-- Dumping data for table `item_nota_debitos`
--

LOCK TABLES `item_nota_debitos` WRITE;
/*!40000 ALTER TABLE `item_nota_debitos` DISABLE KEYS */;
/*!40000 ALTER TABLE `item_nota_debitos` ENABLE KEYS */;
UNLOCK TABLES;

--
-- Table structure for table `item_proformas`
--

DROP TABLE IF EXISTS `item_proformas`;
/*!40101 SET @saved_cs_client     = @@character_set_client */;
/*!40101 SET character_set_client = utf8 */;
CREATE TABLE `item_proformas` (
  `id` bigint(20) unsigned NOT NULL AUTO_INCREMENT,
  `empresa_id` bigint(20) unsigned DEFAULT NULL,
  `designacao` varchar(191) DEFAULT NULL,
  `preco` decimal(30,2) DEFAULT NULL,
  `qtd` int(11) DEFAULT NULL,
  `desconto` decimal(30,2) DEFAULT NULL,
  `subtotal` decimal(30,2) DEFAULT NULL,
  `retencao_designacao` varchar(191) DEFAULT NULL,
  `retencao_taxa` double DEFAULT NULL,
  `imposto_tipo` varchar(191) DEFAULT NULL,
  `imposto_codigo` varchar(191) DEFAULT NULL,
  `imposto_designacao` varchar(191) DEFAULT NULL,
  `imposto_taxa` double DEFAULT NULL,
  `imposto_motivo` varchar(191) DEFAULT NULL,
  `proforma_id` bigint(20) unsigned NOT NULL,
  `artigo_id` bigint(20) unsigned NOT NULL,
  `imposto_id` bigint(20) unsigned NOT NULL,
  `retencao_id` bigint(20) unsigned DEFAULT NULL,
  `created_at` timestamp NULL DEFAULT NULL,
  `updated_at` timestamp NULL DEFAULT NULL,
  PRIMARY KEY (`id`),
  KEY `item_proformas_proforma_id_foreign` (`proforma_id`),
  KEY `item_proformas_artigo_id_foreign` (`artigo_id`),
  KEY `item_proformas_imposto_id_foreign` (`imposto_id`),
  KEY `item_proformas_retencao_id_foreign` (`retencao_id`),
  CONSTRAINT `item_proformas_artigo_id_foreign` FOREIGN KEY (`artigo_id`) REFERENCES `artigos` (`id`),
  CONSTRAINT `item_proformas_imposto_id_foreign` FOREIGN KEY (`imposto_id`) REFERENCES `impostos` (`id`),
  CONSTRAINT `item_proformas_proforma_id_foreign` FOREIGN KEY (`proforma_id`) REFERENCES `proformas` (`id`) ON DELETE CASCADE,
  CONSTRAINT `item_proformas_retencao_id_foreign` FOREIGN KEY (`retencao_id`) REFERENCES `retencaos` (`id`) ON DELETE SET NULL ON UPDATE CASCADE
) ENGINE=InnoDB AUTO_INCREMENT=25 DEFAULT CHARSET=utf8mb4 COLLATE=utf8mb4_unicode_ci;
/*!40101 SET character_set_client = @saved_cs_client */;

--
-- Dumping data for table `item_proformas`
--

LOCK TABLES `item_proformas` WRITE;
/*!40000 ALTER TABLE `item_proformas` DISABLE KEYS */;
INSERT INTO `item_proformas` VALUES (1,2,'Tinteiro HP 650',11094.00,1,2.00,11094.00,'Sem rentenção na fonte',0,'IVA',NULL,'IVA',14,NULL,1,1,41,3,'2024-08-15 10:37:30','2024-08-15 10:37:30'),(2,2,'Tinteiro hp 932 colour',14900.00,1,2.00,14900.00,'Sem rentenção na fonte',0,'IVA',NULL,'IVA',14,NULL,1,2,41,3,'2024-08-15 10:37:30','2024-08-15 10:37:30'),(3,5,'Temaki',6500.00,1,0.00,6500.00,'Sem rentenção na fonte',0,'ISENTO','M00','M00 - Regime Simplificado',0,'Regime Simplificado',2,7,157,9,'2024-08-23 12:35:59','2024-08-23 12:35:59'),(4,7,'Mariscos',7000.00,1,0.00,7000.00,'Sem rentenção na fonte',0,'ISENTO','M00','M00 - Regime Simplificado',0,'Regime Simplificado',3,9,235,13,'2024-08-26 09:43:28','2024-08-26 09:43:28'),(5,1,'Software de faturação-Atomo',10000.00,1,0.00,10000.00,'Sem rentenção na fonte',0,'ISENTO','M00','M00 - Regime Simplificado',0,'Regime Simplificado',4,11,1,1,'2024-08-28 11:37:42','2024-08-28 11:37:42'),(6,1,'Software de faturação-Atomo',10000.00,2,0.00,20000.00,'Sem rentenção na fonte',0,'ISENTO','M00','M00 - Regime Simplificado',0,'Regime Simplificado',5,11,1,1,'2024-08-28 12:14:27','2024-08-28 12:14:27'),(7,7,'Choco',4000.00,7,0.00,28000.00,'Sem rentenção na fonte',0,'ISENTO','M04','M04 - Regime de Exclusão',0,'Regime Simplificado',6,14,238,13,'2024-08-30 09:44:34','2024-08-30 09:44:34'),(8,7,'Gamba',13500.00,81,0.00,1093500.00,'Sem rentenção na fonte',0,'ISENTO','M04','M04 - Regime de Exclusão',0,'Regime Simplificado',6,13,238,13,'2024-08-30 09:44:34','2024-08-30 09:44:34'),(9,7,'Lagosta',13000.00,7,0.00,91000.00,'Sem rentenção na fonte',0,'ISENTO','M04','M04 - Regime de Exclusão',0,'Regime Simplificado',6,12,238,13,'2024-08-30 09:44:34','2024-08-30 09:44:34'),(10,7,'Gamba',13500.00,891,0.00,12028500.00,'Sem rentenção na fonte',0,'ISENTO','M04','M04 - Regime de Exclusão',0,'Regime Simplificado',7,13,238,13,'2024-08-30 10:06:20','2024-08-30 10:06:20'),(11,7,'Choco',4000.00,7,0.00,28000.00,'Sem rentenção na fonte',0,'ISENTO','M04','M04 - Regime de Exclusão',0,'Regime Simplificado',7,14,238,13,'2024-08-30 10:06:20','2024-08-30 10:06:20'),(12,7,'Lagosta',13000.00,7,0.00,91000.00,'Sem rentenção na fonte',0,'ISENTO','M04','M04 - Regime de Exclusão',0,'Regime Simplificado',7,12,238,13,'2024-08-30 10:06:20','2024-08-30 10:06:20'),(13,7,'Gamba',13500.00,891,0.00,12028500.00,'Sem rentenção na fonte',0,'ISENTO','M04','M04 - Regime de Exclusão',0,'Regime Simplificado',8,13,238,13,'2024-08-30 10:06:43','2024-08-30 10:06:43'),(14,7,'Choco',4000.00,7,0.00,28000.00,'Sem rentenção na fonte',0,'ISENTO','M04','M04 - Regime de Exclusão',0,'Regime Simplificado',8,14,238,13,'2024-08-30 10:06:43','2024-08-30 10:06:43'),(15,7,'Lagosta',13000.00,7,0.00,91000.00,'Sem rentenção na fonte',0,'ISENTO','M04','M04 - Regime de Exclusão',0,'Regime Simplificado',8,12,238,13,'2024-08-30 10:06:43','2024-08-30 10:06:43'),(16,7,'Gamba',13500.00,891,0.00,12028500.00,'Sem rentenção na fonte',0,'ISENTO','M04','M04 - Regime de Exclusão',0,'Regime Simplificado',9,13,238,13,'2024-08-30 10:06:44','2024-08-30 10:06:44'),(17,7,'Choco',4000.00,7,0.00,28000.00,'Sem rentenção na fonte',0,'ISENTO','M04','M04 - Regime de Exclusão',0,'Regime Simplificado',9,14,238,13,'2024-08-30 10:06:44','2024-08-30 10:06:44'),(18,7,'Lagosta',13000.00,7,0.00,91000.00,'Sem rentenção na fonte',0,'ISENTO','M04','M04 - Regime de Exclusão',0,'Regime Simplificado',9,12,238,13,'2024-08-30 10:06:44','2024-08-30 10:06:44'),(19,7,'Choco',4000.00,7,0.00,28000.00,'Sem rentenção na fonte',0,'ISENTO','M04','M04 - Regime de Exclusão',0,'Regime Simplificado',10,14,238,13,'2024-08-30 10:10:03','2024-08-30 10:10:03'),(20,7,'Lagosta',13000.00,7,0.00,91000.00,'Sem rentenção na fonte',0,'ISENTO','M04','M04 - Regime de Exclusão',0,'Regime Simplificado',10,12,238,13,'2024-08-30 10:10:03','2024-08-30 10:10:03'),(21,7,'Gamba',13500.00,8,0.00,108000.00,'Sem rentenção na fonte',0,'ISENTO','M04','M04 - Regime de Exclusão',0,'Regime Simplificado',10,13,238,13,'2024-08-30 10:10:03','2024-08-30 10:10:03'),(22,7,'Lagosta',13000.00,10,0.00,130000.00,'Sem rentenção na fonte',0,'ISENTO','M04','M04 - Regime de Exclusão',0,'Regime Simplificado',11,12,238,13,'2024-08-30 10:47:35','2024-08-30 10:47:35'),(23,7,'Gamba',13500.00,4,0.00,54000.00,'Sem rentenção na fonte',0,'ISENTO','M04','M04 - Regime de Exclusão',0,'Regime Simplificado',11,13,238,13,'2024-08-30 10:47:35','2024-08-30 10:47:35'),(24,7,'Choco',4000.00,10,0.00,40000.00,'Sem rentenção na fonte',0,'ISENTO','M04','M04 - Regime de Exclusão',0,'Regime Simplificado',11,14,238,13,'2024-08-30 10:47:35','2024-08-30 10:47:35');
/*!40000 ALTER TABLE `item_proformas` ENABLE KEYS */;
UNLOCK TABLES;

--
-- Table structure for table `item_stocks`
--

DROP TABLE IF EXISTS `item_stocks`;
/*!40101 SET @saved_cs_client     = @@character_set_client */;
/*!40101 SET character_set_client = utf8 */;
CREATE TABLE `item_stocks` (
  `id` bigint(20) unsigned NOT NULL AUTO_INCREMENT,
  `empresa_id` bigint(20) unsigned DEFAULT NULL,
  `codigo` varchar(191) DEFAULT NULL,
  `designacao` varchar(191) DEFAULT NULL,
  `qtd` int(11) DEFAULT NULL,
  `stock_id` bigint(20) unsigned NOT NULL,
  `artigo_id` bigint(20) unsigned NOT NULL,
  `created_at` timestamp NULL DEFAULT NULL,
  `updated_at` timestamp NULL DEFAULT NULL,
  PRIMARY KEY (`id`),
  KEY `item_stocks_stock_id_foreign` (`stock_id`),
  KEY `item_stocks_artigo_id_foreign` (`artigo_id`),
  CONSTRAINT `item_stocks_artigo_id_foreign` FOREIGN KEY (`artigo_id`) REFERENCES `artigos` (`id`) ON DELETE CASCADE,
  CONSTRAINT `item_stocks_stock_id_foreign` FOREIGN KEY (`stock_id`) REFERENCES `stocks` (`id`) ON DELETE CASCADE
) ENGINE=InnoDB DEFAULT CHARSET=utf8mb4 COLLATE=utf8mb4_unicode_ci;
/*!40101 SET character_set_client = @saved_cs_client */;

--
-- Dumping data for table `item_stocks`
--

LOCK TABLES `item_stocks` WRITE;
/*!40000 ALTER TABLE `item_stocks` DISABLE KEYS */;
/*!40000 ALTER TABLE `item_stocks` ENABLE KEYS */;
UNLOCK TABLES;

--
-- Table structure for table `items`
--

DROP TABLE IF EXISTS `items`;
/*!40101 SET @saved_cs_client     = @@character_set_client */;
/*!40101 SET character_set_client = utf8 */;
CREATE TABLE `items` (
  `id` bigint(20) unsigned NOT NULL AUTO_INCREMENT,
  `empresa_id` bigint(20) unsigned DEFAULT NULL,
  `designacao` varchar(191) DEFAULT NULL,
  `preco` decimal(30,2) DEFAULT NULL,
  `qtd` int(11) DEFAULT NULL,
  `desconto` decimal(30,2) DEFAULT NULL,
  `subtotal` decimal(30,2) DEFAULT NULL,
  `retencao_designacao` varchar(191) DEFAULT NULL,
  `retencao_taxa` double DEFAULT NULL,
  `imposto_tipo` varchar(191) DEFAULT NULL,
  `imposto_codigo` varchar(191) DEFAULT NULL,
  `imposto_designacao` varchar(191) DEFAULT NULL,
  `imposto_taxa` double DEFAULT NULL,
  `imposto_motivo` varchar(191) DEFAULT NULL,
  `factura_id` bigint(20) unsigned NOT NULL,
  `artigo_id` bigint(20) unsigned NOT NULL,
  `imposto_id` bigint(20) unsigned NOT NULL,
  `retencao_id` bigint(20) unsigned DEFAULT NULL,
  `created_at` timestamp NULL DEFAULT NULL,
  `updated_at` timestamp NULL DEFAULT NULL,
  PRIMARY KEY (`id`),
  KEY `items_factura_id_foreign` (`factura_id`),
  KEY `items_artigo_id_foreign` (`artigo_id`),
  KEY `items_imposto_id_foreign` (`imposto_id`),
  KEY `items_retencao_id_foreign` (`retencao_id`),
  CONSTRAINT `items_artigo_id_foreign` FOREIGN KEY (`artigo_id`) REFERENCES `artigos` (`id`),
  CONSTRAINT `items_factura_id_foreign` FOREIGN KEY (`factura_id`) REFERENCES `facturas` (`id`) ON DELETE CASCADE,
  CONSTRAINT `items_imposto_id_foreign` FOREIGN KEY (`imposto_id`) REFERENCES `impostos` (`id`),
  CONSTRAINT `items_retencao_id_foreign` FOREIGN KEY (`retencao_id`) REFERENCES `retencaos` (`id`) ON DELETE SET NULL ON UPDATE CASCADE
) ENGINE=InnoDB AUTO_INCREMENT=6 DEFAULT CHARSET=utf8mb4 COLLATE=utf8mb4_unicode_ci;
/*!40101 SET character_set_client = @saved_cs_client */;

--
-- Dumping data for table `items`
--

LOCK TABLES `items` WRITE;
/*!40000 ALTER TABLE `items` DISABLE KEYS */;
INSERT INTO `items` VALUES (1,2,'Tinteiro HP 650',11094.00,1,2.00,11094.00,'Sem rentenção na fonte',0,'IVA',NULL,'IVA',14,NULL,1,1,41,3,'2024-08-15 10:39:20','2024-08-15 10:39:20'),(2,2,'Tinteiro hp 932 colour',14900.00,1,2.00,14900.00,'Sem rentenção na fonte',0,'IVA',NULL,'IVA',14,NULL,1,2,41,3,'2024-08-15 10:39:20','2024-08-15 10:39:20'),(3,5,'Temaki',6500.00,1,0.00,6500.00,'Sem rentenção na fonte',0,'ISENTO','M00','M00 - Regime Simplificado',0,'Regime Simplificado',2,7,157,9,'2024-08-23 12:38:44','2024-08-23 12:38:44'),(4,7,'Mariscos',7000.00,1,0.00,7000.00,'Sem rentenção na fonte',0,'ISENTO','M00','M00 - Regime Simplificado',0,'Regime Simplificado',3,9,235,13,'2024-08-26 09:45:10','2024-08-26 09:45:10'),(5,1,'Software de faturação-Atomo',10000.00,2,0.00,20000.00,'Sem rentenção na fonte',0,'ISENTO','M00','M00 - Regime Simplificado',0,'Regime Simplificado',4,11,1,1,'2024-08-29 09:37:28','2024-08-29 09:37:28');
/*!40000 ALTER TABLE `items` ENABLE KEYS */;
UNLOCK TABLES;

--
-- Table structure for table `migrations`
--

DROP TABLE IF EXISTS `migrations`;
/*!40101 SET @saved_cs_client     = @@character_set_client */;
/*!40101 SET character_set_client = utf8 */;
CREATE TABLE `migrations` (
  `id` int(10) unsigned NOT NULL AUTO_INCREMENT,
  `migration` varchar(191) NOT NULL,
  `batch` int(11) NOT NULL,
  PRIMARY KEY (`id`)
) ENGINE=InnoDB AUTO_INCREMENT=50 DEFAULT CHARSET=utf8mb4 COLLATE=utf8mb4_unicode_ci;
/*!40101 SET character_set_client = @saved_cs_client */;

--
-- Dumping data for table `migrations`
--

LOCK TABLES `migrations` WRITE;
/*!40000 ALTER TABLE `migrations` DISABLE KEYS */;
INSERT INTO `migrations` VALUES (1,'2014_10_11_000000_create_departamentos_table',1),(2,'2014_10_12_000000_create_enderecos_table',1),(3,'2014_10_12_000000_create_users_table',1),(4,'2014_10_12_100000_create_password_resets_table',1),(5,'2019_08_19_000000_create_failed_jobs_table',1),(6,'2020_08_10_110404_create_contactos_table',1),(7,'2021_01_06_173930_create_tipos_table',1),(8,'2021_01_06_173931_create_categorias_table',1),(9,'2021_01_06_173932_create_impostos_table',1),(10,'2021_01_06_173933_create_fornecedors_table',1),(11,'2021_01_06_173934_create_retencaos_table',1),(12,'2021_01_06_173952_create_artigos_table',1),(13,'2021_07_19_095646_create_clientes_table',1),(14,'2021_07_19_201615_create_empresas_table',1),(15,'2021_08_13_100920_create_formas_pagamentos_table',1),(16,'2021_08_13_100921_create_moedas_table',1),(17,'2021_08_13_100926_create_facturas_table',1),(18,'2021_08_27_084347_create_modo_pagamentos_table',1),(19,'2021_08_30_183409_create_items_table',1),(20,'2021_09_01_075243_create_proformas_table',1),(21,'2021_09_01_075439_create_item_proformas_table',1),(22,'2021_09_01_075937_create_series_table',1),(23,'2021_09_03_132534_create_armazems_table',1),(24,'2021_09_15_130302_create_stocks_table',1),(25,'2021_09_19_125720_create_item_stocks_table',1),(26,'2021_09_20_082519_create_recibos_table',1),(27,'2021_09_20_082623_create_factura_recibos_table',1),(28,'2021_09_20_082635_create_item_factura_recibos_table',1),(29,'2021_09_28_131912_create_motivo_anulacaos_table',1),(30,'2021_09_28_131912_create_tipo_motivo_anulacaos_table',1),(31,'2021_12_22_125550_create_bugs_table',1),(32,'2022_01_23_103308_create_fabricantes_table',1),(33,'2022_01_23_151610_create_condicoes_pagamentos_table',1),(34,'2022_01_25_091808_bancos',1),(35,'2022_02_09_131420_create_permission_tables',1),(36,'2022_09_08_110345_create_nota_creditos_table',1),(37,'2022_09_08_110451_create_nota_debitos_table',1),(38,'2022_09_08_110636_create_item_nota_creditos_table',1),(39,'2022_09_08_110646_create_item_nota_debitos_table',1),(40,'2022_09_11_162939_create_guia_transportes_table',1),(41,'2022_09_11_162954_create_item_guia_transportes_table',1),(42,'2022_09_11_163007_create_guia_remessas_table',1),(43,'2022_09_11_163023_create_item_guia_remessas_table',1),(44,'2022_09_21_140425_create_agts_table',1),(45,'2023_01_23_155122_create_tax_tables_table',1),(46,'2023_01_23_155225_create_saft_audits_table',1),(47,'2023_03_31_105051_create_pais_table',1),(48,'2023_05_07_190801_create_safts_table',1),(49,'2023_07_19_200600_create_receita_despesas_table',1);
/*!40000 ALTER TABLE `migrations` ENABLE KEYS */;
UNLOCK TABLES;

--
-- Table structure for table `model_has_permissions`
--

DROP TABLE IF EXISTS `model_has_permissions`;
/*!40101 SET @saved_cs_client     = @@character_set_client */;
/*!40101 SET character_set_client = utf8 */;
CREATE TABLE `model_has_permissions` (
  `permission_id` bigint(20) unsigned NOT NULL,
  `empresa_id` bigint(20) unsigned DEFAULT NULL,
  `model_type` varchar(191) NOT NULL,
  `model_id` bigint(20) unsigned NOT NULL,
  PRIMARY KEY (`permission_id`,`model_id`,`model_type`),
  KEY `model_has_permissions_model_id_model_type_index` (`model_id`,`model_type`),
  CONSTRAINT `model_has_permissions_permission_id_foreign` FOREIGN KEY (`permission_id`) REFERENCES `permissions` (`id`) ON DELETE CASCADE
) ENGINE=InnoDB DEFAULT CHARSET=utf8mb4 COLLATE=utf8mb4_unicode_ci;
/*!40101 SET character_set_client = @saved_cs_client */;

--
-- Dumping data for table `model_has_permissions`
--

LOCK TABLES `model_has_permissions` WRITE;
/*!40000 ALTER TABLE `model_has_permissions` DISABLE KEYS */;
/*!40000 ALTER TABLE `model_has_permissions` ENABLE KEYS */;
UNLOCK TABLES;

--
-- Table structure for table `model_has_roles`
--

DROP TABLE IF EXISTS `model_has_roles`;
/*!40101 SET @saved_cs_client     = @@character_set_client */;
/*!40101 SET character_set_client = utf8 */;
CREATE TABLE `model_has_roles` (
  `role_id` bigint(20) unsigned NOT NULL,
  `empresa_id` bigint(20) unsigned DEFAULT NULL,
  `model_type` varchar(191) NOT NULL,
  `model_id` bigint(20) unsigned NOT NULL,
  PRIMARY KEY (`role_id`,`model_id`,`model_type`),
  KEY `model_has_roles_model_id_model_type_index` (`model_id`,`model_type`),
  CONSTRAINT `model_has_roles_role_id_foreign` FOREIGN KEY (`role_id`) REFERENCES `roles` (`id`) ON DELETE CASCADE
) ENGINE=InnoDB DEFAULT CHARSET=utf8mb4 COLLATE=utf8mb4_unicode_ci;
/*!40101 SET character_set_client = @saved_cs_client */;

--
-- Dumping data for table `model_has_roles`
--

LOCK TABLES `model_has_roles` WRITE;
/*!40000 ALTER TABLE `model_has_roles` DISABLE KEYS */;
INSERT INTO `model_has_roles` VALUES (1,1,'App\\User',1),(1,NULL,'App\\User',4),(1,3,'App\\User',6),(1,NULL,'App\\User',7),(1,NULL,'App\\User',8),(1,4,'App\\User',10),(1,5,'App\\User',11),(1,NULL,'App\\User',12),(1,6,'App\\User',13),(1,7,'App\\User',14),(1,NULL,'App\\User',15),(1,8,'App\\User',16),(1,9,'App\\User',17),(1,10,'App\\User',18),(1,11,'App\\User',19),(1,12,'App\\User',20),(1,13,'App\\User',21),(1,NULL,'App\\User',24),(1,15,'App\\User',27),(1,16,'App\\User',28),(1,17,'App\\User',29),(1,18,'App\\User',30),(1,19,'App\\User',31),(1,20,'App\\User',32),(1,21,'App\\User',33),(1,22,'App\\User',34),(1,24,'App\\User',36),(1,25,'App\\User',37),(1,26,'App\\User',38),(1,27,'App\\User',39),(1,28,'App\\User',40),(1,29,'App\\User',41),(1,30,'App\\User',42),(1,32,'App\\User',43),(1,34,'App\\User',46),(2,NULL,'App\\User',9),(3,NULL,'App\\User',25),(3,NULL,'App\\User',26),(5,NULL,'App\\User',2),(5,NULL,'App\\User',23);
/*!40000 ALTER TABLE `model_has_roles` ENABLE KEYS */;
UNLOCK TABLES;

--
-- Table structure for table `modo_pagamentos`
--

DROP TABLE IF EXISTS `modo_pagamentos`;
/*!40101 SET @saved_cs_client     = @@character_set_client */;
/*!40101 SET character_set_client = utf8 */;
CREATE TABLE `modo_pagamentos` (
  `id` bigint(20) unsigned NOT NULL AUTO_INCREMENT,
  `empresa_id` bigint(20) unsigned DEFAULT NULL,
  `designacao` varchar(191) DEFAULT NULL,
  `created_at` timestamp NULL DEFAULT NULL,
  `updated_at` timestamp NULL DEFAULT NULL,
  PRIMARY KEY (`id`)
) ENGINE=InnoDB AUTO_INCREMENT=94 DEFAULT CHARSET=utf8mb4 COLLATE=utf8mb4_unicode_ci;
/*!40101 SET character_set_client = @saved_cs_client */;

--
-- Dumping data for table `modo_pagamentos`
--

LOCK TABLES `modo_pagamentos` WRITE;
/*!40000 ALTER TABLE `modo_pagamentos` DISABLE KEYS */;
INSERT INTO `modo_pagamentos` VALUES (1,1,'Cheque',NULL,NULL),(2,1,'Numerário',NULL,NULL),(3,1,'Transferência Bancária',NULL,NULL),(4,2,'Cheque',NULL,NULL),(5,2,'Numerário',NULL,NULL),(6,2,'Transferncia Bancária',NULL,NULL),(7,3,'Cheque',NULL,NULL),(8,3,'Numerário',NULL,NULL),(9,3,'Transferncia Bancária',NULL,NULL),(10,4,'Cheque',NULL,NULL),(11,4,'Numerário',NULL,NULL),(12,4,'Transferncia Bancária',NULL,NULL),(13,5,'Cheque',NULL,NULL),(14,5,'Numerário',NULL,NULL),(15,5,'Transferncia Bancária',NULL,NULL),(16,6,'Cheque',NULL,NULL),(17,6,'Numerário',NULL,NULL),(18,6,'Transferncia Bancária',NULL,NULL),(19,7,'Cheque',NULL,NULL),(20,7,'Numerário',NULL,NULL),(21,7,'Transferncia Bancária',NULL,NULL),(22,8,'Cheque',NULL,NULL),(23,8,'Numerário',NULL,NULL),(24,8,'Transferncia Bancária',NULL,NULL),(25,9,'Cheque',NULL,NULL),(26,9,'Numerário',NULL,NULL),(27,9,'Transferncia Bancária',NULL,NULL),(28,10,'Cheque',NULL,NULL),(29,10,'Numerário',NULL,NULL),(30,10,'Transferncia Bancária',NULL,NULL),(31,11,'Cheque',NULL,NULL),(32,11,'Numerário',NULL,NULL),(33,11,'Transferncia Bancária',NULL,NULL),(34,12,'Cheque',NULL,NULL),(35,12,'Numerário',NULL,NULL),(36,12,'Transferncia Bancária',NULL,NULL),(37,13,'Cheque',NULL,NULL),(38,13,'Numerário',NULL,NULL),(39,13,'Transferncia Bancária',NULL,NULL),(40,14,'Cheque',NULL,NULL),(41,14,'Numerário',NULL,NULL),(42,14,'Transferncia Bancária',NULL,NULL),(43,15,'Cheque',NULL,NULL),(44,15,'Numerário',NULL,NULL),(45,15,'Transferncia Bancária',NULL,NULL),(46,16,'Cheque',NULL,NULL),(47,16,'Numerário',NULL,NULL),(48,16,'Transferncia Bancária',NULL,NULL),(49,17,'Cheque',NULL,NULL),(50,17,'Numerário',NULL,NULL),(51,17,'Transferncia Bancária',NULL,NULL),(52,18,'Cheque',NULL,NULL),(53,18,'Numerário',NULL,NULL),(54,18,'Transferncia Bancária',NULL,NULL),(55,19,'Cheque',NULL,NULL),(56,19,'Numerário',NULL,NULL),(57,19,'Transferncia Bancária',NULL,NULL),(58,20,'Cheque',NULL,NULL),(59,20,'Numerário',NULL,NULL),(60,20,'Transferncia Bancária',NULL,NULL),(61,21,'Cheque',NULL,NULL),(62,21,'Numerário',NULL,NULL),(63,21,'Transferncia Bancária',NULL,NULL),(64,22,'Cheque',NULL,NULL),(65,22,'Numerário',NULL,NULL),(66,22,'Transferncia Bancária',NULL,NULL),(67,24,'Cheque',NULL,NULL),(68,24,'Numerário',NULL,NULL),(69,24,'Transferncia Bancária',NULL,NULL),(70,25,'Cheque',NULL,NULL),(71,25,'Numerário',NULL,NULL),(72,25,'Transferncia Bancária',NULL,NULL),(73,26,'Cheque',NULL,NULL),(74,26,'Numerário',NULL,NULL),(75,26,'Transferncia Bancária',NULL,NULL),(76,27,'Cheque',NULL,NULL),(77,27,'Numerário',NULL,NULL),(78,27,'Transferncia Bancária',NULL,NULL),(79,28,'Cheque',NULL,NULL),(80,28,'Numerário',NULL,NULL),(81,28,'Transferncia Bancária',NULL,NULL),(82,29,'Cheque',NULL,NULL),(83,29,'Numerário',NULL,NULL),(84,29,'Transferncia Bancária',NULL,NULL),(85,30,'Cheque',NULL,NULL),(86,30,'Numerário',NULL,NULL),(87,30,'Transferncia Bancária',NULL,NULL),(88,32,'Cheque',NULL,NULL),(89,32,'Numerário',NULL,NULL),(90,32,'Transferncia Bancária',NULL,NULL),(91,34,'Cheque',NULL,NULL),(92,34,'Numerário',NULL,NULL),(93,34,'Transferncia Bancária',NULL,NULL);
/*!40000 ALTER TABLE `modo_pagamentos` ENABLE KEYS */;
UNLOCK TABLES;

--
-- Table structure for table `moedas`
--

DROP TABLE IF EXISTS `moedas`;
/*!40101 SET @saved_cs_client     = @@character_set_client */;
/*!40101 SET character_set_client = utf8 */;
CREATE TABLE `moedas` (
  `id` bigint(20) unsigned NOT NULL AUTO_INCREMENT,
  `empresa_id` bigint(20) unsigned DEFAULT NULL,
  `designacao` varchar(191) DEFAULT NULL,
  `created_at` timestamp NULL DEFAULT NULL,
  `updated_at` timestamp NULL DEFAULT NULL,
  PRIMARY KEY (`id`)
) ENGINE=InnoDB AUTO_INCREMENT=63 DEFAULT CHARSET=utf8mb4 COLLATE=utf8mb4_unicode_ci;
/*!40101 SET character_set_client = @saved_cs_client */;

--
-- Dumping data for table `moedas`
--

LOCK TABLES `moedas` WRITE;
/*!40000 ALTER TABLE `moedas` DISABLE KEYS */;
INSERT INTO `moedas` VALUES (1,1,'Kwanza',NULL,NULL),(2,1,'Dollar',NULL,NULL),(3,2,'Kwanza',NULL,NULL),(4,2,'Dollar',NULL,NULL),(5,3,'Kwanza',NULL,NULL),(6,3,'Dollar',NULL,NULL),(7,4,'Kwanza',NULL,NULL),(8,4,'Dollar',NULL,NULL),(9,5,'Kwanza',NULL,NULL),(10,5,'Dollar',NULL,NULL),(11,6,'Kwanza',NULL,NULL),(12,6,'Dollar',NULL,NULL),(13,7,'Kwanza',NULL,NULL),(14,7,'Dollar',NULL,NULL),(15,8,'Kwanza',NULL,NULL),(16,8,'Dollar',NULL,NULL),(17,9,'Kwanza',NULL,NULL),(18,9,'Dollar',NULL,NULL),(19,10,'Kwanza',NULL,NULL),(20,10,'Dollar',NULL,NULL),(21,11,'Kwanza',NULL,NULL),(22,11,'Dollar',NULL,NULL),(23,12,'Kwanza',NULL,NULL),(24,12,'Dollar',NULL,NULL),(25,13,'Kwanza',NULL,NULL),(26,13,'Dollar',NULL,NULL),(27,14,'Kwanza',NULL,NULL),(28,14,'Dollar',NULL,NULL),(29,15,'Kwanza',NULL,NULL),(30,15,'Dollar',NULL,NULL),(31,16,'Kwanza',NULL,NULL),(32,16,'Dollar',NULL,NULL),(33,17,'Kwanza',NULL,NULL),(34,17,'Dollar',NULL,NULL),(35,18,'Kwanza',NULL,NULL),(36,18,'Dollar',NULL,NULL),(37,19,'Kwanza',NULL,NULL),(38,19,'Dollar',NULL,NULL),(39,20,'Kwanza',NULL,NULL),(40,20,'Dollar',NULL,NULL),(41,21,'Kwanza',NULL,NULL),(42,21,'Dollar',NULL,NULL),(43,22,'Kwanza',NULL,NULL),(44,22,'Dollar',NULL,NULL),(45,24,'Kwanza',NULL,NULL),(46,24,'Dollar',NULL,NULL),(47,25,'Kwanza',NULL,NULL),(48,25,'Dollar',NULL,NULL),(49,26,'Kwanza',NULL,NULL),(50,26,'Dollar',NULL,NULL),(51,27,'Kwanza',NULL,NULL),(52,27,'Dollar',NULL,NULL),(53,28,'Kwanza',NULL,NULL),(54,28,'Dollar',NULL,NULL),(55,29,'Kwanza',NULL,NULL),(56,29,'Dollar',NULL,NULL),(57,30,'Kwanza',NULL,NULL),(58,30,'Dollar',NULL,NULL),(59,32,'Kwanza',NULL,NULL),(60,32,'Dollar',NULL,NULL),(61,34,'Kwanza',NULL,NULL),(62,34,'Dollar',NULL,NULL);
/*!40000 ALTER TABLE `moedas` ENABLE KEYS */;
UNLOCK TABLES;

--
-- Table structure for table `motivo_anulacaos`
--

DROP TABLE IF EXISTS `motivo_anulacaos`;
/*!40101 SET @saved_cs_client     = @@character_set_client */;
/*!40101 SET character_set_client = utf8 */;
CREATE TABLE `motivo_anulacaos` (
  `id` bigint(20) unsigned NOT NULL AUTO_INCREMENT,
  `empresa_id` bigint(20) unsigned DEFAULT NULL,
  `codigo` varchar(191) DEFAULT NULL,
  `designacao` varchar(191) DEFAULT NULL,
  `descricao` varchar(191) DEFAULT NULL,
  `status` tinyint(1) DEFAULT NULL,
  `created_at` timestamp NULL DEFAULT NULL,
  `updated_at` timestamp NULL DEFAULT NULL,
  PRIMARY KEY (`id`)
) ENGINE=InnoDB AUTO_INCREMENT=63 DEFAULT CHARSET=utf8mb4 COLLATE=utf8mb4_unicode_ci;
/*!40101 SET character_set_client = @saved_cs_client */;

--
-- Dumping data for table `motivo_anulacaos`
--

LOCK TABLES `motivo_anulacaos` WRITE;
/*!40000 ALTER TABLE `motivo_anulacaos` DISABLE KEYS */;
INSERT INTO `motivo_anulacaos` VALUES (1,1,'0001','Anulação','',1,NULL,NULL),(2,1,'0002','Rectificação','',1,NULL,NULL),(3,2,'0001','Anulação','',1,NULL,NULL),(4,2,'0002','Rectificaão','',1,NULL,NULL),(5,3,'0001','Anulação','',1,NULL,NULL),(6,3,'0002','Rectificaão','',1,NULL,NULL),(7,4,'0001','Anulação','',1,NULL,NULL),(8,4,'0002','Rectificaão','',1,NULL,NULL),(9,5,'0001','Anulação','',1,NULL,NULL),(10,5,'0002','Rectificaão','',1,NULL,NULL),(11,6,'0001','Anulação','',1,NULL,NULL),(12,6,'0002','Rectificaão','',1,NULL,NULL),(13,7,'0001','Anulação','',1,NULL,NULL),(14,7,'0002','Rectificaão','',1,NULL,NULL),(15,8,'0001','Anulação','',1,NULL,NULL),(16,8,'0002','Rectificaão','',1,NULL,NULL),(17,9,'0001','Anulação','',1,NULL,NULL),(18,9,'0002','Rectificaão','',1,NULL,NULL),(19,10,'0001','Anulação','',1,NULL,NULL),(20,10,'0002','Rectificaão','',1,NULL,NULL),(21,11,'0001','Anulação','',1,NULL,NULL),(22,11,'0002','Rectificaão','',1,NULL,NULL),(23,12,'0001','Anulação','',1,NULL,NULL),(24,12,'0002','Rectificaão','',1,NULL,NULL),(25,13,'0001','Anulação','',1,NULL,NULL),(26,13,'0002','Rectificaão','',1,NULL,NULL),(27,14,'0001','Anulação','',1,NULL,NULL),(28,14,'0002','Rectificaão','',1,NULL,NULL),(29,15,'0001','Anulação','',1,NULL,NULL),(30,15,'0002','Rectificaão','',1,NULL,NULL),(31,16,'0001','Anulação','',1,NULL,NULL),(32,16,'0002','Rectificaão','',1,NULL,NULL),(33,17,'0001','Anulação','',1,NULL,NULL),(34,17,'0002','Rectificaão','',1,NULL,NULL),(35,18,'0001','Anulação','',1,NULL,NULL),(36,18,'0002','Rectificaão','',1,NULL,NULL),(37,19,'0001','Anulação','',1,NULL,NULL),(38,19,'0002','Rectificaão','',1,NULL,NULL),(39,20,'0001','Anulação','',1,NULL,NULL),(40,20,'0002','Rectificaão','',1,NULL,NULL),(41,21,'0001','Anulação','',1,NULL,NULL),(42,21,'0002','Rectificaão','',1,NULL,NULL),(43,22,'0001','Anulação','',1,NULL,NULL),(44,22,'0002','Rectificaão','',1,NULL,NULL),(45,24,'0001','Anulação','',1,NULL,NULL),(46,24,'0002','Rectificaão','',1,NULL,NULL),(47,25,'0001','Anulação','',1,NULL,NULL),(48,25,'0002','Rectificaão','',1,NULL,NULL),(49,26,'0001','Anulação','',1,NULL,NULL),(50,26,'0002','Rectificaão','',1,NULL,NULL),(51,27,'0001','Anulação','',1,NULL,NULL),(52,27,'0002','Rectificaão','',1,NULL,NULL),(53,28,'0001','Anulação','',1,NULL,NULL),(54,28,'0002','Rectificaão','',1,NULL,NULL),(55,29,'0001','Anulação','',1,NULL,NULL),(56,29,'0002','Rectificaão','',1,NULL,NULL),(57,30,'0001','Anulação','',1,NULL,NULL),(58,30,'0002','Rectificaão','',1,NULL,NULL),(59,32,'0001','Anulação','',1,NULL,NULL),(60,32,'0002','Rectificaão','',1,NULL,NULL),(61,34,'0001','Anulação','',1,NULL,NULL),(62,34,'0002','Rectificaão','',1,NULL,NULL);
/*!40000 ALTER TABLE `motivo_anulacaos` ENABLE KEYS */;
UNLOCK TABLES;

--
-- Table structure for table `nota_creditos`
--

DROP TABLE IF EXISTS `nota_creditos`;
/*!40101 SET @saved_cs_client     = @@character_set_client */;
/*!40101 SET character_set_client = utf8 */;
CREATE TABLE `nota_creditos` (
  `id` bigint(20) unsigned NOT NULL AUTO_INCREMENT,
  `empresa_id` bigint(20) unsigned DEFAULT NULL,
  `numero` varchar(191) DEFAULT NULL,
  `cliente_id` bigint(20) unsigned DEFAULT NULL,
  `cliente_nome` varchar(191) DEFAULT NULL,
  `contribuinte` varchar(191) DEFAULT NULL,
  `endereco` varchar(191) DEFAULT NULL,
  `data` datetime DEFAULT NULL,
  `data_vencimento` datetime DEFAULT NULL,
  `formapagamento_id` bigint(20) unsigned DEFAULT NULL,
  `moeda_id` bigint(20) unsigned DEFAULT NULL,
  `utilizador_id` bigint(20) unsigned DEFAULT NULL,
  `utilizador_nome` varchar(191) DEFAULT NULL,
  `observacao` text DEFAULT NULL,
  `subtotal` decimal(30,2) DEFAULT NULL,
  `desconto` decimal(30,2) DEFAULT NULL,
  `imposto` decimal(30,2) DEFAULT NULL,
  `retencao` decimal(30,2) DEFAULT NULL,
  `total` decimal(30,2) DEFAULT NULL,
  `hash` text DEFAULT NULL,
  `status` tinyint(1) DEFAULT NULL,
  `documento_id` int(11) DEFAULT NULL,
  `documento_numero` varchar(191) DEFAULT NULL,
  `motivo_anulacao_id` bigint(20) unsigned DEFAULT NULL,
  `motivo_anulacao_designacao` varchar(191) DEFAULT NULL,
  `tipo_motivo_anulacao_id` bigint(20) unsigned DEFAULT NULL,
  `tipo_motivo_anulacao_designacao` varchar(191) DEFAULT NULL,
  `created_at` timestamp NULL DEFAULT NULL,
  `updated_at` timestamp NULL DEFAULT NULL,
  PRIMARY KEY (`id`),
  KEY `nota_creditos_motivo_anulacao_id_foreign` (`motivo_anulacao_id`),
  KEY `nota_creditos_tipo_motivo_anulacao_id_foreign` (`tipo_motivo_anulacao_id`),
  KEY `nota_creditos_cliente_id_foreign` (`cliente_id`),
  KEY `nota_creditos_formapagamento_id_foreign` (`formapagamento_id`),
  KEY `nota_creditos_moeda_id_foreign` (`moeda_id`),
  KEY `nota_creditos_utilizador_id_foreign` (`utilizador_id`),
  CONSTRAINT `nota_creditos_cliente_id_foreign` FOREIGN KEY (`cliente_id`) REFERENCES `clientes` (`id`) ON UPDATE CASCADE,
  CONSTRAINT `nota_creditos_formapagamento_id_foreign` FOREIGN KEY (`formapagamento_id`) REFERENCES `formas_pagamentos` (`id`) ON UPDATE CASCADE,
  CONSTRAINT `nota_creditos_moeda_id_foreign` FOREIGN KEY (`moeda_id`) REFERENCES `moedas` (`id`) ON UPDATE CASCADE,
  CONSTRAINT `nota_creditos_motivo_anulacao_id_foreign` FOREIGN KEY (`motivo_anulacao_id`) REFERENCES `motivo_anulacaos` (`id`) ON UPDATE CASCADE,
  CONSTRAINT `nota_creditos_tipo_motivo_anulacao_id_foreign` FOREIGN KEY (`tipo_motivo_anulacao_id`) REFERENCES `tipo_motivo_anulacaos` (`id`) ON UPDATE CASCADE,
  CONSTRAINT `nota_creditos_utilizador_id_foreign` FOREIGN KEY (`utilizador_id`) REFERENCES `users` (`id`) ON UPDATE CASCADE
) ENGINE=InnoDB DEFAULT CHARSET=utf8mb4 COLLATE=utf8mb4_unicode_ci;
/*!40101 SET character_set_client = @saved_cs_client */;

--
-- Dumping data for table `nota_creditos`
--

LOCK TABLES `nota_creditos` WRITE;
/*!40000 ALTER TABLE `nota_creditos` DISABLE KEYS */;
/*!40000 ALTER TABLE `nota_creditos` ENABLE KEYS */;
UNLOCK TABLES;

--
-- Table structure for table `nota_debitos`
--

DROP TABLE IF EXISTS `nota_debitos`;
/*!40101 SET @saved_cs_client     = @@character_set_client */;
/*!40101 SET character_set_client = utf8 */;
CREATE TABLE `nota_debitos` (
  `id` bigint(20) unsigned NOT NULL AUTO_INCREMENT,
  `empresa_id` bigint(20) unsigned DEFAULT NULL,
  `numero` varchar(191) DEFAULT NULL,
  `cliente_id` bigint(20) unsigned DEFAULT NULL,
  `cliente_nome` varchar(191) DEFAULT NULL,
  `contribuinte` varchar(191) DEFAULT NULL,
  `endereco` varchar(191) DEFAULT NULL,
  `data` datetime DEFAULT NULL,
  `data_vencimento` datetime DEFAULT NULL,
  `formapagamento_id` bigint(20) unsigned DEFAULT NULL,
  `moeda_id` bigint(20) unsigned DEFAULT NULL,
  `utilizador_id` bigint(20) unsigned DEFAULT NULL,
  `utilizador_nome` varchar(191) DEFAULT NULL,
  `observacao` text DEFAULT NULL,
  `subtotal` decimal(30,2) DEFAULT NULL,
  `desconto` decimal(30,2) DEFAULT NULL,
  `imposto` decimal(30,2) DEFAULT NULL,
  `retencao` decimal(30,2) DEFAULT NULL,
  `total` decimal(30,2) DEFAULT NULL,
  `hash` text DEFAULT NULL,
  `status` tinyint(1) DEFAULT NULL,
  `created_at` timestamp NULL DEFAULT NULL,
  `updated_at` timestamp NULL DEFAULT NULL,
  PRIMARY KEY (`id`),
  KEY `nota_debitos_cliente_id_foreign` (`cliente_id`),
  KEY `nota_debitos_formapagamento_id_foreign` (`formapagamento_id`),
  KEY `nota_debitos_moeda_id_foreign` (`moeda_id`),
  KEY `nota_debitos_utilizador_id_foreign` (`utilizador_id`),
  CONSTRAINT `nota_debitos_cliente_id_foreign` FOREIGN KEY (`cliente_id`) REFERENCES `clientes` (`id`) ON UPDATE CASCADE,
  CONSTRAINT `nota_debitos_formapagamento_id_foreign` FOREIGN KEY (`formapagamento_id`) REFERENCES `formas_pagamentos` (`id`) ON UPDATE CASCADE,
  CONSTRAINT `nota_debitos_moeda_id_foreign` FOREIGN KEY (`moeda_id`) REFERENCES `moedas` (`id`) ON UPDATE CASCADE,
  CONSTRAINT `nota_debitos_utilizador_id_foreign` FOREIGN KEY (`utilizador_id`) REFERENCES `users` (`id`) ON UPDATE CASCADE
) ENGINE=InnoDB DEFAULT CHARSET=utf8mb4 COLLATE=utf8mb4_unicode_ci;
/*!40101 SET character_set_client = @saved_cs_client */;

--
-- Dumping data for table `nota_debitos`
--

LOCK TABLES `nota_debitos` WRITE;
/*!40000 ALTER TABLE `nota_debitos` DISABLE KEYS */;
/*!40000 ALTER TABLE `nota_debitos` ENABLE KEYS */;
UNLOCK TABLES;

--
-- Table structure for table `pais`
--

DROP TABLE IF EXISTS `pais`;
/*!40101 SET @saved_cs_client     = @@character_set_client */;
/*!40101 SET character_set_client = utf8 */;
CREATE TABLE `pais` (
  `id` bigint(20) unsigned NOT NULL AUTO_INCREMENT,
  `empresa_id` bigint(20) unsigned DEFAULT NULL,
  `designacao` varchar(191) DEFAULT NULL,
  `sigla` varchar(191) DEFAULT NULL,
  `status` tinyint(1) DEFAULT NULL,
  `created_at` timestamp NULL DEFAULT NULL,
  `updated_at` timestamp NULL DEFAULT NULL,
  PRIMARY KEY (`id`)
) ENGINE=InnoDB AUTO_INCREMENT=63 DEFAULT CHARSET=utf8mb4 COLLATE=utf8mb4_unicode_ci;
/*!40101 SET character_set_client = @saved_cs_client */;

--
-- Dumping data for table `pais`
--

LOCK TABLES `pais` WRITE;
/*!40000 ALTER TABLE `pais` DISABLE KEYS */;
INSERT INTO `pais` VALUES (1,1,'Angola','AO',1,NULL,NULL),(2,1,'Portugal','PT',1,NULL,NULL),(3,2,'Angola','AO',1,NULL,NULL),(4,2,'Portugal','PT',1,NULL,NULL),(5,3,'Angola','AO',1,NULL,NULL),(6,3,'Portugal','PT',1,NULL,NULL),(7,4,'Angola','AO',1,NULL,NULL),(8,4,'Portugal','PT',1,NULL,NULL),(9,5,'Angola','AO',1,NULL,NULL),(10,5,'Portugal','PT',1,NULL,NULL),(11,6,'Angola','AO',1,NULL,NULL),(12,6,'Portugal','PT',1,NULL,NULL),(13,7,'Angola','AO',1,NULL,NULL),(14,7,'Portugal','PT',1,NULL,NULL),(15,8,'Angola','AO',1,NULL,NULL),(16,8,'Portugal','PT',1,NULL,NULL),(17,9,'Angola','AO',1,NULL,NULL),(18,9,'Portugal','PT',1,NULL,NULL),(19,10,'Angola','AO',1,NULL,NULL),(20,10,'Portugal','PT',1,NULL,NULL),(21,11,'Angola','AO',1,NULL,NULL),(22,11,'Portugal','PT',1,NULL,NULL),(23,12,'Angola','AO',1,NULL,NULL),(24,12,'Portugal','PT',1,NULL,NULL),(25,13,'Angola','AO',1,NULL,NULL),(26,13,'Portugal','PT',1,NULL,NULL),(27,14,'Angola','AO',1,NULL,NULL),(28,14,'Portugal','PT',1,NULL,NULL),(29,15,'Angola','AO',1,NULL,NULL),(30,15,'Portugal','PT',1,NULL,NULL),(31,16,'Angola','AO',1,NULL,'2024-09-02 15:45:52'),(32,16,'Portugal','PT',1,NULL,NULL),(33,17,'Angola','AO',1,NULL,NULL),(34,17,'Portugal','PT',1,NULL,NULL),(35,18,'Angola','AO',1,NULL,NULL),(36,18,'Portugal','PT',1,NULL,NULL),(37,19,'Angola','AO',1,NULL,NULL),(38,19,'Portugal','PT',1,NULL,NULL),(39,20,'Angola','AO',1,NULL,NULL),(40,20,'Portugal','PT',1,NULL,NULL),(41,21,'Angola','AO',1,NULL,NULL),(42,21,'Portugal','PT',1,NULL,NULL),(43,22,'Angola','AO',1,NULL,NULL),(44,22,'Portugal','PT',1,NULL,NULL),(45,24,'Angola','AO',1,NULL,NULL),(46,24,'Portugal','PT',1,NULL,NULL),(47,25,'Angola','AO',1,NULL,NULL),(48,25,'Portugal','PT',1,NULL,NULL),(49,26,'Angola','AO',1,NULL,NULL),(50,26,'Portugal','PT',1,NULL,NULL),(51,27,'Angola','AO',1,NULL,NULL),(52,27,'Portugal','PT',1,NULL,NULL),(53,28,'Angola','AO',1,NULL,NULL),(54,28,'Portugal','PT',1,NULL,NULL),(55,29,'Angola','AO',1,NULL,NULL),(56,29,'Portugal','PT',1,NULL,NULL),(57,30,'Angola','AO',1,NULL,NULL),(58,30,'Portugal','PT',1,NULL,NULL),(59,32,'Angola','AO',1,NULL,NULL),(60,32,'Portugal','PT',1,NULL,NULL),(61,34,'Angola','AO',1,NULL,NULL),(62,34,'Portugal','PT',1,NULL,NULL);
/*!40000 ALTER TABLE `pais` ENABLE KEYS */;
UNLOCK TABLES;

--
-- Table structure for table `password_resets`
--

DROP TABLE IF EXISTS `password_resets`;
/*!40101 SET @saved_cs_client     = @@character_set_client */;
/*!40101 SET character_set_client = utf8 */;
CREATE TABLE `password_resets` (
  `email` varchar(191) NOT NULL,
  `token` varchar(191) NOT NULL,
  `created_at` timestamp NULL DEFAULT NULL,
  KEY `password_resets_email_index` (`email`)
) ENGINE=InnoDB DEFAULT CHARSET=utf8mb4 COLLATE=utf8mb4_unicode_ci;
/*!40101 SET character_set_client = @saved_cs_client */;

--
-- Dumping data for table `password_resets`
--

LOCK TABLES `password_resets` WRITE;
/*!40000 ALTER TABLE `password_resets` DISABLE KEYS */;
/*!40000 ALTER TABLE `password_resets` ENABLE KEYS */;
UNLOCK TABLES;

--
-- Table structure for table `permissions`
--

DROP TABLE IF EXISTS `permissions`;
/*!40101 SET @saved_cs_client     = @@character_set_client */;
/*!40101 SET character_set_client = utf8 */;
CREATE TABLE `permissions` (
  `id` bigint(20) unsigned NOT NULL AUTO_INCREMENT,
  `empresa_id` bigint(20) unsigned DEFAULT NULL,
  `name` varchar(191) NOT NULL,
  `guard_name` varchar(191) NOT NULL,
  `created_at` timestamp NULL DEFAULT NULL,
  `updated_at` timestamp NULL DEFAULT NULL,
  PRIMARY KEY (`id`),
  UNIQUE KEY `permissions_name_guard_name_empresa_id_unique` (`name`,`guard_name`,`empresa_id`)
) ENGINE=InnoDB AUTO_INCREMENT=10 DEFAULT CHARSET=utf8mb4 COLLATE=utf8mb4_unicode_ci;
/*!40101 SET character_set_client = @saved_cs_client */;

--
-- Dumping data for table `permissions`
--

LOCK TABLES `permissions` WRITE;
/*!40000 ALTER TABLE `permissions` DISABLE KEYS */;
INSERT INTO `permissions` VALUES (1,1,'pos','web',NULL,NULL),(2,1,'painel','web',NULL,NULL),(3,1,'artigo','web',NULL,NULL),(4,1,'receita_despesa','web',NULL,NULL),(5,1,'cliente','web',NULL,NULL),(6,1,'documento','web',NULL,NULL),(7,1,'relatorio','web',NULL,NULL),(8,1,'configuracoes','web',NULL,NULL),(9,1,'painel_gestao','web',NULL,NULL);
/*!40000 ALTER TABLE `permissions` ENABLE KEYS */;
UNLOCK TABLES;

--
-- Table structure for table `proformas`
--

DROP TABLE IF EXISTS `proformas`;
/*!40101 SET @saved_cs_client     = @@character_set_client */;
/*!40101 SET character_set_client = utf8 */;
CREATE TABLE `proformas` (
  `id` bigint(20) unsigned NOT NULL AUTO_INCREMENT,
  `empresa_id` bigint(20) unsigned DEFAULT NULL,
  `numero` varchar(191) DEFAULT NULL,
  `cliente_id` bigint(20) unsigned DEFAULT NULL,
  `cliente_nome` varchar(191) DEFAULT NULL,
  `contribuinte` varchar(191) DEFAULT NULL,
  `endereco` varchar(191) DEFAULT NULL,
  `data` datetime DEFAULT NULL,
  `data_vencimento` datetime DEFAULT NULL,
  `formapagamento_id` bigint(20) unsigned DEFAULT NULL,
  `moeda_id` bigint(20) unsigned DEFAULT NULL,
  `utilizador_id` bigint(20) unsigned DEFAULT NULL,
  `utilizador_nome` varchar(191) DEFAULT NULL,
  `observacao` text DEFAULT NULL,
  `subtotal` decimal(30,2) DEFAULT NULL,
  `desconto` decimal(30,2) DEFAULT NULL,
  `imposto` decimal(30,2) DEFAULT NULL,
  `retencao` decimal(30,2) DEFAULT NULL,
  `total` decimal(30,2) DEFAULT NULL,
  `hash` text DEFAULT NULL,
  `status` tinyint(1) DEFAULT NULL,
  `is_factura` tinyint(1) DEFAULT NULL,
  `created_at` timestamp NULL DEFAULT NULL,
  `updated_at` timestamp NULL DEFAULT NULL,
  PRIMARY KEY (`id`),
  KEY `proformas_cliente_id_foreign` (`cliente_id`),
  KEY `proformas_formapagamento_id_foreign` (`formapagamento_id`),
  KEY `proformas_moeda_id_foreign` (`moeda_id`),
  KEY `proformas_utilizador_id_foreign` (`utilizador_id`),
  CONSTRAINT `proformas_cliente_id_foreign` FOREIGN KEY (`cliente_id`) REFERENCES `clientes` (`id`) ON UPDATE CASCADE,
  CONSTRAINT `proformas_formapagamento_id_foreign` FOREIGN KEY (`formapagamento_id`) REFERENCES `formas_pagamentos` (`id`) ON UPDATE CASCADE,
  CONSTRAINT `proformas_moeda_id_foreign` FOREIGN KEY (`moeda_id`) REFERENCES `moedas` (`id`) ON UPDATE CASCADE,
  CONSTRAINT `proformas_utilizador_id_foreign` FOREIGN KEY (`utilizador_id`) REFERENCES `users` (`id`) ON UPDATE CASCADE
) ENGINE=InnoDB AUTO_INCREMENT=12 DEFAULT CHARSET=utf8mb4 COLLATE=utf8mb4_unicode_ci;
/*!40101 SET character_set_client = @saved_cs_client */;

--
-- Dumping data for table `proformas`
--

LOCK TABLES `proformas` WRITE;
/*!40000 ALTER TABLE `proformas` DISABLE KEYS */;
INSERT INTO `proformas` VALUES (1,2,'PP  2024/1',3,'Alberto Capingãla','006217158BE048','Estrada Nacional 250, Bairro Azul 1','2024-08-15 12:37:30','2024-08-16 00:00:00',4,3,2,'Administrador','Fornecimento de materiais para escritórios.',25994.00,519.88,3639.16,0.00,29113.28,'GUVJF9QXsi3zu3ZURLAoZS29N4ZccUn3F1ttk7gIlwBaEApYymT9yYkNSZ829s/xLrFnu7/S+xuOVc/vD1rA7xZxRsd52f/BQuseuTsRogjsz+IusB8CFeK+1JSXDXamp/c72+FJdeDDvZaedYeg4DGIQOUx81IrgQqvviFA19Y=',1,0,'2024-08-15 10:37:30','2024-08-15 10:39:20'),(2,5,'PP  2024/1',7,'Diogo','12345678','Maculusso','2024-08-23 14:35:59','2024-08-23 00:00:00',9,9,11,'Administrador','Feito na formação do sistema',6500.00,0.00,0.00,0.00,6500.00,'t/zfvfOQ/oOJrbSAMgd/2VgFVIb3yah0P1xg/e8UcH5ZrYLfQw6EgHAToHMJBhsCUFdfTT7uDImm7pFTe0A4mCK5qRStCFY8FPOE2uBYRvH0IN3nEURAiYJMJhfs22eQtJooa1U2FDDpr38CoKr/AH6Lg0jV+Y/zFo/JXLMX+nM=',1,0,'2024-08-23 12:35:59','2024-08-23 12:38:44'),(3,7,'PP  2024/1',10,'primeiro Cliente','12345678','Luanda','2024-08-26 11:43:27','2024-08-26 00:00:00',14,13,14,'Administrador','Esta proforma está  aser feita no memoneto da formação do sistema.',7000.00,0.00,0.00,0.00,7000.00,'myjOh9ts+xnU+AWsRwB8NPWqgMOH4PpNMbE/uLF0TnEjFFZk7EDzrGDz0k0rKaowKSscuwUj+NuYOed3x81fz629lJsU1qINcfWJSh2Oph2CideRO1hEdZv3Bq50zLh8PON07BZzYIQeioIR3Hqd2QjkdDfvWKie3ePyjkZx48Y=',1,0,'2024-08-26 09:43:28','2024-08-26 09:45:10'),(4,1,'PP 2024 2024/1',15,'Empresa A','5000507091','Luanda','2024-08-28 13:37:42','2024-08-28 00:00:00',2,1,7,'Costa Lima',NULL,10000.00,0.00,0.00,0.00,10000.00,'ofViUDlg/uKPWccvT/8/2w2ejfDNUpNjeMniGM0fDJ6A7T1+G2frmoU6hB+simoLmsjKRMEdXXSIAigp7fALsCnvUAtQ+XHcZOaUnfYNOmvimQi0KJvKap7MqYYa1K7ZxEmWNiY78Mx49DY6lcZHOBribkOwVdTw2sOdNG+ertU=',1,1,'2024-08-28 11:37:42','2024-08-28 11:37:42'),(5,1,'PP 2024 2024/2',15,'Empresa A','5000507091','Luanda','2024-08-28 14:14:27','2024-08-28 00:00:00',2,1,7,'Costa Lima',NULL,20000.00,0.00,0.00,0.00,20000.00,'dUR2l4A1lw7XKG0Cht1sVfrBIzooBf1/MY++S9pJ6PVrqvlVyCqCdTaFx0IkBNrlR11t4rLwH0+J6Ntq5lTFbVeAvc2BgZSkw/YmudpVzGdBFDb3Z8cBuTUC5zgohn/+KiKm8bFEMtZiyGQhAdWCzeAwzbulz77cCtoQ0YEn8vE=',1,0,'2024-08-28 12:14:27','2024-08-29 09:37:28'),(6,7,'PP  2024/2',21,'Wine o\' clock','5000555821','Ilha de luanda avenida mortala mohamede','2024-08-30 11:44:34','2024-08-30 00:00:00',13,13,15,'Joel Mariscos',NULL,1212500.00,0.00,0.00,0.00,1212500.00,'F4cgQqEroNbiAxBeSKmD4Iqj962cKJ+MXEuHuCZgssdgwDXxs5pZ+K6luGICgj2WSIysLogFRDAGqp5fam/2diYxPApOEo14K0nscDLOcKf3WgyNJ8yuP+SaRQ6TYYofGee8bKiva/JdyEAsgKtUpKMu05pXTDmz4zRPg1AEq5o=',1,1,'2024-08-30 09:44:34','2024-08-30 09:44:34'),(7,7,'PP  2024/3',21,'Wine o\' clock','5000555821','Ilha de luanda avenida mortala mohamede','2024-08-30 12:06:20','2024-08-30 00:00:00',13,13,15,'Joel Mariscos',NULL,12147500.00,0.00,0.00,0.00,12147500.00,'bbr0GCuanhVzGwHQ22UvEVOk4G6KOxcssvGYZLjmTtrBeipskwFbR++uQYmFHDjlPzjs3XbXg3qYXevv925D3l1Xr6+B5RRJbD0a4AwS7VDVgvVlaNQaoKrEzoAIPu+P1t6uak2c7I4e6DDpb8+fAcw+AgjuiBQAmZUjKjr8G10=',1,1,'2024-08-30 10:06:20','2024-08-30 10:06:20'),(8,7,'PP  2024/3',21,'Wine o\' clock','5000555821','Ilha de luanda avenida mortala mohamede','2024-08-30 12:06:43','2024-08-30 00:00:00',13,13,15,'Joel Mariscos',NULL,12147500.00,0.00,0.00,0.00,12147500.00,'jGsA3dccanZj1R6407KJ4sS8vRFaHvR9k8Dr1G8EMCyAIhWmsliuJoZHoLoF41pRQF6I8fWLeqF5K62d/bk48iZgkjf2MlUXb+ZZiwSuxh3Ai0WRCAasbteURoA/h/0wGoPZvQ594dvXrJT0pHeRTnoJeMipZvDiXfvfVsFVX2k=',1,1,'2024-08-30 10:06:43','2024-08-30 10:06:43'),(9,7,'PP  2024/3',21,'Wine o\' clock','5000555821','Ilha de luanda avenida mortala mohamede','2024-08-30 12:06:44','2024-08-30 00:00:00',13,13,15,'Joel Mariscos',NULL,12147500.00,0.00,0.00,0.00,12147500.00,'GxF7TJrk7fwbTUF+2k1emr4Lb5yGR41r0dSIfId0UxtXgJ7+ZvuT/Ds6g0jrJdWyb6uqjjJE0Ps79oNxTRTMjoVcoA+LogckE31LLi2l7bnOG8QQAJ6D7CNv/6ceo21bAzQFTJjBl/DH1KuMwaGgF81gc8kRppZj/plf9I/9YJ0=',1,1,'2024-08-30 10:06:44','2024-08-30 10:06:44'),(10,7,'PP  2024/6',21,'Wine o\' clock','5000555821','Ilha de luanda avenida mortala mohamede','2024-08-30 12:10:03','2024-08-30 00:00:00',13,13,15,'Joel Mariscos',NULL,227000.00,0.00,0.00,0.00,227000.00,'jbSG9H+yGAzlATU5YKjYBfSXM2I4yKuvHTeOe4l7BEvE2lrq5N3nIK+PpzOobuxHyUeY0y6pNZSbXzbJDkcQhBdjHv+HXVBhiyJIEEwE6hUed6TCeeAMaKbeky/y2bx/xSyzF7vkWX6MjTuHs8FWhslSB3ZQBFYd28cajDJ12zU=',1,1,'2024-08-30 10:10:03','2024-08-30 10:10:03'),(11,7,'PP  2024/7',21,'Wine o\' clock','5000555821','Ilha de luanda avenida mortala mohamede','2024-08-30 12:47:34','2024-08-30 00:00:00',13,13,15,'Joel Mariscos',NULL,224000.00,0.00,0.00,0.00,224000.00,'idbdIQPoZGJdsTOo4Htupba/pY1EVDhn6xhG/94StomrSZP48Bu+E0DuyDFqMgJ9H3Squv38AH0dOjkGWx5hgtBV39exqSeSNMP+U4318MJHWB3WOKv39u++CFhXbd1vaURj/eTCtXkPLzKi4Jjy/bL0aHIw+Yez09XU4E/aXtE=',1,1,'2024-08-30 10:47:34','2024-08-30 10:47:34');
/*!40000 ALTER TABLE `proformas` ENABLE KEYS */;
UNLOCK TABLES;

--
-- Table structure for table `receita_despesas`
--

DROP TABLE IF EXISTS `receita_despesas`;
/*!40101 SET @saved_cs_client     = @@character_set_client */;
/*!40101 SET character_set_client = utf8 */;
CREATE TABLE `receita_despesas` (
  `id` bigint(20) unsigned NOT NULL AUTO_INCREMENT,
  `empresa_id` bigint(20) unsigned DEFAULT NULL,
  `codigo` varchar(191) DEFAULT NULL,
  `designacao` varchar(191) DEFAULT NULL,
  `tipo` int(11) DEFAULT NULL,
  `total` decimal(30,2) DEFAULT NULL,
  `data` date DEFAULT NULL,
  `descricao` varchar(191) DEFAULT NULL,
  `created_at` timestamp NULL DEFAULT NULL,
  `updated_at` timestamp NULL DEFAULT NULL,
  PRIMARY KEY (`id`)
) ENGINE=InnoDB AUTO_INCREMENT=13 DEFAULT CHARSET=utf8mb4 COLLATE=utf8mb4_unicode_ci;
/*!40101 SET character_set_client = @saved_cs_client */;

--
-- Dumping data for table `receita_despesas`
--

LOCK TABLES `receita_despesas` WRITE;
/*!40000 ALTER TABLE `receita_despesas` DISABLE KEYS */;
INSERT INTO `receita_despesas` VALUES (2,2,'0001','Exclusão',2,58746.44,'2024-08-22',NULL,'2024-08-22 08:57:18','2024-08-22 08:57:18'),(3,7,'0001','Licença do Sistema de faturação-3 meses',2,3000.00,'2024-08-23','Empresa Átomo','2024-08-26 09:48:48','2024-08-26 09:53:41'),(4,14,'0001','Almoço',2,6000.00,'2024-09-02',NULL,'2024-09-02 13:58:32','2024-09-02 13:58:32'),(5,14,'0002','operativo',2,1000.00,'2024-09-02',NULL,'2024-09-02 13:59:26','2024-09-02 13:59:26'),(6,14,'0003','água ,saco,papel do tpa',2,5000.00,'2024-09-02',NULL,'2024-09-02 14:21:44','2024-09-02 14:25:15'),(7,14,'0004','Almoço',2,6000.00,'2024-09-04',NULL,'2024-09-04 14:12:43','2024-09-04 14:12:43'),(8,14,'0005','operativo',2,2000.00,'2024-09-04',NULL,'2024-09-04 14:13:01','2024-09-04 14:13:01'),(9,14,'0006','GASTOS DO DIA',2,8000.00,'2024-09-09',NULL,'2024-09-09 13:19:27','2024-09-09 13:19:27'),(10,14,'0007','GASTOS DO DIA',2,8500.00,'2024-09-10',NULL,'2024-09-10 13:59:17','2024-09-10 13:59:17'),(11,14,'0008','GASTOS DO DIA',2,9000.00,'2024-09-11',NULL,'2024-09-11 13:40:10','2024-09-11 13:40:10'),(12,14,'0009','GASTOS DO DIA',2,14000.00,'2024-09-12',NULL,'2024-09-12 13:55:02','2024-09-12 13:55:02');
/*!40000 ALTER TABLE `receita_despesas` ENABLE KEYS */;
UNLOCK TABLES;

--
-- Table structure for table `recibos`
--

DROP TABLE IF EXISTS `recibos`;
/*!40101 SET @saved_cs_client     = @@character_set_client */;
/*!40101 SET character_set_client = utf8 */;
CREATE TABLE `recibos` (
  `id` bigint(20) unsigned NOT NULL AUTO_INCREMENT,
  `empresa_id` bigint(20) unsigned DEFAULT NULL,
  `numero` varchar(191) DEFAULT NULL,
  `cliente_id` bigint(20) unsigned DEFAULT NULL,
  `cliente_nome` varchar(191) DEFAULT NULL,
  `contribuinte` varchar(191) DEFAULT NULL,
  `endereco` varchar(191) DEFAULT NULL,
  `data` datetime DEFAULT NULL,
  `data_vencimento` datetime DEFAULT NULL,
  `formapagamento_id` bigint(20) unsigned DEFAULT NULL,
  `moeda_id` bigint(20) unsigned DEFAULT NULL,
  `utilizador_id` bigint(20) unsigned DEFAULT NULL,
  `utilizador_nome` varchar(191) DEFAULT NULL,
  `observacao` text DEFAULT NULL,
  `subtotal` decimal(30,2) DEFAULT NULL,
  `desconto` decimal(30,2) DEFAULT NULL,
  `imposto` decimal(30,2) DEFAULT NULL,
  `retencao` decimal(30,2) DEFAULT NULL,
  `total` decimal(30,2) DEFAULT NULL,
  `hash` text DEFAULT NULL,
  `status` tinyint(1) DEFAULT NULL,
  `numero_documento` varchar(191) DEFAULT NULL,
  `data_documento` datetime DEFAULT NULL,
  `total_pendente` decimal(30,2) DEFAULT NULL,
  `valor_pago` decimal(30,2) DEFAULT NULL,
  `ficheiro` varchar(191) DEFAULT NULL,
  `data_ficheiro` datetime DEFAULT NULL,
  `retencao_taxa` decimal(30,2) DEFAULT NULL,
  `factura_id` bigint(20) unsigned DEFAULT NULL,
  `created_at` timestamp NULL DEFAULT NULL,
  `updated_at` timestamp NULL DEFAULT NULL,
  PRIMARY KEY (`id`),
  KEY `recibos_factura_id_foreign` (`factura_id`),
  KEY `recibos_cliente_id_foreign` (`cliente_id`),
  KEY `recibos_formapagamento_id_foreign` (`formapagamento_id`),
  KEY `recibos_moeda_id_foreign` (`moeda_id`),
  KEY `recibos_utilizador_id_foreign` (`utilizador_id`),
  CONSTRAINT `recibos_cliente_id_foreign` FOREIGN KEY (`cliente_id`) REFERENCES `clientes` (`id`) ON UPDATE CASCADE,
  CONSTRAINT `recibos_factura_id_foreign` FOREIGN KEY (`factura_id`) REFERENCES `facturas` (`id`) ON UPDATE CASCADE,
  CONSTRAINT `recibos_formapagamento_id_foreign` FOREIGN KEY (`formapagamento_id`) REFERENCES `formas_pagamentos` (`id`) ON UPDATE CASCADE,
  CONSTRAINT `recibos_moeda_id_foreign` FOREIGN KEY (`moeda_id`) REFERENCES `moedas` (`id`) ON UPDATE CASCADE,
  CONSTRAINT `recibos_utilizador_id_foreign` FOREIGN KEY (`utilizador_id`) REFERENCES `users` (`id`) ON UPDATE CASCADE
) ENGINE=InnoDB AUTO_INCREMENT=5 DEFAULT CHARSET=utf8mb4 COLLATE=utf8mb4_unicode_ci;
/*!40101 SET character_set_client = @saved_cs_client */;

--
-- Dumping data for table `recibos`
--

LOCK TABLES `recibos` WRITE;
/*!40000 ALTER TABLE `recibos` DISABLE KEYS */;
INSERT INTO `recibos` VALUES (1,2,'RC  2024/1',3,'Alberto Capingãla','006217158BE048','Estrada Nacional 250, Bairro Azul 1','2024-08-15 12:42:19','2024-08-15 00:00:00',3,3,2,'Administrador',NULL,25994.00,519.88,3639.16,0.00,29113.28,'W4bOr0L0pQ/X3kk/FtJATDhgrwhV7+lkQshEzIlx7P60Pmbvc7Jk1Ks4r40/KWVWEALiIHsevxEoVJmu3dAWb2C6MApTvhNu3idFOGDzYh0AMxIfDtg+jQGra3YL+d7wJba8nRqVYlFwACczrNjkW0tJGTNN8VGJfzTIshyBrLw=',1,'FT  2024/1','2024-08-15 12:39:20',29113.28,10000.00,'null.png','2024-08-15 00:00:00',0.00,1,'2024-08-15 10:42:19','2024-08-15 10:42:19'),(2,7,'RC  2024/1',10,'primeiro Cliente','12345678','Luanda','2024-08-26 11:46:10','2024-08-26 00:00:00',14,13,14,'Administrador','Esta fatura está  aser feita no memoneto da formação do sistema.',7000.00,0.00,0.00,0.00,7000.00,'o7eZQYvLGNjPnTYBrmwOuJ93vXRpOlcnvaJqbDB8rOwz6VFuQW+VcXPLUTFEHMedpCP/CdO7RZGkeLH5cAsONQqpnTigpvfSU3kS6QPAUZoIXpdKyFl6cvDs1C7e9Yz0mWS33w34LduDoab04txr1ILuZZ8TmZpKVEB39SHlV0o=',1,'FT  2024/1','2024-08-26 11:45:10',7000.00,3000.00,'null.png','2024-08-26 00:00:00',0.00,3,'2024-08-26 09:46:10','2024-08-26 09:46:10'),(3,7,'RC  2024/2',10,'primeiro Cliente','12345678','Luanda','2024-08-26 11:46:58','2024-08-26 00:00:00',14,13,14,'Administrador','Esta fatura está  aser feita no memoneto da formação do sistema.',7000.00,0.00,0.00,0.00,7000.00,'aetdI58mb/k4O0b5aJWGhoXHCTMnPlL4+/XOUViMzw+TqJU8+1fxmRF29/yFBdpyexKZkCqvI7ew0e6ID6AQ68hmSS/WFQDM44Eaws9PW499wd9VZhVW9H8RO2Q/RrL66Rh/SafBmP9O3nw5ol6YgxS+R8l37beoBP+O3cA6MAI=',1,'FT  2024/1','2024-08-26 11:45:10',4000.00,4000.00,'null.png','2024-08-26 00:00:00',0.00,3,'2024-08-26 09:46:58','2024-08-26 09:46:58'),(4,1,'RC 2024 2024/1',15,'Empresa A','5000507091','Luanda','2024-08-29 11:37:42','2024-08-29 00:00:00',1,1,7,'Costa Lima',NULL,20000.00,0.00,0.00,0.00,20000.00,'lfYpFvn/qtpsqjIf/ECH//HIJNdPO4arAv7iDUEKJmygCCoeclds7uIabAIO9g3RmPIKYmVUx2wYGsBMGe2bKZIkYMO+vixFthdMb5ZmyH9PHiHAPX4KQB3yfE4f2XaGm82J4O1TXInYvoBH+UMfakmY0fkLmgACmol2SgMVmfo=',1,'FT 2024 2024/1','2024-08-29 11:37:27',20000.00,10000.00,'null.png','2024-08-29 00:00:00',0.00,4,'2024-08-29 09:37:42','2024-08-29 09:37:42');
/*!40000 ALTER TABLE `recibos` ENABLE KEYS */;
UNLOCK TABLES;

--
-- Table structure for table `retencaos`
--

DROP TABLE IF EXISTS `retencaos`;
/*!40101 SET @saved_cs_client     = @@character_set_client */;
/*!40101 SET character_set_client = utf8 */;
CREATE TABLE `retencaos` (
  `id` bigint(20) unsigned NOT NULL AUTO_INCREMENT,
  `empresa_id` bigint(20) unsigned DEFAULT NULL,
  `designacao` varchar(191) DEFAULT NULL,
  `taxa` varchar(191) DEFAULT NULL,
  `status` tinyint(1) DEFAULT NULL,
  `created_at` timestamp NULL DEFAULT NULL,
  `updated_at` timestamp NULL DEFAULT NULL,
  PRIMARY KEY (`id`)
) ENGINE=InnoDB AUTO_INCREMENT=63 DEFAULT CHARSET=utf8mb4 COLLATE=utf8mb4_unicode_ci;
/*!40101 SET character_set_client = @saved_cs_client */;

--
-- Dumping data for table `retencaos`
--

LOCK TABLES `retencaos` WRITE;
/*!40000 ALTER TABLE `retencaos` DISABLE KEYS */;
INSERT INTO `retencaos` VALUES (1,1,'Sem rentenção na fonte','0',1,NULL,NULL),(2,1,'Rentenção na fonte 6.5%','6.5',1,NULL,NULL),(3,2,'Sem rentenção na fonte','0',1,NULL,NULL),(4,2,'Rentenção na fonte 6.5%','6.5',1,NULL,NULL),(5,3,'Sem rentenção na fonte','0',1,NULL,NULL),(6,3,'Rentenção na fonte 6.5%','6.5',1,NULL,NULL),(7,4,'Sem rentenção na fonte','0',1,NULL,NULL),(8,4,'Rentenção na fonte 6.5%','6.5',1,NULL,NULL),(9,5,'Sem rentenção na fonte','0',1,NULL,NULL),(10,5,'Rentenção na fonte 6.5%','6.5',1,NULL,NULL),(11,6,'Sem rentenção na fonte','0',1,NULL,NULL),(12,6,'Rentenção na fonte 6.5%','6.5',1,NULL,NULL),(13,7,'Sem rentenção na fonte','0',1,NULL,NULL),(14,7,'Rentenção na fonte 6.5%','6.5',1,NULL,NULL),(15,8,'Sem rentenção na fonte','0',1,NULL,NULL),(16,8,'Rentenção na fonte 6.5%','6.5',1,NULL,NULL),(17,9,'Sem rentenção na fonte','0',1,NULL,NULL),(18,9,'Rentenção na fonte 6.5%','6.5',1,NULL,NULL),(19,10,'Sem rentenção na fonte','0',1,NULL,NULL),(20,10,'Rentenção na fonte 6.5%','6.5',1,NULL,NULL),(21,11,'Sem rentenção na fonte','0',1,NULL,NULL),(22,11,'Rentenção na fonte 6.5%','6.5',1,NULL,NULL),(23,12,'Sem rentenção na fonte','0',1,NULL,NULL),(24,12,'Rentenção na fonte 6.5%','6.5',1,NULL,NULL),(25,13,'Sem rentenção na fonte','0',1,NULL,NULL),(26,13,'Rentenção na fonte 6.5%','6.5',1,NULL,NULL),(27,14,'Sem rentenção na fonte','0',1,NULL,NULL),(28,14,'Rentenão na fonte 6.5%','6.5',1,NULL,NULL),(29,15,'Sem rentenção na fonte','0',1,NULL,NULL),(30,15,'Rentenão na fonte 6.5%','6.5',1,NULL,NULL),(31,16,'Sem rentenção na fonte','0',1,NULL,NULL),(32,16,'Rentenão na fonte 6.5%','6.5',1,NULL,NULL),(33,17,'Sem rentenção na fonte','0',1,NULL,NULL),(34,17,'Rentenão na fonte 6.5%','6.5',1,NULL,NULL),(35,18,'Sem rentenção na fonte','0',1,NULL,NULL),(36,18,'Rentenão na fonte 6.5%','6.5',1,NULL,NULL),(37,19,'Sem rentenção na fonte','0',1,NULL,NULL),(38,19,'Rentenão na fonte 6.5%','6.5',1,NULL,NULL),(39,20,'Sem rentenção na fonte','0',1,NULL,NULL),(40,20,'Rentenão na fonte 6.5%','6.5',1,NULL,NULL),(41,21,'Sem rentenção na fonte','0',1,NULL,NULL),(42,21,'Rentenão na fonte 6.5%','6.5',1,NULL,NULL),(43,22,'Sem rentenção na fonte','0',1,NULL,NULL),(44,22,'Rentenão na fonte 6.5%','6.5',1,NULL,NULL),(45,24,'Sem rentenção na fonte','0',1,NULL,NULL),(46,24,'Rentenão na fonte 6.5%','6.5',1,NULL,NULL),(47,25,'Sem rentenção na fonte','0',1,NULL,NULL),(48,25,'Rentenão na fonte 6.5%','6.5',1,NULL,NULL),(49,26,'Sem rentenção na fonte','0',1,NULL,NULL),(50,26,'Rentenão na fonte 6.5%','6.5',1,NULL,NULL),(51,27,'Sem rentenção na fonte','0',1,NULL,NULL),(52,27,'Rentenão na fonte 6.5%','6.5',1,NULL,NULL),(53,28,'Sem rentenção na fonte','0',1,NULL,NULL),(54,28,'Rentenão na fonte 6.5%','6.5',1,NULL,NULL),(55,29,'Sem rentenção na fonte','0',1,NULL,NULL),(56,29,'Rentenão na fonte 6.5%','6.5',1,NULL,NULL),(57,30,'Sem rentenção na fonte','0',1,NULL,NULL),(58,30,'Rentenão na fonte 6.5%','6.5',1,NULL,NULL),(59,32,'Sem rentenção na fonte','0',1,NULL,NULL),(60,32,'Rentenão na fonte 6.5%','6.5',1,NULL,NULL),(61,34,'Sem rentenção na fonte','0',1,NULL,NULL),(62,34,'Rentenão na fonte 6.5%','6.5',1,NULL,NULL);
/*!40000 ALTER TABLE `retencaos` ENABLE KEYS */;
UNLOCK TABLES;

--
-- Table structure for table `role_has_permissions`
--

DROP TABLE IF EXISTS `role_has_permissions`;
/*!40101 SET @saved_cs_client     = @@character_set_client */;
/*!40101 SET character_set_client = utf8 */;
CREATE TABLE `role_has_permissions` (
  `permission_id` bigint(20) unsigned NOT NULL,
  `role_id` bigint(20) unsigned NOT NULL,
  `empresa_id` bigint(20) unsigned NOT NULL,
  PRIMARY KEY (`permission_id`,`role_id`,`empresa_id`),
  KEY `role_has_permissions_role_id_foreign` (`role_id`),
  CONSTRAINT `role_has_permissions_permission_id_foreign` FOREIGN KEY (`permission_id`) REFERENCES `permissions` (`id`) ON DELETE CASCADE,
  CONSTRAINT `role_has_permissions_role_id_foreign` FOREIGN KEY (`role_id`) REFERENCES `roles` (`id`) ON DELETE CASCADE
) ENGINE=InnoDB DEFAULT CHARSET=utf8mb4 COLLATE=utf8mb4_unicode_ci;
/*!40101 SET character_set_client = @saved_cs_client */;

--
-- Dumping data for table `role_has_permissions`
--

LOCK TABLES `role_has_permissions` WRITE;
/*!40000 ALTER TABLE `role_has_permissions` DISABLE KEYS */;
INSERT INTO `role_has_permissions` VALUES (1,1,1),(1,2,1),(1,3,1),(1,4,1),(2,1,1),(2,2,1),(2,3,1),(3,1,1),(3,2,1),(3,3,1),(4,1,1),(4,2,1),(4,3,1),(5,1,1),(5,2,1),(5,3,1),(6,1,1),(6,2,1),(6,3,1),(7,1,1),(7,2,1),(8,1,1),(9,1,1);
/*!40000 ALTER TABLE `role_has_permissions` ENABLE KEYS */;
UNLOCK TABLES;

--
-- Table structure for table `roles`
--

DROP TABLE IF EXISTS `roles`;
/*!40101 SET @saved_cs_client     = @@character_set_client */;
/*!40101 SET character_set_client = utf8 */;
CREATE TABLE `roles` (
  `id` bigint(20) unsigned NOT NULL AUTO_INCREMENT,
  `empresa_id` bigint(20) unsigned DEFAULT NULL,
  `name` varchar(191) NOT NULL,
  `guard_name` varchar(191) NOT NULL,
  `created_at` timestamp NULL DEFAULT NULL,
  `updated_at` timestamp NULL DEFAULT NULL,
  PRIMARY KEY (`id`),
  UNIQUE KEY `roles_name_guard_name_empresa_id_unique` (`name`,`guard_name`,`empresa_id`)
) ENGINE=InnoDB AUTO_INCREMENT=6 DEFAULT CHARSET=utf8mb4 COLLATE=utf8mb4_unicode_ci;
/*!40101 SET character_set_client = @saved_cs_client */;

--
-- Dumping data for table `roles`
--

LOCK TABLES `roles` WRITE;
/*!40000 ALTER TABLE `roles` DISABLE KEYS */;
INSERT INTO `roles` VALUES (1,1,'Administrador','web',NULL,NULL),(2,1,'Gestor','web',NULL,NULL),(3,1,'Operador','web',NULL,NULL),(4,1,'Operador POS','web',NULL,NULL),(5,2,'Super Administrador','web','2024-08-15 20:01:13','2024-08-15 20:01:13');
/*!40000 ALTER TABLE `roles` ENABLE KEYS */;
UNLOCK TABLES;

--
-- Table structure for table `saft_audits`
--

DROP TABLE IF EXISTS `saft_audits`;
/*!40101 SET @saved_cs_client     = @@character_set_client */;
/*!40101 SET character_set_client = utf8 */;
CREATE TABLE `saft_audits` (
  `id` bigint(20) unsigned NOT NULL AUTO_INCREMENT,
  `empresa_id` bigint(20) unsigned DEFAULT NULL,
  `audit_file_version` varchar(191) DEFAULT NULL,
  `company_id` varchar(191) DEFAULT NULL,
  `tax_registration_number` varchar(191) DEFAULT NULL,
  `tax_accounting_basis` varchar(191) DEFAULT NULL,
  `created_at` timestamp NULL DEFAULT NULL,
  `updated_at` timestamp NULL DEFAULT NULL,
  PRIMARY KEY (`id`)
) ENGINE=InnoDB AUTO_INCREMENT=32 DEFAULT CHARSET=utf8mb4 COLLATE=utf8mb4_unicode_ci;
/*!40101 SET character_set_client = @saved_cs_client */;

--
-- Dumping data for table `saft_audits`
--

LOCK TABLES `saft_audits` WRITE;
/*!40000 ALTER TABLE `saft_audits` DISABLE KEYS */;
INSERT INTO `saft_audits` VALUES (1,1,'1.01_01','000000000','5000213438','F',NULL,NULL),(2,2,'1.01_01','000000000','5000213438','F',NULL,NULL),(3,3,'1.01_01','000000000','5000213438','F',NULL,NULL),(4,4,'1.01_01','000000000','5000213438','F',NULL,NULL),(5,5,'1.01_01','000000000','5000213438','F',NULL,NULL),(6,6,'1.01_01','000000000','5000213438','F',NULL,NULL),(7,7,'1.01_01','000000000','5000213438','F',NULL,NULL),(8,8,'1.01_01','000000000','5000213438','F',NULL,NULL),(9,9,'1.01_01','000000000','5000213438','F',NULL,NULL),(10,10,'1.01_01','000000000','5000213438','F',NULL,NULL),(11,11,'1.01_01','000000000','5000213438','F',NULL,NULL),(12,12,'1.01_01','000000000','5000213438','F',NULL,NULL),(13,13,'1.01_01','000000000','5000213438','F',NULL,NULL),(14,14,'1.01_01','000000000','5000213438','F',NULL,NULL),(15,15,'1.01_01','000000000','5000213438','F',NULL,NULL),(16,16,'1.01_01','000000000','5000213438','F',NULL,NULL),(17,17,'1.01_01','000000000','5000213438','F',NULL,NULL),(18,18,'1.01_01','000000000','5000213438','F',NULL,NULL),(19,19,'1.01_01','000000000','5000213438','F',NULL,NULL),(20,20,'1.01_01','000000000','5000213438','F',NULL,NULL),(21,21,'1.01_01','000000000','5000213438','F',NULL,NULL),(22,22,'1.01_01','000000000','5000213438','F',NULL,NULL),(23,24,'1.01_01','000000000','5000213438','F',NULL,NULL),(24,25,'1.01_01','000000000','5000213438','F',NULL,NULL),(25,26,'1.01_01','000000000','5000213438','F',NULL,NULL),(26,27,'1.01_01','000000000','5000213438','F',NULL,NULL),(27,28,'1.01_01','000000000','5000213438','F',NULL,NULL),(28,29,'1.01_01','000000000','5000213438','F',NULL,NULL),(29,30,'1.01_01','000000000','5000213438','F',NULL,NULL),(30,32,'1.01_01','000000000','5000213438','F',NULL,NULL),(31,34,'1.01_01','000000000','5000213438','F',NULL,NULL);
/*!40000 ALTER TABLE `saft_audits` ENABLE KEYS */;
UNLOCK TABLES;

--
-- Table structure for table `safts`
--

DROP TABLE IF EXISTS `safts`;
/*!40101 SET @saved_cs_client     = @@character_set_client */;
/*!40101 SET character_set_client = utf8 */;
CREATE TABLE `safts` (
  `id` bigint(20) unsigned NOT NULL AUTO_INCREMENT,
  `empresa_id` bigint(20) unsigned DEFAULT NULL,
  `filename` varchar(191) NOT NULL,
  `created_at` timestamp NULL DEFAULT NULL,
  `updated_at` timestamp NULL DEFAULT NULL,
  PRIMARY KEY (`id`)
) ENGINE=InnoDB AUTO_INCREMENT=5 DEFAULT CHARSET=utf8mb4 COLLATE=utf8mb4_unicode_ci;
/*!40101 SET character_set_client = @saved_cs_client */;

--
-- Dumping data for table `safts`
--

LOCK TABLES `safts` WRITE;
/*!40000 ALTER TABLE `safts` DISABLE KEYS */;
INSERT INTO `safts` VALUES (1,2,'SAFT_AO_20240822105804.xml','2024-08-22 08:58:04','2024-08-22 08:58:04'),(2,9,'SAFT_AO_20240827135704.xml','2024-08-27 11:57:04','2024-08-27 11:57:04'),(3,14,'SAFT_AO_20240829120529.xml','2024-08-29 10:05:29','2024-08-29 10:05:29'),(4,16,'SAFT_AO_20240902174620.xml','2024-09-02 15:46:20','2024-09-02 15:46:20');
/*!40000 ALTER TABLE `safts` ENABLE KEYS */;
UNLOCK TABLES;

--
-- Table structure for table `series`
--

DROP TABLE IF EXISTS `series`;
/*!40101 SET @saved_cs_client     = @@character_set_client */;
/*!40101 SET character_set_client = utf8 */;
CREATE TABLE `series` (
  `id` bigint(20) unsigned NOT NULL AUTO_INCREMENT,
  `empresa_id` bigint(20) unsigned DEFAULT NULL,
  `codigo` varchar(191) DEFAULT NULL,
  `designacao` varchar(191) DEFAULT NULL,
  `tipo` varchar(191) DEFAULT NULL,
  `descricao` varchar(191) DEFAULT NULL,
  `status` tinyint(1) DEFAULT NULL,
  `created_at` timestamp NULL DEFAULT NULL,
  `updated_at` timestamp NULL DEFAULT NULL,
  PRIMARY KEY (`id`)
) ENGINE=InnoDB AUTO_INCREMENT=311 DEFAULT CHARSET=utf8mb4 COLLATE=utf8mb4_unicode_ci;
/*!40101 SET character_set_client = @saved_cs_client */;

--
-- Dumping data for table `series`
--

LOCK TABLES `series` WRITE;
/*!40000 ALTER TABLE `series` DISABLE KEYS */;
INSERT INTO `series` VALUES (1,1,'0001','PP 2024','proforma','King. On.',1,NULL,NULL),(2,1,'0002','FT 2024','factura','Why, I haven\'t.',1,NULL,NULL),(3,1,'0003','FR 2024','factura-recibo','Just then she.',1,NULL,NULL),(4,1,'0004','RC 2024','recibo','I\'ll tell you.',1,NULL,NULL),(5,1,'0005','NC 2024','nota-credito','Caterpillar. \'Is.',1,NULL,NULL),(6,1,'0006','ND 2024','nota-debito','At this the.',1,NULL,NULL),(7,1,'0007','GT 2024','guia-transporte','I can\'t quite.',1,NULL,NULL),(8,1,'0008','GR 2024','guia-remessa','I ought to.',1,NULL,NULL),(9,1,'0009','RD 2024','receita-despesa','MYSELF, I\'m.',1,NULL,NULL),(10,1,'00010','SC 2024','stock','I\'ll give them a.',1,NULL,NULL),(11,2,'0001','PP ','proforma','King and the.',1,NULL,NULL),(12,2,'0002','FT ','factura','Said cunning old.',1,NULL,NULL),(13,2,'0003','FR ','factura-recibo','Game, or any.',1,NULL,NULL),(14,2,'0004','RC ','recibo','But do cats.',1,NULL,NULL),(15,2,'0005','NC ','nota-credito','And oh, my.',1,NULL,NULL),(16,2,'0006','ND ','nota-debito','Bill,\' she.',1,NULL,NULL),(17,2,'0007','GT ','guia-transporte','Alice, the little.',1,NULL,NULL),(18,2,'0008','GR ','guia-remessa','I only wish.',1,NULL,NULL),(19,2,'0009','RD ','receita-despesa','The three soldiers.',1,NULL,NULL),(20,2,'00010','SC ','stock','The Queen.',1,NULL,NULL),(21,3,'0001','PP ','proforma','Alice was rather.',1,NULL,NULL),(22,3,'0002','FT ','factura','I\'ve got to the.',1,NULL,NULL),(23,3,'0003','FR ','factura-recibo','Cat, \'a dog\'s not.',1,NULL,NULL),(24,3,'0004','RC ','recibo','I must sugar my.',1,NULL,NULL),(25,3,'0005','NC ','nota-credito','Lory, as.',1,NULL,NULL),(26,3,'0006','ND ','nota-debito','King, and he.',1,NULL,NULL),(27,3,'0007','GT ','guia-transporte','Involved in.',1,NULL,NULL),(28,3,'0008','GR ','guia-remessa','I know who.',1,NULL,NULL),(29,3,'0009','RD ','receita-despesa','Alice looked all.',1,NULL,NULL),(30,3,'00010','SC ','stock','I can say.\'.',1,NULL,NULL),(31,4,'0001','PP ','proforma','I am! But I\'d.',1,NULL,NULL),(32,4,'0002','FT ','factura','I hadn\'t.',1,NULL,NULL),(33,4,'0003','FR ','factura-recibo','Majesty,\'.',1,NULL,NULL),(34,4,'0004','RC ','recibo','She had already.',1,NULL,NULL),(35,4,'0005','NC ','nota-credito','Alice, \'as all.',1,NULL,NULL),(36,4,'0006','ND ','nota-debito','SAID was, \'Why.',1,NULL,NULL),(37,4,'0007','GT ','guia-transporte','Why, there\'s.',1,NULL,NULL),(38,4,'0008','GR ','guia-remessa','I can\'t understand.',1,NULL,NULL),(39,4,'0009','RD ','receita-despesa','The long grass.',1,NULL,NULL),(40,4,'00010','SC ','stock','Normans--\".',1,NULL,NULL),(41,5,'0001','PP ','proforma','She got up this.',1,NULL,NULL),(42,5,'0002','FT ','factura','I shall have.',1,NULL,NULL),(43,5,'0003','FR ','factura-recibo','Alice was a.',1,NULL,NULL),(44,5,'0004','RC ','recibo','So she swallowed.',1,NULL,NULL),(45,5,'0005','NC ','nota-credito','The twelve jurors.',1,NULL,NULL),(46,5,'0006','ND ','nota-debito','Mock Turtle.',1,NULL,NULL),(47,5,'0007','GT ','guia-transporte','Alice. \'Then it.',1,NULL,NULL),(48,5,'0008','GR ','guia-remessa','Gryphon, the.',1,NULL,NULL),(49,5,'0009','RD ','receita-despesa','And she\'s such.',1,NULL,NULL),(50,5,'00010','SC ','stock','I ever was.',1,NULL,NULL),(51,6,'0001','PP ','proforma','White Rabbit.',1,NULL,NULL),(52,6,'0002','FT ','factura','Father William.',1,NULL,NULL),(53,6,'0003','FR ','factura-recibo','Alice as he.',1,NULL,NULL),(54,6,'0004','RC ','recibo','At last the.',1,NULL,NULL),(55,6,'0005','NC ','nota-credito','I can\'t see you?\'.',1,NULL,NULL),(56,6,'0006','ND ','nota-debito','Alice didn\'t.',1,NULL,NULL),(57,6,'0007','GT ','guia-transporte','Alice, \'a great.',1,NULL,NULL),(58,6,'0008','GR ','guia-remessa','COULD! I\'m sure.',1,NULL,NULL),(59,6,'0009','RD ','receita-despesa','Duchess said to.',1,NULL,NULL),(60,6,'00010','SC ','stock','What happened to.',1,NULL,NULL),(61,7,'0001','PP ','proforma','Alice did not.',1,NULL,NULL),(62,7,'0002','FT ','factura','The chief.',1,NULL,NULL),(63,7,'0003','FR ','factura-recibo','So she sat down.',1,NULL,NULL),(64,7,'0004','RC ','recibo','Five! Always lay.',1,NULL,NULL),(65,7,'0005','NC ','nota-credito','I almost.',1,NULL,NULL),(66,7,'0006','ND ','nota-debito','They had.',1,NULL,NULL),(67,7,'0007','GT ','guia-transporte','I dare say.',1,NULL,NULL),(68,7,'0008','GR ','guia-remessa','I\'ve got.',1,NULL,NULL),(69,7,'0009','RD ','receita-despesa','Normans--\" How are.',1,NULL,NULL),(70,7,'00010','SC ','stock','I shall be late!\'.',1,NULL,NULL),(71,8,'0001','PP ','proforma','Hatter. \'You.',1,NULL,NULL),(72,8,'0002','FT ','factura','The chief.',1,NULL,NULL),(73,8,'0003','FR ','factura-recibo','She had not gone.',1,NULL,NULL),(74,8,'0004','RC ','recibo','King put on.',1,NULL,NULL),(75,8,'0005','NC ','nota-credito','By the use of a.',1,NULL,NULL),(76,8,'0006','ND ','nota-debito','Like a tea-tray.',1,NULL,NULL),(77,8,'0007','GT ','guia-transporte','I wish I.',1,NULL,NULL),(78,8,'0008','GR ','guia-remessa','Alice an.',1,NULL,NULL),(79,8,'0009','RD ','receita-despesa','And she\'s.',1,NULL,NULL),(80,8,'00010','SC ','stock','I\'m sure.',1,NULL,NULL),(81,9,'0001','PP ','proforma','There was.',1,NULL,NULL),(82,9,'0002','FT ','factura','Alice waited.',1,NULL,NULL),(83,9,'0003','FR ','factura-recibo','King in a.',1,NULL,NULL),(84,9,'0004','RC ','recibo','I give it up,\'.',1,NULL,NULL),(85,9,'0005','NC ','nota-credito','SIT down,\'.',1,NULL,NULL),(86,9,'0006','ND ','nota-debito','Mock Turtle.',1,NULL,NULL),(87,9,'0007','GT ','guia-transporte','All the time she.',1,NULL,NULL),(88,9,'0008','GR ','guia-remessa','So she set to.',1,NULL,NULL),(89,9,'0009','RD ','receita-despesa','Five, \'and.',1,NULL,NULL),(90,9,'00010','SC ','stock','How I wonder who.',1,NULL,NULL),(91,10,'0001','PP ','proforma','In a minute or.',1,NULL,NULL),(92,10,'0002','FT ','factura','I\'m a deal.',1,NULL,NULL),(93,10,'0003','FR ','factura-recibo','Adventures, till.',1,NULL,NULL),(94,10,'0004','RC ','recibo','Queen to-day?\' \'I.',1,NULL,NULL),(95,10,'0005','NC ','nota-credito','Knave did so.',1,NULL,NULL),(96,10,'0006','ND ','nota-debito','Once more.',1,NULL,NULL),(97,10,'0007','GT ','guia-transporte','Majesty!\' the.',1,NULL,NULL),(98,10,'0008','GR ','guia-remessa','Dormouse, who was.',1,NULL,NULL),(99,10,'0009','RD ','receita-despesa','Dormouse.',1,NULL,NULL),(100,10,'00010','SC ','stock','Hatter. He.',1,NULL,NULL),(101,11,'0001','PP ','proforma','I vote the.',1,NULL,NULL),(102,11,'0002','FT ','factura','Alice, so please.',1,NULL,NULL),(103,11,'0003','FR ','factura-recibo','EVEN finish, if.',1,NULL,NULL),(104,11,'0004','RC ','recibo','Duchess by.',1,NULL,NULL),(105,11,'0005','NC ','nota-credito','By the use of a.',1,NULL,NULL),(106,11,'0006','ND ','nota-debito','Caterpillar took.',1,NULL,NULL),(107,11,'0007','GT ','guia-transporte','Dodo, a Lory.',1,NULL,NULL),(108,11,'0008','GR ','guia-remessa','And she squeezed.',1,NULL,NULL),(109,11,'0009','RD ','receita-despesa','Alice did not like.',1,NULL,NULL),(110,11,'00010','SC ','stock','I had our.',1,NULL,NULL),(111,12,'0001','PP ','proforma','Dormouse. \'Write.',1,NULL,NULL),(112,12,'0002','FT ','factura','March Hare went.',1,NULL,NULL),(113,12,'0003','FR ','factura-recibo','See how eagerly.',1,NULL,NULL),(114,12,'0004','RC ','recibo','Gryphon hastily.',1,NULL,NULL),(115,12,'0005','NC ','nota-credito','CHAPTER VI.',1,NULL,NULL),(116,12,'0006','ND ','nota-debito','No accounting.',1,NULL,NULL),(117,12,'0007','GT ','guia-transporte','The chief.',1,NULL,NULL),(118,12,'0008','GR ','guia-remessa','The Hatter.',1,NULL,NULL),(119,12,'0009','RD ','receita-despesa','The moment Alice.',1,NULL,NULL),(120,12,'00010','SC ','stock','Why, I do.',1,NULL,NULL),(121,13,'0001','PP ','proforma','That\'ll be a.',1,NULL,NULL),(122,13,'0002','FT ','factura','I can find.',1,NULL,NULL),(123,13,'0003','FR ','factura-recibo','Alice was so long.',1,NULL,NULL),(124,13,'0004','RC ','recibo','I wish you.',1,NULL,NULL),(125,13,'0005','NC ','nota-credito','Alice\'s elbow was.',1,NULL,NULL),(126,13,'0006','ND ','nota-debito','I\'LL soon make.',1,NULL,NULL),(127,13,'0007','GT ','guia-transporte','Alice opened the.',1,NULL,NULL),(128,13,'0008','GR ','guia-remessa','You gave.',1,NULL,NULL),(129,13,'0009','RD ','receita-despesa','Queen, who.',1,NULL,NULL),(130,13,'00010','SC ','stock','I then? Tell me.',1,NULL,NULL),(131,14,'0001','PP ','proforma','Alice, a.',1,NULL,NULL),(132,14,'0002','FT ','factura','Bill,\' she.',1,NULL,NULL),(133,14,'0003','FR ','factura-recibo','Cheshire Cat.',1,NULL,NULL),(134,14,'0004','RC ','recibo','Ah, THAT\'S the.',1,NULL,NULL),(135,14,'0005','NC ','nota-credito','Alice was.',1,NULL,NULL),(136,14,'0006','ND ','nota-debito','In another.',1,NULL,NULL),(137,14,'0007','GT ','guia-transporte','I can\'t see.',1,NULL,NULL),(138,14,'0008','GR ','guia-remessa','Alice. It.',1,NULL,NULL),(139,14,'0009','RD ','receita-despesa','CURTSEYING.',1,NULL,NULL),(140,14,'00010','SC ','stock','Alice caught the.',1,NULL,NULL),(141,15,'0001','PP ','proforma','English. \'I don\'t.',1,NULL,NULL),(142,15,'0002','FT ','factura','I am, sir,\' said.',1,NULL,NULL),(143,15,'0003','FR ','factura-recibo','I get\" is the.',1,NULL,NULL),(144,15,'0004','RC ','recibo','Alice, very.',1,NULL,NULL),(145,15,'0005','NC ','nota-credito','I should.',1,NULL,NULL),(146,15,'0006','ND ','nota-debito','A bright idea.',1,NULL,NULL),(147,15,'0007','GT ','guia-transporte','I mean what I was.',1,NULL,NULL),(148,15,'0008','GR ','guia-remessa','WHAT things?\'.',1,NULL,NULL),(149,15,'0009','RD ','receita-despesa','YOU, and no.',1,NULL,NULL),(150,15,'00010','SC ','stock','Majesty!\'.',1,NULL,NULL),(151,16,'0001','PP ','proforma','Dormouse.',1,NULL,NULL),(152,16,'0002','FT ','factura','Bill,\' she gave a.',1,NULL,NULL),(153,16,'0003','FR ','factura-recibo','Prizes!\'.',1,NULL,NULL),(154,16,'0004','RC ','recibo','Hatter. He came.',1,NULL,NULL),(155,16,'0005','NC ','nota-credito','Queen had.',1,NULL,NULL),(156,16,'0006','ND ','nota-debito','Alice. \'That\'s.',1,NULL,NULL),(157,16,'0007','GT ','guia-transporte','I think--\'.',1,NULL,NULL),(158,16,'0008','GR ','guia-remessa','Dinah my.',1,NULL,NULL),(159,16,'0009','RD ','receita-despesa','Gryphon went.',1,NULL,NULL),(160,16,'00010','SC ','stock','Alice: \'allow.',1,NULL,NULL),(161,17,'0001','PP ','proforma','I to get.',1,NULL,NULL),(162,17,'0002','FT ','factura','I could show you.',1,NULL,NULL),(163,17,'0003','FR ','factura-recibo','How the Owl.',1,NULL,NULL),(164,17,'0004','RC ','recibo','Soup, so rich.',1,NULL,NULL),(165,17,'0005','NC ','nota-credito','Footman, \'and that.',1,NULL,NULL),(166,17,'0006','ND ','nota-debito','However, it.',1,NULL,NULL),(167,17,'0007','GT ','guia-transporte','IS that to be.',1,NULL,NULL),(168,17,'0008','GR ','guia-remessa','THAT in a.',1,NULL,NULL),(169,17,'0009','RD ','receita-despesa','I mentioned.',1,NULL,NULL),(170,17,'00010','SC ','stock','I can remember.',1,NULL,NULL),(171,18,'0001','PP ','proforma','Alice. \'I\'ve.',1,NULL,NULL),(172,18,'0002','FT ','factura','Dormouse went.',1,NULL,NULL),(173,18,'0003','FR ','factura-recibo','Queen, turning.',1,NULL,NULL),(174,18,'0004','RC ','recibo','The Cat\'s head.',1,NULL,NULL),(175,18,'0005','NC ','nota-credito','There was no more.',1,NULL,NULL),(176,18,'0006','ND ','nota-debito','The Rabbit.',1,NULL,NULL),(177,18,'0007','GT ','guia-transporte','She waited for.',1,NULL,NULL),(178,18,'0008','GR ','guia-remessa','Because he.',1,NULL,NULL),(179,18,'0009','RD ','receita-despesa','Gryphon replied.',1,NULL,NULL),(180,18,'00010','SC ','stock','FIT you,\' said.',1,NULL,NULL),(181,19,'0001','PP ','proforma','Dormouse fell.',1,NULL,NULL),(182,19,'0002','FT ','factura','King added in a.',1,NULL,NULL),(183,19,'0003','FR ','factura-recibo','The Dormouse.',1,NULL,NULL),(184,19,'0004','RC ','recibo','Miss, we\'re doing.',1,NULL,NULL),(185,19,'0005','NC ','nota-credito','Mystery,\'.',1,NULL,NULL),(186,19,'0006','ND ','nota-debito','This did not dare.',1,NULL,NULL),(187,19,'0007','GT ','guia-transporte','It was, no.',1,NULL,NULL),(188,19,'0008','GR ','guia-remessa','But I\'ve got.',1,NULL,NULL),(189,19,'0009','RD ','receita-despesa','I wish I.',1,NULL,NULL),(190,19,'00010','SC ','stock','Cat, and vanished.',1,NULL,NULL),(191,20,'0001','PP ','proforma','Hatter, \'you.',1,NULL,NULL),(192,20,'0002','FT ','factura','Queen, and Alice.',1,NULL,NULL),(193,20,'0003','FR ','factura-recibo','NO mistake about.',1,NULL,NULL),(194,20,'0004','RC ','recibo','Gryphon never.',1,NULL,NULL),(195,20,'0005','NC ','nota-credito','I\'ve got to see.',1,NULL,NULL),(196,20,'0006','ND ','nota-debito','Gryphon. \'Do.',1,NULL,NULL),(197,20,'0007','GT ','guia-transporte','Then she went in.',1,NULL,NULL),(198,20,'0008','GR ','guia-remessa','These were the.',1,NULL,NULL),(199,20,'0009','RD ','receita-despesa','Queen, \'and.',1,NULL,NULL),(200,20,'00010','SC ','stock','Alice sharply, for.',1,NULL,NULL),(201,21,'0001','PP ','proforma','There was.',1,NULL,NULL),(202,21,'0002','FT ','factura','Majesty!\'.',1,NULL,NULL),(203,21,'0003','FR ','factura-recibo','She had already.',1,NULL,NULL),(204,21,'0004','RC ','recibo','Either the.',1,NULL,NULL),(205,21,'0005','NC ','nota-credito','Alice, who.',1,NULL,NULL),(206,21,'0006','ND ','nota-debito','VERY long claws.',1,NULL,NULL),(207,21,'0007','GT ','guia-transporte','Lory, with.',1,NULL,NULL),(208,21,'0008','GR ','guia-remessa','Duchess was VERY.',1,NULL,NULL),(209,21,'0009','RD ','receita-despesa','There were.',1,NULL,NULL),(210,21,'00010','SC ','stock','Alice did not.',1,NULL,NULL),(211,22,'0001','PP ','proforma','I find a.',1,NULL,NULL),(212,22,'0002','FT ','factura','I eat\" is the.',1,NULL,NULL),(213,22,'0003','FR ','factura-recibo','An enormous puppy.',1,NULL,NULL),(214,22,'0004','RC ','recibo','He looked at.',1,NULL,NULL),(215,22,'0005','NC ','nota-credito','NO mistake.',1,NULL,NULL),(216,22,'0006','ND ','nota-debito','Pigeon. \'I can.',1,NULL,NULL),(217,22,'0007','GT ','guia-transporte','As she said this.',1,NULL,NULL),(218,22,'0008','GR ','guia-remessa','Alice. \'You.',1,NULL,NULL),(219,22,'0009','RD ','receita-despesa','Caterpillar.',1,NULL,NULL),(220,22,'00010','SC ','stock','Queen. \'It.',1,NULL,NULL),(221,24,'0001','PP ','proforma','Alice went.',1,NULL,NULL),(222,24,'0002','FT ','factura','Why, I do hope.',1,NULL,NULL),(223,24,'0003','FR ','factura-recibo','Alice, quite.',1,NULL,NULL),(224,24,'0004','RC ','recibo','Do come back in a.',1,NULL,NULL),(225,24,'0005','NC ','nota-credito','However, at last.',1,NULL,NULL),(226,24,'0006','ND ','nota-debito','The Queen had.',1,NULL,NULL),(227,24,'0007','GT ','guia-transporte','MINE,\' said the.',1,NULL,NULL),(228,24,'0008','GR ','guia-remessa','Alice, jumping.',1,NULL,NULL),(229,24,'0009','RD ','receita-despesa','Geography. London.',1,NULL,NULL),(230,24,'00010','SC ','stock','Alice, who.',1,NULL,NULL),(231,25,'0001','PP ','proforma','Alice heard the.',1,NULL,NULL),(232,25,'0002','FT ','factura','I\'ll just see what.',1,NULL,NULL),(233,25,'0003','FR ','factura-recibo','The master was an.',1,NULL,NULL),(234,25,'0004','RC ','recibo','I mean what I.',1,NULL,NULL),(235,25,'0005','NC ','nota-credito','Rabbit\'s.',1,NULL,NULL),(236,25,'0006','ND ','nota-debito','Alice think.',1,NULL,NULL),(237,25,'0007','GT ','guia-transporte','Queen, the royal.',1,NULL,NULL),(238,25,'0008','GR ','guia-remessa','YOU must.',1,NULL,NULL),(239,25,'0009','RD ','receita-despesa','It was all ridges.',1,NULL,NULL),(240,25,'00010','SC ','stock','NOT be an.',1,NULL,NULL),(241,26,'0001','PP ','proforma','Rabbit hastily.',1,NULL,NULL),(242,26,'0002','FT ','factura','HE taught us.',1,NULL,NULL),(243,26,'0003','FR ','factura-recibo','I sleep\" is the.',1,NULL,NULL),(244,26,'0004','RC ','recibo','Alice, who was.',1,NULL,NULL),(245,26,'0005','NC ','nota-credito','I beg your.',1,NULL,NULL),(246,26,'0006','ND ','nota-debito','Dodo solemnly.',1,NULL,NULL),(247,26,'0007','GT ','guia-transporte','CHAPTER IV. The.',1,NULL,NULL),(248,26,'0008','GR ','guia-remessa','Alice, \'and why.',1,NULL,NULL),(249,26,'0009','RD ','receita-despesa','I used--and.',1,NULL,NULL),(250,26,'00010','SC ','stock','King, and.',1,NULL,NULL),(251,27,'0001','PP ','proforma','March Hare, \'that.',1,NULL,NULL),(252,27,'0002','FT ','factura','Duck and a Canary.',1,NULL,NULL),(253,27,'0003','FR ','factura-recibo','Alice; \'but.',1,NULL,NULL),(254,27,'0004','RC ','recibo','I should.',1,NULL,NULL),(255,27,'0005','NC ','nota-credito','IS the same.',1,NULL,NULL),(256,27,'0006','ND ','nota-debito','HIS time.',1,NULL,NULL),(257,27,'0007','GT ','guia-transporte','Alice\'s elbow was.',1,NULL,NULL),(258,27,'0008','GR ','guia-remessa','Dormouse followed.',1,NULL,NULL),(259,27,'0009','RD ','receita-despesa','Dormouse sulkily.',1,NULL,NULL),(260,27,'00010','SC ','stock','So you see, as.',1,NULL,NULL),(261,28,'0001','PP ','proforma','Dormouse.',1,NULL,NULL),(262,28,'0002','FT ','factura','YOU like cats.',1,NULL,NULL),(263,28,'0003','FR ','factura-recibo','Duchess; \'and.',1,NULL,NULL),(264,28,'0004','RC ','recibo','Dinn may.',1,NULL,NULL),(265,28,'0005','NC ','nota-credito','Majesty,\' said.',1,NULL,NULL),(266,28,'0006','ND ','nota-debito','He looked at.',1,NULL,NULL),(267,28,'0007','GT ','guia-transporte','The first question.',1,NULL,NULL),(268,28,'0008','GR ','guia-remessa','Mabel, for.',1,NULL,NULL),(269,28,'0009','RD ','receita-despesa','THAT. Then.',1,NULL,NULL),(270,28,'00010','SC ','stock','Latitude.',1,NULL,NULL),(271,29,'0001','PP ','proforma','King. \'Then.',1,NULL,NULL),(272,29,'0002','FT ','factura','It means much.',1,NULL,NULL),(273,29,'0003','FR ','factura-recibo','I\'m a deal.',1,NULL,NULL),(274,29,'0004','RC ','recibo','WOULD always.',1,NULL,NULL),(275,29,'0005','NC ','nota-credito','His voice has a.',1,NULL,NULL),(276,29,'0006','ND ','nota-debito','Alice could only.',1,NULL,NULL),(277,29,'0007','GT ','guia-transporte','Alice the moment.',1,NULL,NULL),(278,29,'0008','GR ','guia-remessa','I never knew.',1,NULL,NULL),(279,29,'0009','RD ','receita-despesa','Mock Turtle to.',1,NULL,NULL),(280,29,'00010','SC ','stock','Duchess said.',1,NULL,NULL),(281,30,'0001','PP ','proforma','Dormouse,\'.',1,NULL,NULL),(282,30,'0002','FT ','factura','Hatter. He.',1,NULL,NULL),(283,30,'0003','FR ','factura-recibo','There was.',1,NULL,NULL),(284,30,'0004','RC ','recibo','Dinah stop.',1,NULL,NULL),(285,30,'0005','NC ','nota-credito','The Mouse only.',1,NULL,NULL),(286,30,'0006','ND ','nota-debito','I hadn\'t.',1,NULL,NULL),(287,30,'0007','GT ','guia-transporte','Come on!\'.',1,NULL,NULL),(288,30,'0008','GR ','guia-remessa','I suppose it were.',1,NULL,NULL),(289,30,'0009','RD ','receita-despesa','Gryphon. \'I.',1,NULL,NULL),(290,30,'00010','SC ','stock','Mouse to.',1,NULL,NULL),(291,32,'0001','PP ','proforma','March.\' As.',1,NULL,NULL),(292,32,'0002','FT ','factura','The Queen\'s.',1,NULL,NULL),(293,32,'0003','FR ','factura-recibo','King, with.',1,NULL,NULL),(294,32,'0004','RC ','recibo','Alice, jumping.',1,NULL,NULL),(295,32,'0005','NC ','nota-credito','Rabbit say.',1,NULL,NULL),(296,32,'0006','ND ','nota-debito','King repeated.',1,NULL,NULL),(297,32,'0007','GT ','guia-transporte','CHAPTER VII.',1,NULL,NULL),(298,32,'0008','GR ','guia-remessa','Next came the.',1,NULL,NULL),(299,32,'0009','RD ','receita-despesa','Alice; not.',1,NULL,NULL),(300,32,'00010','SC ','stock','Mock Turtle at.',1,NULL,NULL),(301,34,'0001','PP ','proforma','Alice, and.',1,NULL,NULL),(302,34,'0002','FT ','factura','I almost think.',1,NULL,NULL),(303,34,'0003','FR ','factura-recibo','Duck. \'Found.',1,NULL,NULL),(304,34,'0004','RC ','recibo','So she tucked it.',1,NULL,NULL),(305,34,'0005','NC ','nota-credito','So Alice.',1,NULL,NULL),(306,34,'0006','ND ','nota-debito','I suppose?\'.',1,NULL,NULL),(307,34,'0007','GT ','guia-transporte','Alice, in.',1,NULL,NULL),(308,34,'0008','GR ','guia-remessa','DOTH THE.',1,NULL,NULL),(309,34,'0009','RD ','receita-despesa','Cheshire.',1,NULL,NULL),(310,34,'00010','SC ','stock','And when I.',1,NULL,NULL);
/*!40000 ALTER TABLE `series` ENABLE KEYS */;
UNLOCK TABLES;

--
-- Table structure for table `stocks`
--

DROP TABLE IF EXISTS `stocks`;
/*!40101 SET @saved_cs_client     = @@character_set_client */;
/*!40101 SET character_set_client = utf8 */;
CREATE TABLE `stocks` (
  `id` bigint(20) unsigned NOT NULL AUTO_INCREMENT,
  `empresa_id` bigint(20) unsigned DEFAULT NULL,
  `data` date DEFAULT NULL,
  `serie` varchar(191) DEFAULT NULL,
  `numero` varchar(191) DEFAULT NULL,
  `ref_doc` varchar(191) DEFAULT NULL,
  `armazem` varchar(191) DEFAULT NULL,
  `fornecedor_nome` varchar(191) DEFAULT NULL,
  `endereco` varchar(191) DEFAULT NULL,
  `descricao` varchar(191) DEFAULT NULL,
  `status` tinyint(1) DEFAULT NULL,
  `fornecedor_id` bigint(20) unsigned DEFAULT NULL,
  `created_at` timestamp NULL DEFAULT NULL,
  `updated_at` timestamp NULL DEFAULT NULL,
  PRIMARY KEY (`id`),
  KEY `stocks_fornecedor_id_foreign` (`fornecedor_id`),
  CONSTRAINT `stocks_fornecedor_id_foreign` FOREIGN KEY (`fornecedor_id`) REFERENCES `fornecedors` (`id`)
) ENGINE=InnoDB DEFAULT CHARSET=utf8mb4 COLLATE=utf8mb4_unicode_ci;
/*!40101 SET character_set_client = @saved_cs_client */;

--
-- Dumping data for table `stocks`
--

LOCK TABLES `stocks` WRITE;
/*!40000 ALTER TABLE `stocks` DISABLE KEYS */;
/*!40000 ALTER TABLE `stocks` ENABLE KEYS */;
UNLOCK TABLES;

--
-- Table structure for table `tax_tables`
--

DROP TABLE IF EXISTS `tax_tables`;
/*!40101 SET @saved_cs_client     = @@character_set_client */;
/*!40101 SET character_set_client = utf8 */;
CREATE TABLE `tax_tables` (
  `id` bigint(20) unsigned NOT NULL AUTO_INCREMENT,
  `empresa_id` bigint(20) unsigned DEFAULT NULL,
  `tax_type` varchar(191) DEFAULT NULL,
  `tax_code` varchar(191) DEFAULT NULL,
  `description` text DEFAULT NULL,
  `tax_percentage` varchar(191) DEFAULT NULL,
  `created_at` timestamp NULL DEFAULT NULL,
  `updated_at` timestamp NULL DEFAULT NULL,
  PRIMARY KEY (`id`)
) ENGINE=InnoDB AUTO_INCREMENT=32 DEFAULT CHARSET=utf8mb4 COLLATE=utf8mb4_unicode_ci;
/*!40101 SET character_set_client = @saved_cs_client */;

--
-- Dumping data for table `tax_tables`
--

LOCK TABLES `tax_tables` WRITE;
/*!40000 ALTER TABLE `tax_tables` DISABLE KEYS */;
INSERT INTO `tax_tables` VALUES (1,1,'IVA','ISE','IVA - Isento','0.00',NULL,NULL),(2,2,'IVA','ISE','IVA - Isento','0.00',NULL,NULL),(3,3,'IVA','ISE','IVA - Isento','0.00',NULL,NULL),(4,4,'IVA','ISE','IVA - Isento','0.00',NULL,NULL),(5,5,'IVA','ISE','IVA - Isento','0.00',NULL,NULL),(6,6,'IVA','ISE','IVA - Isento','0.00',NULL,NULL),(7,7,'IVA','ISE','IVA - Isento','0.00',NULL,NULL),(8,8,'IVA','ISE','IVA - Isento','0.00',NULL,NULL),(9,9,'IVA','ISE','IVA - Isento','0.00',NULL,NULL),(10,10,'IVA','ISE','IVA - Isento','0.00',NULL,NULL),(11,11,'IVA','ISE','IVA - Isento','0.00',NULL,NULL),(12,12,'IVA','ISE','IVA - Isento','0.00',NULL,NULL),(13,13,'IVA','ISE','IVA - Isento','0.00',NULL,NULL),(14,14,'IVA','ISE','IVA - Isento','0.00',NULL,NULL),(15,15,'IVA','ISE','IVA - Isento','0.00',NULL,NULL),(16,16,'IVA','ISE','IVA - Isento','0.00',NULL,NULL),(17,17,'IVA','ISE','IVA - Isento','0.00',NULL,NULL),(18,18,'IVA','ISE','IVA - Isento','0.00',NULL,NULL),(19,19,'IVA','ISE','IVA - Isento','0.00',NULL,NULL),(20,20,'IVA','ISE','IVA - Isento','0.00',NULL,NULL),(21,21,'IVA','ISE','IVA - Isento','0.00',NULL,NULL),(22,22,'IVA','ISE','IVA - Isento','0.00',NULL,NULL),(23,24,'IVA','ISE','IVA - Isento','0.00',NULL,NULL),(24,25,'IVA','ISE','IVA - Isento','0.00',NULL,NULL),(25,26,'IVA','ISE','IVA - Isento','0.00',NULL,NULL),(26,27,'IVA','ISE','IVA - Isento','0.00',NULL,NULL),(27,28,'IVA','ISE','IVA - Isento','0.00',NULL,NULL),(28,29,'IVA','ISE','IVA - Isento','0.00',NULL,NULL),(29,30,'IVA','ISE','IVA - Isento','0.00',NULL,NULL),(30,32,'IVA','ISE','IVA - Isento','0.00',NULL,NULL),(31,34,'IVA','ISE','IVA - Isento','0.00',NULL,NULL);
/*!40000 ALTER TABLE `tax_tables` ENABLE KEYS */;
UNLOCK TABLES;

--
-- Table structure for table `tipo_motivo_anulacaos`
--

DROP TABLE IF EXISTS `tipo_motivo_anulacaos`;
/*!40101 SET @saved_cs_client     = @@character_set_client */;
/*!40101 SET character_set_client = utf8 */;
CREATE TABLE `tipo_motivo_anulacaos` (
  `id` bigint(20) unsigned NOT NULL AUTO_INCREMENT,
  `empresa_id` bigint(20) unsigned DEFAULT NULL,
  `codigo` varchar(191) DEFAULT NULL,
  `designacao` varchar(191) DEFAULT NULL,
  `descricao` varchar(191) DEFAULT NULL,
  `status` tinyint(1) DEFAULT NULL,
  `created_at` timestamp NULL DEFAULT NULL,
  `updated_at` timestamp NULL DEFAULT NULL,
  PRIMARY KEY (`id`)
) ENGINE=InnoDB AUTO_INCREMENT=218 DEFAULT CHARSET=utf8mb4 COLLATE=utf8mb4_unicode_ci;
/*!40101 SET character_set_client = @saved_cs_client */;

--
-- Dumping data for table `tipo_motivo_anulacaos`
--

LOCK TABLES `tipo_motivo_anulacaos` WRITE;
/*!40000 ALTER TABLE `tipo_motivo_anulacaos` DISABLE KEYS */;
INSERT INTO `tipo_motivo_anulacaos` VALUES (1,1,'0001','Ausência de desconto na fatura','',1,NULL,NULL),(2,1,'0002','Devolução dos artigos','',1,NULL,NULL),(3,1,'0003','Erro na entidade','',1,NULL,NULL),(4,1,'0004','Erros nas quantidades / preços','',1,NULL,NULL),(5,1,'0005','Erro no (s) preço (s)','',1,NULL,NULL),(6,1,'0006','Produto / serviço rejeitado','',1,NULL,NULL),(7,1,'0007','Rutura de stock','',1,NULL,NULL),(8,2,'0001','Ausência de desconto na fatura','',1,NULL,NULL),(9,2,'0002','Devolução dos artigos','',1,NULL,NULL),(10,2,'0003','Erro na entidade','',1,NULL,NULL),(11,2,'0004','Erros nas quantidades / preços','',1,NULL,NULL),(12,2,'0005','Erro no (s) preço (s)','',1,NULL,NULL),(13,2,'0006','Produto / serviço rejeitado','',1,NULL,NULL),(14,2,'0007','Rutura de stock','',1,NULL,NULL),(15,3,'0001','Ausência de desconto na fatura','',1,NULL,NULL),(16,3,'0002','Devolução dos artigos','',1,NULL,NULL),(17,3,'0003','Erro na entidade','',1,NULL,NULL),(18,3,'0004','Erros nas quantidades / preços','',1,NULL,NULL),(19,3,'0005','Erro no (s) preço (s)','',1,NULL,NULL),(20,3,'0006','Produto / serviço rejeitado','',1,NULL,NULL),(21,3,'0007','Rutura de stock','',1,NULL,NULL),(22,4,'0001','Ausência de desconto na fatura','',1,NULL,NULL),(23,4,'0002','Devolução dos artigos','',1,NULL,NULL),(24,4,'0003','Erro na entidade','',1,NULL,NULL),(25,4,'0004','Erros nas quantidades / preços','',1,NULL,NULL),(26,4,'0005','Erro no (s) preço (s)','',1,NULL,NULL),(27,4,'0006','Produto / serviço rejeitado','',1,NULL,NULL),(28,4,'0007','Rutura de stock','',1,NULL,NULL),(29,5,'0001','Ausência de desconto na fatura','',1,NULL,NULL),(30,5,'0002','Devolução dos artigos','',1,NULL,NULL),(31,5,'0003','Erro na entidade','',1,NULL,NULL),(32,5,'0004','Erros nas quantidades / preços','',1,NULL,NULL),(33,5,'0005','Erro no (s) preço (s)','',1,NULL,NULL),(34,5,'0006','Produto / serviço rejeitado','',1,NULL,NULL),(35,5,'0007','Rutura de stock','',1,NULL,NULL),(36,6,'0001','Ausência de desconto na fatura','',1,NULL,NULL),(37,6,'0002','Devolução dos artigos','',1,NULL,NULL),(38,6,'0003','Erro na entidade','',1,NULL,NULL),(39,6,'0004','Erros nas quantidades / preços','',1,NULL,NULL),(40,6,'0005','Erro no (s) preço (s)','',1,NULL,NULL),(41,6,'0006','Produto / serviço rejeitado','',1,NULL,NULL),(42,6,'0007','Rutura de stock','',1,NULL,NULL),(43,7,'0001','Ausência de desconto na fatura','',1,NULL,NULL),(44,7,'0002','Devolução dos artigos','',1,NULL,NULL),(45,7,'0003','Erro na entidade','',1,NULL,NULL),(46,7,'0004','Erros nas quantidades / preços','',1,NULL,NULL),(47,7,'0005','Erro no (s) preço (s)','',1,NULL,NULL),(48,7,'0006','Produto / serviço rejeitado','',1,NULL,NULL),(49,7,'0007','Rutura de stock','',1,NULL,NULL),(50,8,'0001','Ausência de desconto na fatura','',1,NULL,NULL),(51,8,'0002','Devolução dos artigos','',1,NULL,NULL),(52,8,'0003','Erro na entidade','',1,NULL,NULL),(53,8,'0004','Erros nas quantidades / preços','',1,NULL,NULL),(54,8,'0005','Erro no (s) preço (s)','',1,NULL,NULL),(55,8,'0006','Produto / serviço rejeitado','',1,NULL,NULL),(56,8,'0007','Rutura de stock','',1,NULL,NULL),(57,9,'0001','Ausência de desconto na fatura','',1,NULL,NULL),(58,9,'0002','Devolução dos artigos','',1,NULL,NULL),(59,9,'0003','Erro na entidade','',1,NULL,NULL),(60,9,'0004','Erros nas quantidades / preços','',1,NULL,NULL),(61,9,'0005','Erro no (s) preço (s)','',1,NULL,NULL),(62,9,'0006','Produto / serviço rejeitado','',1,NULL,NULL),(63,9,'0007','Rutura de stock','',1,NULL,NULL),(64,10,'0001','Ausência de desconto na fatura','',1,NULL,NULL),(65,10,'0002','Devolução dos artigos','',1,NULL,NULL),(66,10,'0003','Erro na entidade','',1,NULL,NULL),(67,10,'0004','Erros nas quantidades / preços','',1,NULL,NULL),(68,10,'0005','Erro no (s) preço (s)','',1,NULL,NULL),(69,10,'0006','Produto / serviço rejeitado','',1,NULL,NULL),(70,10,'0007','Rutura de stock','',1,NULL,NULL),(71,11,'0001','Ausência de desconto na fatura','',1,NULL,NULL),(72,11,'0002','Devolução dos artigos','',1,NULL,NULL),(73,11,'0003','Erro na entidade','',1,NULL,NULL),(74,11,'0004','Erros nas quantidades / preços','',1,NULL,NULL),(75,11,'0005','Erro no (s) preço (s)','',1,NULL,NULL),(76,11,'0006','Produto / serviço rejeitado','',1,NULL,NULL),(77,11,'0007','Rutura de stock','',1,NULL,NULL),(78,12,'0001','Ausência de desconto na fatura','',1,NULL,NULL),(79,12,'0002','Devolução dos artigos','',1,NULL,NULL),(80,12,'0003','Erro na entidade','',1,NULL,NULL),(81,12,'0004','Erros nas quantidades / preços','',1,NULL,NULL),(82,12,'0005','Erro no (s) preço (s)','',1,NULL,NULL),(83,12,'0006','Produto / serviço rejeitado','',1,NULL,NULL),(84,12,'0007','Rutura de stock','',1,NULL,NULL),(85,13,'0001','Ausência de desconto na fatura','',1,NULL,NULL),(86,13,'0002','Devolução dos artigos','',1,NULL,NULL),(87,13,'0003','Erro na entidade','',1,NULL,NULL),(88,13,'0004','Erros nas quantidades / preços','',1,NULL,NULL),(89,13,'0005','Erro no (s) preço (s)','',1,NULL,NULL),(90,13,'0006','Produto / serviço rejeitado','',1,NULL,NULL),(91,13,'0007','Rutura de stock','',1,NULL,NULL),(92,14,'0001','Ausência de desconto na fatura','',1,NULL,NULL),(93,14,'0002','Devolução dos artigos','',1,NULL,NULL),(94,14,'0003','Erro na entidade','',1,NULL,NULL),(95,14,'0004','Erros nas quantidades / preços','',1,NULL,NULL),(96,14,'0005','Erro no (s) preço (s)','',1,NULL,NULL),(97,14,'0006','Produto / serviço rejeitado','',1,NULL,NULL),(98,14,'0007','Rutura de stock','',1,NULL,NULL),(99,15,'0001','Ausência de desconto na fatura','',1,NULL,NULL),(100,15,'0002','Devolução dos artigos','',1,NULL,NULL),(101,15,'0003','Erro na entidade','',1,NULL,NULL),(102,15,'0004','Erros nas quantidades / preços','',1,NULL,NULL),(103,15,'0005','Erro no (s) preço (s)','',1,NULL,NULL),(104,15,'0006','Produto / servio rejeitado','',1,NULL,NULL),(105,15,'0007','Rutura de stock','',1,NULL,NULL),(106,16,'0001','Ausência de desconto na fatura','',1,NULL,NULL),(107,16,'0002','Devolução dos artigos','',1,NULL,NULL),(108,16,'0003','Erro na entidade','',1,NULL,NULL),(109,16,'0004','Erros nas quantidades / preços','',1,NULL,NULL),(110,16,'0005','Erro no (s) preço (s)','',1,NULL,NULL),(111,16,'0006','Produto / servio rejeitado','',1,NULL,NULL),(112,16,'0007','Rutura de stock','',1,NULL,NULL),(113,17,'0001','Ausência de desconto na fatura','',1,NULL,NULL),(114,17,'0002','Devolução dos artigos','',1,NULL,NULL),(115,17,'0003','Erro na entidade','',1,NULL,NULL),(116,17,'0004','Erros nas quantidades / preços','',1,NULL,NULL),(117,17,'0005','Erro no (s) preço (s)','',1,NULL,NULL),(118,17,'0006','Produto / servio rejeitado','',1,NULL,NULL),(119,17,'0007','Rutura de stock','',1,NULL,NULL),(120,18,'0001','Ausência de desconto na fatura','',1,NULL,NULL),(121,18,'0002','Devolução dos artigos','',1,NULL,NULL),(122,18,'0003','Erro na entidade','',1,NULL,NULL),(123,18,'0004','Erros nas quantidades / preços','',1,NULL,NULL),(124,18,'0005','Erro no (s) preço (s)','',1,NULL,NULL),(125,18,'0006','Produto / servio rejeitado','',1,NULL,NULL),(126,18,'0007','Rutura de stock','',1,NULL,NULL),(127,19,'0001','Ausncia de desconto na fatura','',1,NULL,NULL),(128,19,'0002','Devolução dos artigos','',1,NULL,NULL),(129,19,'0003','Erro na entidade','',1,NULL,NULL),(130,19,'0004','Erros nas quantidades / preços','',1,NULL,NULL),(131,19,'0005','Erro no (s) preço (s)','',1,NULL,NULL),(132,19,'0006','Produto / servio rejeitado','',1,NULL,NULL),(133,19,'0007','Rutura de stock','',1,NULL,NULL),(134,20,'0001','Ausncia de desconto na fatura','',1,NULL,NULL),(135,20,'0002','Devolução dos artigos','',1,NULL,NULL),(136,20,'0003','Erro na entidade','',1,NULL,NULL),(137,20,'0004','Erros nas quantidades / preços','',1,NULL,NULL),(138,20,'0005','Erro no (s) preço (s)','',1,NULL,NULL),(139,20,'0006','Produto / servio rejeitado','',1,NULL,NULL),(140,20,'0007','Rutura de stock','',1,NULL,NULL),(141,21,'0001','Ausncia de desconto na fatura','',1,NULL,NULL),(142,21,'0002','Devolução dos artigos','',1,NULL,NULL),(143,21,'0003','Erro na entidade','',1,NULL,NULL),(144,21,'0004','Erros nas quantidades / preços','',1,NULL,NULL),(145,21,'0005','Erro no (s) preço (s)','',1,NULL,NULL),(146,21,'0006','Produto / servio rejeitado','',1,NULL,NULL),(147,21,'0007','Rutura de stock','',1,NULL,NULL),(148,22,'0001','Ausncia de desconto na fatura','',1,NULL,NULL),(149,22,'0002','Devolução dos artigos','',1,NULL,NULL),(150,22,'0003','Erro na entidade','',1,NULL,NULL),(151,22,'0004','Erros nas quantidades / preços','',1,NULL,NULL),(152,22,'0005','Erro no (s) preço (s)','',1,NULL,NULL),(153,22,'0006','Produto / servio rejeitado','',1,NULL,NULL),(154,22,'0007','Rutura de stock','',1,NULL,NULL),(155,24,'0001','Ausncia de desconto na fatura','',1,NULL,NULL),(156,24,'0002','Devolução dos artigos','',1,NULL,NULL),(157,24,'0003','Erro na entidade','',1,NULL,NULL),(158,24,'0004','Erros nas quantidades / preços','',1,NULL,NULL),(159,24,'0005','Erro no (s) preço (s)','',1,NULL,NULL),(160,24,'0006','Produto / servio rejeitado','',1,NULL,NULL),(161,24,'0007','Rutura de stock','',1,NULL,NULL),(162,25,'0001','Ausncia de desconto na fatura','',1,NULL,NULL),(163,25,'0002','Devolução dos artigos','',1,NULL,NULL),(164,25,'0003','Erro na entidade','',1,NULL,NULL),(165,25,'0004','Erros nas quantidades / preços','',1,NULL,NULL),(166,25,'0005','Erro no (s) preço (s)','',1,NULL,NULL),(167,25,'0006','Produto / servio rejeitado','',1,NULL,NULL),(168,25,'0007','Rutura de stock','',1,NULL,NULL),(169,26,'0001','Ausncia de desconto na fatura','',1,NULL,NULL),(170,26,'0002','Devolução dos artigos','',1,NULL,NULL),(171,26,'0003','Erro na entidade','',1,NULL,NULL),(172,26,'0004','Erros nas quantidades / preços','',1,NULL,NULL),(173,26,'0005','Erro no (s) preço (s)','',1,NULL,NULL),(174,26,'0006','Produto / servio rejeitado','',1,NULL,NULL),(175,26,'0007','Rutura de stock','',1,NULL,NULL),(176,27,'0001','Ausncia de desconto na fatura','',1,NULL,NULL),(177,27,'0002','Devolução dos artigos','',1,NULL,NULL),(178,27,'0003','Erro na entidade','',1,NULL,NULL),(179,27,'0004','Erros nas quantidades / preços','',1,NULL,NULL),(180,27,'0005','Erro no (s) preço (s)','',1,NULL,NULL),(181,27,'0006','Produto / servio rejeitado','',1,NULL,NULL),(182,27,'0007','Rutura de stock','',1,NULL,NULL),(183,28,'0001','Ausncia de desconto na fatura','',1,NULL,NULL),(184,28,'0002','Devolução dos artigos','',1,NULL,NULL),(185,28,'0003','Erro na entidade','',1,NULL,NULL),(186,28,'0004','Erros nas quantidades / preços','',1,NULL,NULL),(187,28,'0005','Erro no (s) preço (s)','',1,NULL,NULL),(188,28,'0006','Produto / servio rejeitado','',1,NULL,NULL),(189,28,'0007','Rutura de stock','',1,NULL,NULL),(190,29,'0001','Ausncia de desconto na fatura','',1,NULL,NULL),(191,29,'0002','Devolução dos artigos','',1,NULL,NULL),(192,29,'0003','Erro na entidade','',1,NULL,NULL),(193,29,'0004','Erros nas quantidades / preços','',1,NULL,NULL),(194,29,'0005','Erro no (s) preço (s)','',1,NULL,NULL),(195,29,'0006','Produto / servio rejeitado','',1,NULL,NULL),(196,29,'0007','Rutura de stock','',1,NULL,NULL),(197,30,'0001','Ausncia de desconto na fatura','',1,NULL,NULL),(198,30,'0002','Devolução dos artigos','',1,NULL,NULL),(199,30,'0003','Erro na entidade','',1,NULL,NULL),(200,30,'0004','Erros nas quantidades / preços','',1,NULL,NULL),(201,30,'0005','Erro no (s) preço (s)','',1,NULL,NULL),(202,30,'0006','Produto / servio rejeitado','',1,NULL,NULL),(203,30,'0007','Rutura de stock','',1,NULL,NULL),(204,32,'0001','Ausncia de desconto na fatura','',1,NULL,NULL),(205,32,'0002','Devolução dos artigos','',1,NULL,NULL),(206,32,'0003','Erro na entidade','',1,NULL,NULL),(207,32,'0004','Erros nas quantidades / preços','',1,NULL,NULL),(208,32,'0005','Erro no (s) preço (s)','',1,NULL,NULL),(209,32,'0006','Produto / servio rejeitado','',1,NULL,NULL),(210,32,'0007','Rutura de stock','',1,NULL,NULL),(211,34,'0001','Ausncia de desconto na fatura','',1,NULL,NULL),(212,34,'0002','Devolução dos artigos','',1,NULL,NULL),(213,34,'0003','Erro na entidade','',1,NULL,NULL),(214,34,'0004','Erros nas quantidades / preços','',1,NULL,NULL),(215,34,'0005','Erro no (s) preço (s)','',1,NULL,NULL),(216,34,'0006','Produto / servio rejeitado','',1,NULL,NULL),(217,34,'0007','Rutura de stock','',1,NULL,NULL);
/*!40000 ALTER TABLE `tipo_motivo_anulacaos` ENABLE KEYS */;
UNLOCK TABLES;

--
-- Table structure for table `tipos`
--

DROP TABLE IF EXISTS `tipos`;
/*!40101 SET @saved_cs_client     = @@character_set_client */;
/*!40101 SET character_set_client = utf8 */;
CREATE TABLE `tipos` (
  `id` bigint(20) unsigned NOT NULL AUTO_INCREMENT,
  `empresa_id` bigint(20) unsigned DEFAULT NULL,
  `codigo` varchar(191) DEFAULT NULL,
  `designacao` varchar(191) DEFAULT NULL,
  `descricao` varchar(191) DEFAULT NULL,
  `status` tinyint(1) DEFAULT NULL,
  `created_at` timestamp NULL DEFAULT NULL,
  `updated_at` timestamp NULL DEFAULT NULL,
  PRIMARY KEY (`id`)
) ENGINE=InnoDB AUTO_INCREMENT=63 DEFAULT CHARSET=utf8mb4 COLLATE=utf8mb4_unicode_ci;
/*!40101 SET character_set_client = @saved_cs_client */;

--
-- Dumping data for table `tipos`
--

LOCK TABLES `tipos` WRITE;
/*!40000 ALTER TABLE `tipos` DISABLE KEYS */;
INSERT INTO `tipos` VALUES (1,1,'P','Produto','Produtos',1,NULL,NULL),(2,1,'S','Serviços','Serviços',1,NULL,NULL),(3,2,'P','Produto','Produtos',1,NULL,NULL),(4,2,'S','Serviços','Serviços',1,NULL,NULL),(5,3,'P','Produto','Produtos',1,NULL,NULL),(6,3,'S','Serviços','Serviços',1,NULL,NULL),(7,4,'P','Produto','Produtos',1,NULL,NULL),(8,4,'S','Serviços','Serviços',1,NULL,NULL),(9,5,'P','Produto','Produtos',1,NULL,NULL),(10,5,'S','Serviços','Serviços',1,NULL,NULL),(11,6,'P','Produto','Produtos',1,NULL,NULL),(12,6,'S','Serviços','Serviços',1,NULL,NULL),(13,7,'P','Produto','Produtos',1,NULL,NULL),(14,7,'S','Serviços','Serviços',1,NULL,NULL),(15,8,'P','Produto','Produtos',1,NULL,NULL),(16,8,'S','Serviços','Serviços',1,NULL,NULL),(17,9,'P','Produto','Produtos',1,NULL,NULL),(18,9,'S','Serviços','Serviços',1,NULL,NULL),(19,10,'P','Produto','Produtos',1,NULL,NULL),(20,10,'S','Serviços','Serviços',1,NULL,NULL),(21,11,'P','Produto','Produtos',1,NULL,NULL),(22,11,'S','Serviços','Serviços',1,NULL,NULL),(23,12,'P','Produto','Produtos',1,NULL,NULL),(24,12,'S','Serviços','Serviços',1,NULL,NULL),(25,13,'P','Produto','Produtos',1,NULL,NULL),(26,13,'S','Serviços','Serviços',1,NULL,NULL),(27,14,'P','Produto','Produtos',1,NULL,NULL),(28,14,'S','Serviços','Serviços',1,NULL,NULL),(29,15,'P','Produto','Produtos',1,NULL,NULL),(30,15,'S','Serviços','Serviços',1,NULL,NULL),(31,16,'P','Produto','Produtos',1,NULL,NULL),(32,16,'S','Serviços','Serviços',1,NULL,NULL),(33,17,'P','Produto','Produtos',1,NULL,NULL),(34,17,'S','Serviços','Serviços',1,NULL,NULL),(35,18,'P','Produto','Produtos',1,NULL,NULL),(36,18,'S','Serviços','Serviços',1,NULL,NULL),(37,19,'P','Produto','Produtos',1,NULL,NULL),(38,19,'S','Serviços','Serviços',1,NULL,NULL),(39,20,'P','Produto','Produtos',1,NULL,NULL),(40,20,'S','Serviços','Serviços',1,NULL,NULL),(41,21,'P','Produto','Produtos',1,NULL,NULL),(42,21,'S','Serviços','Serviços',1,NULL,NULL),(43,22,'P','Produto','Produtos',1,NULL,NULL),(44,22,'S','Serviços','Serviços',1,NULL,NULL),(45,24,'P','Produto','Produtos',1,NULL,NULL),(46,24,'S','Serviços','Serviços',1,NULL,NULL),(47,25,'P','Produto','Produtos',1,NULL,NULL),(48,25,'S','Serviços','Serviços',1,NULL,NULL),(49,26,'P','Produto','Produtos',1,NULL,NULL),(50,26,'S','Serviços','Serviços',1,NULL,NULL),(51,27,'P','Produto','Produtos',1,NULL,NULL),(52,27,'S','Serviços','Serviços',1,NULL,NULL),(53,28,'P','Produto','Produtos',1,NULL,NULL),(54,28,'S','Serviços','Serviços',1,NULL,NULL),(55,29,'P','Produto','Produtos',1,NULL,NULL),(56,29,'S','Serviços','Serviços',1,NULL,NULL),(57,30,'P','Produto','Produtos',1,NULL,NULL),(58,30,'S','Serviços','Serviços',1,NULL,NULL),(59,32,'P','Produto','Produtos',1,NULL,NULL),(60,32,'S','Serviços','Serviços',1,NULL,NULL),(61,34,'P','Produto','Produtos',1,NULL,NULL),(62,34,'S','Serviços','Serviços',1,NULL,NULL);
/*!40000 ALTER TABLE `tipos` ENABLE KEYS */;
UNLOCK TABLES;

--
-- Table structure for table `users`
--

DROP TABLE IF EXISTS `users`;
/*!40101 SET @saved_cs_client     = @@character_set_client */;
/*!40101 SET character_set_client = utf8 */;
CREATE TABLE `users` (
  `id` bigint(20) unsigned NOT NULL AUTO_INCREMENT,
  `nome` varchar(191) NOT NULL,
  `email` varchar(191) NOT NULL,
  `empresa_id` bigint(20) unsigned DEFAULT NULL,
  `departamento_id` bigint(20) unsigned DEFAULT NULL,
  `password` varchar(191) DEFAULT NULL,
  `senha` varchar(255) DEFAULT NULL,
  `foto` varchar(191) DEFAULT NULL,
  `status` tinyint(1) DEFAULT NULL,
  `reset_password` tinyint(1) DEFAULT NULL,
  `remember_token` varchar(100) DEFAULT NULL,
  `created_at` timestamp NULL DEFAULT NULL,
  `updated_at` timestamp NULL DEFAULT NULL,
  PRIMARY KEY (`id`),
  UNIQUE KEY `users_email_unique` (`email`),
  KEY `users_departamento_id_foreign` (`departamento_id`),
  CONSTRAINT `users_departamento_id_foreign` FOREIGN KEY (`departamento_id`) REFERENCES `departamentos` (`id`) ON DELETE CASCADE
) ENGINE=InnoDB AUTO_INCREMENT=47 DEFAULT CHARSET=utf8mb4 COLLATE=utf8mb4_unicode_ci;
/*!40101 SET character_set_client = @saved_cs_client */;

--
-- Dumping data for table `users`
--

LOCK TABLES `users` WRITE;
/*!40000 ALTER TABLE `users` DISABLE KEYS */;
INSERT INTO `users` VALUES (1,'Administrador','geral.atomo@admin.com',1,1,'$2y$10$4iKOmxlpGM5.MnosFoQro.faNLIqbHH3LQkFPHRcUD0dGAp14pGYi',NULL,'default.jpg',1,NULL,NULL,NULL,'2024-08-22 08:10:28'),(2,'Abílio Amaral','info.bpcomerce@gmail.com',2,4,'$2y$10$iL1DTBQ038YvC7qjo8l7nedxWoJbW8uqB6m1nYXFKr4RMZySMhkXC',NULL,'default.jpg',1,0,NULL,NULL,'2024-08-15 10:58:36'),(4,'Adm','amaralbusinessinfo@gmail.com',2,4,'$2y$10$eZ6l6mRlpYF5fFBi4eHn8.La9aB7Jy1J45rW5GUsqpixBcetQprPO',NULL,'default.jpg',0,0,NULL,'2024-08-15 10:54:52','2024-08-22 08:59:48'),(6,'Administrador','hosmaymachado@gmail.com',3,7,'$2y$10$9ylHwkV9BMQIceahjskNUuMNIQZsgvhXBw3Oj7dGBE8s8D7IfRZLa',NULL,'default.jpg',1,NULL,NULL,NULL,NULL),(7,'Costa Lima','costaulima97@gmail.com',1,2,'$2y$10$M437a0/FT2OFnH5et4vqkuj55stOR6AdUyfvjJwa9hGsVURbcnkr6',NULL,'default.jpg',1,0,NULL,'2024-08-22 08:08:20','2024-08-27 09:21:29'),(8,'gonsalves nhanga','goncalves.nhanga09@gmail.com',1,2,'$2y$10$0BJcQP7sKn.Os/dJhs7D8.pGfhnNMW4BStFOhkgfRWX3.LJXlrad.',NULL,'default.jpg',1,0,NULL,'2024-08-22 08:09:07','2024-08-28 12:24:04'),(9,'Sousa Manuela','sousamanuela186@gmail.com',1,2,'$2y$10$P1YQgwEn/TOj./GQNsTaUuZESamPw5zwKTU/PIRf5mzlgp878Gyhe',NULL,'default.jpg',1,1,NULL,'2024-08-22 08:09:54','2024-08-22 08:09:54'),(10,'Administrador','lucaskacongo14@gmail.com',4,10,'$2y$10$0fpOLYCu7q8RzxCgVsj0/.CogNolZomcSJQWe15Eq7trxJRnbJYJK',NULL,'default.jpg',1,NULL,NULL,NULL,NULL),(11,'Administrador','victorseabra220@gmail.com',5,13,'$2y$10$ikABxAARXtRiXaHNkMjux.xkAqTEmFY7ayjzzPreYLHgNuKjgay4C',NULL,'default.jpg',1,NULL,NULL,NULL,'2024-08-23 12:54:02'),(12,'victor seabra','victorseabra20@gmail.com',5,13,'$2y$10$029/wnLki0gAZu2E6Yfjk.IFDBHs/HLeWwiaSA2xdL7qLJHKYy.Sq',NULL,'default.jpg',1,0,NULL,'2024-08-23 12:54:31','2024-08-23 12:56:27'),(13,'J.Correia','jcorreiagm@cprovider.net',6,16,'$2y$10$u5Vft/63mSXaZQJeRrR1oOT14fDxRWwTaNG/QUGTal./x05rLfrc6',NULL,'default.jpg',1,NULL,NULL,NULL,'2024-08-26 09:04:18'),(14,'Administrador','martinsperdo33169@gmail.com',7,19,'$2y$10$zLHKrB3gurLKK7Z1iJqSfuDrxrB7xcp0vEE.MGo7FWmds5HBruP3S',NULL,'default.jpg',1,NULL,NULL,NULL,'2024-08-26 09:54:01'),(15,'Joel Mariscos','martinspedro3169@gmail.com',7,19,'$2y$10$CBIy6hEklofzWV9QYI0iD.E4H.CirerZ9J09rmtA5LCcRp0ymnsVq',NULL,'default.jpg',1,0,NULL,'2024-08-26 09:54:56','2024-08-26 10:08:53'),(16,'Administrador','ebilengo@gmail.com',8,22,'$2y$10$iOchQjVEDaYRIP.862aJsO0lei0spfMLPOZg6b17wQPbcb.FpfGM6',NULL,'default.jpg',1,NULL,NULL,NULL,NULL),(17,'Administrador','antonio.baptista@atomo.co.ao',9,25,'$2y$10$CmqABrZ.mLZezzKPG0mvhet4WoeNuVzeV7vn7Bruu6s22grqKg2PW',NULL,'default.jpg',1,NULL,NULL,NULL,NULL),(18,'Administrador','atomo@atomo.co.ao',10,28,'$2y$10$yvlu6PGspRTphL1NCYGws.5jm5gtAB3r7P5LKz.V3H42J6GxNzlPu',NULL,'default.jpg',1,NULL,NULL,NULL,NULL),(19,'Administrador','grupoco.comercial@gmail.com',11,31,'$2y$10$VTDdnAt9721QVWTnk5F5R.N1plxPgoutBFCF7Z9lcqytVQ2e024IO',NULL,'default.jpg',1,NULL,NULL,NULL,NULL),(20,'Administrador','nhanga09@gamil.com',12,34,'$2y$10$44f8JQr5XqMaKQ0MV86hNesti7OzQHVAtYuHaoue10FTS4DjSZrzq',NULL,'default.jpg',1,NULL,NULL,NULL,NULL),(21,'Administrador','armandoobama67@gmail.com',13,37,'$2y$10$6pvjMX/bRNo3rsncVIQyUO.wiLxOdcCuKK38KXdIQe664A9UERC5y',NULL,'default.jpg',1,NULL,NULL,NULL,NULL),(23,'Administrador','cafunga@hotmail.com',14,40,'$2y$10$mgvrpbnwOD89I6NAJneCXe44xOPuUqJ40UgSzMCHDEkpiLGbHxy0m',NULL,'1724932709.png',1,NULL,NULL,NULL,'2024-08-29 09:58:29'),(24,'GELSON MOISÉS NGOLA VALENTE','sem@hotmail.com',14,40,'$2y$10$AF1wJGvHm./Zzu4bn01bleAKK4zwql3hNGnXKhd9219m1U34wMeK6','1998','1724933644.jpg',1,0,NULL,'2024-08-29 10:10:14','2024-09-02 10:00:11'),(25,'SANTA NEVES','Santa@hotmail.com',14,42,'$2y$10$FqrvzYYy4G9MqauU6Wc4he2Fg8QR7W0GCmecAjDHYCgfYljiK8eHG','santa','default.jpg',1,0,NULL,'2024-08-29 10:16:31','2024-09-02 10:44:40'),(26,'Natercia Pelenda Kiassungua','Natercia@hotmail.com',14,42,'$2y$10$XydpZugBIA3o3QAixG6rt.2fnADvZJwVzR/QgBgAIq9diz6pn/scG','050420','default.jpg',1,0,NULL,'2024-08-29 10:20:37','2024-09-02 10:02:31'),(27,'Administrador','afuana.comercioeservicos@gmail.com',15,43,'$2y$10$lpY96GHMaeARG3ODZXyEVuGhfeorO4sat4G03kVto/MJbS91PBSZC',NULL,'default.jpg',1,NULL,NULL,NULL,NULL),(28,'Administrador','ronacio1992@gmail.com',16,46,'$2y$10$RyxRH9fwZoU0/kgA/FGUpOWefVFZUElMr1Z1IKC/6rTGKiCVFVfs.',NULL,'default.jpg',1,NULL,NULL,NULL,NULL),(29,'Administrador','kupessagil19@gmail.com',17,49,'$2y$10$liCEyp7i2OzXrvTh.gYngu1SJ8w1py6mTprMn.puL5ikIJKS4vQXe',NULL,'default.jpg',1,NULL,NULL,NULL,NULL),(30,'Administrador','bento.chingolo@gmail.com',18,52,'$2y$10$NjAghuq5Rt5NqkMS3jHpEOlX92.NhVShyhx5tlXeWw8iYKG1RdSNq',NULL,'default.jpg',1,NULL,NULL,NULL,NULL),(31,'Administrador','indigoagenciademoda@gmail.com',19,55,'$2y$10$uSQX//PJAbJ6WwcYLV0CluNEbrMPmPSHx.qiD3LG9dXXe/c6IvMBW',NULL,'default.jpg',1,NULL,NULL,NULL,NULL),(32,'Administrador','luarr71@gmail.com',20,58,'$2y$10$pzamCqJpfOpBWeUIEeUWFuwkjIqGaqu41aYjyp3Emx30Pbal/RECK',NULL,'default.jpg',1,NULL,NULL,NULL,NULL),(33,'Administrador','clinicarosinid@gmail.com',21,61,'$2y$10$Clpw5dP/j5aITWa3ZCEOh.e.PwflMhQU9Qr0bIRaw2ONrMgR/PNHS',NULL,'default.jpg',1,NULL,NULL,NULL,NULL),(34,'Administrador','Cgourgel98@gmail.com',22,64,'$2y$10$2dX1H1lXUNC8ZAO59i4sL.uNqzKFZ7JbC6UnOrONqJH7eRtp/1L3.',NULL,'default.jpg',1,NULL,NULL,NULL,NULL),(36,'Administrador','socigrafica@gmail.com',24,70,'$2y$10$gh6DB9E5032b9HD3Ry4LGei4W.0V74UMIVhbgCUWE0iry25h3n/qO',NULL,'default.jpg',1,NULL,NULL,NULL,NULL),(37,'Administrador','arichingolo71@hotmail.com',25,73,'$2y$10$I37XP2P1ZzVkIDx5KyAiXOEAoYR48nIj/nH.f5oiV51DH3rA3fuGO',NULL,'default.jpg',1,NULL,NULL,NULL,NULL),(38,'Administrador','abelgelado@gmail.com',26,76,'$2y$10$.77L0luj3c04nHE5ZqO2KOdvdddNp9VJMp32p2Jal2xNiZB/8fFva',NULL,'default.jpg',1,NULL,NULL,NULL,NULL),(39,'Administrador','nicoedgar10@gmail.com',27,79,'$2y$10$4fNQ.xE.FTaWEUG9S5.D8.Fz1ahnho.izz.4BWE3tWcymez7nQL6m',NULL,'default.jpg',1,NULL,NULL,NULL,NULL),(40,'Administrador','aquilessonhiquezia@gmail.com',28,82,'$2y$10$JJcSZ/iy9PLI59FYILYhB.5ARyaNXeObopiER7RuDafZoXqeKA3cC',NULL,'default.jpg',1,NULL,NULL,NULL,NULL),(41,'Administrador','chelseaganga.bumbar@gmail.com',29,85,'$2y$10$0QiDNXOLa4iCGx1Vt3tV/.1HCHGjErI7mDD.pv9TSTa/uEUYYk/z6',NULL,'default.jpg',1,NULL,NULL,NULL,NULL),(42,'Administrador','rsongamaso@gmail.com',30,88,'$2y$10$OVg20tqwZGb9TukJGsbzkefNZE322tJL6YRKUDx5SsnQfTvsS0rca',NULL,'default.jpg',1,NULL,NULL,NULL,NULL),(43,'Administrador','magicodecor29@gmail.com',32,94,'$2y$10$37YUMjGeuhjbw5JY3lC0puJEP/.iXM1aml2tUopuZHA1m8jZ2TFY.',NULL,'default.jpg',1,NULL,NULL,NULL,NULL),(46,'Administrador','arlindo.ingles@outlook.com',34,100,'$2y$10$a9tbz8txyKoO.quwacJobeLxAO0C1aJ52bTwEFeazP37My9VmxeL2',NULL,'default.jpg',1,NULL,NULL,NULL,NULL);
/*!40000 ALTER TABLE `users` ENABLE KEYS */;
UNLOCK TABLES;
/*!40103 SET TIME_ZONE=@OLD_TIME_ZONE */;

/*!40101 SET SQL_MODE=@OLD_SQL_MODE */;
/*!40014 SET FOREIGN_KEY_CHECKS=@OLD_FOREIGN_KEY_CHECKS */;
/*!40014 SET UNIQUE_CHECKS=@OLD_UNIQUE_CHECKS */;
/*!40101 SET CHARACTER_SET_CLIENT=@OLD_CHARACTER_SET_CLIENT */;
/*!40101 SET CHARACTER_SET_RESULTS=@OLD_CHARACTER_SET_RESULTS */;
/*!40101 SET COLLATION_CONNECTION=@OLD_COLLATION_CONNECTION */;
/*!40111 SET SQL_NOTES=@OLD_SQL_NOTES */;

-- Dump completed on 2024-12-03 21:51:34
