-- MySQL dump 10.19  Distrib 10.3.39-MariaDB, for debian-linux-gnu (x86_64)
--
-- Host: localhost    Database: atomo_sc_atomo
-- ------------------------------------------------------
-- Server version	10.3.39-MariaDB-0ubuntu0.20.04.2

/*!40101 SET @OLD_CHARACTER_SET_CLIENT=@@CHARACTER_SET_CLIENT */;
/*!40101 SET @OLD_CHARACTER_SET_RESULTS=@@CHARACTER_SET_RESULTS */;
/*!40101 SET @OLD_COLLATION_CONNECTION=@@COLLATION_CONNECTION */;
/*!40101 SET NAMES utf8mb4 */;
/*!40103 SET @OLD_TIME_ZONE=@@TIME_ZONE */;
/*!40103 SET TIME_ZONE='+00:00' */;
/*!40014 SET @OLD_UNIQUE_CHECKS=@@UNIQUE_CHECKS, UNIQUE_CHECKS=0 */;
/*!40014 SET @OLD_FOREIGN_KEY_CHECKS=@@FOREIGN_KEY_CHECKS, FOREIGN_KEY_CHECKS=0 */;
/*!40101 SET @OLD_SQL_MODE=@@SQL_MODE, SQL_MODE='NO_AUTO_VALUE_ON_ZERO' */;
/*!40111 SET @OLD_SQL_NOTES=@@SQL_NOTES, SQL_NOTES=0 */;

--
-- Table structure for table `agts`
--

DROP TABLE IF EXISTS `agts`;
/*!40101 SET @saved_cs_client     = @@character_set_client */;
/*!40101 SET character_set_client = utf8 */;
CREATE TABLE `agts` (
  `id` bigint(20) unsigned NOT NULL AUTO_INCREMENT,
  `private_key` text DEFAULT NULL,
  `public_key` text DEFAULT NULL,
  `created_at` timestamp NULL DEFAULT NULL,
  `updated_at` timestamp NULL DEFAULT NULL,
  PRIMARY KEY (`id`)
) ENGINE=InnoDB AUTO_INCREMENT=2 DEFAULT CHARSET=utf8mb4 COLLATE=utf8mb4_unicode_ci;
/*!40101 SET character_set_client = @saved_cs_client */;

--
-- Dumping data for table `agts`
--

LOCK TABLES `agts` WRITE;
/*!40000 ALTER TABLE `agts` DISABLE KEYS */;
INSERT INTO `agts` VALUES (1,'MIICXAIBAAKBgQC4dcYScJrnD1xCbBAlSwQN80TYmlMhC1q3fqyL0y2ygQOmtKKYJkDDp/bx0F7ZJ4psVDAmJ1PC2SlHfVPtSZrsVTIf/OlWMsrkLQ+bSf2vJuzUgDagZ/htowIn3io6myiY+Ehq9vDjCd65XV/Hq2sDZoksXMpQU8kQoIF4P2oJqwIDAQABAoGBAJdMauHXIQdjDv6gWoHsTPAQWKj9tC/He2pE6cxqs/HVZqRHR5Ja1gZl7+SaUCH4D88ZIsE4wrhwnS45OyzHkdzg6pe1CNhKi1Md3pCsDSzuyes0KpW6Gl1WeNWo4gLd0cxd0shLtq6aUPW17RMGq2qqEbfH4THB21/8OrHz+A25AkEA2sZTr+ea759PgO9W24uRx4NwPhfOObYzc4SVwNJlkxMmkUBIgKzTXykKyHRVI5V55mUf2c7Fmrbh7Q7eHMFeXQJBANfYuWkMspfSotDMMewIy6Vu5Z4WTAM3VqVlWU0YwsTOxJtuYbQejStDBz9mBCLGZpmJXlhRG9TYKxLt82cFt6cCQFoqFt+OcpqDa/7VpVSCZyh1EVNl+EZswzO+1wFLNTWyVNjUR41QrSSxA5Kt71DlEAJWdxQLVgF3khFjaUMsprkCQEmNzBkVP6LnH56hhv2VPbiBYvQNSxfperhgIh9Yqb6ha3RAGEFmC9tLOyQKoqwrCfmWSzUzZpWQmJUZy1E3LI8CQAWL67LsimFT8lsq+6RiwOSWHlMHFCtpqDLCbWA0PgDNYBmE5HBjyLHC/Fyv7LtSRAnsKJP71VOwQJJKw2PUbQA=','MIGfMA0GCSqGSIb3DQEBAQUAA4GNADCBiQKBgQC4dcYScJrnD1xCbBAlSwQN80TYmlMhC1q3fqyL0y2ygQOmtKKYJkDDp/bx0F7ZJ4psVDAmJ1PC2SlHfVPtSZrsVTIf/OlWMsrkLQ+bSf2vJuzUgDagZ/htowIn3io6myiY+Ehq9vDjCd65XV/Hq2sDZoksXMpQU8kQoIF4P2oJqwIDAQAB',NULL,NULL);
/*!40000 ALTER TABLE `agts` ENABLE KEYS */;
UNLOCK TABLES;

--
-- Table structure for table `armazems`
--

DROP TABLE IF EXISTS `armazems`;
/*!40101 SET @saved_cs_client     = @@character_set_client */;
/*!40101 SET character_set_client = utf8 */;
CREATE TABLE `armazems` (
  `id` bigint(20) unsigned NOT NULL AUTO_INCREMENT,
  `codigo` varchar(191) DEFAULT NULL,
  `designacao` varchar(191) DEFAULT NULL,
  `descricao` varchar(191) DEFAULT NULL,
  `status` tinyint(1) DEFAULT NULL,
  `created_at` timestamp NULL DEFAULT NULL,
  `updated_at` timestamp NULL DEFAULT NULL,
  PRIMARY KEY (`id`)
) ENGINE=InnoDB AUTO_INCREMENT=2 DEFAULT CHARSET=utf8mb4 COLLATE=utf8mb4_unicode_ci;
/*!40101 SET character_set_client = @saved_cs_client */;

--
-- Dumping data for table `armazems`
--

LOCK TABLES `armazems` WRITE;
/*!40000 ALTER TABLE `armazems` DISABLE KEYS */;
INSERT INTO `armazems` VALUES (1,'0001','Sede','I\'ve got.',1,NULL,NULL);
/*!40000 ALTER TABLE `armazems` ENABLE KEYS */;
UNLOCK TABLES;

--
-- Table structure for table `artigos`
--

DROP TABLE IF EXISTS `artigos`;
/*!40101 SET @saved_cs_client     = @@character_set_client */;
/*!40101 SET character_set_client = utf8 */;
CREATE TABLE `artigos` (
  `id` bigint(20) unsigned NOT NULL AUTO_INCREMENT,
  `codigo` varchar(191) DEFAULT NULL,
  `designacao` varchar(191) DEFAULT NULL,
  `tipo_id` bigint(20) unsigned DEFAULT NULL,
  `retencao_id` bigint(20) unsigned DEFAULT NULL,
  `categoria_id` bigint(20) unsigned DEFAULT NULL,
  `imposto_id` bigint(20) unsigned DEFAULT NULL,
  `preco` double DEFAULT NULL,
  `imagem_1` varchar(191) DEFAULT NULL,
  `imagem_2` varchar(191) DEFAULT NULL,
  `imagem_3` varchar(191) DEFAULT NULL,
  `unidade` varchar(191) DEFAULT NULL,
  `fornecedor_id` bigint(20) unsigned DEFAULT NULL,
  `codigo_barra` varchar(191) DEFAULT NULL,
  `is_stock` tinyint(1) DEFAULT NULL,
  `stock_minimo` varchar(191) DEFAULT NULL,
  `stock_maximo` varchar(191) DEFAULT NULL,
  `observacao` mediumtext DEFAULT NULL,
  `status` tinyint(1) DEFAULT NULL,
  `created_at` timestamp NULL DEFAULT NULL,
  `updated_at` timestamp NULL DEFAULT NULL,
  PRIMARY KEY (`id`),
  KEY `artigos_tipo_id_foreign` (`tipo_id`),
  KEY `artigos_retencao_id_foreign` (`retencao_id`),
  KEY `artigos_categoria_id_foreign` (`categoria_id`),
  KEY `artigos_imposto_id_foreign` (`imposto_id`),
  KEY `artigos_fornecedor_id_foreign` (`fornecedor_id`),
  CONSTRAINT `artigos_categoria_id_foreign` FOREIGN KEY (`categoria_id`) REFERENCES `categorias` (`id`) ON DELETE SET NULL ON UPDATE CASCADE,
  CONSTRAINT `artigos_fornecedor_id_foreign` FOREIGN KEY (`fornecedor_id`) REFERENCES `fornecedors` (`id`) ON DELETE SET NULL ON UPDATE CASCADE,
  CONSTRAINT `artigos_imposto_id_foreign` FOREIGN KEY (`imposto_id`) REFERENCES `impostos` (`id`) ON DELETE SET NULL ON UPDATE CASCADE,
  CONSTRAINT `artigos_retencao_id_foreign` FOREIGN KEY (`retencao_id`) REFERENCES `retencaos` (`id`) ON DELETE SET NULL ON UPDATE CASCADE,
  CONSTRAINT `artigos_tipo_id_foreign` FOREIGN KEY (`tipo_id`) REFERENCES `tipos` (`id`) ON DELETE SET NULL ON UPDATE CASCADE
) ENGINE=InnoDB AUTO_INCREMENT=315 DEFAULT CHARSET=utf8mb4 COLLATE=utf8mb4_unicode_ci;
/*!40101 SET character_set_client = @saved_cs_client */;

--
-- Dumping data for table `artigos`
--

LOCK TABLES `artigos` WRITE;
/*!40000 ALTER TABLE `artigos` DISABLE KEYS */;
INSERT INTO `artigos` VALUES (1,'2023-0001','Licença Mensal Soft. de Gestão de RH',1,1,1,1,30000,'null.png','null.png','null.png','1',1,'12',0,'0','0',NULL,1,'2023-07-05 12:44:52','2024-10-29 16:35:39'),(2,'2023-0001','Licença de Junho-Website',2,1,1,1,35000,'null.png','null.png','null.png','1',1,'12',0,'0','0',NULL,1,'2023-07-05 12:45:17','2024-05-28 11:16:27'),(3,'2023-0001','LICENÇA MENSAL DE MARÇO',1,1,1,1,10000,'null.png','null.png','null.png','1',1,'12',0,'0','0',NULL,1,'2023-07-05 12:45:33','2023-07-05 12:45:33'),(4,'2023-0001','LICENÇA MENSAL DE ABRIL',1,1,1,1,10000,'null.png','null.png','null.png','1',1,'12',0,'0','0',NULL,1,'2023-07-05 12:45:46','2023-07-05 12:45:46'),(5,'2023-0001','LICENÇA MENSAL DE MAIO',1,1,1,1,27000,'null.png','null.png','null.png','1',1,'12',0,'0','0',NULL,1,'2023-07-05 12:45:57','2024-05-13 13:10:26'),(6,'2023-0001','LICENÇA MENSAL DE JUNHO',1,1,1,1,10000,'null.png','null.png','null.png','1',1,'12',0,'0','0',NULL,1,'2023-07-05 12:46:10','2023-07-05 12:46:10'),(7,'2023-0001','LICENÇA MENSAL DE JULHO',1,1,1,1,10000,'null.png','null.png','null.png','1',1,'12',0,'0','0',NULL,1,'2023-07-05 12:46:21','2023-07-05 12:46:21'),(8,'2023-0001','LICENÇA MENSAL DE AGOSTO',1,1,1,1,10000,'null.png','null.png','null.png','1',1,'12',0,'0','0',NULL,1,'2023-07-05 12:46:37','2023-07-05 12:46:37'),(9,'2023-0001','LICENÇA MENSAL DE SETEMBRO',1,1,1,1,10000,'null.png','null.png','null.png','1',1,'12',0,'0','0',NULL,1,'2023-07-05 12:46:54','2023-07-05 12:46:54'),(10,'2023-0001','LICENÇA MENSAL DE OUTUMBRO',1,1,1,1,10000,'null.png','null.png','null.png','1',1,'12',0,'0','0',NULL,1,'2023-07-05 12:47:09','2023-10-06 14:18:50'),(11,'2023-0001','LICENÇA MENSAL DE NOVEMBRO',1,1,1,1,10000,'null.png','null.png','null.png','1',1,'12',0,'0','0',NULL,1,'2023-07-05 12:47:36','2023-07-05 12:47:36'),(12,'2023-0001','LICENÇA MENSAL DE DEZEMBRO',1,1,1,1,10000,'null.png','null.png','null.png','1',1,'12',0,'0','0',NULL,1,'2023-07-05 12:47:52','2023-07-05 12:47:52'),(13,'2023-0001','LICENÇA MENSAL DE Software Comercial',1,1,1,1,15000,'null.png','null.png','null.png','1',1,'12',0,'0','0',NULL,1,'2023-07-05 12:48:22','2024-07-17 14:22:58'),(14,'2023-0001','LICENÇA MENSAL DE FEVEREIRO',1,1,1,1,15000,'null.png','null.png','null.png','1',1,'12',0,'0','0',NULL,1,'2023-07-05 12:48:36','2023-07-05 12:48:36'),(15,'2023-0001','LICENÇA MENSAL DE FEVEREIRO',1,1,1,1,15000,'null.png','null.png','null.png','1',1,'12',0,'0','0',NULL,1,'2023-07-05 12:48:37','2023-07-05 12:48:37'),(16,'2023-0001','LICENÇA MENSAL DE MARÇO',1,1,1,1,15000,'null.png','null.png','null.png','1',1,'12',0,'0','0',NULL,1,'2023-07-05 12:48:51','2023-07-05 12:48:51'),(17,'2023-0001','LICENÇA SEMESTRAL DE SISTEMA ESCOLAR',1,1,1,1,168000,'null.png','null.png','null.png','1',1,'12',0,'0','0',NULL,1,'2023-07-05 12:49:07','2024-10-07 16:58:00'),(18,'2023-0001','LICENÇA MENSAL DE MAIO',1,1,1,1,15000,'null.png','null.png','null.png','1',1,'12',0,'0','0',NULL,1,'2023-07-05 12:49:21','2023-07-05 12:49:21'),(19,'2023-0001','LICENÇA MENSAL DE JULHO',1,1,1,1,15000,'null.png','null.png','null.png','1',1,'12',0,'0','0',NULL,1,'2023-07-05 12:49:33','2023-07-05 12:49:33'),(20,'2023-0001','LICENÇA MENSAL DE JULHO',1,1,1,1,15000,'null.png','null.png','null.png','1',1,'12',0,'0','0',NULL,1,'2023-07-05 12:51:01','2023-07-05 12:51:01'),(21,'2023-0001','LICENÇA MENSAL DE AGOSTO',1,1,1,1,15000,'null.png','null.png','null.png','1',1,'12',0,'0','0',NULL,1,'2023-07-05 12:51:49','2023-07-05 12:51:49'),(22,'2023-0001','LICENÇA MENSAL DE SETEMBRO',1,1,1,1,15000,'null.png','null.png','null.png','1',1,'12',0,'0','0',NULL,1,'2023-07-05 12:59:20','2023-07-05 12:59:20'),(23,'2023-0001','LICENÇA MENSAL DE OUTUMBRO',1,1,1,1,15000,'null.png','null.png','null.png','1',1,'12',0,'0','0',NULL,1,'2023-07-05 13:00:50','2023-07-05 13:00:50'),(24,'2023-0001','LICENÇA MENSAL DE NOVEMBRO',1,1,1,1,15000,'null.png','null.png','null.png','1',1,'12',0,'0','0',NULL,1,'2023-07-05 13:03:22','2023-07-05 13:03:22'),(25,'2023-0001','LICENÇA MENSAL DE DEZEMBRO',1,1,1,1,15000,'null.png','null.png','null.png','1',1,'12',0,'0','0',NULL,1,'2023-07-05 13:03:42','2023-07-05 13:03:42'),(26,'2023-0001','LICENÇA MENSAL DE JANEIRO',1,1,1,1,23000,'null.png','null.png','null.png','1',1,'12',0,'0','0',NULL,1,'2023-07-05 13:05:33','2023-07-05 13:05:33'),(27,'2023-0001','LICENÇA MENSAL DE FEVEREIRO',1,1,1,1,23000,'null.png','null.png','null.png','1',1,'12',0,'0','0',NULL,1,'2023-07-05 13:06:09','2023-07-05 13:06:09'),(28,'2023-0001','LICENÇA MENSAL DE MARÇO',1,1,1,1,23000,'null.png','null.png','null.png','1',1,'12',0,'0','0',NULL,1,'2023-07-05 13:06:54','2023-07-05 13:06:54'),(29,'2023-0001','LICENÇA MENSAL DE ABRIL',1,1,1,1,23000,'null.png','null.png','null.png','1',1,'12',0,'0','0',NULL,1,'2023-07-05 13:07:17','2023-07-05 13:07:17'),(30,'2023-0001','LICENÇA MENSAL DE MAIO',1,1,1,1,23000,'null.png','null.png','null.png','1',1,'12',0,'0','0',NULL,1,'2023-07-05 13:07:27','2023-07-05 13:07:27'),(31,'2023-0001','LICENÇA MENSAL DE JUNHO',1,1,1,1,23000,'null.png','null.png','null.png','1',1,'12',0,'0','0',NULL,1,'2023-07-05 13:07:44','2023-07-05 13:07:44'),(32,'2023-0001','LICENÇA MENSAL DE JULHO',1,1,1,1,23000,'null.png','null.png','null.png','1',1,'12',0,'0','0',NULL,1,'2023-07-05 13:07:53','2023-07-05 13:07:53'),(33,'2023-0001','LICENÇA MENSAL DE AGOSTO',1,1,1,1,30000,'null.png','null.png','null.png','1',1,'12',0,'0','0',NULL,1,'2023-07-05 13:08:05','2024-08-08 07:16:58'),(34,'2023-0001','LICENÇA MENSAL DE SETEMBRO',1,1,1,1,30000,'null.png','null.png','null.png','1',1,'12',0,'0','0',NULL,1,'2023-07-05 13:08:21','2024-08-08 07:17:14'),(35,'2023-0001','LICENÇA MENSAL DE OUTUMBRO',1,1,1,1,23000,'null.png','null.png','null.png','1',1,'12',0,'0','0',NULL,1,'2023-07-05 13:08:35','2023-07-05 13:08:35'),(36,'2023-0001','LICENÇA MENSAL DE NOVEMBRO',1,1,1,1,23000,'null.png','null.png','null.png','1',1,'12',0,'0','0',NULL,1,'2023-07-05 13:08:52','2023-07-05 13:08:52'),(37,'2023-0001','LICENÇA MENSAL DE DEZEMBRO',1,1,1,1,23000,'null.png','null.png','null.png','1',1,'12',0,'0','0',NULL,1,'2023-07-05 13:09:03','2023-07-05 13:09:03'),(38,'2023-0001','LICENÇA MENSAL DE JANEIRO',1,1,1,1,25000,'null.png','null.png','null.png','1',1,'12',0,'0','0',NULL,1,'2023-07-05 13:10:06','2023-07-05 13:10:31'),(39,'2023-0039','LICENÇA MENSAL DE FEVEREIRO',1,1,1,1,25000,'null.png','null.png','null.png','1',1,'12',0,'0','0',NULL,1,'2023-07-05 13:12:12','2023-07-05 13:12:12'),(40,'2023-0039','LICENÇA MENSAL DE MARÇO',1,1,1,1,25000,'null.png','null.png','null.png','1',1,'12',0,'0','0',NULL,1,'2023-07-05 13:12:35','2023-07-05 13:12:35'),(41,'2023-0039','LICENÇA MENSAL DE ABRIL',1,1,1,1,25000,'null.png','null.png','null.png','1',1,'12',0,'0','0',NULL,1,'2023-07-05 13:22:38','2023-07-05 13:22:38'),(42,'2023-0039','LICENÇA MENSAL DE JUNHO',1,1,1,1,25000,'null.png','null.png','null.png','1',1,'12',0,'0','0',NULL,1,'2023-07-05 13:23:27','2023-07-05 13:23:27'),(43,'2023-0039','LICENÇA MENSAL DE JULHO',1,1,1,1,25000,'null.png','null.png','null.png','1',1,'12',0,'0','0',NULL,1,'2023-07-05 13:23:53','2023-07-05 13:23:53'),(44,'2023-0039','LICENÇA MENSAL DE AGOSTO',1,1,1,1,25000,'null.png','null.png','null.png','1',1,'12',0,'0','0',NULL,1,'2023-07-05 13:24:13','2023-07-05 13:24:13'),(45,'2023-0039','LICENÇA MENSAL DE SETEMBRO',1,1,1,1,25000,'null.png','null.png','null.png','1',1,'12',0,'0','0',NULL,1,'2023-07-05 13:24:33','2023-07-05 13:24:33'),(46,'2023-0039','LICENÇA MENSAL DE OUTUMBRO',1,1,1,1,25000,'null.png','null.png','null.png','1',1,'12',0,'0','0',NULL,1,'2023-07-05 13:24:48','2023-07-05 13:24:48'),(47,'2023-0039','LICENÇA MENSAL DE NOVEMBRO',1,1,1,1,25000,'null.png','null.png','null.png','1',1,'12',0,'0','0',NULL,1,'2023-07-05 13:25:00','2023-07-05 13:25:00'),(48,'2023-0039','LICENÇA MENSAL DE DEZEMBRO',1,1,1,1,25000,'null.png','null.png','null.png','1',1,'12',0,'0','0',NULL,1,'2023-07-05 13:25:14','2023-07-05 13:25:14'),(49,'2023-0039','LICENÇA MENSAL DE JANEIRO',1,1,1,1,24166,'null.png','null.png','null.png','1',1,'12',0,'0','0',NULL,1,'2023-07-05 13:28:14','2023-07-05 13:28:14'),(50,'2023-0039','LICENÇA MENSAL DE FEVEREIRO',1,1,1,1,24166,'null.png','null.png','null.png','1',1,'12',0,'0','0',NULL,1,'2023-07-05 13:28:28','2023-07-05 13:28:28'),(51,'2023-0039','LICENÇA MENSAL DE MARÇO',1,1,1,1,24166,'null.png','null.png','null.png','1',1,'12',0,'0','0',NULL,1,'2023-07-05 13:28:46','2023-07-05 13:28:46'),(52,'2023-0039','LICENÇA MENSAL DE ABRIL',1,1,1,1,24166,'null.png','null.png','null.png','1',1,'12',0,'0','0',NULL,1,'2023-07-05 13:29:18','2023-07-05 13:29:18'),(53,'2023-0039','LICENÇA MENSAL DE MAIO',1,1,1,1,24166,'null.png','null.png','null.png','1',1,'12',0,'0','0',NULL,1,'2023-07-05 13:29:37','2023-07-05 13:29:37'),(54,'2023-0039','LICENÇA MENSAL DE JUNHO',1,1,1,1,24166,'null.png','null.png','null.png','1',1,'12',0,'0','0',NULL,1,'2023-07-05 13:29:54','2023-07-05 13:29:54'),(55,'2023-0039','LICENÇA MENSAL DE JULHO',1,1,1,1,24166,'null.png','null.png','null.png','1',1,'12',0,'0','0',NULL,1,'2023-07-05 13:30:06','2023-07-05 13:30:06'),(56,'2023-0039','LICENÇA MENSAL DE AGOSTO',1,1,1,1,24166,'null.png','null.png','null.png','1',1,'12',0,'0','0',NULL,1,'2023-07-05 13:30:21','2023-07-05 13:30:21'),(57,'2023-0039','LICENÇA MENSAL DE SETEMBRO',1,1,1,1,24166,'null.png','null.png','null.png','1',1,'12',0,'0','0',NULL,1,'2023-07-05 13:30:39','2023-07-05 13:30:39'),(58,'2023-0039','LICENÇA MENSAL DE OUTUMBRO',1,1,1,1,24166,'null.png','null.png','null.png','1',1,'12',0,'0','0',NULL,1,'2023-07-05 13:30:54','2023-07-05 13:30:54'),(59,'2023-0039','LICENÇA MENSAL DE NOVEMBRO',1,1,1,1,24166,'null.png','null.png','null.png','1',1,'12',0,'0','0',NULL,1,'2023-07-05 13:31:21','2023-07-05 13:31:21'),(60,'2023-0039','LICENÇA MENSAL DE DEZEMBRO',1,1,1,1,24166,'null.png','null.png','null.png','1',1,'12',0,'0','0',NULL,1,'2023-07-05 13:31:38','2023-07-05 13:31:38'),(61,'2023-0061','LICENÇA MENSAL DE SOFTWARE DE GESTÃO ESCOLAR',1,1,1,1,25000,'null.png','null.png','null.png','1',1,'12',0,'0','0',NULL,1,'2023-07-27 09:00:11','2023-07-27 09:00:11'),(62,'2023-0062','LICENÇA MENSAL DE SOFTWARE DE GESTÃO ESCOLAR',1,1,1,1,27000,'null.png','null.png','null.png','1',1,'12',0,'0','0',NULL,1,'2023-08-04 16:09:52','2023-08-04 16:09:52'),(63,'2023-0063','LICENÇA MENSAL DE AGOSTO',1,1,1,1,27000,'null.png','null.png','null.png','1',1,'12',0,'0','0',NULL,1,'2023-08-08 09:25:08','2023-08-08 09:25:08'),(64,'2023-0064','LICENÇA MENSAL-SOFT. GESTÃO CLINICO',2,1,1,1,24166,'null.png','null.png','null.png',NULL,1,NULL,0,'0','0',NULL,1,'2023-08-08 14:23:04','2023-08-08 14:23:04'),(65,'2023-0065','LICENÇA MENSAL DE SOFTWARE DE GESTÃO CLÍNICO/HOSPITALAR',1,1,1,1,60000,'null.png','null.png','null.png','1',1,'12',0,'0','0',NULL,1,'2023-08-09 15:00:34','2023-08-09 15:00:34'),(66,'2023-0066','Licença Mensal/Soft.Clínico',2,1,1,4,35000,'null.png','null.png','null.png',NULL,NULL,NULL,0,'0','0',NULL,1,'2023-08-14 12:34:24','2023-08-14 12:36:44'),(67,'2023-0067','LICENÇA MENSAL DE SETEMBRO',1,1,1,1,27000,'null.png','null.png','null.png','1',1,'12',0,'0','0',NULL,1,'2023-09-08 13:20:45','2023-09-08 13:20:45'),(68,'2023-0067','LICENÇA MENSAL DE OUTUMBRO',1,1,1,1,27000,'null.png','null.png','null.png','1',1,'12',0,'0','0',NULL,1,'2023-09-08 13:21:14','2023-09-08 13:21:14'),(69,'2023-0067','LICENÇA MENSAL DE NOVEMBRO',1,1,1,1,27000,'null.png','null.png','null.png','1',1,'12',0,'0','0',NULL,1,'2023-09-08 13:21:30','2023-09-08 13:21:30'),(70,'2023-0067','LICENÇA MENSAL DE DEZEMBRO',1,1,1,1,27000,'null.png','null.png','null.png','1',1,'12',0,'0','0',NULL,1,'2023-09-08 13:21:42','2023-09-08 13:21:42'),(71,'2023-0071','LICENÇA DE SETEMBRO-SOFT.COMERCIAL',2,1,1,1,30000,'null.png','null.png','null.png',NULL,NULL,NULL,0,'0','0',NULL,1,'2023-09-14 09:24:14','2023-09-14 09:27:11'),(72,'2023-0072','Multa',2,1,1,4,1000,'null.png','null.png','null.png',NULL,NULL,NULL,0,'0','0',NULL,1,'2023-09-21 09:21:45','2023-10-20 07:21:07'),(73,'2023-0073','CRIAÇÃO DE WEB SISTE PACOTE PRIMIUM',1,1,1,1,3000000,'null.png','null.png','null.png','1',1,'12',1,'0','0','O PAGAMENTO SERÁ FEITO EM DUAS  PARCELAS.',1,'2023-10-11 11:07:21','2023-10-11 11:58:18'),(74,'2023-0074','CRIAÇÃO DE WEB SISTE PACOTE PRIMIUM',1,1,1,1,300000,'null.png','null.png','null.png','1',1,'13234',0,'0','0',NULL,1,'2023-10-11 12:07:10','2023-10-11 12:07:10'),(75,'2023-0075','LICENÇA MENSAL DE OUTUBRO',1,1,1,1,30000,'null.png','null.png','null.png','1',1,'664',0,'0','0',NULL,1,'2023-10-17 23:10:29','2023-10-17 23:10:29'),(76,'2023-0076','valdimiro',2,2,1,2,120,'null.png','null.png','null.png',NULL,NULL,NULL,0,'0','0',NULL,0,'2023-10-18 12:59:26','2023-10-18 12:59:51'),(77,'2023-0077','Desenvolvimento de e-Commerce',2,1,1,4,750000,'null.png','null.png','null.png',NULL,NULL,NULL,0,'0','0',NULL,1,'2023-10-25 12:02:11','2023-10-25 12:02:11'),(78,'2023-0078','LICENÇA DE OUTUBRO',2,1,1,4,30000,'null.png','null.png','null.png',NULL,NULL,NULL,0,'0','0',NULL,1,'2023-10-26 12:26:46','2023-10-26 12:26:46'),(79,'2023-0079','Lencença mensal de software escolar.',1,1,1,1,30000,'null.png','null.png','null.png','12',1,'1356',0,'0','0',NULL,1,'2023-11-13 07:46:46','2023-11-13 07:46:46'),(80,'2023-0080','Soft.Clínico-Pacote Essencial',2,1,1,4,45000,'null.png','null.png','null.png',NULL,NULL,NULL,0,'0','0',NULL,1,'2023-11-16 14:16:34','2023-11-16 14:16:34'),(81,'2023-0081','Soft.Clínico-Pacote Plus',2,1,1,4,75000,'null.png','null.png','null.png',NULL,NULL,NULL,0,'0','0',NULL,1,'2023-11-16 14:17:33','2023-11-16 14:17:59'),(82,'2023-0082','Soft.Clínico-Pacote Profissional',2,1,1,4,125000,'null.png','null.png','null.png',NULL,NULL,NULL,0,'0','0',NULL,1,'2023-11-16 14:19:14','2023-11-16 14:19:14'),(83,'2023-0083','Soft.Clínico-Pacote Master',2,1,1,4,250000,'null.png','null.png','null.png',NULL,NULL,NULL,0,'0','0',NULL,1,'2023-11-16 14:20:06','2023-11-16 14:39:10'),(84,'2023-0084','Taxa de Deslocação do Técnico',2,1,1,4,10000,'null.png','null.png','null.png',NULL,NULL,NULL,0,'0','0',NULL,1,'2023-11-16 14:27:22','2023-11-16 15:00:28'),(85,'2023-0085','LICENÇA DE NOVEMBRO',1,1,1,4,30000,'null.png','null.png','null.png',NULL,NULL,NULL,0,'0','0',NULL,1,'2023-11-17 15:42:57','2023-11-17 15:42:57'),(86,'2023-0086','Licença Mensal de Software Hospitalar',1,1,1,1,35000,'null.png','null.png','null.png','12',1,'123',0,'0','0',NULL,1,'2023-11-20 07:45:18','2023-11-20 07:45:18'),(87,'2023-0087','Licença Mensal do Software de gestão de Mecânica',1,1,1,1,46800,'null.png','null.png','null.png','1234',1,'1356',0,'0','0',NULL,1,'2023-12-01 08:36:53','2023-12-01 09:16:09'),(88,'2023-0088','Integração do sistena de contabilidade',1,1,1,1,1280000,'null.png','null.png','null.png','123456',1,'2333',1,'0','0',NULL,1,'2023-12-01 13:24:08','2023-12-01 15:42:12'),(89,'2023-0089','Integração do sistena de contabilidade com sistema de faturação',1,1,1,1,1280000,'null.png','null.png','null.png','99999999',1,'58746',0,'0','0',NULL,1,'2023-12-01 15:23:04','2023-12-01 15:23:04'),(90,'2023-0090','Implementação de Software Escolar Pacote Basico',2,1,1,1,44000,'null.png','null.png','null.png','20',1,'12',0,'0','0',NULL,1,'2023-12-07 17:29:09','2024-03-21 07:42:17'),(91,'2023-0091','Desevolvimento de Web Site com (Hospedagem e E-mail Corporativo)',1,1,1,1,700000,'null.png','null.png','null.png','204',1,'12233344443',0,'0','0',NULL,1,'2023-12-08 13:16:28','2023-12-08 13:16:28'),(92,'2023-0092','LICENÇA MENSAL SOFTWARE DE GESTÃO ESCOLAR (PACOTE MÉDIO)',1,1,1,1,65000,'null.png','null.png','null.png','12344567',1,'7788712637',0,'0','0',NULL,1,'2023-12-16 13:11:20','2023-12-16 13:19:22'),(93,'2023-0093','LICENÇA DE DEZEMBRO',1,1,1,1,42000,'null.png','null.png','null.png','123',1,'1223',0,'0','0',NULL,1,'2023-12-20 08:07:40','2023-12-20 08:07:40'),(94,'2023-0094','TAXA DE DESLOCAÇÃO',1,1,1,1,10000,'null.png','null.png','null.png','1234567545433423',1,'12',0,'0','0',NULL,1,'2023-12-20 12:09:55','2023-12-20 12:09:55'),(95,'2023-0095','LICENÇA MENSAL DE SOFTWARE DE GESTÃO E FATURAÇÃO INTEGRADO',1,1,1,1,30000,'null.png','null.png','null.png','9854Y876Y54',1,'87689078908690',0,'0','0',NULL,1,'2023-12-21 09:55:21','2023-12-21 09:55:21'),(96,'2024-0096','Website',2,1,1,4,390000,'null.png','null.png','null.png','1',1,NULL,0,'0','0',NULL,1,'2024-01-08 10:14:51','2024-01-22 07:55:55'),(97,'2024-0097','CRIAÇÃO DE WEBSISTE',1,1,1,1,350000,'null.png','null.png','null.png','1',1,'12',0,'0','0',NULL,1,'2024-01-16 09:31:51','2024-02-02 14:04:55'),(98,'2024-0098','Desenvolvimento e sustentação ordenfa',2,1,1,1,694350,'null.png','null.png','null.png',NULL,NULL,NULL,0,'0','0',NULL,1,'2024-01-16 15:13:55','2024-01-28 07:32:53'),(99,'2024-0099','LICENÇA DE SOFTWARE DE FATURAÇÃO SEM O RH',1,1,1,1,15000,'null.png','null.png','null.png','1',1,'12',0,'0','0',NULL,1,'2024-01-22 12:12:49','2024-01-22 12:12:49'),(100,'2024-0100','CRIAÇÃO DE WEB SISTE',1,1,1,1,450000,'null.png','null.png','null.png','1',1,'92884374',0,'0','0',NULL,1,'2024-01-22 12:30:12','2024-01-22 12:30:12'),(101,'2024-0101','LICENÇA DE SOFTWARE DE FATURAÇÃO COM O RH',1,1,1,1,30000,'null.png','null.png','null.png','1',1,'6533419002593',0,'0','0',NULL,1,'2024-01-22 12:32:30','2024-01-22 12:32:30'),(102,'2024-0102','LICENÇA MENSAL DE DEZEMBRO',1,1,1,1,100000,'null.png','null.png','null.png','1',1,'12',1,'0','0',NULL,1,'2024-01-22 12:34:05','2024-01-24 09:29:36'),(103,'2024-0103','Licença Mensal Soft.Clínico-Pacote  Básico',1,1,1,4,45000,'null.png','null.png','null.png',NULL,NULL,NULL,0,'0','0',NULL,1,'2024-01-22 16:03:41','2024-01-22 16:07:36'),(104,'2024-0104','Licença Mensal Soft.Clínico-Pacote Master',2,1,1,4,75000,'null.png','null.png','null.png',NULL,NULL,NULL,0,'0','0',NULL,1,'2024-01-22 16:07:13','2024-01-22 16:07:13'),(105,'2024-0105','Soft.Comercial-Licença Mensal',1,1,1,4,30000,'null.png','null.png','null.png',NULL,1,NULL,0,'0','0',NULL,1,'2024-01-24 09:25:39','2024-02-15 12:12:33'),(106,'2024-0106','LICENÇA MENSAL DE JANEIRO',1,1,1,1,100000,'null.png','null.png','null.png','1',1,'12',0,'0','0',NULL,1,'2024-01-24 09:32:27','2024-01-24 09:32:27'),(107,'2024-0107','GESTÃO DE Midia Social com Designer',1,1,1,1,45000,'null.png','null.png','null.png','20',1,'6533',0,'0','0',NULL,1,'2024-02-07 12:00:49','2024-02-07 12:00:49'),(108,'2024-0108','Soft.Escolar-Licença Mensal',2,1,1,4,30000,'null.png','null.png','null.png',NULL,NULL,NULL,0,'0','0',NULL,1,'2024-02-09 16:51:44','2024-02-09 16:51:44'),(109,'2024-0109','LICENÇA MENSAL DE NOVEMBRO',2,1,1,1,20000,'null.png','null.png','null.png','20',1,'12',0,'0','0',NULL,1,'2024-02-15 17:54:25','2024-02-15 17:54:25'),(110,'2024-0110','Desenvolvimento WebSite Pacote Essencial',2,1,1,1,350000,'null.png','null.png','null.png',NULL,NULL,NULL,0,'0','0',NULL,1,'2024-02-19 13:24:17','2024-03-07 09:28:12'),(111,'2024-0111','Desenvolvimento WebSite Pacote Premium',2,1,1,4,500000,'null.png','null.png','null.png',NULL,NULL,NULL,0,'0','0',NULL,1,'2024-03-07 09:30:45','2024-03-07 09:30:45'),(112,'2024-0112','PEDRAS',1,1,1,4,1000,'null.png','null.png','null.png',NULL,NULL,NULL,0,'0','0',NULL,1,'2024-03-12 09:22:05','2024-03-12 09:22:05'),(113,'2024-0113','MENSALIDADE DE LOJA',2,1,1,1,23000,'null.png','null.png','null.png','1',1,NULL,0,'0','0',NULL,1,'2024-03-23 15:31:28','2024-03-23 15:31:28'),(114,'2024-0114','PErsonalização do sistema',1,1,1,1,58500,'null.png','null.png','null.png','1',1,'92884374',0,'0','0',NULL,1,'2024-03-23 16:21:22','2024-03-23 16:21:22'),(115,'2024-0114','LICENÇA MENSAL DESISTEMA DE PRAÇA',1,1,1,1,30000,'null.png','null.png','null.png','1',1,'92884374',0,'0','0',NULL,1,'2024-03-23 16:22:27','2024-03-23 16:22:27'),(116,'2024-0116','Implementação de código QR',1,1,1,1,200000,'null.png','null.png','null.png','123',1,'12345',0,'0','0',NULL,1,'2024-03-26 08:21:13','2024-03-26 08:21:13'),(117,'2024-0117','Implementação de servidor HP Proliant 360 9G.',2,1,1,1,900000,'null.png','null.png','null.png',NULL,NULL,NULL,0,'0','0',NULL,1,'2024-04-12 09:25:25','2024-04-12 09:25:25'),(118,'2024-0118','Criação de E Commerce  (Loja Virtual)',2,1,1,1,1200000,'null.png','null.png','null.png','1',1,NULL,0,'0','0',NULL,1,'2024-04-13 12:15:59','2024-04-13 12:15:59'),(119,'2024-0118','Criação de E Commerce  (Loja Virtual) App',2,1,1,1,7600000,'null.png','null.png','null.png','1',1,'9',0,'0','0',NULL,0,'2024-04-13 12:17:21','2024-04-13 12:31:05'),(120,'2024-0120','Criação de Loja Virtual App',1,1,1,1,6700000,'null.png','null.png','null.png','23',1,NULL,1,'0','0',NULL,1,'2024-04-13 12:25:53','2024-04-13 12:31:50'),(121,'2024-0121','Desenvolvimento WebSite',2,1,1,1,350000,'null.png','null.png','null.png',NULL,NULL,NULL,1,'0','0',NULL,1,'2024-04-18 16:42:19','2024-05-07 10:17:50'),(122,'2024-0122','SOFTWARE ESCOLAR-LICENÇA DE ABRIL',2,1,1,1,42000,'null.png','null.png','null.png',NULL,NULL,NULL,0,'0','0',NULL,1,'2024-04-18 16:48:13','2024-04-18 16:48:13'),(123,'2024-0123','Soft. Escolar/ Licença de Maio',2,1,1,1,42000,'null.png','null.png','null.png',NULL,NULL,NULL,0,'0','0',NULL,1,'2024-04-19 15:42:03','2024-05-06 11:02:39'),(124,'2024-0124','Soft. Escolar/ Licença de Abril',2,1,1,1,25000,'null.png','null.png','null.png',NULL,NULL,NULL,0,'0','0',NULL,1,'2024-04-29 12:39:49','2024-04-29 12:39:49'),(125,'2024-0125','Sof.de faturação e R.H-Licença de Maio',1,2,1,1,35000,'null.png','null.png','null.png',NULL,NULL,NULL,0,'0','0',NULL,1,'2024-05-02 08:57:07','2024-06-06 08:51:53'),(126,'2024-0126','Sof.de faturação e R.H-Licença de Junho',1,2,1,1,35000,'null.png','null.png','null.png',NULL,NULL,NULL,0,'0','0',NULL,1,'2024-05-02 08:58:02','2024-06-06 08:59:24'),(127,'2024-0127','Sof.de faturação e R.H-Licença de Julho',1,2,1,1,35000,'null.png','null.png','null.png',NULL,NULL,NULL,0,'0','0',NULL,1,'2024-05-02 08:58:45','2024-06-06 08:59:39'),(128,'2024-0128','LICENÇA DE MAIO',1,1,1,1,25000,'null.png','null.png','null.png',NULL,NULL,NULL,1,'0','0',NULL,1,'2024-05-03 06:34:42','2024-05-06 10:49:13'),(129,'2024-0129','Licença de Junho/Software de hotel',2,1,1,1,30000,'null.png','null.png','null.png',NULL,NULL,NULL,0,'0','0',NULL,1,'2024-05-06 12:06:13','2024-06-05 10:14:41'),(130,'2024-0130','Lincençade Junho/Software de Restaurante',2,1,1,1,18000,'null.png','null.png','null.png',NULL,NULL,NULL,0,'0','0',NULL,1,'2024-05-06 12:10:12','2024-06-05 10:15:14'),(131,'2024-0131','Desenvol. de Website Com area administrativa',2,1,1,1,60000,'null.png','null.png','null.png',NULL,NULL,NULL,0,'0','0',NULL,1,'2024-05-07 11:49:01','2024-07-09 11:48:17'),(132,'2024-0132','Implementação de Serviço de Power B.I',2,1,1,4,2700000,'null.png','null.png','null.png',NULL,NULL,NULL,0,'0','0',NULL,1,'2024-05-14 11:20:37','2024-05-14 11:20:37'),(133,'2024-0133','LICENÇA DE MAIO',2,1,1,1,42000,'null.png','null.png','null.png',NULL,NULL,NULL,0,'0','0',NULL,1,'2024-05-17 14:02:19','2024-05-17 14:02:19'),(134,'2024-0134','Taxa de Deslocação para implemetação',2,1,1,1,10000,'null.png','null.png','null.png',NULL,NULL,NULL,0,'0','0',NULL,1,'2024-05-20 06:25:53','2024-05-20 06:25:53'),(135,'2024-0135','Licença mensal de Website',1,1,1,1,35000,'null.png','null.png','null.png',NULL,NULL,NULL,0,'0','0',NULL,1,'2024-05-27 12:43:37','2024-05-27 12:43:37'),(136,'2024-0136','[DG7GMGF0D7D8] Microsoft Project Standard 2021',1,1,1,2,1015202.96,'null.png','null.png','null.png',NULL,NULL,NULL,0,'0','0',NULL,1,'2024-05-28 10:59:32','2024-05-28 10:59:32'),(137,'2024-0137','Valor em Falta Referente a Licença',2,1,1,1,30000,'null.png','null.png','null.png','123',1,'15645652121565',0,'0','0',NULL,1,'2024-05-31 06:48:08','2024-05-31 06:49:27'),(138,'2024-0138','SOFTWARE ESCOLAR-LICENÇA DE JUNHO',1,1,1,1,25000,'null.png','null.png','null.png',NULL,NULL,NULL,0,'0','0',NULL,1,'2024-06-05 10:10:09','2024-06-05 10:10:09'),(139,'2024-0139','Soft. Escolar/ Licença Mensal de Junho',1,1,1,1,27000,'null.png','null.png','null.png',NULL,NULL,NULL,0,'0','0',NULL,1,'2024-06-05 10:10:45','2024-06-05 10:10:45'),(140,'2024-0140','SOFTWARE ESCOLAR-LICENÇA DE JUNHO',1,1,1,1,42000,'null.png','null.png','null.png',NULL,NULL,NULL,0,'0','0',NULL,1,'2024-06-05 10:47:44','2024-06-05 10:47:44'),(141,'2024-0141','Licença de Julho-Soft. Comercial',2,1,1,1,237000,'null.png','null.png','null.png',NULL,NULL,NULL,0,'0','0',NULL,1,'2024-06-17 12:31:13','2024-06-17 12:31:13'),(142,'2024-0142','Licença de Julho-Soft. Documental',2,1,1,1,237000,'null.png','null.png','null.png',NULL,NULL,NULL,0,'0','0',NULL,1,'2024-06-17 12:31:54','2024-06-17 12:31:54'),(143,'2024-0143','ZK Torniquete 2 SpeedfaceV5L',1,1,1,1,16980987.86,'null.png','null.png','null.png',NULL,NULL,NULL,0,'0','0',NULL,1,'2024-06-26 06:21:38','2024-06-26 07:01:04'),(144,'2024-0144','ZKTECO CANCELA COM BARREIRA 6M L',1,1,1,1,712327.98,'null.png','null.png','null.png',NULL,NULL,NULL,0,'0','0',NULL,1,'2024-06-26 06:23:08','2024-06-26 06:59:13'),(145,'2024-0145','ZKTECO CANCELA COM BARREIRA 6M R',1,1,1,1,712327.98,'null.png','null.png','null.png',NULL,NULL,NULL,0,'0','0',NULL,1,'2024-06-26 06:25:21','2024-06-26 06:58:34'),(146,'2024-0146','ZKTECO RFID UHF READER UHFE-10E',1,1,1,1,364929.5,'null.png','null.png','null.png',NULL,NULL,NULL,0,'0','0',NULL,1,'2024-06-26 06:26:20','2024-06-26 06:56:43'),(147,'2024-0147','ZKTECO CENTRAL CONTROL ACESSO COM CAIXA METAL INBIO 460 PRO',1,1,1,1,823400,'null.png','null.png','null.png',NULL,NULL,NULL,0,'0','0',NULL,1,'2024-06-26 06:38:16','2024-06-26 06:55:08'),(148,'2024-0148','ZKTECO LEITOR DE CARTÃO MF KR602M',1,1,1,1,54247.5,'null.png','null.png','null.png',NULL,NULL,NULL,0,'0','0',NULL,1,'2024-06-26 06:39:31','2024-06-26 06:50:29'),(149,'2024-0149','ZKTECO FECHADURA MAGNÉTICA LM-2805',1,1,1,1,62364.5,'null.png','null.png','null.png',NULL,NULL,NULL,0,'0','0',NULL,1,'2024-06-26 07:03:44','2024-06-26 07:03:44'),(150,'2024-0150','ZKTECO SUPORTE FECHADURA LM-2802 E LM-2805 LMB280L + LMB280Z',1,1,1,1,39335.75,'null.png','null.png','null.png',NULL,NULL,NULL,0,'0','0',NULL,1,'2024-06-26 07:05:16','2024-06-26 07:05:16'),(151,'2024-0151','HIKV TERMINAL DE RECONHECIMENTO FACIAL DS-K1T341CMFW',1,1,1,1,291986.15,'null.png','null.png','null.png',NULL,NULL,NULL,0,'0','0',NULL,1,'2024-06-26 07:06:39','2024-06-26 07:06:39'),(152,'2024-0152','ZKTECO BIOMETRICO DE RECONHECIMENTO FACIAL MB10-VL',1,1,1,1,141927.25,'null.png','null.png','null.png',NULL,NULL,NULL,0,'0','0',NULL,1,'2024-06-26 07:07:44','2024-06-26 07:07:44'),(153,'2024-0153','ZKTECO UHF1-TAG4',1,1,1,1,1110.22,'null.png','null.png','null.png',NULL,NULL,NULL,0,'0','0',NULL,1,'2024-06-26 07:10:25','2024-06-26 07:10:25'),(154,'2024-0154','ZKTECO BOTÃO DE SAIDA EX-802/INTERRUPTOR',1,1,1,1,5640.75,'null.png','null.png','null.png',NULL,NULL,NULL,0,'0','0',NULL,1,'2024-06-26 07:11:33','2024-06-26 07:11:33'),(155,'2024-0155','FONTE DE ALIMENTAÇÃO 12v',1,1,1,1,101424.25,'null.png','null.png','null.png',NULL,NULL,NULL,0,'0','0',NULL,1,'2024-06-26 07:13:28','2024-06-26 07:13:28'),(156,'2024-0149','ZKTECO e Hickvison BIOMETRICO BIOMETRICOFACIAL',1,1,1,1,300000,'null.png','null.png','null.png','123',1,'32',0,'0','0',NULL,1,'2024-06-26 07:14:39','2024-06-26 15:40:40'),(157,'2024-0157','Licença Mensal de Software de RH',2,1,1,1,40000,'null.png','null.png','null.png',NULL,NULL,NULL,0,'0','0',NULL,1,'2024-06-26 07:18:29','2024-06-26 08:48:31'),(158,'2024-0158','Biometricos Impressões digitais Hickvison',1,1,1,1,300000,'null.png','null.png','null.png','123',1,'32',0,'0','0',NULL,0,'2024-06-26 07:35:59','2024-06-26 15:39:53'),(159,'2024-0159','Integração do Sistema com Biometrico',2,1,1,1,840000,'null.png','null.png','null.png','123',1,'32',0,'0','0',NULL,1,'2024-06-26 08:22:41','2024-06-26 15:47:53'),(160,'2024-0160','CAIXA DE CABOS UTP CAT6',1,1,1,1,195000,'null.png','null.png','null.png',NULL,NULL,NULL,0,'0','0',NULL,1,'2024-06-26 15:31:47','2024-06-26 15:31:47'),(161,'2024-0161','CONECTORES RJ45 CAT6 PACK',1,1,1,1,195000,'null.png','null.png','null.png','123',1,'3222222222222',0,'0','0',NULL,1,'2024-06-26 15:33:54','2024-06-26 15:33:54'),(162,'2024-0162','PatchCord Cat6 2MTS',1,1,1,1,16900,'null.png','null.png','null.png','4565447',1,'872435632',0,'0','0',NULL,1,'2024-06-26 15:34:50','2024-06-26 15:34:50'),(163,'2024-0163','SERVIÇO DE INSTALAÇÃO BIOMETRICOS',1,1,1,1,65000,'null.png','null.png','null.png','65',1,'34543456463',0,'0','0',NULL,1,'2024-06-26 15:35:48','2024-06-26 15:35:48'),(164,'2024-0164','CAMERA EZVIZ CS-H1C INTERNA (1080)',1,1,1,1,46172.44,'null.png','null.png','null.png','4567',1,'547675654',0,'0','0',NULL,1,'2024-06-27 17:29:15','2024-06-27 17:32:56'),(165,'2024-0165','CARTÃO MEMORIA CS-CMT-CARDT64G-D EZVIZ',1,1,1,1,13254.99,'null.png','null.png','null.png','76',1,'767869789',0,'0','0',NULL,1,'2024-06-27 17:32:27','2024-06-27 17:32:27'),(166,'2024-0166','LICENÇA DEJUNHO',1,1,1,1,17000,'null.png','null.png','null.png',NULL,NULL,NULL,0,'0','0',NULL,1,'2024-06-28 11:57:58','2024-06-28 11:57:58'),(167,'2024-0167','Desenvolvimento de Website',2,1,1,1,245000,'null.png','null.png','null.png',NULL,NULL,NULL,0,'0','0',NULL,1,'2024-06-28 12:08:49','2024-06-28 12:26:55'),(168,'2024-0168','Licença de Julho-Website',2,1,1,1,35000,'null.png','null.png','null.png',NULL,NULL,NULL,0,'0','0',NULL,1,'2024-07-03 08:39:39','2024-07-03 08:39:39'),(169,'2024-0169','LICENÇA DE JULHO',1,1,1,1,42000,'null.png','null.png','null.png',NULL,NULL,NULL,0,'0','0',NULL,1,'2024-07-08 07:29:00','2024-07-08 07:29:00'),(170,'2024-0170','LICENÇA DE MAIO-Soft.Comercial',1,1,1,1,10000,'null.png','null.png','null.png',NULL,NULL,NULL,0,'0','0',NULL,1,'2024-07-08 07:35:47','2024-07-08 07:35:47'),(171,'2024-0171','LICENÇA DE JUNHO-Soft.Comercial',1,1,1,1,10000,'null.png','null.png','null.png',NULL,NULL,NULL,0,'0','0',NULL,1,'2024-07-08 07:36:14','2024-07-08 07:36:14'),(172,'2024-0172','LICENÇA DE JULHO-Soft.Comercial',1,1,1,1,10000,'null.png','null.png','null.png',NULL,NULL,NULL,0,'0','0',NULL,1,'2024-07-08 07:36:46','2024-07-08 07:36:46'),(173,'2024-0173','LICENÇA DE JULHO-SOFT.ESCOLAR',1,1,1,1,25000,'null.png','null.png','null.png',NULL,NULL,NULL,0,'0','0',NULL,1,'2024-07-08 07:43:52','2024-07-08 07:43:52'),(174,'2024-0174','LICENÇA DE JULHO',1,1,1,1,27000,'null.png','null.png','null.png',NULL,NULL,NULL,0,'0','0',NULL,1,'2024-07-08 07:48:35','2024-07-08 07:48:35'),(175,'2024-0175','Lincença de Julho/Software de Restaurante',1,1,1,1,18000,'null.png','null.png','null.png',NULL,NULL,NULL,0,'0','0',NULL,1,'2024-07-08 08:13:13','2024-07-08 08:13:13'),(176,'2024-0176','Licença de Junho/Software de hotel',1,1,1,1,30000,'null.png','null.png','null.png',NULL,NULL,NULL,0,'0','0',NULL,1,'2024-07-08 08:13:49','2024-07-08 08:13:49'),(177,'2024-0177','Licença Cegid Primavera',1,1,1,1,1445469,'null.png','null.png','null.png',NULL,NULL,NULL,0,'0','0',NULL,1,'2024-07-08 16:11:27','2024-07-08 16:11:27'),(178,'2024-0178','Implementação Cegid Primavera',1,1,1,1,1345857,'null.png','null.png','null.png',NULL,NULL,NULL,0,'0','0',NULL,1,'2024-07-08 16:12:27','2024-07-08 16:12:27'),(179,'2024-0179','Licença Mensal Software de RH',1,1,1,1,40000,'null.png','null.png','null.png',NULL,NULL,NULL,0,'0','0',NULL,1,'2024-07-08 16:14:40','2024-07-08 16:14:40'),(180,'2024-0180','Licença Mensal-Software Comercial',1,1,1,1,17000,'null.png','null.png','null.png',NULL,NULL,NULL,0,'0','0',NULL,1,'2024-07-08 16:16:36','2024-07-08 16:16:36'),(181,'2024-0181','Licença mensal Soft. de Gestão Clínico( Pacote Premium )',1,1,1,1,60000,'null.png','null.png','null.png',NULL,1,NULL,0,'0','0',NULL,1,'2024-07-11 16:31:43','2024-07-11 16:32:19'),(182,'2024-0182','Desenvol. de Website Com area administrativa',1,2,1,1,64000,'null.png','null.png','null.png','145',1,NULL,0,'0','0',NULL,1,'2024-07-17 13:29:27','2024-07-17 15:25:11'),(183,'2024-0183','Integrador Primavera e Gestão Clínica',1,1,1,4,110250,'null.png','null.png','null.png',NULL,NULL,NULL,0,'0','0',NULL,1,'2024-07-18 16:27:38','2024-07-19 09:33:25'),(184,'2024-0184','Pagamento Trimestral de Software de Gestão Escolar',1,1,1,1,126000,'null.png','null.png','null.png','67',1,'565',0,'0','0',NULL,1,'2024-07-19 08:43:20','2024-07-19 08:43:20'),(185,'2024-0185','Licença mensal de Software de Facturação.',2,1,1,1,17000,'null.png','null.png','null.png',NULL,NULL,NULL,0,'0','0',NULL,1,'2024-07-23 10:21:46','2024-07-23 10:35:11'),(186,'2024-0186','Licença Trimestarl do Software de Facturação.',2,1,1,1,51000,'null.png','null.png','null.png',NULL,NULL,NULL,0,'0','0',NULL,1,'2024-07-23 11:09:04','2024-07-23 11:09:04'),(187,'2024-0187','Licença mensal de Software de RH',2,1,1,1,40000,'null.png','null.png','null.png',NULL,NULL,NULL,0,'0','0',NULL,1,'2024-07-23 11:11:13','2024-07-23 11:11:13'),(188,'2024-0188','Licença De Website',2,1,1,1,35000,'null.png','null.png','null.png',NULL,NULL,NULL,0,'0','0',NULL,1,'2024-08-02 11:23:44','2024-09-04 11:39:33'),(189,'2024-0189','Licença de Agosto-Website',2,1,1,1,35000,'null.png','null.png','null.png',NULL,NULL,NULL,0,'0','0',NULL,1,'2024-08-02 11:24:26','2024-08-02 11:24:26'),(190,'2024-0190','Licença Mensal Soft. de Gestão Clínico( Recepção, Triagem, Dr.Clinico, Laboratório , faturação)',2,1,1,1,49000,'null.png','null.png','null.png',NULL,NULL,NULL,0,'0','0',NULL,1,'2024-08-07 11:28:48','2024-08-07 11:28:48'),(191,'2024-0191','Licença de Agosto-Soft. Documental',1,1,1,1,237000,'null.png','null.png','null.png',NULL,NULL,NULL,0,'0','0',NULL,1,'2024-08-07 15:48:54','2024-08-07 15:48:54'),(192,'2024-0192','Licença de Agosto-Soft. Comercial',1,1,1,1,237000,'null.png','null.png','null.png',NULL,NULL,NULL,0,'0','0',NULL,1,'2024-08-07 15:49:37','2024-08-07 15:50:00'),(193,'2024-0193','Licença de Agosto',1,1,1,1,42000,'null.png','null.png','null.png',NULL,NULL,NULL,0,'0','0',NULL,1,'2024-08-08 06:50:53','2024-08-08 06:50:53'),(194,'2024-0194','Licença de Agosto',1,1,1,1,15000,'null.png','null.png','null.png',NULL,NULL,NULL,0,'0','0',NULL,1,'2024-08-08 06:55:39','2024-08-08 06:55:39'),(195,'2024-0195','Licença de Setembro',1,1,1,1,15000,'null.png','null.png','null.png',NULL,NULL,NULL,0,'0','0',NULL,1,'2024-08-08 07:01:20','2024-08-08 07:01:20'),(196,'2024-0196','Licença de Outubro',1,1,1,1,15000,'null.png','null.png','null.png',NULL,NULL,NULL,0,'0','0',NULL,1,'2024-08-08 07:01:57','2024-08-08 07:03:53'),(197,'2024-0197','Sof.de faturação e R.H-Licença de Agosto',1,2,1,1,35000,'null.png','null.png','null.png',NULL,NULL,NULL,0,'0','0',NULL,1,'2024-08-08 07:43:11','2024-08-08 07:43:11'),(198,'2024-0198','Sof.de faturação e R.H-Licença de Setembro',1,2,1,1,35000,'null.png','null.png','null.png',NULL,NULL,NULL,0,'0','0',NULL,1,'2024-08-08 07:43:43','2024-08-08 07:43:43'),(199,'2024-0199','Sof.de faturação e R.H-Licença de Outubro',1,2,1,1,35000,'null.png','null.png','null.png',NULL,NULL,NULL,0,'0','0',NULL,1,'2024-08-08 07:44:20','2024-08-08 07:44:20'),(200,'2024-0200','Treinamento Sobre Gestão de Software  2h',2,1,1,1,30000,'null.png','null.png','null.png',NULL,NULL,NULL,0,'0','0',NULL,1,'2024-08-08 09:45:19','2024-08-08 09:45:19'),(201,'2024-0201','ZkTeko - ML300 Fechadura Digital fingerprint with Bluetooth',1,1,1,1,207805,'null.png','null.png','null.png',NULL,NULL,NULL,0,'0','0',NULL,0,'2024-08-08 15:00:00','2024-08-20 13:27:15'),(202,'2024-0202','ZkTeko - TL800 Fechadura Digital fingerprint with Wifi & Camera',1,1,1,1,671370,'null.png','null.png','null.png',NULL,NULL,NULL,0,'0','0',NULL,0,'2024-08-08 15:01:13','2024-08-20 13:27:00'),(203,'2024-0203','Licença Trimestral bom',1,1,1,1,120000,'null.png','null.png','null.png',NULL,NULL,NULL,0,'0','0',NULL,1,'2024-08-09 15:28:31','2024-08-09 15:28:31'),(204,'2024-0203','Licença Trimestral Escolar',1,1,1,1,120000,'null.png','null.png','null.png',NULL,NULL,NULL,0,'0','0',NULL,1,'2024-08-09 15:28:50','2024-08-09 15:28:50'),(205,'2024-0205','Pagamento de Desenvolvidores',2,1,1,1,450000,'null.png','null.png','null.png',NULL,NULL,NULL,0,'0','0',NULL,1,'2024-08-12 08:31:52','2024-08-12 08:31:52'),(206,'2024-0206','Pacote de 3 e-mails coorporativos',1,1,1,1,85000,'null.png','null.png','null.png',NULL,NULL,NULL,0,'0','0',NULL,1,'2024-08-13 09:17:43','2024-08-13 09:23:56'),(207,'2024-0207','Pacote de 5 e-mails coorporativos',1,1,1,1,150000,'null.png','null.png','null.png',NULL,NULL,NULL,0,'0','0',NULL,1,'2024-08-13 09:24:52','2024-08-13 09:24:52'),(208,'2024-0208','Website com 3 e-mails coorporativos',1,1,1,1,350000,'null.png','null.png','null.png',NULL,NULL,NULL,0,'0','0',NULL,1,'2024-08-13 09:25:39','2024-08-13 09:25:39'),(209,'2024-0209','Licença mensal de Software de Facturação',1,1,1,1,10000,'null.png','null.png','null.png',NULL,NULL,NULL,0,'0','0',NULL,1,'2024-08-14 07:45:20','2024-08-14 07:45:20'),(210,'2024-0210','Personalização do Logotipo no Sistema (Trimestral)',2,1,1,1,15000,'null.png','null.png','null.png','3',1,'7788712637',0,'0','0',NULL,1,'2024-08-14 07:49:55','2024-08-14 07:49:55'),(211,'2024-0211','Sof.Faturação/Licença de Agosto',1,1,1,1,10000,'null.png','null.png','null.png',NULL,NULL,NULL,0,'0','0',NULL,1,'2024-08-15 09:07:02','2024-08-15 09:07:02'),(212,'2024-0212','HIKV CONTROLE DE ACESSO DS-K2602T',1,1,1,1,369429.44,'null.png','null.png','null.png',NULL,NULL,NULL,0,'0','0',NULL,0,'2024-08-16 10:30:36','2024-08-20 13:26:36'),(213,'2024-0213','HIKV LEITOR DE CARTAO E IMP. DIGITAL DS-K1201MF',1,1,1,1,214596.17,'null.png','null.png','null.png',NULL,NULL,NULL,0,'0','0',NULL,0,'2024-08-16 10:33:47','2024-08-20 13:26:24'),(214,'2024-0214','ZKTECO FECHADURA MAGNETICA LM-2805',1,1,1,1,84861.98,'null.png','null.png','null.png',NULL,NULL,NULL,0,'0','0',NULL,0,'2024-08-16 10:36:17','2024-08-20 13:26:12'),(215,'2024-0215','ZKTECO SUPORTE PARA FECHADURA LM-2802 E LM-2805 LMB280L + LMB280Z',1,1,1,1,49919.7,'null.png','null.png','null.png',NULL,NULL,NULL,0,'0','0',NULL,0,'2024-08-16 10:37:57','2024-08-20 13:25:58'),(216,'2024-0216','ZKTECO SUPORTE DA FECHADURA MAGNETICA LM-2805-U',1,1,1,1,60951.97,'null.png','null.png','null.png',NULL,NULL,NULL,0,'0','0',NULL,0,'2024-08-16 10:39:51','2024-08-20 13:25:44'),(217,'2024-0217','UDA CARREGADOR 12V2A UDA-C02A-N1',1,1,1,1,3729.56,'null.png','null.png','null.png',NULL,NULL,NULL,0,'0','0',NULL,0,'2024-08-16 10:44:46','2024-08-20 13:25:25'),(218,'2024-0218','ZKTECO BOTAO DE SAIDA/INTERRUPTOR EX-802',1,1,1,1,4869.07,'null.png','null.png','null.png',NULL,NULL,NULL,0,'0','0',NULL,0,'2024-08-16 10:46:59','2024-08-20 13:25:11'),(219,'2024-0219','ZKTECO CAIXA DE BOTAO DE SAIDA ED101',1,1,1,1,54783.38,'null.png','null.png','null.png',NULL,NULL,NULL,0,'0','0',NULL,0,'2024-08-16 10:48:32','2024-08-20 13:24:57'),(220,'2024-0220','HIKV CONTACTO MAGNETICO PARA JANELA DS-PD1-MC-MS',1,1,1,1,20677.7,'null.png','null.png','null.png',NULL,NULL,NULL,0,'0','0',NULL,0,'2024-08-16 10:52:33','2024-08-20 13:24:47'),(221,'2024-0221','HIKV CAMERA DS-2CD2123G2-IU 2.8MM 2MP DOME',1,1,1,1,159759.64,'null.png','null.png','null.png',NULL,NULL,NULL,0,'0','0',NULL,0,'2024-08-16 10:54:25','2024-08-20 13:24:00'),(222,'2024-0222','SEAGATE ST HDD 8TB ST8000VX009',1,1,4,1,543046.75,'null.png','null.png','null.png',NULL,NULL,NULL,0,'0','0',NULL,0,'2024-08-16 10:55:50','2024-08-20 13:23:47'),(223,'2024-0223','HIKV MONITOR DS-D5032HE',1,1,1,1,307310.88,'null.png','null.png','null.png',NULL,NULL,NULL,0,'0','0',NULL,0,'2024-08-16 10:57:23','2024-08-20 13:23:35'),(224,'2024-0224','UDA SWITCH POE DE 24 PS326G-F',1,1,1,1,333247.17,'null.png','null.png','null.png',NULL,NULL,NULL,0,'0','0',NULL,0,'2024-08-16 10:58:49','2024-08-20 13:23:21'),(225,'2024-0225','UDA ARMARIO 12U 600*400*530',1,1,1,1,206640.71,'null.png','null.png','null.png',NULL,NULL,NULL,0,'0','0',NULL,0,'2024-08-16 11:01:23','2024-08-20 13:22:09'),(226,'2024-0226','HIKV SISTEMA DE ALARME DS-19A08-01BNG',1,1,1,1,557112.19,'null.png','null.png','null.png',NULL,NULL,NULL,0,'0','0',NULL,0,'2024-08-16 11:03:03','2024-08-20 13:21:56'),(227,'2024-0227','HIKV TECLADO USB DS-1005KI',1,1,1,1,338137.8,'null.png','null.png','null.png',NULL,NULL,NULL,0,'0','0',NULL,0,'2024-08-16 11:04:28','2024-08-20 13:21:43'),(228,'2024-0228','HIKV DETECTOR DE MOVIMENTO COM FIO DS-PDP18-EG2',1,1,1,1,62862.16,'null.png','null.png','null.png',NULL,NULL,NULL,0,'0','0',NULL,0,'2024-08-16 11:06:34','2024-08-20 13:21:30'),(229,'2024-0229','ZKZ DETECTOR DE FUMAÇA CONVENCIONAL SD-602-2',1,1,1,1,706926,'null.png','null.png','null.png',NULL,NULL,NULL,0,'0','0',NULL,0,'2024-08-16 11:09:31','2024-08-20 13:21:13'),(230,'2024-0230','ZKZ DETECTOR DE CALOR CONVENCIONAL HD-503-2',1,1,1,1,12244.12,'null.png','null.png','null.png',NULL,NULL,NULL,0,'0','0',NULL,0,'2024-08-16 11:10:26','2024-08-20 13:19:50'),(231,'2024-0231','ZKZ REMOTE INDICADOR 681-001',1,1,1,1,55264.85,'null.png','null.png','null.png',NULL,NULL,NULL,0,'0','0',NULL,0,'2024-08-16 11:12:22','2024-08-20 13:19:03'),(232,'2024-0232','32\" LED monitor with HDMI Port and wall mounted bracket',1,1,1,1,329829.11,'null.png','null.png','null.png',NULL,NULL,NULL,0,'0','0',NULL,0,'2024-08-16 11:19:39','2024-08-20 13:18:51'),(233,'2024-0233','HDMI SPLITTER 4 OUTPUT',1,1,1,1,111930,'null.png','null.png','null.png',NULL,NULL,NULL,0,'0','0',NULL,0,'2024-08-16 11:21:15','2024-08-20 13:18:39'),(234,'2024-0234','Conectores rj45 pacote',1,1,1,1,15565.07,'null.png','null.png','null.png',NULL,NULL,NULL,0,'0','0',NULL,0,'2024-08-16 11:25:23','2024-08-20 13:18:25'),(235,'2024-0235','Caixa Cabo de rade Cat6 305Mts',1,1,1,1,414242.88,'null.png','null.png','null.png',NULL,NULL,NULL,0,'0','0',NULL,0,'2024-08-16 11:28:23','2024-08-20 13:18:14'),(236,'2024-0236','HIKV NVR DS-7616NXI-K1 ACUSENSE SERIE',1,1,1,1,198000,'null.png','null.png','null.png',NULL,NULL,NULL,0,'0','0',NULL,0,'2024-08-16 11:29:54','2024-08-20 13:17:58'),(237,'2024-0237','Software de Gestão escolar e Documental',1,1,1,1,15000000,'null.png','null.png','null.png',NULL,NULL,NULL,0,'0','0',NULL,1,'2024-08-19 10:12:31','2024-08-19 10:12:31'),(238,'2024-0238','Software de Gestão Comercial e Faturação',1,1,1,1,10000,'null.png','null.png','null.png',NULL,NULL,NULL,0,'0','0',NULL,1,'2024-08-19 12:35:49','2024-08-19 12:35:49'),(239,'2024-0239','HIKV CONTROLE DE ACESSO DS-K2602T',1,1,1,1,290390.4,'null.png','null.png','null.png',NULL,NULL,NULL,0,'0','0',NULL,1,'2024-08-20 13:30:07','2024-08-21 14:46:21'),(240,'2024-0240','HIKV LEITOR DE CARTAO E IMP. DIGITAL DS-K1201MF',1,1,1,1,179559.47,'null.png','null.png','null.png',NULL,NULL,NULL,0,'0','0',NULL,1,'2024-08-20 13:31:45','2024-08-21 14:17:56'),(241,'2024-0241','ZKTECO FECHADURA MAGNETICA LM-2805',1,1,1,1,20576.71,'null.png','null.png','null.png',NULL,NULL,NULL,0,'0','0',NULL,1,'2024-08-20 13:33:49','2024-08-21 14:18:46'),(242,'2024-0242','ZKTECO SUPORTE PARA FECHADURA LM-2802 E LM-2805 LMB280L + LMB280Z',1,1,1,1,54457.86,'null.png','null.png','null.png',NULL,NULL,NULL,0,'0','0',NULL,1,'2024-08-20 13:34:46','2024-08-21 14:19:19'),(243,'2024-0243','ZKTECO SUPORTE DA FECHADURA MAGNETICA LM-2805-U',1,1,1,1,11923.81,'null.png','null.png','null.png',NULL,NULL,NULL,0,'0','0',NULL,1,'2024-08-20 13:37:17','2024-08-21 14:20:19'),(244,'2024-0244','UDA CARREGADOR 12V2A UDA-C02A-N1',1,1,1,1,4068.61,'null.png','null.png','null.png',NULL,NULL,NULL,0,'0','0',NULL,1,'2024-08-20 13:38:48','2024-08-21 14:21:22'),(245,'2024-0245','ZKTECO BOTAO DE SAIDA/INTERRUPTOR EX-802',1,1,1,1,5311.72,'null.png','null.png','null.png',NULL,NULL,NULL,0,'0','0',NULL,1,'2024-08-20 13:42:48','2024-08-21 14:30:44'),(246,'2024-0246','ZKTECO CAIXA DE BOTAO DE SAIDA ED101',1,1,1,1,1561.39,'null.png','null.png','null.png',NULL,NULL,NULL,0,'0','0',NULL,1,'2024-08-20 13:51:50','2024-08-21 14:32:57'),(247,'2024-0247','HIKV CONTACTO MAGNETICO PARA JANELA DS-PD1-MC-MS',1,1,1,1,16175.33,'null.png','null.png','null.png',NULL,NULL,NULL,0,'0','0',NULL,1,'2024-08-20 13:52:56','2024-08-21 14:33:46'),(248,'2024-0248','HIKV CAMERA DS-2CD2123G2-IU 2.8MM 2MP DOME',1,1,1,1,22557.53,'null.png','null.png','null.png',NULL,NULL,NULL,0,'0','0',NULL,1,'2024-08-20 13:54:11','2024-08-21 14:34:12'),(249,'2024-0249','SEAGATE ST HDD 8TB ST8000VX009',1,1,1,1,598224.32,'null.png','null.png','null.png',NULL,NULL,NULL,0,'0','0',NULL,1,'2024-08-20 13:55:13','2024-08-20 13:55:13'),(250,'2024-0250','HIKV MONITOR DS-D5032HE',1,1,1,1,383918.99,'null.png','null.png','null.png',NULL,NULL,NULL,0,'0','0',NULL,1,'2024-08-20 13:56:19','2024-08-20 13:56:19'),(251,'2024-0251','UDA SWITCH POE DE 24 PS326G-F',1,1,1,1,257497.43,'null.png','null.png','null.png',NULL,NULL,NULL,0,'0','0',NULL,1,'2024-08-20 13:57:24','2024-08-20 13:57:24'),(252,'2024-0252','UDA ARMARIO 12U 600*400*530',1,1,1,1,121186.84,'null.png','null.png','null.png',NULL,NULL,NULL,0,'0','0',NULL,1,'2024-08-20 13:58:52','2024-08-20 15:35:09'),(253,'2024-0253','HIKV SISTEMA DE ALARME DS-19A08-01BNG',1,1,1,1,506005.63,'null.png','null.png','null.png',NULL,NULL,NULL,0,'0','0',NULL,1,'2024-08-20 14:00:04','2024-08-20 14:09:52'),(254,'2024-0254','HIKV TECLADO USB DS-1005KI',1,1,1,1,307398,'null.png','null.png','null.png',NULL,NULL,NULL,0,'0','0',NULL,1,'2024-08-20 14:01:16','2024-08-20 14:09:20'),(255,'2024-0255','HIKV DETECTOR DE MOVIMENTO COM FIO DS-PDP18-EG2',1,1,1,1,11692.88,'null.png','null.png','null.png',NULL,NULL,NULL,0,'0','0',NULL,1,'2024-08-20 14:05:35','2024-08-20 14:08:31'),(256,'2024-0256','HIKV CONTACTO MAGNETICO PARA JANELA DS-PD1-MC-MS',1,1,1,1,18797.94,'null.png','null.png','null.png',NULL,NULL,NULL,0,'0','0',NULL,1,'2024-08-20 14:06:47','2024-08-20 14:07:53'),(257,'2024-0257','ZKZ DETECTOR DE FUMAÇA CONVENCIONAL SD-602-2',1,1,1,1,5972.8,'null.png','null.png','null.png',NULL,NULL,NULL,0,'0','0',NULL,1,'2024-08-20 15:37:06','2024-08-20 15:37:06'),(258,'2024-0258','ZKZ DETECTOR DE CALOR CONVENCIONAL HD-503-2',1,1,1,1,7808.18,'null.png','null.png','null.png',NULL,NULL,NULL,0,'0','0',NULL,1,'2024-08-20 15:38:08','2024-08-20 15:38:08'),(259,'2024-0259','ZKZ REMOTE INDICADOR 681-001',1,1,1,1,4786.75,'null.png','null.png','null.png',NULL,NULL,NULL,0,'0','0',NULL,1,'2024-08-20 15:39:08','2024-08-20 15:39:08'),(260,'2024-0260','32\" LED monitor with HDMI Port and wall mounted bracket',1,1,1,1,208935.56,'null.png','null.png','null.png',NULL,NULL,NULL,0,'0','0',NULL,1,'2024-08-20 15:39:56','2024-08-20 15:39:56'),(261,'2024-0261','HDMI SPLITTER 4 OUTPUT',1,1,1,1,56300,'null.png','null.png','null.png',NULL,NULL,NULL,0,'0','0',NULL,1,'2024-08-20 15:40:41','2024-08-20 15:40:41'),(262,'2024-0262','conectores rj45 pacote',1,1,1,1,14150.07,'null.png','null.png','null.png',NULL,NULL,NULL,0,'0','0',NULL,1,'2024-08-20 15:41:27','2024-08-20 15:41:27'),(263,'2024-0263','Caixa Cabo de rade Cat6 305Mts',1,1,1,1,376584.44,'null.png','null.png','null.png',NULL,NULL,NULL,0,'0','0',NULL,1,'2024-08-20 15:42:10','2024-08-20 15:42:10'),(264,'2024-0264','HIKV NVR DS-7616NXI-K1 ACUSENSE SERIE',1,1,1,1,180000,'null.png','null.png','null.png',NULL,NULL,NULL,0,'0','0',NULL,1,'2024-08-20 15:42:49','2024-08-20 15:42:49'),(265,'2024-0265','Bosch 4 zone conventional fire panel',1,1,1,1,839091.52,'null.png','null.png','null.png','12',1,NULL,0,'0','0',NULL,1,'2024-08-21 09:37:40','2024-08-21 12:58:42'),(266,'2024-0266','Bosch Detector de fumo Convencional',1,1,1,1,70135.23,'null.png','null.png','null.png','443',NULL,NULL,0,'0','0',NULL,1,'2024-08-21 09:38:21','2024-08-21 12:57:47'),(267,'2024-0267','Bosch Detector Termico',1,1,1,1,53621.95,'null.png','null.png','null.png','7867',1,NULL,0,'0','0',NULL,1,'2024-08-21 09:39:44','2024-08-21 12:56:03'),(268,'2024-0268','Bosch Base p/ Detector',1,1,1,1,9004.65,'null.png','null.png','null.png','897',NULL,NULL,0,'0','0',NULL,1,'2024-08-21 09:40:24','2024-08-21 12:55:07'),(269,'2024-0269','Bosch Botoneira Incendio Convencional',1,1,1,1,64165.08,'null.png','null.png','null.png','78978',NULL,NULL,0,'0','0',NULL,1,'2024-08-21 09:41:02','2024-08-21 12:54:03'),(270,'2024-0270','Bosch FNM-320-FRD Sounder, Flush-mount, Red',1,1,1,1,110583.52,'null.png','null.png','null.png','0989',NULL,NULL,0,'0','0',NULL,1,'2024-08-21 09:41:47','2024-08-21 12:52:52'),(271,'2024-0271','Bosch Sinalizador Luminoso',1,1,1,1,48183.41,'null.png','null.png','null.png','87078',NULL,NULL,0,'0','0',NULL,1,'2024-08-21 09:42:18','2024-08-21 12:51:37'),(272,'2024-0272','100 metros de cabos para conexões aos detectores',1,1,1,1,190361.65,'null.png','null.png','null.png','78987',NULL,NULL,0,'0','0',NULL,1,'2024-08-21 09:42:54','2024-08-21 12:49:12'),(273,'2024-0273','Bosch Instalação e Programação',1,1,1,1,821477.65,'null.png','null.png','null.png','342',NULL,NULL,0,'0','0',NULL,1,'2024-08-21 09:43:25','2024-08-21 12:50:16'),(274,'2024-0274','Software de oficina',1,1,1,1,30000,'null.png','null.png','null.png',NULL,NULL,NULL,0,'0','0',NULL,1,'2024-08-23 08:43:50','2024-08-23 08:43:50'),(275,'2024-0275','Integração de Facturação e oficina',1,1,1,1,80000,'null.png','null.png','null.png',NULL,NULL,NULL,0,'0','0',NULL,1,'2024-08-23 08:49:14','2024-08-23 08:49:14'),(276,'2024-0276','Pagamento da comissão de 15%/Software de faturação',1,1,1,1,18000,'null.png','null.png','null.png',NULL,NULL,NULL,0,'0','0',NULL,1,'2024-08-27 12:15:18','2024-08-27 12:15:18'),(277,'2024-0276','Pagamento da comissão de 15%/Software de faturação',1,1,1,1,18000,'null.png','null.png','null.png',NULL,NULL,NULL,0,'0','0',NULL,1,'2024-08-27 12:16:49','2024-08-27 12:16:49'),(278,'2024-0278','Serviços',1,1,1,1,932796.3,'null.png','null.png','null.png',NULL,NULL,NULL,0,'0','0',NULL,1,'2024-09-02 12:13:01','2024-09-02 12:18:33'),(279,'2024-0279','Licença Evolution Plus - Sub Anual - 3 Utilizadores 2 Empresas',1,1,1,1,1217203.7,'null.png','null.png','null.png',NULL,NULL,NULL,0,'0','0',NULL,1,'2024-09-02 12:15:13','2024-09-02 12:15:13'),(280,'2024-0280','Software de Gestão escolar',1,1,1,1,28000,'null.png','null.png','null.png',NULL,NULL,NULL,0,'0','0',NULL,1,'2024-09-03 07:03:41','2024-09-03 07:07:08'),(281,'2024-0281','Licença de setembro',1,1,1,1,25000,'null.png','null.png','null.png',NULL,NULL,NULL,0,'0','0',NULL,1,'2024-09-05 07:15:59','2024-09-05 07:16:29'),(282,'2024-0281','Licença de setembro',1,1,1,1,25000,'null.png','null.png','null.png',NULL,NULL,NULL,0,'0','0',NULL,0,'2024-09-05 07:16:00','2024-09-05 07:16:00'),(283,'2024-0281','Licença de setembro',1,1,1,1,25000,'null.png','null.png','null.png',NULL,NULL,NULL,0,'0','0',NULL,0,'2024-09-05 07:16:03','2024-09-05 07:16:03'),(284,'2024-0284','Licença de setembro',1,1,1,1,15000,'null.png','null.png','null.png',NULL,NULL,NULL,0,'0','0',NULL,0,'2024-09-05 12:05:20','2024-09-05 12:05:20'),(285,'2024-0284','Licença de setembro',1,1,1,1,15000,'null.png','null.png','null.png',NULL,NULL,NULL,0,'0','0',NULL,1,'2024-09-05 12:05:22','2024-09-05 12:05:40'),(286,'2024-0286','Sistema de Refeitório',1,1,1,1,2300000,'null.png','null.png','null.png','4',1,NULL,0,'0','0',NULL,1,'2024-09-06 07:45:09','2024-09-06 07:45:09'),(287,'2024-0287','Formação Primavera Módulo Contabilidade',1,1,1,1,70000,'null.png','null.png','null.png',NULL,NULL,NULL,0,'0','0',NULL,1,'2024-09-06 13:21:30','2024-09-06 13:21:30'),(288,'2024-0288','Formação Primavera Módulo Logística e Tesouraria',1,1,1,1,40000,'null.png','null.png','null.png',NULL,NULL,NULL,0,'0','0',NULL,1,'2024-09-06 13:22:36','2024-09-06 13:22:36'),(289,'2024-0289','Formação Primavera Módulo Recurso Humanos',1,1,1,1,60000,'null.png','null.png','null.png',NULL,NULL,NULL,0,'0','0',NULL,1,'2024-09-06 13:24:19','2024-09-06 13:24:19'),(290,'2024-0290','Formação Primavera Módulo vendas',1,1,1,1,40000,'null.png','null.png','null.png',NULL,NULL,NULL,0,'0','0',NULL,1,'2024-09-06 13:24:58','2024-09-06 13:24:58'),(291,'2024-0291','Deslocação e estadia',1,1,1,1,50000,'null.png','null.png','null.png',NULL,NULL,NULL,0,'0','0',NULL,1,'2024-09-06 13:25:53','2024-09-06 13:25:53'),(292,'2024-0292','Software de Gestão Escolar',1,1,1,1,4000000,'null.png','null.png','null.png',NULL,NULL,NULL,0,'0','0',NULL,1,'2024-09-11 05:39:40','2024-09-11 05:39:40'),(293,'2024-0293','Chatbot',1,1,1,1,1700000,'null.png','null.png','null.png',NULL,NULL,NULL,0,'0','0',NULL,1,'2024-09-11 05:40:51','2024-09-11 05:40:51'),(294,'2024-0294','Licença mensal Soft. de Gestão de R.H',1,1,1,1,30000,'null.png','null.png','null.png',NULL,NULL,NULL,0,'0','0',NULL,1,'2024-09-13 08:43:08','2024-09-13 08:43:08'),(295,'2024-0295','Licença mensal Soft. de Gestão e faturação',1,1,1,1,10000,'null.png','null.png','null.png',NULL,NULL,NULL,0,'0','0',NULL,1,'2024-09-13 08:43:39','2024-09-13 08:43:39'),(296,'2024-0296','Desenvolvimento de Aplicativo Para aluguer de Trator e Prestação de serviços médicos',2,2,1,1,15000000000,'null.png','null.png','null.png',NULL,NULL,NULL,0,'0','0',NULL,1,'2024-09-20 12:10:18','2024-09-20 12:56:33'),(297,'2024-0297','Licença mensal Soft. de RH',1,1,1,1,30000,'null.png','null.png','null.png',NULL,NULL,NULL,0,'0','0',NULL,1,'2024-09-25 13:34:15','2024-09-25 13:34:15'),(298,'2024-0298','Licença de Setembro-Website',1,1,1,1,35000,'null.png','null.png','null.png',NULL,NULL,NULL,0,'0','0',NULL,1,'2024-09-30 11:24:20','2024-09-30 11:24:20'),(299,'2024-0299','Licença de Outubro-Website',1,1,1,1,35000,'null.png','null.png','null.png',NULL,NULL,NULL,0,'0','0',NULL,1,'2024-09-30 11:25:20','2024-09-30 11:34:14'),(300,'2024-0300','Licença de Novembro-Website',1,1,1,1,35000,'null.png','null.png','null.png',NULL,NULL,NULL,0,'0','0',NULL,1,'2024-09-30 11:26:03','2024-09-30 11:26:03'),(301,'2024-0301','Licença de Dezembro-Website',1,1,1,1,35000,'null.png','null.png','null.png',NULL,NULL,NULL,0,'0','0',NULL,1,'2024-09-30 11:27:07','2024-09-30 11:27:07'),(302,'2024-0302','Licença de outubro para o sistema de desporto',1,1,1,1,450000,'null.png','null.png','null.png',NULL,NULL,NULL,0,'0','0',NULL,1,'2024-10-03 13:55:27','2024-10-03 13:55:27'),(303,'2024-0303','Pagamento percentual do Website',1,1,1,1,100000,'null.png','null.png','null.png',NULL,NULL,NULL,0,'0','0',NULL,1,'2024-10-08 09:36:24','2024-10-08 09:36:24'),(304,'2024-0304','Criação de E-commerce',1,1,1,1,600000,'null.png','null.png','null.png',NULL,NULL,NULL,0,'0','0',NULL,1,'2024-10-08 16:33:14','2024-10-08 16:33:14'),(305,'2024-0305','Plataforma digital para comunicação do evento Angola Mining Award.',2,1,1,1,1300000,'null.png','null.png','null.png',NULL,NULL,NULL,0,'0','0',NULL,1,'2024-10-21 09:06:51','2024-10-22 11:19:46'),(306,'2024-0306','Sistema de Refeitório',2,1,1,1,800000,'null.png','null.png','null.png',NULL,NULL,NULL,0,'0','0',NULL,1,'2024-10-21 14:15:10','2024-10-21 14:15:10'),(307,'2024-0307','Licença de Novembro-Website',2,2,1,1,60000,'null.png','null.png','null.png',NULL,NULL,NULL,0,'0','0',NULL,1,'2024-10-30 09:20:19','2024-10-30 09:20:19'),(308,'2024-0308','Licença de Dezembro-Website',1,2,1,1,60000,'null.png','null.png','null.png',NULL,NULL,NULL,0,'0','0',NULL,1,'2024-10-30 09:21:07','2024-10-30 09:21:07'),(309,'2024-0309','Licença Trimestral de Website(Novembro, Dezembro e Janeiro)',1,1,1,1,35000,'null.png','null.png','null.png',NULL,NULL,NULL,0,'0','0',NULL,1,'2024-11-06 09:18:28','2024-11-06 09:23:50'),(310,'2024-0310','Formação de Atendimento ao Público',1,1,1,1,120000,'null.png','null.png','null.png',NULL,NULL,NULL,0,'0','0',NULL,1,'2024-11-06 13:21:36','2024-11-06 13:21:36'),(311,'2024-0311','Deslocação/Formação Atentimento ao Público',1,1,1,1,100000,'null.png','null.png','null.png',NULL,NULL,NULL,0,'0','0',NULL,1,'2024-11-06 13:23:02','2024-11-06 13:29:47'),(312,'2024-0312','Formação Pacote Microsoft 365',1,1,1,1,203000,'null.png','null.png','null.png',NULL,NULL,NULL,0,'0','0',NULL,1,'2024-11-06 13:27:12','2024-11-06 13:27:12'),(313,'2024-0313','Deslocação/Formação de Pacote Microssoft 365',1,1,1,1,100000,'null.png','null.png','null.png',NULL,NULL,NULL,0,'0','0',NULL,1,'2024-11-06 13:31:08','2024-11-06 13:31:08'),(314,'2024-0314','Licença de 9 Meses de Web Site',2,1,1,1,35000,'null.png','null.png','null.png',NULL,NULL,NULL,0,'0','0',NULL,1,'2024-11-06 14:16:14','2024-11-06 14:16:14');
/*!40000 ALTER TABLE `artigos` ENABLE KEYS */;
UNLOCK TABLES;

--
-- Table structure for table `bancos`
--

DROP TABLE IF EXISTS `bancos`;
/*!40101 SET @saved_cs_client     = @@character_set_client */;
/*!40101 SET character_set_client = utf8 */;
CREATE TABLE `bancos` (
  `id` bigint(20) unsigned NOT NULL AUTO_INCREMENT,
  `nome` varchar(191) NOT NULL,
  `numero` varchar(191) NOT NULL,
  `iban` varchar(191) NOT NULL,
  `swift` varchar(191) DEFAULT NULL,
  `created_at` timestamp NULL DEFAULT NULL,
  `updated_at` timestamp NULL DEFAULT NULL,
  PRIMARY KEY (`id`)
) ENGINE=InnoDB AUTO_INCREMENT=2 DEFAULT CHARSET=utf8mb4 COLLATE=utf8mb4_unicode_ci;
/*!40101 SET character_set_client = @saved_cs_client */;

--
-- Dumping data for table `bancos`
--

LOCK TABLES `bancos` WRITE;
/*!40000 ALTER TABLE `bancos` DISABLE KEYS */;
INSERT INTO `bancos` VALUES (1,'BANCO BAI','246559417.10.001','0040.0000.4655.9417.1011.4','ATOMO TECNOLOGIA E SISTEMA, LDA','2023-07-05 10:29:53','2024-01-26 10:11:28');
/*!40000 ALTER TABLE `bancos` ENABLE KEYS */;
UNLOCK TABLES;

--
-- Table structure for table `bugs`
--

DROP TABLE IF EXISTS `bugs`;
/*!40101 SET @saved_cs_client     = @@character_set_client */;
/*!40101 SET character_set_client = utf8 */;
CREATE TABLE `bugs` (
  `id` bigint(20) unsigned NOT NULL AUTO_INCREMENT,
  `descricao` text NOT NULL,
  `status` enum('Pendente','Em Andamento','Resolvido') NOT NULL DEFAULT 'Pendente',
  `criador_id` bigint(20) unsigned NOT NULL,
  `executor_id` bigint(20) unsigned DEFAULT NULL,
  `created_at` timestamp NULL DEFAULT NULL,
  `updated_at` timestamp NULL DEFAULT NULL,
  PRIMARY KEY (`id`),
  KEY `bugs_criador_id_foreign` (`criador_id`),
  KEY `bugs_executor_id_foreign` (`executor_id`),
  CONSTRAINT `bugs_criador_id_foreign` FOREIGN KEY (`criador_id`) REFERENCES `users` (`id`),
  CONSTRAINT `bugs_executor_id_foreign` FOREIGN KEY (`executor_id`) REFERENCES `users` (`id`)
) ENGINE=InnoDB DEFAULT CHARSET=utf8mb4 COLLATE=utf8mb4_unicode_ci;
/*!40101 SET character_set_client = @saved_cs_client */;

--
-- Dumping data for table `bugs`
--

LOCK TABLES `bugs` WRITE;
/*!40000 ALTER TABLE `bugs` DISABLE KEYS */;
/*!40000 ALTER TABLE `bugs` ENABLE KEYS */;
UNLOCK TABLES;

--
-- Table structure for table `categorias`
--

DROP TABLE IF EXISTS `categorias`;
/*!40101 SET @saved_cs_client     = @@character_set_client */;
/*!40101 SET character_set_client = utf8 */;
CREATE TABLE `categorias` (
  `id` bigint(20) unsigned NOT NULL AUTO_INCREMENT,
  `codigo` varchar(191) DEFAULT NULL,
  `designacao` varchar(191) DEFAULT NULL,
  `descricao` varchar(191) DEFAULT NULL,
  `status` tinyint(1) DEFAULT NULL,
  `created_at` timestamp NULL DEFAULT NULL,
  `updated_at` timestamp NULL DEFAULT NULL,
  PRIMARY KEY (`id`)
) ENGINE=InnoDB AUTO_INCREMENT=5 DEFAULT CHARSET=utf8mb4 COLLATE=utf8mb4_unicode_ci;
/*!40101 SET character_set_client = @saved_cs_client */;

--
-- Dumping data for table `categorias`
--

LOCK TABLES `categorias` WRITE;
/*!40000 ALTER TABLE `categorias` DISABLE KEYS */;
INSERT INTO `categorias` VALUES (1,'0001','Diverso','I wouldn\'t be.',1,NULL,NULL),(4,'0002','Angola Telecom',NULL,1,'2024-01-24 12:55:28','2024-01-24 12:55:28');
/*!40000 ALTER TABLE `categorias` ENABLE KEYS */;
UNLOCK TABLES;

--
-- Table structure for table `clientes`
--

DROP TABLE IF EXISTS `clientes`;
/*!40101 SET @saved_cs_client     = @@character_set_client */;
/*!40101 SET character_set_client = utf8 */;
CREATE TABLE `clientes` (
  `id` bigint(20) unsigned NOT NULL AUTO_INCREMENT,
  `codigo` varchar(191) DEFAULT NULL,
  `designacao` varchar(191) DEFAULT NULL,
  `contribuinte` varchar(191) DEFAULT NULL,
  `zona` varchar(191) DEFAULT NULL,
  `identificacao` varchar(191) DEFAULT NULL,
  `observacao` varchar(191) DEFAULT NULL,
  `imagem` varchar(191) DEFAULT NULL,
  `status` tinyint(1) DEFAULT NULL,
  `id_endereco` bigint(20) unsigned DEFAULT NULL,
  `id_contacto` bigint(20) unsigned DEFAULT NULL,
  `created_at` timestamp NULL DEFAULT NULL,
  `updated_at` timestamp NULL DEFAULT NULL,
  PRIMARY KEY (`id`),
  KEY `clientes_id_endereco_foreign` (`id_endereco`),
  KEY `clientes_id_contacto_foreign` (`id_contacto`),
  CONSTRAINT `clientes_id_contacto_foreign` FOREIGN KEY (`id_contacto`) REFERENCES `contactos` (`id`) ON DELETE CASCADE,
  CONSTRAINT `clientes_id_endereco_foreign` FOREIGN KEY (`id_endereco`) REFERENCES `enderecos` (`id`) ON DELETE CASCADE
) ENGINE=InnoDB AUTO_INCREMENT=128 DEFAULT CHARSET=utf8mb4 COLLATE=utf8mb4_unicode_ci;
/*!40101 SET character_set_client = @saved_cs_client */;

--
-- Dumping data for table `clientes`
--

LOCK TABLES `clientes` WRITE;
/*!40000 ALTER TABLE `clientes` DISABLE KEYS */;
INSERT INTO `clientes` VALUES (1,'2023-0001','Consumidor Final','Consumidor Final',NULL,NULL,NULL,'null.png',1,1,1,NULL,NULL),(2,'2023-0002','PRECIOSA & SILVA, LDA','5417426288',NULL,NULL,NULL,'1688557203.jpg',1,2,2,'2023-07-05 11:40:03','2023-07-05 11:40:03'),(3,'2023-0003','GRUPO MF & F NEGÓCIOS, LDA(COMPLEXO ESCOLAR ESTRELA DOURADA)','5417275735',NULL,NULL,NULL,'1688557631.png',1,3,3,'2023-07-05 11:47:11','2024-02-23 08:27:12'),(4,'2023-0004','Melo TE E Filhos-Comércio A Grosso E Retalho,Lda','5417663077',NULL,NULL,NULL,'1688557744.jpg',1,4,4,'2023-07-05 11:49:04','2023-07-05 11:49:04'),(5,'2023-0005','I.M.T.P De Saúde Silva E Águas','5417061891',NULL,NULL,NULL,'1688558756.jpg',1,5,5,'2023-07-05 12:05:56','2023-07-05 12:05:56'),(6,'2023-0006','SUCESSO DA VIDA COMERCIO GERAL & PRESTAÇÃO DE SERVIÇOS, LDA','5001457195',NULL,NULL,NULL,'null.png',1,6,6,'2023-07-05 12:11:21','2023-07-05 12:11:21'),(7,'2023-0007','Organozaçôes Biluca E Filhos','5402160023',NULL,NULL,NULL,'1688559296.jpg',1,7,7,'2023-07-05 12:14:56','2023-07-05 12:14:56'),(8,'2023-0008','SIRIUM Comércio E Prestação De Serviços Lda','5417508322',NULL,NULL,NULL,'1688559458.jpg',1,8,8,'2023-07-05 12:17:38','2023-07-05 12:17:38'),(9,'2023-0009','Consultório Natural Fonte De Vida','5000668397',NULL,NULL,NULL,'1689693691.jpg',1,9,9,'2023-07-05 12:19:01','2023-07-18 15:21:31'),(10,'2023-0010','CHURASCO DA AVÓ MILÚ','5484074312',NULL,NULL,NULL,'1688560163.jpg',1,10,10,'2023-07-05 12:29:23','2023-07-05 12:29:23'),(11,'2023-0011','Kafunga Ghet','5001348515',NULL,NULL,NULL,'1689693642.jpg',1,11,11,'2023-07-05 12:32:47','2024-03-12 14:26:26'),(12,'2023-0012','ATJ-AGOSTINHO TÓMAS JOÃO COMERCIO GERAL & PRESTAÇÃO DE SERVIÇOS','00518119ME049',NULL,NULL,NULL,'null.png',0,12,12,'2023-07-05 12:37:27','2023-07-05 12:37:27'),(13,'2023-0013','JOANA CAXALA-CENTRO MEDICO','5000426644',NULL,NULL,NULL,'1689693760.jpg',1,13,13,'2023-07-05 12:38:23','2023-07-18 15:22:40'),(14,'2023-0014','K.BIT FARMA','5000828742',NULL,NULL,NULL,'1688560988.png',1,14,14,'2023-07-05 12:42:33','2023-07-05 12:43:08'),(15,'2023-0015','K.Pembele-INDÚSTRIA Lda','5484025940',NULL,NULL,NULL,'null.png',1,15,15,'2023-07-05 13:53:47','2023-07-05 13:53:59'),(16,'2023-0016','COMPLEXO ESCOLAR PRIVADO IDEAL','2405068087',NULL,NULL,NULL,'1689694392.jpg',1,16,16,'2023-07-18 15:33:12','2023-07-18 15:33:12'),(17,'2023-0017','COMPLEXO ESCOLAR PRIVADO TARIMBA','9999999999',NULL,NULL,NULL,'null.png',1,17,17,'2023-07-27 09:02:05','2023-07-27 09:02:05'),(18,'2023-0018','COMPLEXO ESCOLAR PRIVADO JINGA SARA','9999999',NULL,NULL,NULL,'null.png',1,18,18,'2023-08-01 09:38:44','2023-08-01 09:38:44'),(19,'2023-0019','ADLYSSAL, LDA','5417535460',NULL,NULL,NULL,'null.png',1,19,19,'2023-08-02 14:23:02','2023-08-02 14:23:02'),(20,'2023-0020','BECLAMAN EMPRENDIMENTO E PRESTAÇÃO E SERVIÇO(COLÉGIO CULTUS)','5417626562',NULL,NULL,NULL,'1691164967.png',1,20,20,'2023-08-04 16:02:47','2023-08-04 16:02:47'),(21,'2023-0021','INSTITUTO TÉCNICO PRIVADO DE SAÚDE VICTOR MATEUS HUAMBO','2121024999',NULL,NULL,NULL,'null.png',1,21,21,'2023-08-04 16:06:04','2023-08-04 16:06:04'),(22,'2023-0022','CENTRO MÉDICO FUPA MANA E FILHOS','99999999',NULL,NULL,NULL,'null.png',1,22,22,'2023-08-08 14:20:48','2023-08-08 14:20:48'),(23,'2023-0023','CLÍNICA ROSYMED','5417029815',NULL,NULL,NULL,'null.png',1,23,23,'2023-08-09 15:05:09','2024-07-19 09:50:43'),(24,'2023-0024','Centro Médico Tecas','999999999',NULL,NULL,NULL,'null.png',1,24,24,'2023-08-14 10:25:52','2023-08-14 10:25:52'),(25,'2023-0024','Centro Médico Tecas e Filhos','999999999',NULL,NULL,NULL,'null.png',1,25,25,'2023-08-14 10:25:58','2023-08-14 10:30:38'),(26,'2023-0026','K.WILLIAM-PRESTAÇÃO DE SERVIÇO E COMERCIO (SU), LDA','5001504312',NULL,NULL,NULL,'1694179133.jpg',1,26,26,'2023-09-08 13:18:53','2023-09-08 13:18:53'),(27,'2023-0027','XANK-COMÉRCIO E PRESTAÇÃO DE SERVIÇOS, (SU), LDA','5000658316',NULL,NULL,NULL,'null.png',1,27,27,'2023-09-14 09:23:15','2023-09-14 09:23:15'),(28,'2023-0028','COMERCIO E PRESTAÇÃO DE SERVIÇOS (SU), LDA LEANDRO DOS SANTOS','5001202332',NULL,NULL,NULL,'null.png',1,28,28,'2023-10-11 11:00:39','2023-10-11 11:00:39'),(29,'2023-0029','AASCS-EPT','5001484591',NULL,NULL,NULL,'1697584044.jpg',1,29,29,'2023-10-17 23:07:24','2023-10-18 01:57:48'),(30,'2023-0030','valdimiro','0000233la045',NULL,NULL,NULL,'null.png',0,30,30,'2023-10-18 12:45:18','2024-09-06 07:49:41'),(31,'2023-0031','valdimiro','0000233la045',NULL,NULL,NULL,'null.png',0,31,31,'2023-10-18 12:47:40','2024-09-06 07:42:36'),(32,'2023-0032','Alfa Limitada  AC','009124324LA042',NULL,NULL,NULL,'null.png',1,32,32,'2023-10-25 11:58:03','2023-10-25 11:58:03'),(33,'2023-0033','Soluções EC-Prestação de Serviços','5001328875',NULL,NULL,NULL,'null.png',1,33,33,'2023-10-25 11:59:24','2023-10-25 11:59:24'),(34,'2023-0034','Centro infantil o cantinho da Purezinha','9999999999',NULL,NULL,NULL,'null.png',1,34,34,'2023-11-13 07:44:35','2023-11-13 07:44:35'),(35,'2023-0035','Completo Escolar Privado Massoneka','000027462BO024',NULL,NULL,NULL,'null.png',1,35,35,'2023-11-16 10:25:51','2023-11-16 10:25:51'),(36,'2023-0036','Clínica Alfavida','5000139777',NULL,NULL,NULL,'null.png',1,36,36,'2023-11-16 14:26:03','2023-11-16 14:26:03'),(37,'2023-0037','Merdibana, Lda','9999999999',NULL,NULL,NULL,'null.png',1,37,37,'2023-11-20 07:48:29','2023-11-23 01:53:32'),(38,'2023-0038','Colégio Humbertico','999999999',NULL,NULL,NULL,'null.png',1,38,38,'2023-11-21 16:42:58','2023-11-21 16:42:58'),(39,'2023-0039','Auto Control - Centro Automotivo Comércio e Serviços, Lda.','5000416355',NULL,NULL,NULL,'null.png',1,39,39,'2023-12-01 08:59:12','2023-12-01 08:59:12'),(40,'2023-0040','Data Cloud – Contabilidade Digital, Lda','5000611247',NULL,NULL,NULL,'null.png',1,40,40,'2023-12-01 14:06:29','2023-12-01 14:14:54'),(41,'2023-0041','Timóteo Ulika Su Lda','NIF 5417306770',NULL,NULL,NULL,'null.png',1,41,41,'2023-12-07 17:24:18','2023-12-07 17:24:18'),(42,'2023-0042','Colégio Albert Einstein','5401043481',NULL,NULL,NULL,'1702041255.png',1,42,42,'2023-12-08 13:14:15','2023-12-08 13:14:15'),(43,'2023-0043','COLÉGIO PADOM','000207404ZE036',NULL,NULL,NULL,'null.png',1,43,43,'2023-12-16 12:59:28','2023-12-16 13:12:55'),(44,'2023-0044','Agrishow Angola Comércio Geral, Lda','5417368547',NULL,NULL,NULL,'null.png',1,44,44,'2023-12-21 09:51:24','2023-12-21 09:51:24'),(45,'2024-0045','FerRB','00786599KS046',NULL,NULL,NULL,'null.png',1,45,45,'2024-01-16 09:29:12','2024-01-16 09:29:12'),(46,'2024-0046','ZENTRAL, LDA','500 004 9964',NULL,NULL,NULL,'null.png',1,46,46,'2024-01-16 15:11:54','2024-01-16 15:11:54'),(47,'2024-0047','Ndua  Prestação de Serviços e Segurança Privada','5000399345',NULL,NULL,NULL,'null.png',1,47,47,'2024-01-22 07:53:45','2024-01-22 07:53:45'),(48,'2024-0048','Chitali comercial Lda','5000489522',NULL,NULL,NULL,'null.png',1,48,48,'2024-01-22 11:43:59','2024-01-22 11:43:59'),(49,'2024-0049','Clinica Amada','99999999',NULL,NULL,NULL,'null.png',1,49,49,'2024-01-22 16:02:27','2024-01-22 16:02:27'),(50,'2024-0050','MSCLA','99999999',NULL,NULL,NULL,'null.png',1,50,50,'2024-01-24 08:08:49','2024-01-24 08:08:49'),(51,'2024-0051','Buena Ficha e Filhos, Lda','5301038761',NULL,NULL,NULL,'null.png',1,51,51,'2024-01-24 09:22:52','2024-01-24 09:22:52'),(52,'2024-0052','Centro Médico Saúde é Vida','5480016628',NULL,NULL,NULL,'null.png',1,52,52,'2024-01-25 13:35:05','2024-01-25 13:36:25'),(53,'2024-0053','CLINICA VIDAMED','5417333476',NULL,NULL,NULL,'null.png',1,53,53,'2024-01-26 10:07:17','2024-01-26 10:07:17'),(54,'2024-0054','Farmácia Nobreza','2402329670',NULL,NULL,NULL,'null.png',1,54,54,'2024-02-02 14:03:07','2024-02-02 14:03:07'),(55,'2024-0055','Clinica Nobreza','5417400769',NULL,NULL,NULL,'null.png',1,55,55,'2024-02-02 14:03:35','2024-02-02 14:03:35'),(56,'2024-0056','Novo Cliente',NULL,NULL,NULL,NULL,'null.png',1,56,56,'2024-02-06 15:02:37','2024-02-06 15:02:37'),(57,'2024-0057','LICENÇA MENSAL DE NOVEMBRO','9999999999',NULL,NULL,NULL,'null.png',1,57,57,'2024-02-09 12:15:10','2024-02-09 12:15:10'),(58,'2024-0058','Complexo Escolar Privado Nzungu Sagrada','5080000619',NULL,NULL,NULL,'null.png',1,58,58,'2024-02-09 16:48:01','2024-02-09 16:48:01'),(59,'2024-0059','Ndua - Construções-Comércio e Prestação de Serviços (SU) , Lda','5000399345',NULL,NULL,NULL,'null.png',1,59,59,'2024-02-14 12:30:30','2024-02-14 12:30:30'),(60,'2024-0060','Basiaelia, Lda','5417270946',NULL,NULL,NULL,'null.png',1,60,60,'2024-02-15 12:11:50','2024-02-15 12:11:50'),(61,'2024-0061','Grupo Moreira FN','5417356026',NULL,NULL,NULL,'null.png',1,61,61,'2024-02-19 13:27:19','2024-02-19 13:27:19'),(62,'2024-0062','Teste','5000658316',NULL,NULL,NULL,'null.png',1,62,62,'2024-03-01 15:42:35','2024-03-01 15:44:16'),(63,'2024-0063','Tomas Manuel','0072500045',NULL,NULL,NULL,'null.png',1,63,63,'2024-03-06 08:23:09','2024-03-06 08:23:09'),(64,'2024-0064','Massive Dynamic, Projetos, Instalações Técnicas e Avac, Lda.','5420000253',NULL,NULL,NULL,'null.png',1,64,64,'2024-03-07 09:24:59','2024-03-07 09:31:58'),(65,'2024-0065','INSTITUTO MEDIO DE TECNOLOGIA, LINGUAS, CULTURAS E CIENCIAS, LDA.','5000428515',NULL,NULL,NULL,'null.png',1,65,65,'2024-03-20 14:35:20','2024-03-20 14:35:20'),(66,'2024-0066','SUCESSO DA VIDA COMERCIO GERAL & PRESTAÇÃO DE SERVIÇOS, LDA','123',NULL,NULL,NULL,'null.png',1,66,66,'2024-03-23 15:28:14','2024-03-23 15:28:14'),(67,'2024-0067','GRUPO BRAÇOS E FILHOS,','5417001066',NULL,NULL,NULL,'null.png',1,67,67,'2024-03-23 16:20:31','2024-03-23 16:20:31'),(68,'2024-0068','ENJURECA - ENGENHARIA DE INCÊNDIO, LIMITADA','5901022432',NULL,NULL,NULL,'null.png',1,68,68,'2024-04-10 15:52:39','2024-04-10 15:52:39'),(69,'2024-0069','DUPLAS DMP INVESTMENT, LD','5417421839',NULL,NULL,NULL,'null.png',1,69,69,'2024-04-12 09:24:31','2024-04-12 09:24:31'),(70,'2024-0070','Cooperativa Agro-pecuária Cambambe Ex-Militar Do Seles, R.L','5001352792',NULL,NULL,NULL,'null.png',1,70,70,'2024-04-13 12:20:52','2024-04-13 12:20:52'),(71,'2024-0071','Nova Geração','5417650030',NULL,NULL,NULL,'null.png',1,71,71,'2024-04-18 16:40:07','2024-04-18 16:40:07'),(72,'2024-0072','NGUENDALELIE COMERCIO E EDUCAÇÃO','5000098060',NULL,NULL,NULL,'null.png',1,72,72,'2024-04-19 15:43:11','2024-04-19 15:43:11'),(73,'2024-0073','Imparcial Mediação de Seguros','5001620215',NULL,NULL,NULL,'null.png',1,73,73,'2024-05-02 09:01:25','2024-05-02 09:01:25'),(74,'2024-0074','JWMA Comércio e Serviços (SU), Lda','548004068',NULL,NULL,NULL,'null.png',1,74,74,'2024-05-03 06:36:44','2024-05-03 06:36:44'),(75,'2024-0075','Vila Chilala','999',NULL,NULL,NULL,'null.png',1,75,75,'2024-05-06 10:37:55','2024-05-06 10:37:55'),(76,'2024-0076','Organizações Milfred, Lda','5417033553',NULL,NULL,NULL,'null.png',1,76,76,'2024-05-07 11:46:22','2024-05-07 11:46:22'),(77,'2024-0077','ECO-ESTUDA COMIGO - COMÉRCIO E SERVIÇOS, LDA','5001720619',NULL,NULL,NULL,'null.png',1,77,77,'2024-05-14 12:37:59','2024-05-14 12:37:59'),(78,'2024-0078','ISA SAÚDE LDA','5484087325',NULL,NULL,NULL,'null.png',1,78,78,'2024-05-20 06:22:48','2024-05-20 06:22:48'),(79,'2024-0079','Centro Médico Saúde É Vida','5480016628',NULL,NULL,NULL,'null.png',1,79,79,'2024-05-27 11:00:11','2024-05-27 11:00:11'),(80,'2024-0080','OA Delcio Recicláveis & Indústria Lda','5000425940',NULL,NULL,NULL,'null.png',1,80,80,'2024-05-27 12:41:50','2024-07-03 08:48:22'),(81,'2024-0081','P.M Neves  Comérci Geral SU, Lda','5000638579',NULL,NULL,NULL,'null.png',1,81,81,'2024-05-28 10:47:05','2024-05-28 10:47:05'),(82,'2024-0082','Eunice Capricho, Lda','5484011019',NULL,NULL,NULL,'null.png',1,82,82,'2024-05-28 11:15:08','2024-05-28 11:15:08'),(83,'2024-0083','DOMINAGEL COMERCIO E PRESTAÇÃO DE SERVIÇOS LDA','5001571109',NULL,NULL,NULL,'null.png',1,83,83,'2024-06-05 08:23:04','2024-06-05 08:23:04'),(84,'2024-0084','SOCIEDADE ANGOLANA DE GESTÃO URBANA - SAGEUB','5001102451',NULL,NULL,NULL,'null.png',1,84,84,'2024-06-17 12:43:29','2024-06-17 12:43:29'),(85,'2024-0085','Black Bull','5000037141',NULL,NULL,NULL,'null.png',1,85,85,'2024-06-26 07:00:57','2024-06-26 07:00:57'),(86,'2024-0086','AFRIZONA PRESTAÇÃO DE SERVIÇOS','5000421162',NULL,NULL,NULL,'null.png',1,86,86,'2024-06-26 07:15:45','2024-06-26 07:15:45'),(87,'2024-0087','Big Bro Entertainment','009468873LA040',NULL,NULL,NULL,'null.png',1,87,87,'2024-06-28 12:04:19','2024-06-28 12:04:19'),(88,'2024-0088','Lookgreen SA','999999999',NULL,NULL,NULL,'null.png',1,88,88,'2024-07-08 16:13:37','2024-07-08 16:13:37'),(89,'2024-0089','Alex Nvuama comércio e prestação de serviços','5001322788',NULL,NULL,NULL,'null.png',1,89,89,'2024-07-09 11:35:07','2024-07-09 11:35:07'),(90,'2024-0090','Clinica Alfavida','999999999',NULL,NULL,NULL,'null.png',1,90,90,'2024-07-11 16:32:58','2024-07-11 16:32:58'),(91,'2024-0091','SALO.TT-PRESTAÇÃO DE SERVIÇOS, LDA','5000913626',NULL,NULL,NULL,'null.png',1,91,91,'2024-07-17 13:28:06','2024-07-17 13:28:06'),(92,'2024-0092','ERIC SOUSA PROJECTOS E FISCALIZAÇÃO LDA','5000249459',NULL,NULL,NULL,'null.png',1,92,92,'2024-07-17 14:13:26','2024-07-17 14:13:26'),(93,'2024-0093','Organizações Manuel Kassule Lda','5417251194',NULL,NULL,NULL,'null.png',1,93,93,'2024-07-23 10:14:27','2024-07-23 10:14:27'),(94,'2024-0094','Rádio Prenda','5480022776',NULL,NULL,NULL,'null.png',1,94,94,'2024-07-23 11:05:56','2024-07-23 11:05:56'),(95,'2024-0095','Terazone- prestação de serviços, LDa','5000023345',NULL,NULL,NULL,'null.png',1,95,95,'2024-07-24 07:46:09','2024-07-24 07:46:09'),(96,'2024-0096','Centro Hospitalar Alice Piedade','5000507091',NULL,NULL,NULL,'null.png',1,96,96,'2024-08-07 11:24:57','2024-08-07 11:24:57'),(97,'2024-0096','Centro Hospitalar Alice Piedade','5000507091',NULL,NULL,NULL,'null.png',1,97,97,'2024-08-07 11:24:57','2024-08-07 11:24:57'),(98,'2024-0098','EXECUTIVOS,LDA','5001593749',NULL,NULL,NULL,'null.png',1,98,98,'2024-08-08 09:46:42','2024-08-08 09:46:42'),(99,'2024-0099','SCHELLMAN COMERCIO E PRESTAÇÃO DE SERVIÇOS, LDA','5001458035',NULL,NULL,NULL,'null.png',1,99,99,'2024-08-08 14:58:00','2024-08-08 14:58:00'),(100,'2024-0100','COLÉGIO KALABO INTERNACIONAL','5001058312',NULL,NULL,NULL,'null.png',1,100,100,'2024-08-09 15:27:13','2024-08-09 15:27:13'),(101,'2024-0101','INAMA - RS, LDA','5417117455',NULL,NULL,NULL,'null.png',1,101,101,'2024-08-12 08:28:07','2024-08-12 08:28:07'),(102,'2024-0102','AGRIUM CORPORATION, LDA','5417357804',NULL,NULL,NULL,'null.png',1,102,102,'2024-08-13 09:15:23','2024-08-13 09:15:23'),(103,'2024-0103','B.Perdigão Comercial LDA','5000221090',NULL,NULL,NULL,'null.png',1,103,103,'2024-08-14 07:41:09','2024-08-14 07:41:09'),(104,'2024-0104','Ricardo Barbante','038278346123',NULL,NULL,NULL,'null.png',1,104,104,'2024-08-16 10:04:33','2024-08-16 10:04:33'),(105,'2024-0105','TIS TECH ANGOLA','5420001756',NULL,NULL,NULL,'null.png',1,105,105,'2024-08-19 08:30:57','2024-08-19 08:30:57'),(106,'2024-0106','SUSHI SUKI- Prestação de serviço e comércio Geral, LDA','5000735116',NULL,NULL,NULL,'null.png',0,106,106,'2024-08-19 12:33:50','2024-09-20 17:12:30'),(107,'2024-0107','Novo','11111111111111111',NULL,NULL,'Liguei hije-Constantino Ulima-21/06/2024\r\nVistei o cliente na sua empresa-Angelina De Sousa -22/0','null.png',1,107,107,'2024-08-21 07:45:45','2024-08-21 07:45:45'),(108,'2024-0108','Global VFS','5417535966',NULL,NULL,NULL,'null.png',1,108,108,'2024-08-21 12:27:33','2024-08-21 12:27:33'),(109,'2024-0109','Mariscos & Pescado','004963124LA045',NULL,NULL,NULL,'null.png',1,109,109,'2024-08-21 15:29:52','2024-08-21 15:29:52'),(110,'2024-0110','SUSHI SUKI- Prestação de serviço e comércio Geral, LDA','5000735116',NULL,NULL,NULL,'null.png',0,110,110,'2024-08-22 10:51:05','2024-08-22 10:51:05'),(111,'2024-0111','Diniz Oficinas Multimarcas, Lda','5000570265',NULL,NULL,NULL,'null.png',1,111,111,'2024-08-23 08:41:39','2024-08-23 08:41:39'),(112,'2024-0112','Kaden Investimentos, Lda','5001133047',NULL,NULL,'Anacleto parceiro e revendedor dos Softwares de faturação.','null.png',1,112,112,'2024-08-27 11:35:17','2024-08-27 11:35:17'),(113,'2024-0113','Complexo escolar privado wayanda','00249438HA031',NULL,NULL,NULL,'null.png',1,113,113,'2024-09-03 07:02:33','2024-09-03 07:02:33'),(114,'2024-0114','NAK ENERGY OLI & GAS, LDA','5417145078',NULL,NULL,NULL,'null.png',1,114,114,'2024-09-04 11:09:25','2024-09-04 11:09:25'),(115,'2024-0115','Socigráfica Sociedade de Comércio e Indústria Gráfica, Lda','5401114125',NULL,NULL,NULL,'null.png',1,115,115,'2024-09-05 06:48:11','2024-10-03 09:09:58'),(116,'2024-0116','QG KONSTRUKTION, GMBH-SUCURSALL ANGOLA','5417683477',NULL,NULL,NULL,'null.png',1,116,116,'2024-09-06 07:21:48','2024-09-06 07:22:57'),(117,'2024-0117','Vanilson Marcelino','999999999',NULL,NULL,NULL,'null.png',1,117,117,'2024-09-06 13:28:10','2024-09-06 13:28:10'),(118,'2024-0118','Resilience 360','5000820520',NULL,NULL,NULL,'null.png',1,118,118,'2024-09-13 08:44:15','2024-09-13 08:44:15'),(119,'2024-0119','C.PROVIDER-COMERCIO GERAL,LDA','5000652415',NULL,NULL,NULL,'null.png',1,119,119,'2024-09-13 13:04:04','2024-09-13 13:04:04'),(120,'2024-0120','Dilson B.M Destino','999999999',NULL,NULL,NULL,'null.png',1,120,120,'2024-09-20 11:14:29','2024-09-20 11:14:29'),(121,'2024-0121','UNIKAMBAS-SOLUÇÕES TECNOLOGICAS','5000907537',NULL,NULL,NULL,'null.png',1,121,121,'2024-09-25 13:28:15','2024-09-25 13:28:15'),(122,'2024-0122','Kessenge e Irmãos, Lda','5000807990',NULL,NULL,NULL,'null.png',1,122,122,'2024-10-07 16:46:20','2024-10-07 16:46:20'),(123,'2024-0123','Ponto Star','5000537314',NULL,NULL,NULL,'null.png',1,123,123,'2024-10-08 09:00:04','2024-10-08 09:00:04'),(124,'2024-0124','7voltas su lda','5417430226',NULL,NULL,NULL,'null.png',1,124,124,'2024-10-17 09:15:04','2024-10-17 09:15:04'),(125,'2024-0125','Bumbar Prestação de Serviços LDA','5403104240',NULL,NULL,NULL,'null.png',1,125,125,'2024-10-21 09:02:14','2024-10-21 09:02:14'),(126,'2024-0126','CARMARGIB LDA','5000723932',NULL,NULL,NULL,'null.png',1,126,126,'2024-10-23 07:49:52','2024-10-23 07:49:52'),(127,'2024-0127','ALONSUUS- COMERCIO GERAL, LDA','5403011021',NULL,NULL,NULL,'null.png',1,127,127,'2024-11-06 12:58:32','2024-11-06 12:58:32');
/*!40000 ALTER TABLE `clientes` ENABLE KEYS */;
UNLOCK TABLES;

--
-- Table structure for table `condicoes_pagamentos`
--

DROP TABLE IF EXISTS `condicoes_pagamentos`;
/*!40101 SET @saved_cs_client     = @@character_set_client */;
/*!40101 SET character_set_client = utf8 */;
CREATE TABLE `condicoes_pagamentos` (
  `id` bigint(20) unsigned NOT NULL AUTO_INCREMENT,
  `codigo` varchar(191) DEFAULT NULL,
  `designacao` varchar(191) DEFAULT NULL,
  `descricao` varchar(191) DEFAULT NULL,
  `status` tinyint(1) DEFAULT NULL,
  `created_at` timestamp NULL DEFAULT NULL,
  `updated_at` timestamp NULL DEFAULT NULL,
  PRIMARY KEY (`id`)
) ENGINE=InnoDB AUTO_INCREMENT=6 DEFAULT CHARSET=utf8mb4 COLLATE=utf8mb4_unicode_ci;
/*!40101 SET character_set_client = @saved_cs_client */;

--
-- Dumping data for table `condicoes_pagamentos`
--

LOCK TABLES `condicoes_pagamentos` WRITE;
/*!40000 ALTER TABLE `condicoes_pagamentos` DISABLE KEYS */;
INSERT INTO `condicoes_pagamentos` VALUES (1,NULL,'Pronto Pagemento',NULL,NULL,NULL,NULL),(2,NULL,'30 Dias',NULL,NULL,NULL,NULL),(3,NULL,'60 Dias',NULL,NULL,NULL,NULL),(4,NULL,'90 Dias',NULL,NULL,NULL,NULL),(5,NULL,'120 Dias',NULL,NULL,NULL,NULL);
/*!40000 ALTER TABLE `condicoes_pagamentos` ENABLE KEYS */;
UNLOCK TABLES;

--
-- Table structure for table `contactos`
--

DROP TABLE IF EXISTS `contactos`;
/*!40101 SET @saved_cs_client     = @@character_set_client */;
/*!40101 SET character_set_client = utf8 */;
CREATE TABLE `contactos` (
  `id` bigint(20) unsigned NOT NULL AUTO_INCREMENT,
  `telemovel` varchar(191) DEFAULT NULL,
  `contacto` varchar(191) DEFAULT NULL,
  `telefone` varchar(191) DEFAULT NULL,
  `fax` varchar(191) DEFAULT NULL,
  `email` varchar(191) DEFAULT NULL,
  `facebook` varchar(191) DEFAULT NULL,
  `whatsapp` varchar(191) DEFAULT NULL,
  `skype` varchar(191) DEFAULT NULL,
  `twitter` varchar(191) DEFAULT NULL,
  `linkedin` varchar(191) DEFAULT NULL,
  `website` varchar(191) DEFAULT NULL,
  `created_at` timestamp NULL DEFAULT NULL,
  `updated_at` timestamp NULL DEFAULT NULL,
  PRIMARY KEY (`id`)
) ENGINE=InnoDB AUTO_INCREMENT=128 DEFAULT CHARSET=utf8 COLLATE=utf8_general_ci;
/*!40101 SET character_set_client = @saved_cs_client */;

--
-- Dumping data for table `contactos`
--

LOCK TABLES `contactos` WRITE;
/*!40000 ALTER TABLE `contactos` DISABLE KEYS */;
INSERT INTO `contactos` VALUES (1,'943454745','943454745','943454745',NULL,'geral@atomo.co.ao','Atomo Tecnologias e Sistema','924815729',NULL,'Atomo Tecnologias & Inovação','Atomo Tecnologias e Inovação','https://atomo.co.ao/',NULL,NULL),(2,NULL,NULL,NULL,NULL,NULL,NULL,NULL,NULL,NULL,NULL,NULL,NULL,NULL),(3,NULL,NULL,NULL,NULL,NULL,NULL,NULL,NULL,NULL,NULL,NULL,NULL,NULL),(4,NULL,NULL,NULL,NULL,NULL,NULL,NULL,NULL,NULL,NULL,NULL,NULL,NULL),(5,NULL,NULL,NULL,NULL,NULL,NULL,NULL,NULL,NULL,NULL,NULL,NULL,NULL),(6,NULL,NULL,NULL,NULL,NULL,NULL,NULL,NULL,NULL,NULL,NULL,NULL,NULL),(7,NULL,NULL,NULL,NULL,NULL,NULL,NULL,NULL,NULL,NULL,NULL,NULL,NULL),(8,NULL,NULL,NULL,NULL,NULL,NULL,NULL,NULL,NULL,NULL,NULL,NULL,NULL),(9,NULL,NULL,NULL,NULL,NULL,NULL,NULL,NULL,NULL,NULL,NULL,NULL,NULL),(10,NULL,NULL,NULL,NULL,NULL,NULL,NULL,NULL,NULL,NULL,NULL,NULL,NULL),(11,NULL,NULL,NULL,NULL,NULL,NULL,NULL,NULL,NULL,NULL,NULL,NULL,NULL),(12,NULL,NULL,NULL,NULL,NULL,NULL,NULL,NULL,NULL,NULL,NULL,NULL,NULL),(13,NULL,NULL,NULL,NULL,NULL,NULL,NULL,NULL,NULL,NULL,NULL,NULL,NULL),(14,NULL,NULL,NULL,NULL,NULL,NULL,NULL,NULL,NULL,NULL,NULL,NULL,NULL),(15,NULL,NULL,NULL,NULL,NULL,NULL,NULL,NULL,NULL,NULL,NULL,NULL,NULL),(16,'931348059','931348059','931348059',NULL,'colegioideal81@gmail.com','COMPLEXO ESCOLAR PRIVADO IDEAL','931348059',NULL,NULL,NULL,NULL,NULL,NULL),(17,NULL,NULL,NULL,NULL,NULL,NULL,NULL,NULL,NULL,NULL,NULL,NULL,NULL),(18,NULL,NULL,NULL,NULL,NULL,NULL,NULL,NULL,NULL,NULL,NULL,NULL,NULL),(19,NULL,NULL,NULL,NULL,NULL,NULL,NULL,NULL,NULL,NULL,NULL,NULL,NULL),(20,NULL,NULL,NULL,NULL,NULL,NULL,NULL,NULL,NULL,NULL,NULL,NULL,NULL),(21,NULL,NULL,NULL,NULL,NULL,NULL,NULL,NULL,NULL,NULL,NULL,NULL,NULL),(22,NULL,NULL,NULL,NULL,NULL,NULL,NULL,NULL,NULL,NULL,NULL,NULL,NULL),(23,NULL,NULL,NULL,NULL,NULL,NULL,NULL,NULL,NULL,NULL,NULL,NULL,NULL),(24,NULL,NULL,NULL,NULL,NULL,NULL,NULL,NULL,NULL,NULL,NULL,NULL,NULL),(25,NULL,NULL,NULL,NULL,NULL,NULL,NULL,NULL,NULL,NULL,NULL,NULL,NULL),(26,NULL,NULL,NULL,NULL,NULL,NULL,NULL,NULL,NULL,NULL,NULL,NULL,NULL),(27,NULL,NULL,NULL,NULL,NULL,NULL,NULL,NULL,NULL,NULL,NULL,NULL,NULL),(28,NULL,NULL,NULL,NULL,NULL,NULL,NULL,NULL,NULL,NULL,NULL,NULL,NULL),(29,NULL,NULL,NULL,NULL,NULL,NULL,NULL,NULL,NULL,NULL,NULL,NULL,NULL),(30,NULL,NULL,NULL,NULL,NULL,NULL,NULL,NULL,NULL,NULL,NULL,NULL,NULL),(31,NULL,NULL,NULL,NULL,NULL,NULL,NULL,NULL,NULL,NULL,NULL,NULL,NULL),(32,NULL,NULL,NULL,NULL,NULL,NULL,NULL,NULL,NULL,NULL,NULL,NULL,NULL),(33,NULL,NULL,NULL,NULL,NULL,NULL,NULL,NULL,NULL,NULL,NULL,NULL,NULL),(34,NULL,NULL,NULL,NULL,NULL,NULL,NULL,NULL,NULL,NULL,NULL,NULL,NULL),(35,NULL,NULL,NULL,NULL,NULL,NULL,NULL,NULL,NULL,NULL,NULL,NULL,NULL),(36,NULL,NULL,NULL,NULL,NULL,NULL,NULL,NULL,NULL,NULL,NULL,NULL,NULL),(37,NULL,NULL,NULL,NULL,NULL,NULL,NULL,NULL,NULL,NULL,NULL,NULL,NULL),(38,NULL,NULL,NULL,NULL,NULL,NULL,NULL,NULL,NULL,NULL,NULL,NULL,NULL),(39,NULL,NULL,NULL,NULL,NULL,NULL,NULL,NULL,NULL,NULL,NULL,NULL,NULL),(40,'+244 925338553','+244 925338553','+244 925338553',NULL,NULL,NULL,'+244 925338553',NULL,NULL,NULL,NULL,NULL,NULL),(41,'+244 937 162 235','+244 937 162 235','+244 937 162 235',NULL,NULL,NULL,'+244 937 162 235',NULL,NULL,NULL,NULL,NULL,NULL),(42,NULL,NULL,NULL,NULL,NULL,NULL,NULL,NULL,NULL,NULL,NULL,NULL,NULL),(43,NULL,NULL,NULL,NULL,NULL,NULL,NULL,NULL,NULL,NULL,NULL,NULL,NULL),(44,NULL,NULL,NULL,NULL,NULL,NULL,NULL,NULL,NULL,NULL,NULL,NULL,NULL),(45,NULL,NULL,NULL,NULL,'rodriguesbernardofernando@gmail.com',NULL,NULL,NULL,NULL,NULL,NULL,NULL,NULL),(46,NULL,NULL,NULL,NULL,NULL,NULL,NULL,NULL,NULL,NULL,NULL,NULL,NULL),(47,NULL,NULL,NULL,NULL,NULL,NULL,NULL,NULL,NULL,NULL,NULL,NULL,NULL),(48,NULL,NULL,NULL,NULL,NULL,NULL,NULL,NULL,NULL,NULL,NULL,NULL,NULL),(49,NULL,NULL,NULL,NULL,NULL,NULL,NULL,NULL,NULL,NULL,NULL,NULL,NULL),(50,NULL,NULL,NULL,NULL,NULL,NULL,NULL,NULL,NULL,NULL,NULL,NULL,NULL),(51,NULL,NULL,NULL,NULL,NULL,NULL,NULL,NULL,NULL,NULL,NULL,NULL,NULL),(52,NULL,NULL,NULL,NULL,NULL,NULL,NULL,NULL,NULL,NULL,NULL,NULL,NULL),(53,NULL,NULL,NULL,NULL,NULL,NULL,NULL,NULL,NULL,NULL,NULL,NULL,NULL),(54,NULL,NULL,NULL,NULL,NULL,NULL,NULL,NULL,NULL,NULL,NULL,NULL,NULL),(55,NULL,NULL,NULL,NULL,NULL,NULL,NULL,NULL,NULL,NULL,NULL,NULL,NULL),(56,NULL,NULL,NULL,NULL,NULL,NULL,NULL,NULL,NULL,NULL,NULL,NULL,NULL),(57,NULL,NULL,NULL,NULL,NULL,NULL,NULL,NULL,NULL,NULL,NULL,NULL,NULL),(58,NULL,NULL,NULL,NULL,NULL,NULL,NULL,NULL,NULL,NULL,NULL,NULL,NULL),(59,NULL,NULL,NULL,NULL,NULL,NULL,NULL,NULL,NULL,NULL,NULL,NULL,NULL),(60,NULL,NULL,NULL,NULL,NULL,NULL,NULL,NULL,NULL,NULL,NULL,NULL,NULL),(61,NULL,NULL,NULL,NULL,NULL,NULL,NULL,NULL,NULL,NULL,NULL,NULL,NULL),(62,NULL,NULL,NULL,NULL,NULL,NULL,NULL,NULL,NULL,NULL,NULL,NULL,NULL),(63,NULL,NULL,NULL,NULL,NULL,NULL,NULL,NULL,NULL,NULL,NULL,NULL,NULL),(64,NULL,NULL,NULL,NULL,NULL,NULL,NULL,NULL,NULL,NULL,NULL,NULL,NULL),(65,NULL,NULL,NULL,NULL,NULL,NULL,NULL,NULL,NULL,NULL,NULL,NULL,NULL),(66,NULL,NULL,NULL,NULL,NULL,NULL,NULL,NULL,NULL,NULL,NULL,NULL,NULL),(67,NULL,NULL,NULL,NULL,NULL,NULL,NULL,NULL,NULL,NULL,NULL,NULL,NULL),(68,NULL,NULL,NULL,NULL,NULL,NULL,NULL,NULL,NULL,NULL,NULL,NULL,NULL),(69,NULL,NULL,NULL,NULL,NULL,NULL,NULL,NULL,NULL,NULL,NULL,NULL,NULL),(70,NULL,NULL,NULL,NULL,NULL,NULL,NULL,NULL,NULL,NULL,NULL,NULL,NULL),(71,NULL,NULL,NULL,NULL,NULL,NULL,NULL,NULL,NULL,NULL,NULL,NULL,NULL),(72,NULL,NULL,NULL,NULL,NULL,NULL,NULL,NULL,NULL,NULL,NULL,NULL,NULL),(73,NULL,NULL,NULL,NULL,NULL,NULL,NULL,NULL,NULL,NULL,NULL,NULL,NULL),(74,NULL,NULL,NULL,NULL,NULL,NULL,NULL,NULL,NULL,NULL,NULL,NULL,NULL),(75,NULL,NULL,NULL,NULL,NULL,NULL,NULL,NULL,NULL,NULL,NULL,NULL,NULL),(76,NULL,NULL,NULL,NULL,NULL,NULL,NULL,NULL,NULL,NULL,NULL,NULL,NULL),(77,NULL,NULL,NULL,NULL,NULL,NULL,NULL,NULL,NULL,NULL,NULL,NULL,NULL),(78,NULL,NULL,NULL,NULL,NULL,NULL,NULL,NULL,NULL,NULL,NULL,NULL,NULL),(79,NULL,NULL,NULL,NULL,NULL,NULL,NULL,NULL,NULL,NULL,NULL,NULL,NULL),(80,NULL,NULL,NULL,NULL,NULL,NULL,NULL,NULL,NULL,NULL,NULL,NULL,NULL),(81,NULL,NULL,NULL,NULL,NULL,NULL,NULL,NULL,NULL,NULL,NULL,NULL,NULL),(82,NULL,NULL,NULL,NULL,NULL,NULL,NULL,NULL,NULL,NULL,NULL,NULL,NULL),(83,NULL,NULL,NULL,NULL,NULL,NULL,NULL,NULL,NULL,NULL,NULL,NULL,NULL),(84,NULL,NULL,NULL,NULL,NULL,NULL,NULL,NULL,NULL,NULL,NULL,NULL,NULL),(85,NULL,NULL,NULL,NULL,NULL,NULL,NULL,NULL,NULL,NULL,NULL,NULL,NULL),(86,NULL,NULL,NULL,NULL,NULL,NULL,NULL,NULL,NULL,NULL,NULL,NULL,NULL),(87,NULL,NULL,NULL,NULL,NULL,NULL,NULL,NULL,NULL,NULL,NULL,NULL,NULL),(88,NULL,NULL,NULL,NULL,NULL,NULL,NULL,NULL,NULL,NULL,NULL,NULL,NULL),(89,NULL,NULL,NULL,NULL,NULL,NULL,NULL,NULL,NULL,NULL,NULL,NULL,NULL),(90,NULL,NULL,NULL,NULL,NULL,NULL,NULL,NULL,NULL,NULL,NULL,NULL,NULL),(91,NULL,NULL,NULL,NULL,NULL,NULL,NULL,NULL,NULL,NULL,NULL,NULL,NULL),(92,NULL,NULL,NULL,NULL,NULL,NULL,NULL,NULL,NULL,NULL,NULL,NULL,NULL),(93,NULL,NULL,NULL,NULL,NULL,NULL,NULL,NULL,NULL,NULL,NULL,NULL,NULL),(94,NULL,NULL,NULL,NULL,NULL,NULL,NULL,NULL,NULL,NULL,NULL,NULL,NULL),(95,'937 023 866','937 023 866','937 023 866',NULL,NULL,NULL,NULL,NULL,NULL,NULL,NULL,NULL,NULL),(96,NULL,NULL,NULL,NULL,NULL,NULL,NULL,NULL,NULL,NULL,NULL,NULL,NULL),(97,NULL,NULL,NULL,NULL,NULL,NULL,NULL,NULL,NULL,NULL,NULL,NULL,NULL),(98,NULL,NULL,NULL,NULL,NULL,NULL,NULL,NULL,NULL,NULL,NULL,NULL,NULL),(99,NULL,NULL,NULL,NULL,NULL,NULL,NULL,NULL,NULL,NULL,NULL,NULL,NULL),(100,NULL,NULL,NULL,NULL,NULL,NULL,NULL,NULL,NULL,NULL,NULL,NULL,NULL),(101,NULL,NULL,NULL,NULL,NULL,NULL,NULL,NULL,NULL,NULL,NULL,NULL,NULL),(102,NULL,NULL,NULL,NULL,NULL,NULL,NULL,NULL,NULL,NULL,NULL,NULL,NULL),(103,NULL,NULL,NULL,NULL,NULL,NULL,NULL,NULL,NULL,NULL,NULL,NULL,NULL),(104,'934375566','934375566','934375566',NULL,NULL,NULL,NULL,NULL,NULL,NULL,NULL,NULL,NULL),(105,NULL,NULL,NULL,NULL,NULL,NULL,NULL,NULL,NULL,NULL,NULL,NULL,NULL),(106,NULL,NULL,NULL,NULL,NULL,NULL,NULL,NULL,NULL,NULL,NULL,NULL,NULL),(107,NULL,NULL,NULL,NULL,NULL,NULL,NULL,NULL,NULL,NULL,NULL,NULL,NULL),(108,NULL,NULL,NULL,NULL,NULL,NULL,NULL,NULL,NULL,NULL,NULL,NULL,NULL),(109,NULL,NULL,NULL,NULL,NULL,NULL,NULL,NULL,NULL,NULL,NULL,NULL,NULL),(110,NULL,NULL,NULL,NULL,NULL,NULL,NULL,NULL,NULL,NULL,NULL,NULL,NULL),(111,NULL,NULL,NULL,NULL,NULL,NULL,NULL,NULL,NULL,NULL,NULL,NULL,NULL),(112,NULL,NULL,NULL,NULL,NULL,NULL,NULL,NULL,NULL,NULL,NULL,NULL,NULL),(113,NULL,NULL,NULL,NULL,NULL,NULL,NULL,NULL,NULL,NULL,NULL,NULL,NULL),(114,NULL,NULL,NULL,NULL,NULL,NULL,NULL,NULL,NULL,NULL,NULL,NULL,NULL),(115,NULL,NULL,NULL,NULL,NULL,NULL,NULL,NULL,NULL,NULL,NULL,NULL,NULL),(116,NULL,NULL,NULL,NULL,NULL,NULL,NULL,NULL,NULL,NULL,NULL,NULL,NULL),(117,NULL,NULL,NULL,NULL,NULL,NULL,NULL,NULL,NULL,NULL,NULL,NULL,NULL),(118,NULL,NULL,NULL,NULL,NULL,NULL,NULL,NULL,NULL,NULL,NULL,NULL,NULL),(119,NULL,NULL,NULL,NULL,NULL,NULL,NULL,NULL,NULL,NULL,NULL,NULL,NULL),(120,NULL,NULL,NULL,NULL,NULL,NULL,NULL,NULL,NULL,NULL,NULL,NULL,NULL),(121,NULL,NULL,NULL,NULL,NULL,NULL,NULL,NULL,NULL,NULL,NULL,NULL,NULL),(122,NULL,NULL,NULL,NULL,NULL,NULL,NULL,NULL,NULL,NULL,NULL,NULL,NULL),(123,NULL,NULL,NULL,NULL,NULL,NULL,NULL,NULL,NULL,NULL,NULL,NULL,NULL),(124,NULL,NULL,NULL,NULL,NULL,NULL,NULL,NULL,NULL,NULL,NULL,NULL,NULL),(125,NULL,NULL,NULL,NULL,NULL,NULL,NULL,NULL,NULL,NULL,NULL,NULL,NULL),(126,NULL,NULL,NULL,NULL,NULL,NULL,NULL,NULL,NULL,NULL,NULL,NULL,NULL),(127,NULL,NULL,NULL,NULL,NULL,NULL,NULL,NULL,NULL,NULL,NULL,NULL,NULL);
/*!40000 ALTER TABLE `contactos` ENABLE KEYS */;
UNLOCK TABLES;

--
-- Table structure for table `departamentos`
--

DROP TABLE IF EXISTS `departamentos`;
/*!40101 SET @saved_cs_client     = @@character_set_client */;
/*!40101 SET character_set_client = utf8 */;
CREATE TABLE `departamentos` (
  `id` bigint(20) unsigned NOT NULL AUTO_INCREMENT,
  `codigo` varchar(191) DEFAULT NULL,
  `designacao` varchar(191) DEFAULT NULL,
  `descricao` varchar(191) DEFAULT NULL,
  `status` tinyint(1) DEFAULT NULL,
  `created_at` timestamp NULL DEFAULT NULL,
  `updated_at` timestamp NULL DEFAULT NULL,
  PRIMARY KEY (`id`)
) ENGINE=InnoDB AUTO_INCREMENT=4 DEFAULT CHARSET=utf8mb4 COLLATE=utf8mb4_unicode_ci;
/*!40101 SET character_set_client = @saved_cs_client */;

--
-- Dumping data for table `departamentos`
--

LOCK TABLES `departamentos` WRITE;
/*!40000 ALTER TABLE `departamentos` DISABLE KEYS */;
INSERT INTO `departamentos` VALUES (1,'0001','Administração','Administração',1,NULL,'2023-11-14 15:11:56'),(2,'0001','Gestão','Gestão',1,NULL,NULL),(3,'0001','Vendas','Vendas',1,NULL,NULL);
/*!40000 ALTER TABLE `departamentos` ENABLE KEYS */;
UNLOCK TABLES;

--
-- Table structure for table `empresas`
--

DROP TABLE IF EXISTS `empresas`;
/*!40101 SET @saved_cs_client     = @@character_set_client */;
/*!40101 SET character_set_client = utf8 */;
CREATE TABLE `empresas` (
  `id` bigint(20) unsigned NOT NULL AUTO_INCREMENT,
  `designacao` varchar(191) NOT NULL,
  `nif` varchar(191) NOT NULL,
  `registo_comercial` varchar(191) DEFAULT NULL,
  `data_fundacao` date NOT NULL,
  `csocial` varchar(191) DEFAULT NULL,
  `representante` varchar(191) NOT NULL,
  `ndi_rep` varchar(191) NOT NULL,
  `descricao` varchar(191) DEFAULT NULL,
  `foto` varchar(191) DEFAULT NULL,
  `status` tinyint(1) DEFAULT NULL,
  `id_endereco` bigint(20) unsigned NOT NULL,
  `id_contacto` bigint(20) unsigned NOT NULL,
  `created_at` timestamp NULL DEFAULT NULL,
  `updated_at` timestamp NULL DEFAULT NULL,
  PRIMARY KEY (`id`),
  KEY `empresas_id_endereco_foreign` (`id_endereco`),
  KEY `empresas_id_contacto_foreign` (`id_contacto`),
  CONSTRAINT `empresas_id_contacto_foreign` FOREIGN KEY (`id_contacto`) REFERENCES `contactos` (`id`) ON DELETE CASCADE,
  CONSTRAINT `empresas_id_endereco_foreign` FOREIGN KEY (`id_endereco`) REFERENCES `enderecos` (`id`) ON DELETE CASCADE
) ENGINE=InnoDB AUTO_INCREMENT=2 DEFAULT CHARSET=utf8mb4 COLLATE=utf8mb4_unicode_ci;
/*!40101 SET character_set_client = @saved_cs_client */;

--
-- Dumping data for table `empresas`
--

LOCK TABLES `empresas` WRITE;
/*!40000 ALTER TABLE `empresas` DISABLE KEYS */;
INSERT INTO `empresas` VALUES (1,'Atomo Tecnologias e Sistemas','5001039342','5001039342','2014-02-14','100000','Gerôncio Josué José Queta','5001039342',NULL,'1714668142.png',1,1,1,NULL,NULL);
/*!40000 ALTER TABLE `empresas` ENABLE KEYS */;
UNLOCK TABLES;

--
-- Table structure for table `enderecos`
--

DROP TABLE IF EXISTS `enderecos`;
/*!40101 SET @saved_cs_client     = @@character_set_client */;
/*!40101 SET character_set_client = utf8 */;
CREATE TABLE `enderecos` (
  `id` bigint(20) unsigned NOT NULL AUTO_INCREMENT,
  `pais` varchar(191) DEFAULT NULL,
  `cidade` varchar(191) DEFAULT NULL,
  `endereco` varchar(191) DEFAULT NULL,
  `created_at` timestamp NULL DEFAULT NULL,
  `updated_at` timestamp NULL DEFAULT NULL,
  PRIMARY KEY (`id`)
) ENGINE=InnoDB AUTO_INCREMENT=128 DEFAULT CHARSET=utf8mb4 COLLATE=utf8mb4_unicode_ci;
/*!40101 SET character_set_client = @saved_cs_client */;

--
-- Dumping data for table `enderecos`
--

LOCK TABLES `enderecos` WRITE;
/*!40000 ALTER TABLE `enderecos` DISABLE KEYS */;
INSERT INTO `enderecos` VALUES (1,'Angola','Luanda','Talatona-Bomba dos Mirantes, Edificio da Suave-2º andar',NULL,NULL),(2,'Angola','LUANDA','FTU',NULL,NULL),(3,'Angola','LUANDA','RAMIRO KM30',NULL,NULL),(4,'Angola','LUANDA','PRAÇA DA MADEIRA- ESTRADA DO CALEMBA 2',NULL,NULL),(5,'Angola','LUANDA','estalagem-praça nova',NULL,NULL),(6,'Angola','LUANDA','estalagem-mirú',NULL,NULL),(7,'Angola','LUANDA','avó kumbi',NULL,NULL),(8,'Angola','LUANDA','são paulo-miramar',NULL,NULL),(9,'Angola','LUANDA','morro bento',NULL,NULL),(10,'Angola','LUANDA','JARDIN DE ROSAS',NULL,NULL),(11,'Angola','LUANDA','LUANDA',NULL,NULL),(12,'Angola','MALANJE','MALANJE',NULL,NULL),(13,'Angola','LUANDA','LUANDA',NULL,NULL),(14,'Angola','LUANDA','FTU',NULL,NULL),(15,'Angola','LUANDA','KILAMBA',NULL,NULL),(16,'Angola','CAZENGA','KIMBALISTA',NULL,NULL),(17,'Angola',NULL,'ZANGO',NULL,NULL),(18,'Angola','SAPU II','BELAS',NULL,NULL),(19,'Angola','LUANDA','CAPALANGA, HOTEL LILAS',NULL,NULL),(20,'Angola','LUANDA','PATRIOTA-ALCACIOAS',NULL,NULL),(21,'Angola','HUAMBO','HUAMBO',NULL,NULL),(22,'Angola','LUANDA','LUANDA-PRIMEIRO DE MAIO',NULL,NULL),(23,'Angola','LUANDA','Luanda',NULL,NULL),(24,'Angola',NULL,'Golf 2',NULL,NULL),(25,'Angola',NULL,'Golf 2',NULL,NULL),(26,'Angola','LUANDA','avó kumbi',NULL,NULL),(27,'Angola','LUANDA','KINAXIXI',NULL,NULL),(28,'Angola','LUANDA','PATRIOTA-ALCACIOAS',NULL,NULL),(29,'Angola',NULL,'Rua Praceta, Lourenço Mendes Da Conceição casa s/n:Município da Ingombota-Luanda/Angola',NULL,NULL),(30,'Angola','luanda','viana',NULL,NULL),(31,'Angola','luanda','viana',NULL,NULL),(32,'Angola',NULL,'Luanda',NULL,NULL),(33,'Angola',NULL,'Luanda',NULL,NULL),(34,'Angola','Viana','Viana',NULL,NULL),(35,'Angola','cazenga','shopret do palanca',NULL,NULL),(36,'Angola','LUANDA','Viana-ZAngo',NULL,NULL),(37,'Angola','H','Hhj',NULL,NULL),(38,'Angola','morro bento','Morro Bento',NULL,NULL),(39,'Angola','Luanda','Rua Direita do BFA x Quifica, s/n - Benfica',NULL,NULL),(40,'Angola','LUANDA','Talatona',NULL,NULL),(41,'Angola','Luanda','Rua Direita da Sonangalp, qd-101, Km14-A, Viana',NULL,NULL),(42,'Angola','LUANDA','Vila Da Gamek',NULL,NULL),(43,'Angola','Luanda','Cacuacu',NULL,NULL),(44,'Angola','Luanda','Cacuaco-Kifangondo',NULL,NULL),(45,'Angola','Kwanza Sul','sumbe',NULL,NULL),(46,'Angola',NULL,'Luanda',NULL,NULL),(47,'Angola',NULL,NULL,NULL,NULL),(48,'Angola','Huambo','Huambo',NULL,NULL),(49,'Angola',NULL,NULL,NULL,NULL),(50,'Angola',NULL,NULL,NULL,NULL),(51,'Angola',NULL,NULL,NULL,NULL),(52,'Angola',NULL,NULL,NULL,NULL),(53,'Angola',NULL,NULL,NULL,NULL),(54,'Angola',NULL,NULL,NULL,NULL),(55,'Angola',NULL,NULL,NULL,NULL),(56,'Angola',NULL,NULL,NULL,NULL),(57,'Angola','Talatona, Luanda, Angola','Futungo',NULL,NULL),(58,'Angola',NULL,NULL,NULL,NULL),(59,'Angola',NULL,NULL,NULL,NULL),(60,'Angola',NULL,NULL,NULL,NULL),(61,'Angola',NULL,'Luanda',NULL,NULL),(62,'Angola',NULL,NULL,NULL,NULL),(63,'Angola','Luanda','Luanda',NULL,NULL),(64,'Angola',NULL,NULL,NULL,NULL),(65,'Angola','Talatona, Luanda, Angola','Futungo',NULL,NULL),(66,'Angola','LUANDA','FTU',NULL,NULL),(67,'Angola','LUANDA','11 DE NOVEMBRO',NULL,NULL),(68,'Angola','Kwanza Sul','BAIRRO DR. ANTÓNIO AGOSTINHO NETO, RUA BENTO ROMA SAURIMO',NULL,NULL),(69,'Angola','Luanda','ZONA VERDE 3 AV LUCIO LARA RUA 53 PORTA 1, CABOLOMBO',NULL,NULL),(70,'Angola','LUANDA','PATRIOTA-ALCACIOAS',NULL,NULL),(71,'Angola',NULL,'Luanda',NULL,NULL),(72,'Angola',NULL,'Luanda',NULL,NULL),(73,'Angola','LUANDA','Largo do Atlético, Prédio 45 - 3º Apt.1, Município da Ingombota – Coqueiros',NULL,NULL),(74,'Angola',NULL,'Luanda',NULL,NULL),(75,'Angola','Zango','Calumbo',NULL,NULL),(76,'Angola',NULL,'Luanda-Maianga',NULL,NULL),(77,'Angola',NULL,'Luanda',NULL,NULL),(78,'Angola',NULL,'Luanda',NULL,NULL),(79,'Angola',NULL,'Urbanização Nova Vida. Rua, 174, Edifício E139.',NULL,NULL),(80,'Angola',NULL,'Luanda',NULL,NULL),(81,'Angola',NULL,'Av. 1º Congresso do MPLA 7/9 , 2º Andar, Porta C',NULL,NULL),(82,'Angola',NULL,'Luanda',NULL,NULL),(83,'Angola','LUANDA','PATRIOTA-ALCACIOAS',NULL,NULL),(84,'Angola',NULL,'Luanda, Município do Talatona, Morro Bento, Bairro Kikagil, Rua dos Generais, Edíficio BLG, Casa nº 899',NULL,NULL),(85,'Angola','LUANDA','Via Expressa Benfica, Mercado Abastecedor - Zona Verde',NULL,NULL),(86,'Angola','Luanda','MORRO BENTO RUA DOS GENERAIS',NULL,NULL),(87,'Angola','Luanda','Muinicípio do Kilamba Kiaxe-Golf2',NULL,NULL),(88,'Angola',NULL,'Luanda',NULL,NULL),(89,'Angola','Holanda','Holanda',NULL,NULL),(90,'Angola',NULL,'Luanda-Viana',NULL,NULL),(91,'Angola','Luanda','Rainha Ginga, Casa Nº Proximo ao Hotel EPIC SANA, eDIFICIO DA TER BEERS',NULL,NULL),(92,'Angola','Luanda','Morro Bento, Igreja Universal, Junto ao nosso Centro',NULL,NULL),(93,'Angola',NULL,'Luanda',NULL,NULL),(94,'Angola',NULL,'Luanda',NULL,NULL),(95,'Angola','Luanda','Rotunda do camama, sentido Projecto Nova Vida',NULL,NULL),(96,'Angola','Luanda','Benfica-Dona Xepa',NULL,NULL),(97,'Angola','Luanda','Benfica-Dona Xepa',NULL,NULL),(98,'Angola','LUANDA','Kilamba',NULL,NULL),(99,'Angola',NULL,'BAIRRO INGOMBOTA INGOMBOTA - LUANDA / AO',NULL,NULL),(100,'Angola','Viana','VILA NZOJE YAMI RUA 3 CASA Nª39',NULL,NULL),(101,'Angola','LUANDA','Desportiva, Bairro Nelito Soares, Edíficio, Casa nº 12/B',NULL,NULL),(102,'Angola',NULL,'Belas',NULL,NULL),(103,'Angola','Cuito','Bié',NULL,NULL),(104,'Angola','Luanda','Talatona',NULL,NULL),(105,'Angola',NULL,'Luanda',NULL,NULL),(106,'Angola',NULL,'Luanda',NULL,NULL),(107,'Angola',NULL,'Luanda',NULL,NULL),(108,'Angola','Mutamba','Luanda-Mutamba',NULL,NULL),(109,'Angola',NULL,'Luanda',NULL,NULL),(110,'Angola',NULL,'Luanda',NULL,NULL),(111,'Angola',NULL,'Luanda',NULL,NULL),(112,'Angola',NULL,'Luanda',NULL,NULL),(113,'Angola',NULL,'Luanda',NULL,NULL),(114,'Angola','LUANDA','Rua Américo Boa Vida nº 142. Ingombotas, Luanda',NULL,NULL),(115,'Angola','Luanda','Benfica-Dona Xepa',NULL,NULL),(116,'Angola','Talatona-Luanda','Bela Business Park-Edf. Bengo-Sala 314',NULL,NULL),(117,'Angola','Luanda','Luanda',NULL,NULL),(118,'Angola',NULL,'Luanda',NULL,NULL),(119,'Angola',NULL,'Luanda',NULL,NULL),(120,'Angola','Luanda','zango 0',NULL,NULL),(121,'Angola',NULL,'Luanda',NULL,NULL),(122,'Angola','LUANDA','Luanda-Angola',NULL,NULL),(123,'Angola',NULL,'Luanda',NULL,NULL),(124,'Angola',NULL,'Luanda',NULL,NULL),(125,'Angola','LUANDA','Luanda-Angola',NULL,NULL),(126,'Angola',NULL,'Luanda',NULL,NULL),(127,'Angola',NULL,'Luanda',NULL,NULL);
/*!40000 ALTER TABLE `enderecos` ENABLE KEYS */;
UNLOCK TABLES;

--
-- Table structure for table `fabricantes`
--

DROP TABLE IF EXISTS `fabricantes`;
/*!40101 SET @saved_cs_client     = @@character_set_client */;
/*!40101 SET character_set_client = utf8 */;
CREATE TABLE `fabricantes` (
  `id` bigint(20) unsigned NOT NULL AUTO_INCREMENT,
  `codigo` varchar(191) DEFAULT NULL,
  `designacao` varchar(191) DEFAULT NULL,
  `descricao` varchar(191) DEFAULT NULL,
  `status` tinyint(1) DEFAULT NULL,
  `created_at` timestamp NULL DEFAULT NULL,
  `updated_at` timestamp NULL DEFAULT NULL,
  PRIMARY KEY (`id`)
) ENGINE=InnoDB AUTO_INCREMENT=2 DEFAULT CHARSET=utf8mb4 COLLATE=utf8mb4_unicode_ci;
/*!40101 SET character_set_client = @saved_cs_client */;

--
-- Dumping data for table `fabricantes`
--

LOCK TABLES `fabricantes` WRITE;
/*!40000 ALTER TABLE `fabricantes` DISABLE KEYS */;
INSERT INTO `fabricantes` VALUES (1,'0001','Diverso','Cat, \'if you.',1,NULL,NULL);
/*!40000 ALTER TABLE `fabricantes` ENABLE KEYS */;
UNLOCK TABLES;

--
-- Table structure for table `factura_recibos`
--

DROP TABLE IF EXISTS `factura_recibos`;
/*!40101 SET @saved_cs_client     = @@character_set_client */;
/*!40101 SET character_set_client = utf8 */;
CREATE TABLE `factura_recibos` (
  `id` bigint(20) unsigned NOT NULL AUTO_INCREMENT,
  `numero` varchar(191) DEFAULT NULL,
  `cliente_id` bigint(20) unsigned DEFAULT NULL,
  `cliente_nome` varchar(191) DEFAULT NULL,
  `contribuinte` varchar(191) DEFAULT NULL,
  `endereco` varchar(191) DEFAULT NULL,
  `data` datetime DEFAULT NULL,
  `data_vencimento` datetime DEFAULT NULL,
  `formapagamento_id` bigint(20) unsigned DEFAULT NULL,
  `moeda_id` bigint(20) unsigned DEFAULT NULL,
  `utilizador_id` bigint(20) unsigned DEFAULT NULL,
  `utilizador_nome` varchar(191) DEFAULT NULL,
  `observacao` text DEFAULT NULL,
  `subtotal` double(30,2) DEFAULT NULL,
  `desconto` double(30,2) DEFAULT NULL,
  `imposto` double(30,2) DEFAULT NULL,
  `retencao` double(30,2) DEFAULT NULL,
  `total` double(30,2) DEFAULT NULL,
  `hash` text DEFAULT NULL,
  `status` tinyint(1) DEFAULT NULL,
  `is_nota` tinyint(1) DEFAULT NULL,
  `created_at` timestamp NULL DEFAULT NULL,
  `updated_at` timestamp NULL DEFAULT NULL,
  PRIMARY KEY (`id`),
  KEY `factura_recibos_cliente_id_foreign` (`cliente_id`),
  KEY `factura_recibos_formapagamento_id_foreign` (`formapagamento_id`),
  KEY `factura_recibos_moeda_id_foreign` (`moeda_id`),
  KEY `factura_recibos_utilizador_id_foreign` (`utilizador_id`),
  CONSTRAINT `factura_recibos_cliente_id_foreign` FOREIGN KEY (`cliente_id`) REFERENCES `clientes` (`id`) ON DELETE NO ACTION ON UPDATE CASCADE,
  CONSTRAINT `factura_recibos_formapagamento_id_foreign` FOREIGN KEY (`formapagamento_id`) REFERENCES `formas_pagamentos` (`id`) ON DELETE NO ACTION ON UPDATE CASCADE,
  CONSTRAINT `factura_recibos_moeda_id_foreign` FOREIGN KEY (`moeda_id`) REFERENCES `moedas` (`id`) ON DELETE NO ACTION ON UPDATE CASCADE,
  CONSTRAINT `factura_recibos_utilizador_id_foreign` FOREIGN KEY (`utilizador_id`) REFERENCES `users` (`id`) ON DELETE NO ACTION ON UPDATE CASCADE
) ENGINE=InnoDB AUTO_INCREMENT=94 DEFAULT CHARSET=utf8mb4 COLLATE=utf8mb4_unicode_ci;
/*!40101 SET character_set_client = @saved_cs_client */;

--
-- Dumping data for table `factura_recibos`
--

LOCK TABLES `factura_recibos` WRITE;
/*!40000 ALTER TABLE `factura_recibos` DISABLE KEYS */;
INSERT INTO `factura_recibos` VALUES (1,'FR 2023/1',5,'I.M.T.P De Saúde Silva E Águas','5417061891','estalagem-praça nova','2023-07-27 00:00:00','2023-08-17 00:00:00',2,1,1,'ATOMO  TECNOLOGIAS & SISTEMA',NULL,25000.00,0.00,0.00,0.00,25000.00,'MIICXAIBAAKBgQC4dcYScJrnD1xCbBAlSwQN80TYmlMhC1q3fqyL0y2ygQOmtKKYJkDDp/bx0F7ZJ4psVDAmJ1PC2SlHfVPtSZrsVTIf/OlWMsrkLQ+bSf2vJuzUgDagZ/htowIn3io6myiY+Ehq9vDjCd65XV/Hq2sDZoksXMpQU8kQoIF4P2oJqwIDAQABAoGBAJdMauHXIQdjDv6gWoHsTPAQWKj9tC/He2pE6cxqs/HVZqRHR5Ja1gZl7',1,1,'2023-07-27 14:24:36','2023-07-27 14:24:36'),(2,'FR 2023/2',6,'SUCESSO DA VIDA COMERCIO GERAL & PRESTAÇÃO DE SERVIÇOS, LDA','5001457195','estalagem-mirú','2023-07-30 00:00:00','2023-07-30 00:00:00',2,1,1,'ATOMO  TECNOLOGIAS & SISTEMA',NULL,10000.00,0.00,0.00,0.00,10000.00,'MIICXAIBAAKBgQC4dcYScJrnD1xCbBAlSwQN80TYmlMhC1q3fqyL0y2ygQOmtKKYJkDDp/bx0F7ZJ4psVDAmJ1PC2SlHfVPtSZrsVTIf/OlWMsrkLQ+bSf2vJuzUgDagZ/htowIn3io6myiY+Ehq9vDjCd65XV/Hq2sDZoksXMpQU8kQoIF4P2oJqwIDAQABAoGBAJdMauHXIQdjDv6gWoHsTPAQWKj9tC/He2pE6cxqs/HVZqRHR5Ja1gZl7',1,1,'2023-07-30 18:30:36','2023-07-30 18:30:36'),(3,'FR 2023/3',13,'JOANA CAXALA-CENTRO MEDICO','5000426644','LUANDA','2023-08-04 00:00:00','2023-08-04 00:00:00',2,1,1,'Hilquias Chitazo',NULL,10000.00,0.00,0.00,0.00,10000.00,'MIICXAIBAAKBgQC4dcYScJrnD1xCbBAlSwQN80TYmlMhC1q3fqyL0y2ygQOmtKKYJkDDp/bx0F7ZJ4psVDAmJ1PC2SlHfVPtSZrsVTIf/OlWMsrkLQ+bSf2vJuzUgDagZ/htowIn3io6myiY+Ehq9vDjCd65XV/Hq2sDZoksXMpQU8kQoIF4P2oJqwIDAQABAoGBAJdMauHXIQdjDv6gWoHsTPAQWKj9tC/He2pE6cxqs/HVZqRHR5Ja1gZl7',1,1,'2023-08-04 15:58:28','2023-08-04 15:58:28'),(4,'FR 2023/3',13,'JOANA CAXALA-CENTRO MEDICO','5000426644','LUANDA','2023-08-04 00:00:00','2023-08-04 00:00:00',2,1,1,'Hilquias Chitazo',NULL,10000.00,0.00,0.00,0.00,10000.00,'MIICXAIBAAKBgQC4dcYScJrnD1xCbBAlSwQN80TYmlMhC1q3fqyL0y2ygQOmtKKYJkDDp/bx0F7ZJ4psVDAmJ1PC2SlHfVPtSZrsVTIf/OlWMsrkLQ+bSf2vJuzUgDagZ/htowIn3io6myiY+Ehq9vDjCd65XV/Hq2sDZoksXMpQU8kQoIF4P2oJqwIDAQABAoGBAJdMauHXIQdjDv6gWoHsTPAQWKj9tC/He2pE6cxqs/HVZqRHR5Ja1gZl7',1,1,'2023-08-04 15:58:28','2023-08-04 15:58:28'),(5,'FR 2023/5',11,'Kafunga Ghet','123','LUANDA','2023-08-08 00:00:00','2023-09-05 00:00:00',2,1,1,'Hilquias Chitazo',NULL,10000.00,0.00,0.00,0.00,10000.00,'MIICXAIBAAKBgQC4dcYScJrnD1xCbBAlSwQN80TYmlMhC1q3fqyL0y2ygQOmtKKYJkDDp/bx0F7ZJ4psVDAmJ1PC2SlHfVPtSZrsVTIf/OlWMsrkLQ+bSf2vJuzUgDagZ/htowIn3io6myiY+Ehq9vDjCd65XV/Hq2sDZoksXMpQU8kQoIF4P2oJqwIDAQABAoGBAJdMauHXIQdjDv6gWoHsTPAQWKj9tC/He2pE6cxqs/HVZqRHR5Ja1gZl7',1,1,'2023-08-08 09:13:27','2023-08-08 09:13:27'),(6,'FR 2023/6',15,'K.Pembele-INDÚSTRIA Lda','5484025940','KILAMBA','2023-08-08 00:00:00','2023-09-05 00:00:00',2,1,1,'Hilquias Chitazo',NULL,25000.00,0.00,0.00,0.00,25000.00,'MIICXAIBAAKBgQC4dcYScJrnD1xCbBAlSwQN80TYmlMhC1q3fqyL0y2ygQOmtKKYJkDDp/bx0F7ZJ4psVDAmJ1PC2SlHfVPtSZrsVTIf/OlWMsrkLQ+bSf2vJuzUgDagZ/htowIn3io6myiY+Ehq9vDjCd65XV/Hq2sDZoksXMpQU8kQoIF4P2oJqwIDAQABAoGBAJdMauHXIQdjDv6gWoHsTPAQWKj9tC/He2pE6cxqs/HVZqRHR5Ja1gZl7',1,1,'2023-08-08 09:17:14','2023-08-08 09:17:14'),(7,'FR 2023/7',20,'BECLAMAN EMPRENDIMENTO E PRESTAÇÃO E SERVIÇO(COLÉGIO CULTUS)','5417626562','PATRIOTA-ALCACIOAS','2023-08-08 00:00:00','2023-09-05 00:00:00',2,1,1,'Hilquias Chitazo',NULL,27000.00,0.00,0.00,0.00,27000.00,'MIICXAIBAAKBgQC4dcYScJrnD1xCbBAlSwQN80TYmlMhC1q3fqyL0y2ygQOmtKKYJkDDp/bx0F7ZJ4psVDAmJ1PC2SlHfVPtSZrsVTIf/OlWMsrkLQ+bSf2vJuzUgDagZ/htowIn3io6myiY+Ehq9vDjCd65XV/Hq2sDZoksXMpQU8kQoIF4P2oJqwIDAQABAoGBAJdMauHXIQdjDv6gWoHsTPAQWKj9tC/He2pE6cxqs/HVZqRHR5Ja1gZl7',1,1,'2023-08-08 09:28:36','2023-08-08 09:28:36'),(8,'FR 2023/8',16,'COMPLEXO ESCOLAR PRIVADO IDEAL','2405068087','KIMBALISTA','2023-08-16 00:00:00','2023-08-15 00:00:00',1,1,1,'Hilquias Chitazo',NULL,23000.00,0.00,0.00,0.00,23000.00,'MIICXAIBAAKBgQC4dcYScJrnD1xCbBAlSwQN80TYmlMhC1q3fqyL0y2ygQOmtKKYJkDDp/bx0F7ZJ4psVDAmJ1PC2SlHfVPtSZrsVTIf/OlWMsrkLQ+bSf2vJuzUgDagZ/htowIn3io6myiY+Ehq9vDjCd65XV/Hq2sDZoksXMpQU8kQoIF4P2oJqwIDAQABAoGBAJdMauHXIQdjDv6gWoHsTPAQWKj9tC/He2pE6cxqs/HVZqRHR5Ja1gZl7',1,1,'2023-08-16 09:12:36','2023-08-16 09:12:36'),(9,'FR 2023/9',4,'Melo TE E Filhos-Comércio A Grosso E Retalho,Lda','5417663077','PRAÇA DA MADEIRA- ESTRADA DO CALEMBA 2','2023-08-16 00:00:00','2023-08-16 00:00:00',2,1,1,'Hilquias Chitazo',NULL,25000.00,0.00,0.00,0.00,25000.00,'MIICXAIBAAKBgQC4dcYScJrnD1xCbBAlSwQN80TYmlMhC1q3fqyL0y2ygQOmtKKYJkDDp/bx0F7ZJ4psVDAmJ1PC2SlHfVPtSZrsVTIf/OlWMsrkLQ+bSf2vJuzUgDagZ/htowIn3io6myiY+Ehq9vDjCd65XV/Hq2sDZoksXMpQU8kQoIF4P2oJqwIDAQABAoGBAJdMauHXIQdjDv6gWoHsTPAQWKj9tC/He2pE6cxqs/HVZqRHR5Ja1gZl7',1,1,'2023-08-16 11:26:48','2023-08-16 11:26:48'),(10,'FR 2023/10',2,'PRECIOSA & SILVA, LDA','5417426288','FTU','2023-09-07 00:00:00','2023-09-07 00:00:00',2,1,1,'Hilquias Chitazo',NULL,10000.00,0.00,0.00,0.00,10000.00,'MIICXAIBAAKBgQC4dcYScJrnD1xCbBAlSwQN80TYmlMhC1q3fqyL0y2ygQOmtKKYJkDDp/bx0F7ZJ4psVDAmJ1PC2SlHfVPtSZrsVTIf/OlWMsrkLQ+bSf2vJuzUgDagZ/htowIn3io6myiY+Ehq9vDjCd65XV/Hq2sDZoksXMpQU8kQoIF4P2oJqwIDAQABAoGBAJdMauHXIQdjDv6gWoHsTPAQWKj9tC/He2pE6cxqs/HVZqRHR5Ja1gZl7',1,1,'2023-09-07 16:21:36','2023-09-07 16:21:36'),(11,'FR 2023/11',26,'K.WILLIAM-PRESTAÇÃO DE SERVIÇO E COMERCIO (SU), LDA','5001504312','avó kumbi','2023-09-08 00:00:00','2023-09-05 00:00:00',2,1,1,'Hilquias Chitazo',NULL,15000.00,0.00,0.00,0.00,15000.00,'MIICXAIBAAKBgQC4dcYScJrnD1xCbBAlSwQN80TYmlMhC1q3fqyL0y2ygQOmtKKYJkDDp/bx0F7ZJ4psVDAmJ1PC2SlHfVPtSZrsVTIf/OlWMsrkLQ+bSf2vJuzUgDagZ/htowIn3io6myiY+Ehq9vDjCd65XV/Hq2sDZoksXMpQU8kQoIF4P2oJqwIDAQABAoGBAJdMauHXIQdjDv6gWoHsTPAQWKj9tC/He2pE6cxqs/HVZqRHR5Ja1gZl7',1,1,'2023-09-08 13:32:57','2023-09-08 13:32:57'),(12,'FR 2023/12',9,'Consultório Natural Fonte De Vida','5000668397','morro bento','2023-09-12 00:00:00','2023-12-12 00:00:00',2,1,1,'Hilquias Chitazo',NULL,72498.00,0.00,0.00,0.00,72498.00,'MIICXAIBAAKBgQC4dcYScJrnD1xCbBAlSwQN80TYmlMhC1q3fqyL0y2ygQOmtKKYJkDDp/bx0F7ZJ4psVDAmJ1PC2SlHfVPtSZrsVTIf/OlWMsrkLQ+bSf2vJuzUgDagZ/htowIn3io6myiY+Ehq9vDjCd65XV/Hq2sDZoksXMpQU8kQoIF4P2oJqwIDAQABAoGBAJdMauHXIQdjDv6gWoHsTPAQWKj9tC/He2pE6cxqs/HVZqRHR5Ja1gZl7',1,1,'2023-09-12 10:34:32','2023-09-12 10:34:32'),(13,'FR 2023/13',15,'K.Pembele-INDÚSTRIA Lda','5484025940','KILAMBA','2023-09-12 00:00:00','2023-10-12 00:00:00',2,1,1,'Hilquias Chitazo',NULL,25000.00,0.00,0.00,0.00,25000.00,'MIICXAIBAAKBgQC4dcYScJrnD1xCbBAlSwQN80TYmlMhC1q3fqyL0y2ygQOmtKKYJkDDp/bx0F7ZJ4psVDAmJ1PC2SlHfVPtSZrsVTIf/OlWMsrkLQ+bSf2vJuzUgDagZ/htowIn3io6myiY+Ehq9vDjCd65XV/Hq2sDZoksXMpQU8kQoIF4P2oJqwIDAQABAoGBAJdMauHXIQdjDv6gWoHsTPAQWKj9tC/He2pE6cxqs/HVZqRHR5Ja1gZl7',1,1,'2023-09-12 10:37:53','2023-09-12 10:37:53'),(14,'FR 2023/14',11,'Kafunga Ghet','123','LUANDA','2023-09-12 00:00:00','2023-10-12 00:00:00',2,1,1,'Hilquias Chitazo',NULL,10000.00,0.00,0.00,0.00,10000.00,'MIICXAIBAAKBgQC4dcYScJrnD1xCbBAlSwQN80TYmlMhC1q3fqyL0y2ygQOmtKKYJkDDp/bx0F7ZJ4psVDAmJ1PC2SlHfVPtSZrsVTIf/OlWMsrkLQ+bSf2vJuzUgDagZ/htowIn3io6myiY+Ehq9vDjCd65XV/Hq2sDZoksXMpQU8kQoIF4P2oJqwIDAQABAoGBAJdMauHXIQdjDv6gWoHsTPAQWKj9tC/He2pE6cxqs/HVZqRHR5Ja1gZl7',1,1,'2023-09-12 10:39:26','2023-09-12 10:39:26'),(15,'FR 2023/15',6,'SUCESSO DA VIDA COMERCIO GERAL & PRESTAÇÃO DE SERVIÇOS, LDA','5001457195','estalagem-mirú','2023-09-21 00:00:00','2023-09-21 00:00:00',2,1,1,'Hilquias Chitazo',NULL,11000.00,0.00,0.00,65.00,10935.00,'MIICXAIBAAKBgQC4dcYScJrnD1xCbBAlSwQN80TYmlMhC1q3fqyL0y2ygQOmtKKYJkDDp/bx0F7ZJ4psVDAmJ1PC2SlHfVPtSZrsVTIf/OlWMsrkLQ+bSf2vJuzUgDagZ/htowIn3io6myiY+Ehq9vDjCd65XV/Hq2sDZoksXMpQU8kQoIF4P2oJqwIDAQABAoGBAJdMauHXIQdjDv6gWoHsTPAQWKj9tC/He2pE6cxqs/HVZqRHR5Ja1gZl7',1,1,'2023-09-21 09:23:48','2023-09-21 09:23:48'),(16,'FR 2023/16',3,'GRUPO MF & F NEGÓCIOS, LDA(COMPLEXO ESCOLAR ESTRELA DOURADA)','5417275735','RAMIRO KM30','2023-09-22 00:00:00','2023-09-22 00:00:00',2,1,1,'Hilquias Chitazo',NULL,23000.00,0.00,0.00,0.00,23000.00,'MIICXAIBAAKBgQC4dcYScJrnD1xCbBAlSwQN80TYmlMhC1q3fqyL0y2ygQOmtKKYJkDDp/bx0F7ZJ4psVDAmJ1PC2SlHfVPtSZrsVTIf/OlWMsrkLQ+bSf2vJuzUgDagZ/htowIn3io6myiY+Ehq9vDjCd65XV/Hq2sDZoksXMpQU8kQoIF4P2oJqwIDAQABAoGBAJdMauHXIQdjDv6gWoHsTPAQWKj9tC/He2pE6cxqs/HVZqRHR5Ja1gZl7',1,1,'2023-09-22 11:28:15','2023-09-22 11:28:15'),(17,'FR 2023/17',5,'I.M.T.P De Saúde Silva E Águas','5417061891','estalagem-praça nova','2023-09-25 00:00:00','2023-09-25 00:00:00',2,1,1,'Hilquias Chitazo',NULL,25000.00,0.00,0.00,0.00,25000.00,'MIICXAIBAAKBgQC4dcYScJrnD1xCbBAlSwQN80TYmlMhC1q3fqyL0y2ygQOmtKKYJkDDp/bx0F7ZJ4psVDAmJ1PC2SlHfVPtSZrsVTIf/OlWMsrkLQ+bSf2vJuzUgDagZ/htowIn3io6myiY+Ehq9vDjCd65XV/Hq2sDZoksXMpQU8kQoIF4P2oJqwIDAQABAoGBAJdMauHXIQdjDv6gWoHsTPAQWKj9tC/He2pE6cxqs/HVZqRHR5Ja1gZl7',1,1,'2023-09-25 10:04:04','2023-09-25 10:04:04'),(18,'FR 2023/18',20,'BECLAMAN EMPRENDIMENTO E PRESTAÇÃO E SERVIÇO(COLÉGIO CULTUS)','5417626562','PATRIOTA-ALCACIOAS','2023-09-26 00:00:00','2023-10-17 00:00:00',2,1,1,'Hilquias Chitazo',NULL,27000.00,0.00,0.00,0.00,27000.00,'MIICXAIBAAKBgQC4dcYScJrnD1xCbBAlSwQN80TYmlMhC1q3fqyL0y2ygQOmtKKYJkDDp/bx0F7ZJ4psVDAmJ1PC2SlHfVPtSZrsVTIf/OlWMsrkLQ+bSf2vJuzUgDagZ/htowIn3io6myiY+Ehq9vDjCd65XV/Hq2sDZoksXMpQU8kQoIF4P2oJqwIDAQABAoGBAJdMauHXIQdjDv6gWoHsTPAQWKj9tC/He2pE6cxqs/HVZqRHR5Ja1gZl7',1,1,'2023-09-26 10:00:20','2023-09-26 10:00:20'),(19,'FR 2023/19',15,'K.Pembele-INDÚSTRIA Lda','5484025940','KILAMBA','2023-10-11 00:00:00','2023-11-05 00:00:00',2,1,1,'Hilquias Chitazo',NULL,25000.00,0.00,0.00,0.00,25000.00,'MIICXAIBAAKBgQC4dcYScJrnD1xCbBAlSwQN80TYmlMhC1q3fqyL0y2ygQOmtKKYJkDDp/bx0F7ZJ4psVDAmJ1PC2SlHfVPtSZrsVTIf/OlWMsrkLQ+bSf2vJuzUgDagZ/htowIn3io6myiY+Ehq9vDjCd65XV/Hq2sDZoksXMpQU8kQoIF4P2oJqwIDAQABAoGBAJdMauHXIQdjDv6gWoHsTPAQWKj9tC/He2pE6cxqs/HVZqRHR5Ja1gZl7',1,1,'2023-10-11 12:47:50','2023-10-11 12:47:50'),(20,'FR 2023/20',11,'Kafunga Ghet','123','LUANDA','2023-10-11 00:00:00','2023-11-05 00:00:00',2,1,1,'Hilquias Chitazo',NULL,10000.00,0.00,0.00,0.00,10000.00,'MIICXAIBAAKBgQC4dcYScJrnD1xCbBAlSwQN80TYmlMhC1q3fqyL0y2ygQOmtKKYJkDDp/bx0F7ZJ4psVDAmJ1PC2SlHfVPtSZrsVTIf/OlWMsrkLQ+bSf2vJuzUgDagZ/htowIn3io6myiY+Ehq9vDjCd65XV/Hq2sDZoksXMpQU8kQoIF4P2oJqwIDAQABAoGBAJdMauHXIQdjDv6gWoHsTPAQWKj9tC/He2pE6cxqs/HVZqRHR5Ja1gZl7',1,1,'2023-10-11 12:48:42','2023-10-11 12:48:42'),(21,'FR 2023/21',26,'K.WILLIAM-PRESTAÇÃO DE SERVIÇO E COMERCIO (SU), LDA','5001504312','avó kumbi','2023-10-11 00:00:00','2023-11-05 00:00:00',2,1,1,'Hilquias Chitazo',NULL,15000.00,0.00,0.00,0.00,15000.00,'MIICXAIBAAKBgQC4dcYScJrnD1xCbBAlSwQN80TYmlMhC1q3fqyL0y2ygQOmtKKYJkDDp/bx0F7ZJ4psVDAmJ1PC2SlHfVPtSZrsVTIf/OlWMsrkLQ+bSf2vJuzUgDagZ/htowIn3io6myiY+Ehq9vDjCd65XV/Hq2sDZoksXMpQU8kQoIF4P2oJqwIDAQABAoGBAJdMauHXIQdjDv6gWoHsTPAQWKj9tC/He2pE6cxqs/HVZqRHR5Ja1gZl7',1,1,'2023-10-11 12:49:44','2023-10-11 12:49:44'),(22,'FR 2023/22',1,'Consumidor Final','Consumidor Final','Martires do Kifangondo, Casa nº 11, Rua  1','2023-10-20 00:00:00','2023-10-20 00:00:00',2,1,1,'Hilquias Chitazo',NULL,11000.00,0.00,0.00,0.00,11000.00,'MIICXAIBAAKBgQC4dcYScJrnD1xCbBAlSwQN80TYmlMhC1q3fqyL0y2ygQOmtKKYJkDDp/bx0F7ZJ4psVDAmJ1PC2SlHfVPtSZrsVTIf/OlWMsrkLQ+bSf2vJuzUgDagZ/htowIn3io6myiY+Ehq9vDjCd65XV/Hq2sDZoksXMpQU8kQoIF4P2oJqwIDAQABAoGBAJdMauHXIQdjDv6gWoHsTPAQWKj9tC/He2pE6cxqs/HVZqRHR5Ja1gZl7',1,1,'2023-10-20 07:22:48','2023-10-20 07:22:48'),(23,'FR 2023/23',2,'PRECIOSA & SILVA, LDA','5417426288','FTU','2023-10-21 00:00:00','2023-10-21 00:00:00',2,1,1,'Hilquias Chitazo',NULL,25000.00,0.00,0.00,0.00,25000.00,'MIICXAIBAAKBgQC4dcYScJrnD1xCbBAlSwQN80TYmlMhC1q3fqyL0y2ygQOmtKKYJkDDp/bx0F7ZJ4psVDAmJ1PC2SlHfVPtSZrsVTIf/OlWMsrkLQ+bSf2vJuzUgDagZ/htowIn3io6myiY+Ehq9vDjCd65XV/Hq2sDZoksXMpQU8kQoIF4P2oJqwIDAQABAoGBAJdMauHXIQdjDv6gWoHsTPAQWKj9tC/He2pE6cxqs/HVZqRHR5Ja1gZl7',1,1,'2023-10-21 17:37:19','2023-10-21 17:37:19'),(24,'FR 2023/24',2,'PRECIOSA & SILVA, LDA','5417426288','FTU','2023-10-21 00:00:00','2023-10-21 00:00:00',2,1,1,'Hilquias Chitazo',NULL,10000.00,0.00,0.00,0.00,10000.00,'MIICXAIBAAKBgQC4dcYScJrnD1xCbBAlSwQN80TYmlMhC1q3fqyL0y2ygQOmtKKYJkDDp/bx0F7ZJ4psVDAmJ1PC2SlHfVPtSZrsVTIf/OlWMsrkLQ+bSf2vJuzUgDagZ/htowIn3io6myiY+Ehq9vDjCd65XV/Hq2sDZoksXMpQU8kQoIF4P2oJqwIDAQABAoGBAJdMauHXIQdjDv6gWoHsTPAQWKj9tC/He2pE6cxqs/HVZqRHR5Ja1gZl7',1,1,'2023-10-21 17:44:18','2023-10-21 17:44:18'),(25,'FR 2023/25',20,'BECLAMAN EMPRENDIMENTO E PRESTAÇÃO E SERVIÇO(COLÉGIO CULTUS)','5417626562','PATRIOTA-ALCACIOAS','2023-10-23 00:00:00','2023-10-23 00:00:00',2,1,1,'Hilquias Chitazo',NULL,27000.00,0.00,0.00,0.00,27000.00,'MIICXAIBAAKBgQC4dcYScJrnD1xCbBAlSwQN80TYmlMhC1q3fqyL0y2ygQOmtKKYJkDDp/bx0F7ZJ4psVDAmJ1PC2SlHfVPtSZrsVTIf/OlWMsrkLQ+bSf2vJuzUgDagZ/htowIn3io6myiY+Ehq9vDjCd65XV/Hq2sDZoksXMpQU8kQoIF4P2oJqwIDAQABAoGBAJdMauHXIQdjDv6gWoHsTPAQWKj9tC/He2pE6cxqs/HVZqRHR5Ja1gZl7',1,1,'2023-10-23 07:51:43','2023-10-23 07:51:43'),(26,'FR 2023/26',29,'Consumidor Final','Consumidor Final','Martires do Kifangondo, Casa nº 11, Rua  1','2023-10-26 00:00:00','2023-10-26 00:00:00',2,1,1,'Hilquias Chitazo',NULL,30000.00,0.00,0.00,0.00,30000.00,'MIICXAIBAAKBgQC4dcYScJrnD1xCbBAlSwQN80TYmlMhC1q3fqyL0y2ygQOmtKKYJkDDp/bx0F7ZJ4psVDAmJ1PC2SlHfVPtSZrsVTIf/OlWMsrkLQ+bSf2vJuzUgDagZ/htowIn3io6myiY+Ehq9vDjCd65XV/Hq2sDZoksXMpQU8kQoIF4P2oJqwIDAQABAoGBAJdMauHXIQdjDv6gWoHsTPAQWKj9tC/He2pE6cxqs/HVZqRHR5Ja1gZl7',1,1,'2023-10-26 12:29:09','2023-10-26 12:29:09'),(27,'FR 2023/27',29,'AASCS-EPT','5001484591','Rua Praceta, Lourenço Mendes Da Conceição casa s/n:Município da Ingombota-Luanda/Angola','2023-10-26 00:00:00','2023-10-26 00:00:00',2,1,1,'Hilquias Chitazo',NULL,30000.00,0.00,0.00,0.00,30000.00,'MIICXAIBAAKBgQC4dcYScJrnD1xCbBAlSwQN80TYmlMhC1q3fqyL0y2ygQOmtKKYJkDDp/bx0F7ZJ4psVDAmJ1PC2SlHfVPtSZrsVTIf/OlWMsrkLQ+bSf2vJuzUgDagZ/htowIn3io6myiY+Ehq9vDjCd65XV/Hq2sDZoksXMpQU8kQoIF4P2oJqwIDAQABAoGBAJdMauHXIQdjDv6gWoHsTPAQWKj9tC/He2pE6cxqs/HVZqRHR5Ja1gZl7',1,1,'2023-10-26 12:30:38','2023-10-26 12:30:38'),(28,'FR 2023/28',2,'PRECIOSA & SILVA, LDA','5417426288','FTU','2023-11-13 00:00:00','2023-11-13 00:00:00',2,1,1,'Hilquias Chitazo',NULL,10000.00,0.00,0.00,0.00,10000.00,'MIICXAIBAAKBgQC4dcYScJrnD1xCbBAlSwQN80TYmlMhC1q3fqyL0y2ygQOmtKKYJkDDp/bx0F7ZJ4psVDAmJ1PC2SlHfVPtSZrsVTIf/OlWMsrkLQ+bSf2vJuzUgDagZ/htowIn3io6myiY+Ehq9vDjCd65XV/Hq2sDZoksXMpQU8kQoIF4P2oJqwIDAQABAoGBAJdMauHXIQdjDv6gWoHsTPAQWKj9tC/He2pE6cxqs/HVZqRHR5Ja1gZl7',1,1,'2023-11-13 08:06:53','2023-11-13 08:06:53'),(29,'FR 2023/29',15,'Consumidor Final','Consumidor Final','Martires do Kifangondo, Casa nº 11, Rua  1','2023-11-13 00:00:00','2023-12-05 00:00:00',2,1,1,'Hilquias Chitazo',NULL,25000.00,0.00,0.00,0.00,25000.00,'MIICXAIBAAKBgQC4dcYScJrnD1xCbBAlSwQN80TYmlMhC1q3fqyL0y2ygQOmtKKYJkDDp/bx0F7ZJ4psVDAmJ1PC2SlHfVPtSZrsVTIf/OlWMsrkLQ+bSf2vJuzUgDagZ/htowIn3io6myiY+Ehq9vDjCd65XV/Hq2sDZoksXMpQU8kQoIF4P2oJqwIDAQABAoGBAJdMauHXIQdjDv6gWoHsTPAQWKj9tC/He2pE6cxqs/HVZqRHR5Ja1gZl7',1,1,'2023-11-13 16:02:56','2023-11-13 16:02:56'),(30,'FR 2023/30',15,'K.Pembele-INDÚSTRIA Lda','5484025940','KILAMBA','2023-11-13 00:00:00','2023-12-05 00:00:00',2,1,1,'Hilquias Chitazo',NULL,25000.00,0.00,0.00,0.00,25000.00,'MIICXAIBAAKBgQC4dcYScJrnD1xCbBAlSwQN80TYmlMhC1q3fqyL0y2ygQOmtKKYJkDDp/bx0F7ZJ4psVDAmJ1PC2SlHfVPtSZrsVTIf/OlWMsrkLQ+bSf2vJuzUgDagZ/htowIn3io6myiY+Ehq9vDjCd65XV/Hq2sDZoksXMpQU8kQoIF4P2oJqwIDAQABAoGBAJdMauHXIQdjDv6gWoHsTPAQWKj9tC/He2pE6cxqs/HVZqRHR5Ja1gZl7',1,1,'2023-11-13 16:04:16','2023-11-13 16:04:16'),(31,'FR 2023/31',11,'Kafunga Ghet','123','LUANDA','2023-11-13 00:00:00','2024-01-05 00:00:00',2,1,1,'Hilquias Chitazo',NULL,20000.00,0.00,0.00,0.00,20000.00,'MIICXAIBAAKBgQC4dcYScJrnD1xCbBAlSwQN80TYmlMhC1q3fqyL0y2ygQOmtKKYJkDDp/bx0F7ZJ4psVDAmJ1PC2SlHfVPtSZrsVTIf/OlWMsrkLQ+bSf2vJuzUgDagZ/htowIn3io6myiY+Ehq9vDjCd65XV/Hq2sDZoksXMpQU8kQoIF4P2oJqwIDAQABAoGBAJdMauHXIQdjDv6gWoHsTPAQWKj9tC/He2pE6cxqs/HVZqRHR5Ja1gZl7',1,1,'2023-11-13 16:05:35','2023-11-13 16:05:35'),(32,'FR 2023/32',20,'BECLAMAN EMPRENDIMENTO E PRESTAÇÃO E SERVIÇO(COLÉGIO CULTUS)','5417626562','PATRIOTA-ALCACIOAS','2023-11-21 00:00:00','2023-11-21 00:00:00',2,1,1,'Hilquias Chitazo',NULL,27000.00,0.00,0.00,0.00,27000.00,'MIICXAIBAAKBgQC4dcYScJrnD1xCbBAlSwQN80TYmlMhC1q3fqyL0y2ygQOmtKKYJkDDp/bx0F7ZJ4psVDAmJ1PC2SlHfVPtSZrsVTIf/OlWMsrkLQ+bSf2vJuzUgDagZ/htowIn3io6myiY+Ehq9vDjCd65XV/Hq2sDZoksXMpQU8kQoIF4P2oJqwIDAQABAoGBAJdMauHXIQdjDv6gWoHsTPAQWKj9tC/He2pE6cxqs/HVZqRHR5Ja1gZl7',1,1,'2023-11-21 10:47:59','2023-11-21 10:47:59'),(33,'FR 2023/33',5,'I.M.T.P De Saúde Silva E Águas','5417061891','estalagem-praça nova','2023-12-01 00:00:00','2023-12-01 00:00:00',2,1,1,'Hilquias Chitazo',NULL,25000.00,0.00,0.00,0.00,25000.00,'MIICXAIBAAKBgQC4dcYScJrnD1xCbBAlSwQN80TYmlMhC1q3fqyL0y2ygQOmtKKYJkDDp/bx0F7ZJ4psVDAmJ1PC2SlHfVPtSZrsVTIf/OlWMsrkLQ+bSf2vJuzUgDagZ/htowIn3io6myiY+Ehq9vDjCd65XV/Hq2sDZoksXMpQU8kQoIF4P2oJqwIDAQABAoGBAJdMauHXIQdjDv6gWoHsTPAQWKj9tC/He2pE6cxqs/HVZqRHR5Ja1gZl7',1,1,'2023-12-01 08:28:32','2023-12-01 08:28:32'),(34,'FR 2023/34',15,'K.Pembele-INDÚSTRIA Lda','5484025940','KILAMBA','2023-12-06 00:00:00','2024-01-06 00:00:00',2,1,1,'Hilquias Chitazo',NULL,25000.00,0.00,0.00,0.00,25000.00,'MIICXAIBAAKBgQC4dcYScJrnD1xCbBAlSwQN80TYmlMhC1q3fqyL0y2ygQOmtKKYJkDDp/bx0F7ZJ4psVDAmJ1PC2SlHfVPtSZrsVTIf/OlWMsrkLQ+bSf2vJuzUgDagZ/htowIn3io6myiY+Ehq9vDjCd65XV/Hq2sDZoksXMpQU8kQoIF4P2oJqwIDAQABAoGBAJdMauHXIQdjDv6gWoHsTPAQWKj9tC/He2pE6cxqs/HVZqRHR5Ja1gZl7',1,1,'2023-12-06 15:18:42','2023-12-06 15:18:42'),(35,'FR 2023/35',6,'SUCESSO DA VIDA COMERCIO GERAL & PRESTAÇÃO DE SERVIÇOS, LDA','5001457195','estalagem-mirú','2023-12-06 00:00:00','2024-01-06 00:00:00',2,1,1,'Hilquias Chitazo',NULL,11000.00,0.00,0.00,0.00,11000.00,'MIICXAIBAAKBgQC4dcYScJrnD1xCbBAlSwQN80TYmlMhC1q3fqyL0y2ygQOmtKKYJkDDp/bx0F7ZJ4psVDAmJ1PC2SlHfVPtSZrsVTIf/OlWMsrkLQ+bSf2vJuzUgDagZ/htowIn3io6myiY+Ehq9vDjCd65XV/Hq2sDZoksXMpQU8kQoIF4P2oJqwIDAQABAoGBAJdMauHXIQdjDv6gWoHsTPAQWKj9tC/He2pE6cxqs/HVZqRHR5Ja1gZl7',1,1,'2023-12-06 15:20:18','2023-12-06 15:20:18'),(36,'FR 2023/36',41,'Timóteo Ulika Su Lda','NIF 5417306770','Rua Direita da Sonangalp, qd-101, Km14-A, Viana','2023-12-20 00:00:00','2023-12-20 00:00:00',2,1,1,'Hilquias Chitazo',NULL,42000.00,0.00,0.00,0.00,42000.00,'MIICXAIBAAKBgQC4dcYScJrnD1xCbBAlSwQN80TYmlMhC1q3fqyL0y2ygQOmtKKYJkDDp/bx0F7ZJ4psVDAmJ1PC2SlHfVPtSZrsVTIf/OlWMsrkLQ+bSf2vJuzUgDagZ/htowIn3io6myiY+Ehq9vDjCd65XV/Hq2sDZoksXMpQU8kQoIF4P2oJqwIDAQABAoGBAJdMauHXIQdjDv6gWoHsTPAQWKj9tC/He2pE6cxqs/HVZqRHR5Ja1gZl7',1,1,'2023-12-20 08:08:27','2023-12-20 08:08:27'),(37,'FR 2023/37',41,'Timóteo Ulika Su Lda','NIF 5417306770','Rua Direita da Sonangalp, qd-101, Km14-A, Viana','2023-12-20 00:00:00','2023-12-20 00:00:00',2,1,1,'Hilquias Chitazo',NULL,10000.00,0.00,0.00,0.00,10000.00,'MIICXAIBAAKBgQC4dcYScJrnD1xCbBAlSwQN80TYmlMhC1q3fqyL0y2ygQOmtKKYJkDDp/bx0F7ZJ4psVDAmJ1PC2SlHfVPtSZrsVTIf/OlWMsrkLQ+bSf2vJuzUgDagZ/htowIn3io6myiY+Ehq9vDjCd65XV/Hq2sDZoksXMpQU8kQoIF4P2oJqwIDAQABAoGBAJdMauHXIQdjDv6gWoHsTPAQWKj9tC/He2pE6cxqs/HVZqRHR5Ja1gZl7',1,1,'2023-12-20 12:13:12','2023-12-20 12:13:12'),(38,'FR 2023/38',41,'Timóteo Ulika Su Lda','NIF 5417306770','Rua Direita da Sonangalp, qd-101, Km14-A, Viana','2023-12-22 00:00:00','2023-12-22 00:00:00',2,1,1,'Hilquias Chitazo',NULL,42000.00,0.00,0.00,0.00,42000.00,'MIICXAIBAAKBgQC4dcYScJrnD1xCbBAlSwQN80TYmlMhC1q3fqyL0y2ygQOmtKKYJkDDp/bx0F7ZJ4psVDAmJ1PC2SlHfVPtSZrsVTIf/OlWMsrkLQ+bSf2vJuzUgDagZ/htowIn3io6myiY+Ehq9vDjCd65XV/Hq2sDZoksXMpQU8kQoIF4P2oJqwIDAQABAoGBAJdMauHXIQdjDv6gWoHsTPAQWKj9tC/He2pE6cxqs/HVZqRHR5Ja1gZl7',1,1,'2023-12-22 08:24:15','2023-12-22 08:24:15'),(39,'FR 2023/39',1,'Consumidor Final','Consumidor Final','Martires do Kifangondo, Casa nº 11, Rua  1','2023-12-22 00:00:00','2023-12-22 00:00:00',1,1,1,'Hilquias Chitazo',NULL,20000.00,0.00,0.00,0.00,20000.00,'MIICXAIBAAKBgQC4dcYScJrnD1xCbBAlSwQN80TYmlMhC1q3fqyL0y2ygQOmtKKYJkDDp/bx0F7ZJ4psVDAmJ1PC2SlHfVPtSZrsVTIf/OlWMsrkLQ+bSf2vJuzUgDagZ/htowIn3io6myiY+Ehq9vDjCd65XV/Hq2sDZoksXMpQU8kQoIF4P2oJqwIDAQABAoGBAJdMauHXIQdjDv6gWoHsTPAQWKj9tC/He2pE6cxqs/HVZqRHR5Ja1gZl7',1,1,'2023-12-22 10:41:26','2023-12-22 10:41:26'),(40,'FR 2023/39',1,'Consumidor Final','Consumidor Final','Martires do Kifangondo, Casa nº 11, Rua  1','2023-12-22 00:00:00','2023-12-22 00:00:00',1,1,1,'Hilquias Chitazo',NULL,20000.00,0.00,0.00,0.00,20000.00,'MIICXAIBAAKBgQC4dcYScJrnD1xCbBAlSwQN80TYmlMhC1q3fqyL0y2ygQOmtKKYJkDDp/bx0F7ZJ4psVDAmJ1PC2SlHfVPtSZrsVTIf/OlWMsrkLQ+bSf2vJuzUgDagZ/htowIn3io6myiY+Ehq9vDjCd65XV/Hq2sDZoksXMpQU8kQoIF4P2oJqwIDAQABAoGBAJdMauHXIQdjDv6gWoHsTPAQWKj9tC/He2pE6cxqs/HVZqRHR5Ja1gZl7',1,1,'2023-12-22 10:41:26','2023-12-22 10:41:26'),(41,'FR 2023/39',1,'Consumidor Final','Consumidor Final','Martires do Kifangondo, Casa nº 11, Rua  1','2023-12-22 00:00:00','2023-12-22 00:00:00',1,1,1,'Hilquias Chitazo',NULL,20000.00,0.00,0.00,0.00,20000.00,'MIICXAIBAAKBgQC4dcYScJrnD1xCbBAlSwQN80TYmlMhC1q3fqyL0y2ygQOmtKKYJkDDp/bx0F7ZJ4psVDAmJ1PC2SlHfVPtSZrsVTIf/OlWMsrkLQ+bSf2vJuzUgDagZ/htowIn3io6myiY+Ehq9vDjCd65XV/Hq2sDZoksXMpQU8kQoIF4P2oJqwIDAQABAoGBAJdMauHXIQdjDv6gWoHsTPAQWKj9tC/He2pE6cxqs/HVZqRHR5Ja1gZl7',1,1,'2023-12-22 10:41:26','2023-12-22 10:41:26'),(42,'FR 2023/39',1,'Consumidor Final','Consumidor Final','Martires do Kifangondo, Casa nº 11, Rua  1','2023-12-22 00:00:00','2023-12-22 00:00:00',1,1,1,'Hilquias Chitazo',NULL,20000.00,0.00,0.00,0.00,20000.00,'MIICXAIBAAKBgQC4dcYScJrnD1xCbBAlSwQN80TYmlMhC1q3fqyL0y2ygQOmtKKYJkDDp/bx0F7ZJ4psVDAmJ1PC2SlHfVPtSZrsVTIf/OlWMsrkLQ+bSf2vJuzUgDagZ/htowIn3io6myiY+Ehq9vDjCd65XV/Hq2sDZoksXMpQU8kQoIF4P2oJqwIDAQABAoGBAJdMauHXIQdjDv6gWoHsTPAQWKj9tC/He2pE6cxqs/HVZqRHR5Ja1gZl7',1,1,'2023-12-22 10:41:27','2023-12-22 10:41:27'),(43,'FR 2023/43',9,'Consultório Natural Fonte De Vida','5000668397','morro bento','2023-12-26 00:00:00','2023-12-26 00:00:00',2,1,1,'Hilquias Chitazo',NULL,48332.00,0.00,0.00,0.00,48332.00,'MIICXAIBAAKBgQC4dcYScJrnD1xCbBAlSwQN80TYmlMhC1q3fqyL0y2ygQOmtKKYJkDDp/bx0F7ZJ4psVDAmJ1PC2SlHfVPtSZrsVTIf/OlWMsrkLQ+bSf2vJuzUgDagZ/htowIn3io6myiY+Ehq9vDjCd65XV/Hq2sDZoksXMpQU8kQoIF4P2oJqwIDAQABAoGBAJdMauHXIQdjDv6gWoHsTPAQWKj9tC/He2pE6cxqs/HVZqRHR5Ja1gZl7',1,1,'2023-12-26 10:54:47','2023-12-26 10:54:47'),(44,'FR 2023/44',1,'Consumidor Final','Consumidor Final','Martires do Kifangondo, Casa nº 11, Rua  1','2024-01-16 00:00:00','2024-01-16 00:00:00',1,1,1,'Hilquias Chitazo',NULL,347175.00,0.00,0.00,0.00,347175.00,'MIICXAIBAAKBgQC4dcYScJrnD1xCbBAlSwQN80TYmlMhC1q3fqyL0y2ygQOmtKKYJkDDp/bx0F7ZJ4psVDAmJ1PC2SlHfVPtSZrsVTIf/OlWMsrkLQ+bSf2vJuzUgDagZ/htowIn3io6myiY+Ehq9vDjCd65XV/Hq2sDZoksXMpQU8kQoIF4P2oJqwIDAQABAoGBAJdMauHXIQdjDv6gWoHsTPAQWKj9tC/He2pE6cxqs/HVZqRHR5Ja1gZl7',1,1,'2024-01-16 15:14:45','2024-01-16 15:14:45'),(45,'FR 2023/44',46,'ZENTRAL, LDA','500 004 9964','Luanda','2024-01-16 00:00:00','2024-01-16 00:00:00',1,1,1,'Hilquias Chitazo',NULL,347175.00,0.00,0.00,0.00,347175.00,'MIICXAIBAAKBgQC4dcYScJrnD1xCbBAlSwQN80TYmlMhC1q3fqyL0y2ygQOmtKKYJkDDp/bx0F7ZJ4psVDAmJ1PC2SlHfVPtSZrsVTIf/OlWMsrkLQ+bSf2vJuzUgDagZ/htowIn3io6myiY+Ehq9vDjCd65XV/Hq2sDZoksXMpQU8kQoIF4P2oJqwIDAQABAoGBAJdMauHXIQdjDv6gWoHsTPAQWKj9tC/He2pE6cxqs/HVZqRHR5Ja1gZl7',1,1,'2024-01-16 15:15:25','2024-01-16 15:15:25'),(46,'FR /46',46,'Consumidor Final','Consumidor Final','Martires do Kifangondo, Casa nº 11, Rua  1','2024-01-16 00:00:00','2024-01-16 00:00:00',1,1,1,'Hilquias Chitazo',NULL,347175.00,0.00,0.00,0.00,347175.00,'MIICXAIBAAKBgQC4dcYScJrnD1xCbBAlSwQN80TYmlMhC1q3fqyL0y2ygQOmtKKYJkDDp/bx0F7ZJ4psVDAmJ1PC2SlHfVPtSZrsVTIf/OlWMsrkLQ+bSf2vJuzUgDagZ/htowIn3io6myiY+Ehq9vDjCd65XV/Hq2sDZoksXMpQU8kQoIF4P2oJqwIDAQABAoGBAJdMauHXIQdjDv6gWoHsTPAQWKj9tC/He2pE6cxqs/HVZqRHR5Ja1gZl7',1,0,'2024-01-16 15:21:33','2024-02-06 15:49:14'),(47,'FR /47',46,'ZENTRAL, LDA','500 004 9964','Luanda','2024-01-16 00:00:00','2024-01-16 00:00:00',1,1,1,'Hilquias Chitazo',NULL,347175.00,0.00,0.00,0.00,347175.00,'MIICXAIBAAKBgQC4dcYScJrnD1xCbBAlSwQN80TYmlMhC1q3fqyL0y2ygQOmtKKYJkDDp/bx0F7ZJ4psVDAmJ1PC2SlHfVPtSZrsVTIf/OlWMsrkLQ+bSf2vJuzUgDagZ/htowIn3io6myiY+Ehq9vDjCd65XV/Hq2sDZoksXMpQU8kQoIF4P2oJqwIDAQABAoGBAJdMauHXIQdjDv6gWoHsTPAQWKj9tC/He2pE6cxqs/HVZqRHR5Ja1gZl7',1,1,'2024-01-16 15:31:47','2024-01-16 15:31:47'),(48,'FR /48',15,'K.Pembele-INDÚSTRIA Lda','5484025940','KILAMBA','2024-01-24 00:00:00','2024-01-24 00:00:00',2,1,1,'Hilquias Chitazo',NULL,25000.00,0.00,0.00,0.00,25000.00,'MIICXAIBAAKBgQC4dcYScJrnD1xCbBAlSwQN80TYmlMhC1q3fqyL0y2ygQOmtKKYJkDDp/bx0F7ZJ4psVDAmJ1PC2SlHfVPtSZrsVTIf/OlWMsrkLQ+bSf2vJuzUgDagZ/htowIn3io6myiY+Ehq9vDjCd65XV/Hq2sDZoksXMpQU8kQoIF4P2oJqwIDAQABAoGBAJdMauHXIQdjDv6gWoHsTPAQWKj9tC/He2pE6cxqs/HVZqRHR5Ja1gZl7',1,1,'2024-01-24 10:34:40','2024-01-24 10:34:40'),(49,'FR /49',11,'Kafunga Ghet','123','LUANDA','2024-01-24 00:00:00','2024-01-24 00:00:00',2,1,1,'Hilquias Chitazo',NULL,10000.00,0.00,0.00,0.00,10000.00,'MIICXAIBAAKBgQC4dcYScJrnD1xCbBAlSwQN80TYmlMhC1q3fqyL0y2ygQOmtKKYJkDDp/bx0F7ZJ4psVDAmJ1PC2SlHfVPtSZrsVTIf/OlWMsrkLQ+bSf2vJuzUgDagZ/htowIn3io6myiY+Ehq9vDjCd65XV/Hq2sDZoksXMpQU8kQoIF4P2oJqwIDAQABAoGBAJdMauHXIQdjDv6gWoHsTPAQWKj9tC/He2pE6cxqs/HVZqRHR5Ja1gZl7',1,1,'2024-01-24 10:36:24','2024-01-24 10:36:24'),(50,'FR /50',5,'I.M.T.P De Saúde Silva E Águas','5417061891','estalagem-praça nova','2024-01-24 00:00:00','2024-01-24 00:00:00',2,1,1,'Hilquias Chitazo',NULL,50000.00,0.00,0.00,0.00,50000.00,'MIICXAIBAAKBgQC4dcYScJrnD1xCbBAlSwQN80TYmlMhC1q3fqyL0y2ygQOmtKKYJkDDp/bx0F7ZJ4psVDAmJ1PC2SlHfVPtSZrsVTIf/OlWMsrkLQ+bSf2vJuzUgDagZ/htowIn3io6myiY+Ehq9vDjCd65XV/Hq2sDZoksXMpQU8kQoIF4P2oJqwIDAQABAoGBAJdMauHXIQdjDv6gWoHsTPAQWKj9tC/He2pE6cxqs/HVZqRHR5Ja1gZl7',1,1,'2024-01-24 14:20:59','2024-01-24 14:20:59'),(51,'FR 2024/51',46,'ZENTRAL, LDA','500 004 9964','Luanda','2024-01-28 00:00:00','2024-01-28 00:00:00',1,1,1,'Hilquias Chitazo',NULL,694350.00,0.00,0.00,0.00,694350.00,'MIICXAIBAAKBgQC4dcYScJrnD1xCbBAlSwQN80TYmlMhC1q3fqyL0y2ygQOmtKKYJkDDp/bx0F7ZJ4psVDAmJ1PC2SlHfVPtSZrsVTIf/OlWMsrkLQ+bSf2vJuzUgDagZ/htowIn3io6myiY+Ehq9vDjCd65XV/Hq2sDZoksXMpQU8kQoIF4P2oJqwIDAQABAoGBAJdMauHXIQdjDv6gWoHsTPAQWKj9tC/He2pE6cxqs/HVZqRHR5Ja1gZl7',1,1,'2024-01-28 07:35:20','2024-01-28 07:35:20'),(52,'FR 2024/52',46,'ZENTRAL, LDA','500 004 9964','Luanda','2024-01-28 00:00:00','2024-01-28 00:00:00',2,1,1,'Hilquias Chitazo',NULL,694350.00,0.00,0.00,0.00,694350.00,'MIICXAIBAAKBgQC4dcYScJrnD1xCbBAlSwQN80TYmlMhC1q3fqyL0y2ygQOmtKKYJkDDp/bx0F7ZJ4psVDAmJ1PC2SlHfVPtSZrsVTIf/OlWMsrkLQ+bSf2vJuzUgDagZ/htowIn3io6myiY+Ehq9vDjCd65XV/Hq2sDZoksXMpQU8kQoIF4P2oJqwIDAQABAoGBAJdMauHXIQdjDv6gWoHsTPAQWKj9tC/He2pE6cxqs/HVZqRHR5Ja1gZl7',1,1,'2024-01-28 07:37:40','2024-01-28 07:37:40'),(53,'FR 2024/53',1,'Consumidor Final','Consumidor Final','Martires do Kifangondo, Casa nº 11, Rua  1','2024-02-15 00:00:00','2024-02-15 00:00:00',1,1,1,'Hilquias Chitazo',NULL,20000.00,0.00,0.00,0.00,20000.00,'MIICXAIBAAKBgQC4dcYScJrnD1xCbBAlSwQN80TYmlMhC1q3fqyL0y2ygQOmtKKYJkDDp/bx0F7ZJ4psVDAmJ1PC2SlHfVPtSZrsVTIf/OlWMsrkLQ+bSf2vJuzUgDagZ/htowIn3io6myiY+Ehq9vDjCd65XV/Hq2sDZoksXMpQU8kQoIF4P2oJqwIDAQABAoGBAJdMauHXIQdjDv6gWoHsTPAQWKj9tC/He2pE6cxqs/HVZqRHR5Ja1gZl7',1,1,'2024-02-15 17:54:50','2024-02-15 17:54:50'),(54,'FR 2024/54',1,'Consumidor Final','Consumidor Final','Martires do Kifangondo, Casa nº 11, Rua  1','2024-03-01 00:00:00','2024-03-01 00:00:00',1,1,1,'Hilquias Chitazo',NULL,100000.00,0.00,0.00,0.00,100000.00,'MIICXAIBAAKBgQC4dcYScJrnD1xCbBAlSwQN80TYmlMhC1q3fqyL0y2ygQOmtKKYJkDDp/bx0F7ZJ4psVDAmJ1PC2SlHfVPtSZrsVTIf/OlWMsrkLQ+bSf2vJuzUgDagZ/htowIn3io6myiY+Ehq9vDjCd65XV/Hq2sDZoksXMpQU8kQoIF4P2oJqwIDAQABAoGBAJdMauHXIQdjDv6gWoHsTPAQWKj9tC/He2pE6cxqs/HVZqRHR5Ja1gZl7',1,0,'2024-03-01 15:23:42','2024-03-27 08:30:12'),(55,'FR 2024/55',1,'Consumidor Final','Consumidor Final','Martires do Kifangondo, Casa nº 11, Rua  1','2024-03-06 00:00:00','2024-03-06 00:00:00',1,1,1,'Hilquias Chitazo',NULL,10000.00,0.00,0.00,0.00,10000.00,'MIICXAIBAAKBgQC4dcYScJrnD1xCbBAlSwQN80TYmlMhC1q3fqyL0y2ygQOmtKKYJkDDp/bx0F7ZJ4psVDAmJ1PC2SlHfVPtSZrsVTIf/OlWMsrkLQ+bSf2vJuzUgDagZ/htowIn3io6myiY+Ehq9vDjCd65XV/Hq2sDZoksXMpQU8kQoIF4P2oJqwIDAQABAoGBAJdMauHXIQdjDv6gWoHsTPAQWKj9tC/He2pE6cxqs/HVZqRHR5Ja1gZl7',1,1,'2024-03-06 08:28:26','2024-03-06 08:28:26'),(56,'FR 2024/56',60,'Basiaelia, Lda','5417270946',NULL,'2024-03-19 00:00:00','2024-03-19 00:00:00',1,1,1,'Hilquias Chitazo',NULL,10000.00,0.00,0.00,0.00,10000.00,'MIICXAIBAAKBgQC4dcYScJrnD1xCbBAlSwQN80TYmlMhC1q3fqyL0y2ygQOmtKKYJkDDp/bx0F7ZJ4psVDAmJ1PC2SlHfVPtSZrsVTIf/OlWMsrkLQ+bSf2vJuzUgDagZ/htowIn3io6myiY+Ehq9vDjCd65XV/Hq2sDZoksXMpQU8kQoIF4P2oJqwIDAQABAoGBAJdMauHXIQdjDv6gWoHsTPAQWKj9tC/He2pE6cxqs/HVZqRHR5Ja1gZl7',1,1,'2024-03-19 17:54:49','2024-03-19 17:54:49'),(57,'FR 2024/57',66,'SUCESSO DA VIDA COMERCIO GERAL & PRESTAÇÃO DE SERVIÇOS, LDA','123','FTU','2024-03-23 00:00:00','2024-03-23 00:00:00',1,1,1,'Hilquias Chitazo',NULL,543000.00,0.00,0.00,0.00,543000.00,'MIICXAIBAAKBgQC4dcYScJrnD1xCbBAlSwQN80TYmlMhC1q3fqyL0y2ygQOmtKKYJkDDp/bx0F7ZJ4psVDAmJ1PC2SlHfVPtSZrsVTIf/OlWMsrkLQ+bSf2vJuzUgDagZ/htowIn3io6myiY+Ehq9vDjCd65XV/Hq2sDZoksXMpQU8kQoIF4P2oJqwIDAQABAoGBAJdMauHXIQdjDv6gWoHsTPAQWKj9tC/He2pE6cxqs/HVZqRHR5Ja1gZl7',1,0,'2024-03-23 15:33:57','2024-03-25 13:11:16'),(58,'FR 2024/58',41,'Timóteo Ulika Su Lda','NIF 5417306770','Rua Direita da Sonangalp, qd-101, Km14-A, Viana','2024-04-18 00:00:00','2024-04-18 00:00:00',2,1,1,'Hilquias Chitazo',NULL,42000.00,0.00,0.00,0.00,42000.00,'MIICXAIBAAKBgQC4dcYScJrnD1xCbBAlSwQN80TYmlMhC1q3fqyL0y2ygQOmtKKYJkDDp/bx0F7ZJ4psVDAmJ1PC2SlHfVPtSZrsVTIf/OlWMsrkLQ+bSf2vJuzUgDagZ/htowIn3io6myiY+Ehq9vDjCd65XV/Hq2sDZoksXMpQU8kQoIF4P2oJqwIDAQABAoGBAJdMauHXIQdjDv6gWoHsTPAQWKj9tC/He2pE6cxqs/HVZqRHR5Ja1gZl7',1,1,'2024-04-18 16:49:02','2024-04-18 16:49:02'),(59,'FR 2024/59',5,'I.M.T.P De Saúde Silva E Águas','5417061891','estalagem-praça nova','2024-04-29 00:00:00','2024-04-29 00:00:00',2,1,1,'Hilquias Chitazo',NULL,25000.00,0.00,0.00,0.00,25000.00,'MIICXAIBAAKBgQC4dcYScJrnD1xCbBAlSwQN80TYmlMhC1q3fqyL0y2ygQOmtKKYJkDDp/bx0F7ZJ4psVDAmJ1PC2SlHfVPtSZrsVTIf/OlWMsrkLQ+bSf2vJuzUgDagZ/htowIn3io6myiY+Ehq9vDjCd65XV/Hq2sDZoksXMpQU8kQoIF4P2oJqwIDAQABAoGBAJdMauHXIQdjDv6gWoHsTPAQWKj9tC/He2pE6cxqs/HVZqRHR5Ja1gZl7',1,1,'2024-04-29 12:40:48','2024-04-29 12:40:48'),(60,'FR 2024/59',5,'I.M.T.P De Saúde Silva E Águas','5417061891','estalagem-praça nova','2024-04-29 00:00:00','2024-04-29 00:00:00',2,1,1,'Hilquias Chitazo',NULL,25000.00,0.00,0.00,0.00,25000.00,'MIICXAIBAAKBgQC4dcYScJrnD1xCbBAlSwQN80TYmlMhC1q3fqyL0y2ygQOmtKKYJkDDp/bx0F7ZJ4psVDAmJ1PC2SlHfVPtSZrsVTIf/OlWMsrkLQ+bSf2vJuzUgDagZ/htowIn3io6myiY+Ehq9vDjCd65XV/Hq2sDZoksXMpQU8kQoIF4P2oJqwIDAQABAoGBAJdMauHXIQdjDv6gWoHsTPAQWKj9tC/He2pE6cxqs/HVZqRHR5Ja1gZl7',1,1,'2024-04-29 12:40:48','2024-04-29 12:40:48'),(61,'FR 2024/61',74,'JWMA Comércio e Serviços (SU), Lda','548004068','Luanda','2024-05-03 00:00:00','2024-05-03 00:00:00',2,1,1,'Hilquias Chitazo',NULL,17000.00,0.00,0.00,0.00,17000.00,'MIICXAIBAAKBgQC4dcYScJrnD1xCbBAlSwQN80TYmlMhC1q3fqyL0y2ygQOmtKKYJkDDp/bx0F7ZJ4psVDAmJ1PC2SlHfVPtSZrsVTIf/OlWMsrkLQ+bSf2vJuzUgDagZ/htowIn3io6myiY+Ehq9vDjCd65XV/Hq2sDZoksXMpQU8kQoIF4P2oJqwIDAQABAoGBAJdMauHXIQdjDv6gWoHsTPAQWKj9tC/He2pE6cxqs/HVZqRHR5Ja1gZl7',1,1,'2024-05-03 06:38:01','2024-05-03 06:38:01'),(62,'FR 2024/61',74,'JWMA Comércio e Serviços (SU), Lda','548004068','Luanda','2024-05-03 00:00:00','2024-05-03 00:00:00',2,1,1,'Hilquias Chitazo',NULL,17000.00,0.00,0.00,0.00,17000.00,'MIICXAIBAAKBgQC4dcYScJrnD1xCbBAlSwQN80TYmlMhC1q3fqyL0y2ygQOmtKKYJkDDp/bx0F7ZJ4psVDAmJ1PC2SlHfVPtSZrsVTIf/OlWMsrkLQ+bSf2vJuzUgDagZ/htowIn3io6myiY+Ehq9vDjCd65XV/Hq2sDZoksXMpQU8kQoIF4P2oJqwIDAQABAoGBAJdMauHXIQdjDv6gWoHsTPAQWKj9tC/He2pE6cxqs/HVZqRHR5Ja1gZl7',1,1,'2024-05-03 06:38:01','2024-05-03 06:38:01'),(63,'FR 2024/63',41,'Timóteo Ulika Su Lda','NIF 5417306770','Rua Direita da Sonangalp, qd-101, Km14-A, Viana','2024-05-06 00:00:00','2024-05-10 00:00:00',2,1,1,'Hilquias Chitazo',NULL,84000.00,0.00,0.00,0.00,84000.00,'MIICXAIBAAKBgQC4dcYScJrnD1xCbBAlSwQN80TYmlMhC1q3fqyL0y2ygQOmtKKYJkDDp/bx0F7ZJ4psVDAmJ1PC2SlHfVPtSZrsVTIf/OlWMsrkLQ+bSf2vJuzUgDagZ/htowIn3io6myiY+Ehq9vDjCd65XV/Hq2sDZoksXMpQU8kQoIF4P2oJqwIDAQABAoGBAJdMauHXIQdjDv6gWoHsTPAQWKj9tC/He2pE6cxqs/HVZqRHR5Ja1gZl7',1,1,'2024-05-06 11:04:57','2024-05-06 11:04:57'),(64,'FR 2024/64',11,'Kafunga Ghet','5001348515','LUANDA','2024-05-08 00:00:00','2024-05-08 00:00:00',2,1,1,'Hilquias Chitazo',NULL,10000.00,0.00,0.00,0.00,10000.00,'MIICXAIBAAKBgQC4dcYScJrnD1xCbBAlSwQN80TYmlMhC1q3fqyL0y2ygQOmtKKYJkDDp/bx0F7ZJ4psVDAmJ1PC2SlHfVPtSZrsVTIf/OlWMsrkLQ+bSf2vJuzUgDagZ/htowIn3io6myiY+Ehq9vDjCd65XV/Hq2sDZoksXMpQU8kQoIF4P2oJqwIDAQABAoGBAJdMauHXIQdjDv6gWoHsTPAQWKj9tC/He2pE6cxqs/HVZqRHR5Ja1gZl7',1,1,'2024-05-08 07:42:02','2024-05-08 07:42:02'),(65,'FR 2024/65',15,'K.Pembele-INDÚSTRIA Lda','5484025940','KILAMBA','2024-05-08 00:00:00','2024-05-08 00:00:00',2,1,1,'Hilquias Chitazo',NULL,25000.00,0.00,0.00,0.00,25000.00,'MIICXAIBAAKBgQC4dcYScJrnD1xCbBAlSwQN80TYmlMhC1q3fqyL0y2ygQOmtKKYJkDDp/bx0F7ZJ4psVDAmJ1PC2SlHfVPtSZrsVTIf/OlWMsrkLQ+bSf2vJuzUgDagZ/htowIn3io6myiY+Ehq9vDjCd65XV/Hq2sDZoksXMpQU8kQoIF4P2oJqwIDAQABAoGBAJdMauHXIQdjDv6gWoHsTPAQWKj9tC/He2pE6cxqs/HVZqRHR5Ja1gZl7',1,1,'2024-05-08 07:43:18','2024-05-08 07:43:18'),(66,'FR 2024/66',48,'Chitali comercial Lda','5000489522','Huambo','2024-05-17 00:00:00','2024-05-17 00:00:00',2,1,1,'Hilquias Chitazo',NULL,50000.00,0.00,0.00,0.00,50000.00,'MIICXAIBAAKBgQC4dcYScJrnD1xCbBAlSwQN80TYmlMhC1q3fqyL0y2ygQOmtKKYJkDDp/bx0F7ZJ4psVDAmJ1PC2SlHfVPtSZrsVTIf/OlWMsrkLQ+bSf2vJuzUgDagZ/htowIn3io6myiY+Ehq9vDjCd65XV/Hq2sDZoksXMpQU8kQoIF4P2oJqwIDAQABAoGBAJdMauHXIQdjDv6gWoHsTPAQWKj9tC/He2pE6cxqs/HVZqRHR5Ja1gZl7',1,1,'2024-05-17 09:47:56','2024-05-17 09:47:56'),(67,'FR 2024/67',41,'Timóteo Ulika Su Lda','NIF 5417306770','Rua Direita da Sonangalp, qd-101, Km14-A, Viana','2024-05-17 00:00:00','2024-05-17 00:00:00',2,1,1,'Hilquias Chitazo',NULL,84000.00,0.00,0.00,0.00,84000.00,'MIICXAIBAAKBgQC4dcYScJrnD1xCbBAlSwQN80TYmlMhC1q3fqyL0y2ygQOmtKKYJkDDp/bx0F7ZJ4psVDAmJ1PC2SlHfVPtSZrsVTIf/OlWMsrkLQ+bSf2vJuzUgDagZ/htowIn3io6myiY+Ehq9vDjCd65XV/Hq2sDZoksXMpQU8kQoIF4P2oJqwIDAQABAoGBAJdMauHXIQdjDv6gWoHsTPAQWKj9tC/He2pE6cxqs/HVZqRHR5Ja1gZl7',1,1,'2024-05-17 14:07:08','2024-05-17 14:07:08'),(68,'FR 2024/68',79,'Centro Médico Saúde É Vida','5480016628','Urbanização Nova Vida. Rua, 174, Edifício E139.','2024-05-30 00:00:00','2024-05-30 00:00:00',2,1,1,'Hilquias Chitazo',NULL,10000.00,0.00,0.00,0.00,10000.00,'MIICXAIBAAKBgQC4dcYScJrnD1xCbBAlSwQN80TYmlMhC1q3fqyL0y2ygQOmtKKYJkDDp/bx0F7ZJ4psVDAmJ1PC2SlHfVPtSZrsVTIf/OlWMsrkLQ+bSf2vJuzUgDagZ/htowIn3io6myiY+Ehq9vDjCd65XV/Hq2sDZoksXMpQU8kQoIF4P2oJqwIDAQABAoGBAJdMauHXIQdjDv6gWoHsTPAQWKj9tC/He2pE6cxqs/HVZqRHR5Ja1gZl7',1,1,'2024-05-30 14:10:06','2024-05-30 14:10:06'),(69,'FR 2024/68',79,'Centro Médico Saúde É Vida','5480016628','Urbanização Nova Vida. Rua, 174, Edifício E139.','2024-05-30 00:00:00','2024-05-30 00:00:00',2,1,1,'Hilquias Chitazo',NULL,10000.00,0.00,0.00,0.00,10000.00,'MIICXAIBAAKBgQC4dcYScJrnD1xCbBAlSwQN80TYmlMhC1q3fqyL0y2ygQOmtKKYJkDDp/bx0F7ZJ4psVDAmJ1PC2SlHfVPtSZrsVTIf/OlWMsrkLQ+bSf2vJuzUgDagZ/htowIn3io6myiY+Ehq9vDjCd65XV/Hq2sDZoksXMpQU8kQoIF4P2oJqwIDAQABAoGBAJdMauHXIQdjDv6gWoHsTPAQWKj9tC/He2pE6cxqs/HVZqRHR5Ja1gZl7',1,1,'2024-05-30 14:10:08','2024-05-30 14:10:08'),(70,'FR 2024/68',79,'Centro Médico Saúde É Vida','5480016628','Urbanização Nova Vida. Rua, 174, Edifício E139.','2024-05-30 00:00:00','2024-05-30 00:00:00',2,1,1,'Hilquias Chitazo',NULL,10000.00,0.00,0.00,0.00,10000.00,'MIICXAIBAAKBgQC4dcYScJrnD1xCbBAlSwQN80TYmlMhC1q3fqyL0y2ygQOmtKKYJkDDp/bx0F7ZJ4psVDAmJ1PC2SlHfVPtSZrsVTIf/OlWMsrkLQ+bSf2vJuzUgDagZ/htowIn3io6myiY+Ehq9vDjCd65XV/Hq2sDZoksXMpQU8kQoIF4P2oJqwIDAQABAoGBAJdMauHXIQdjDv6gWoHsTPAQWKj9tC/He2pE6cxqs/HVZqRHR5Ja1gZl7',1,1,'2024-05-30 14:10:08','2024-05-30 14:10:08'),(71,'FR 2024/71',73,'Imparcial Mediação de Seguros','5001620215','Largo do Atlético, Prédio 45 - 3º Apt.1, Município da Ingombota – Coqueiros','2024-05-02 00:00:00','2024-06-06 00:00:00',2,1,1,'Hilquias Chitazo',NULL,105000.00,0.00,0.00,6825.00,98175.00,'MIICXAIBAAKBgQC4dcYScJrnD1xCbBAlSwQN80TYmlMhC1q3fqyL0y2ygQOmtKKYJkDDp/bx0F7ZJ4psVDAmJ1PC2SlHfVPtSZrsVTIf/OlWMsrkLQ+bSf2vJuzUgDagZ/htowIn3io6myiY+Ehq9vDjCd65XV/Hq2sDZoksXMpQU8kQoIF4P2oJqwIDAQABAoGBAJdMauHXIQdjDv6gWoHsTPAQWKj9tC/He2pE6cxqs/HVZqRHR5Ja1gZl7',1,1,'2024-06-06 09:01:20','2024-06-06 09:01:20'),(72,'FR 2024/72',73,'Imparcial Mediação de Seguros','5001620215','Largo do Atlético, Prédio 45 - 3º Apt.1, Município da Ingombota – Coqueiros','2024-05-16 00:00:00','2024-06-06 00:00:00',1,1,1,'Hilquias Chitazo',NULL,105000.00,0.00,0.00,6825.00,98175.00,'MIICXAIBAAKBgQC4dcYScJrnD1xCbBAlSwQN80TYmlMhC1q3fqyL0y2ygQOmtKKYJkDDp/bx0F7ZJ4psVDAmJ1PC2SlHfVPtSZrsVTIf/OlWMsrkLQ+bSf2vJuzUgDagZ/htowIn3io6myiY+Ehq9vDjCd65XV/Hq2sDZoksXMpQU8kQoIF4P2oJqwIDAQABAoGBAJdMauHXIQdjDv6gWoHsTPAQWKj9tC/He2pE6cxqs/HVZqRHR5Ja1gZl7',1,1,'2024-06-06 09:08:09','2024-06-06 09:08:09'),(73,'FR 2024/73',41,'Timóteo Ulika Su Lda','NIF 5417306770','Rua Direita da Sonangalp, qd-101, Km14-A, Viana','2024-06-11 00:00:00','2024-06-12 00:00:00',1,1,1,'Hilquias Chitazo',NULL,42000.00,0.00,0.00,0.00,42000.00,'MIICXAIBAAKBgQC4dcYScJrnD1xCbBAlSwQN80TYmlMhC1q3fqyL0y2ygQOmtKKYJkDDp/bx0F7ZJ4psVDAmJ1PC2SlHfVPtSZrsVTIf/OlWMsrkLQ+bSf2vJuzUgDagZ/htowIn3io6myiY+Ehq9vDjCd65XV/Hq2sDZoksXMpQU8kQoIF4P2oJqwIDAQABAoGBAJdMauHXIQdjDv6gWoHsTPAQWKj9tC/He2pE6cxqs/HVZqRHR5Ja1gZl7',1,1,'2024-06-12 09:38:16','2024-06-12 09:38:16'),(74,'FR 2024/74',11,'Kafunga Ghet','5001348515','LUANDA','2024-06-13 00:00:00','2024-06-14 00:00:00',2,1,1,'Hilquias Chitazo',NULL,10000.00,0.00,0.00,0.00,10000.00,'MIICXAIBAAKBgQC4dcYScJrnD1xCbBAlSwQN80TYmlMhC1q3fqyL0y2ygQOmtKKYJkDDp/bx0F7ZJ4psVDAmJ1PC2SlHfVPtSZrsVTIf/OlWMsrkLQ+bSf2vJuzUgDagZ/htowIn3io6myiY+Ehq9vDjCd65XV/Hq2sDZoksXMpQU8kQoIF4P2oJqwIDAQABAoGBAJdMauHXIQdjDv6gWoHsTPAQWKj9tC/He2pE6cxqs/HVZqRHR5Ja1gZl7',1,1,'2024-06-14 12:54:57','2024-06-14 12:54:57'),(75,'FR 2024/75',15,'K.Pembele-INDÚSTRIA Lda','5484025940','KILAMBA','2024-06-13 00:00:00','2024-06-14 00:00:00',2,1,1,'Hilquias Chitazo',NULL,25000.00,0.00,0.00,0.00,25000.00,'MIICXAIBAAKBgQC4dcYScJrnD1xCbBAlSwQN80TYmlMhC1q3fqyL0y2ygQOmtKKYJkDDp/bx0F7ZJ4psVDAmJ1PC2SlHfVPtSZrsVTIf/OlWMsrkLQ+bSf2vJuzUgDagZ/htowIn3io6myiY+Ehq9vDjCd65XV/Hq2sDZoksXMpQU8kQoIF4P2oJqwIDAQABAoGBAJdMauHXIQdjDv6gWoHsTPAQWKj9tC/He2pE6cxqs/HVZqRHR5Ja1gZl7',1,1,'2024-06-14 12:56:28','2024-06-14 12:56:28'),(76,'FR 2024/76',74,'JWMA Comércio e Serviços (SU), Lda','548004068','Luanda','2024-06-25 00:00:00','2024-06-28 00:00:00',1,1,1,'Hilquias Chitazo',NULL,17000.00,0.00,0.00,0.00,17000.00,'MIICXAIBAAKBgQC4dcYScJrnD1xCbBAlSwQN80TYmlMhC1q3fqyL0y2ygQOmtKKYJkDDp/bx0F7ZJ4psVDAmJ1PC2SlHfVPtSZrsVTIf/OlWMsrkLQ+bSf2vJuzUgDagZ/htowIn3io6myiY+Ehq9vDjCd65XV/Hq2sDZoksXMpQU8kQoIF4P2oJqwIDAQABAoGBAJdMauHXIQdjDv6gWoHsTPAQWKj9tC/He2pE6cxqs/HVZqRHR5Ja1gZl7',1,1,'2024-06-28 12:00:15','2024-06-28 12:00:15'),(77,'FR 2024/77',11,'Kafunga Ghet','5001348515','LUANDA','2024-07-05 00:00:00','2024-07-05 00:00:00',2,1,1,'Hilquias Chitazo',NULL,10000.00,0.00,0.00,0.00,10000.00,'MIICXAIBAAKBgQC4dcYScJrnD1xCbBAlSwQN80TYmlMhC1q3fqyL0y2ygQOmtKKYJkDDp/bx0F7ZJ4psVDAmJ1PC2SlHfVPtSZrsVTIf/OlWMsrkLQ+bSf2vJuzUgDagZ/htowIn3io6myiY+Ehq9vDjCd65XV/Hq2sDZoksXMpQU8kQoIF4P2oJqwIDAQABAoGBAJdMauHXIQdjDv6gWoHsTPAQWKj9tC/He2pE6cxqs/HVZqRHR5Ja1gZl7',1,1,'2024-07-05 11:47:27','2024-07-05 11:47:27'),(78,'FR 2024/78',15,'K.Pembele-INDÚSTRIA Lda','5484025940','KILAMBA','2024-07-05 00:00:00','2024-07-05 00:00:00',2,1,1,'Hilquias Chitazo',NULL,25000.00,0.00,0.00,0.00,25000.00,'MIICXAIBAAKBgQC4dcYScJrnD1xCbBAlSwQN80TYmlMhC1q3fqyL0y2ygQOmtKKYJkDDp/bx0F7ZJ4psVDAmJ1PC2SlHfVPtSZrsVTIf/OlWMsrkLQ+bSf2vJuzUgDagZ/htowIn3io6myiY+Ehq9vDjCd65XV/Hq2sDZoksXMpQU8kQoIF4P2oJqwIDAQABAoGBAJdMauHXIQdjDv6gWoHsTPAQWKj9tC/He2pE6cxqs/HVZqRHR5Ja1gZl7',1,1,'2024-07-05 11:48:29','2024-07-05 11:48:29'),(79,'FR 2024/79',6,'SUCESSO DA VIDA COMERCIO GERAL & PRESTAÇÃO DE SERVIÇOS, LDA','5001457195','estalagem-mirú','2024-06-10 00:00:00','2024-07-08 00:00:00',2,1,1,'Hilquias Chitazo',NULL,20000.00,0.00,0.00,0.00,20000.00,'MIICXAIBAAKBgQC4dcYScJrnD1xCbBAlSwQN80TYmlMhC1q3fqyL0y2ygQOmtKKYJkDDp/bx0F7ZJ4psVDAmJ1PC2SlHfVPtSZrsVTIf/OlWMsrkLQ+bSf2vJuzUgDagZ/htowIn3io6myiY+Ehq9vDjCd65XV/Hq2sDZoksXMpQU8kQoIF4P2oJqwIDAQABAoGBAJdMauHXIQdjDv6gWoHsTPAQWKj9tC/He2pE6cxqs/HVZqRHR5Ja1gZl7',1,1,'2024-07-08 07:37:44','2024-07-08 07:37:44'),(80,'FR 2024/80',6,'SUCESSO DA VIDA COMERCIO GERAL & PRESTAÇÃO DE SERVIÇOS, LDA','5001457195','estalagem-mirú','2024-07-15 00:00:00','2024-07-15 00:00:00',2,1,1,'Hilquias Chitazo','Refernte à licença de Julho',1000.00,0.00,0.00,0.00,1000.00,'MIICXAIBAAKBgQC4dcYScJrnD1xCbBAlSwQN80TYmlMhC1q3fqyL0y2ygQOmtKKYJkDDp/bx0F7ZJ4psVDAmJ1PC2SlHfVPtSZrsVTIf/OlWMsrkLQ+bSf2vJuzUgDagZ/htowIn3io6myiY+Ehq9vDjCd65XV/Hq2sDZoksXMpQU8kQoIF4P2oJqwIDAQABAoGBAJdMauHXIQdjDv6gWoHsTPAQWKj9tC/He2pE6cxqs/HVZqRHR5Ja1gZl7',1,1,'2024-07-15 12:02:59','2024-07-15 12:02:59'),(81,'FR 2024/81',80,'OA Delcio Recicláveis & Indústria Lda','5000425940','Luanda','2024-08-02 00:00:00','2024-08-02 00:00:00',2,1,1,'Hilquias Chitazo',NULL,70000.00,0.00,0.00,0.00,70000.00,'MIICXAIBAAKBgQC4dcYScJrnD1xCbBAlSwQN80TYmlMhC1q3fqyL0y2ygQOmtKKYJkDDp/bx0F7ZJ4psVDAmJ1PC2SlHfVPtSZrsVTIf/OlWMsrkLQ+bSf2vJuzUgDagZ/htowIn3io6myiY+Ehq9vDjCd65XV/Hq2sDZoksXMpQU8kQoIF4P2oJqwIDAQABAoGBAJdMauHXIQdjDv6gWoHsTPAQWKj9tC/He2pE6cxqs/HVZqRHR5Ja1gZl7',1,1,'2024-08-02 11:28:22','2024-08-02 11:28:22'),(82,'FR 2024/82',9,'Consultório Natural Fonte De Vida','5000668397','morro bento','2024-08-08 00:00:00','2024-08-08 00:00:00',2,1,1,'Angelina de Sousa',NULL,60000.00,0.00,0.00,0.00,60000.00,'MIICXAIBAAKBgQC4dcYScJrnD1xCbBAlSwQN80TYmlMhC1q3fqyL0y2ygQOmtKKYJkDDp/bx0F7ZJ4psVDAmJ1PC2SlHfVPtSZrsVTIf/OlWMsrkLQ+bSf2vJuzUgDagZ/htowIn3io6myiY+Ehq9vDjCd65XV/Hq2sDZoksXMpQU8kQoIF4P2oJqwIDAQABAoGBAJdMauHXIQdjDv6gWoHsTPAQWKj9tC/He2pE6cxqs/HVZqRHR5Ja1gZl7',1,1,'2024-08-08 07:26:40','2024-08-08 07:26:40'),(83,'FR 2024/83',7,'Organozaçôes Biluca E Filhos','5402160023','avó kumbi','2024-08-09 00:00:00','2024-08-09 00:00:00',2,1,1,'Angelina de Sousa',NULL,15000.00,0.00,0.00,0.00,15000.00,'MIICXAIBAAKBgQC4dcYScJrnD1xCbBAlSwQN80TYmlMhC1q3fqyL0y2ygQOmtKKYJkDDp/bx0F7ZJ4psVDAmJ1PC2SlHfVPtSZrsVTIf/OlWMsrkLQ+bSf2vJuzUgDagZ/htowIn3io6myiY+Ehq9vDjCd65XV/Hq2sDZoksXMpQU8kQoIF4P2oJqwIDAQABAoGBAJdMauHXIQdjDv6gWoHsTPAQWKj9tC/He2pE6cxqs/HVZqRHR5Ja1gZl7',1,1,'2024-08-09 12:46:55','2024-08-09 12:46:55'),(84,'FR 2024/84',103,'B.Perdigão Comercial LDA','5000221090','Bié','2024-08-15 00:00:00','2024-08-15 00:00:00',2,1,1,'Angelina de Sousa',NULL,10000.00,0.00,0.00,0.00,10000.00,'MIICXAIBAAKBgQC4dcYScJrnD1xCbBAlSwQN80TYmlMhC1q3fqyL0y2ygQOmtKKYJkDDp/bx0F7ZJ4psVDAmJ1PC2SlHfVPtSZrsVTIf/OlWMsrkLQ+bSf2vJuzUgDagZ/htowIn3io6myiY+Ehq9vDjCd65XV/Hq2sDZoksXMpQU8kQoIF4P2oJqwIDAQABAoGBAJdMauHXIQdjDv6gWoHsTPAQWKj9tC/He2pE6cxqs/HVZqRHR5Ja1gZl7',1,1,'2024-08-15 09:07:37','2024-08-15 09:07:37'),(85,'FR 2024/85',114,'NAK ENERGY OLI & GAS, LDA','5417145078','Rua Américo Boa Vida nº 142. Ingombotas, Luanda','2024-09-04 00:00:00','2024-10-05 00:00:00',2,1,1,'Angelina de Sousa',NULL,350000.00,0.00,0.00,0.00,350000.00,'MIICXAIBAAKBgQC4dcYScJrnD1xCbBAlSwQN80TYmlMhC1q3fqyL0y2ygQOmtKKYJkDDp/bx0F7ZJ4psVDAmJ1PC2SlHfVPtSZrsVTIf/OlWMsrkLQ+bSf2vJuzUgDagZ/htowIn3io6myiY+Ehq9vDjCd65XV/Hq2sDZoksXMpQU8kQoIF4P2oJqwIDAQABAoGBAJdMauHXIQdjDv6gWoHsTPAQWKj9tC/He2pE6cxqs/HVZqRHR5Ja1gZl7',1,0,'2024-09-04 11:10:36','2024-09-04 11:31:38'),(86,'FR 2024/86',114,'NAK ENERGY OLI & GAS, LDA','5417145078','Rua Américo Boa Vida nº 142. Ingombotas, Luanda','2024-09-04 00:00:00','2024-01-05 00:00:00',2,1,1,'Angelina de Sousa',NULL,35000.00,0.00,0.00,0.00,35000.00,'MIICXAIBAAKBgQC4dcYScJrnD1xCbBAlSwQN80TYmlMhC1q3fqyL0y2ygQOmtKKYJkDDp/bx0F7ZJ4psVDAmJ1PC2SlHfVPtSZrsVTIf/OlWMsrkLQ+bSf2vJuzUgDagZ/htowIn3io6myiY+Ehq9vDjCd65XV/Hq2sDZoksXMpQU8kQoIF4P2oJqwIDAQABAoGBAJdMauHXIQdjDv6gWoHsTPAQWKj9tC/He2pE6cxqs/HVZqRHR5Ja1gZl7',1,1,'2024-09-04 11:40:57','2024-09-04 11:40:57'),(87,'FR 2024/87',15,'K.Pembele-INDÚSTRIA Lda','5484025940','KILAMBA','2024-09-05 00:00:00','2024-09-05 00:00:00',2,1,1,'Angelina de Sousa',NULL,25000.00,0.00,0.00,0.00,25000.00,'MIICXAIBAAKBgQC4dcYScJrnD1xCbBAlSwQN80TYmlMhC1q3fqyL0y2ygQOmtKKYJkDDp/bx0F7ZJ4psVDAmJ1PC2SlHfVPtSZrsVTIf/OlWMsrkLQ+bSf2vJuzUgDagZ/htowIn3io6myiY+Ehq9vDjCd65XV/Hq2sDZoksXMpQU8kQoIF4P2oJqwIDAQABAoGBAJdMauHXIQdjDv6gWoHsTPAQWKj9tC/He2pE6cxqs/HVZqRHR5Ja1gZl7',1,1,'2024-09-05 07:18:31','2024-09-05 07:18:31'),(88,'FR 2024/88',11,'Kafunga Ghet','5001348515','LUANDA','2024-09-05 00:00:00','2024-09-05 00:00:00',2,1,1,'Angelina de Sousa',NULL,10000.00,0.00,0.00,0.00,10000.00,'MIICXAIBAAKBgQC4dcYScJrnD1xCbBAlSwQN80TYmlMhC1q3fqyL0y2ygQOmtKKYJkDDp/bx0F7ZJ4psVDAmJ1PC2SlHfVPtSZrsVTIf/OlWMsrkLQ+bSf2vJuzUgDagZ/htowIn3io6myiY+Ehq9vDjCd65XV/Hq2sDZoksXMpQU8kQoIF4P2oJqwIDAQABAoGBAJdMauHXIQdjDv6gWoHsTPAQWKj9tC/He2pE6cxqs/HVZqRHR5Ja1gZl7',1,1,'2024-09-05 07:23:07','2024-09-05 07:23:07'),(89,'FR 2024/89',7,'Organozaçôes Biluca E Filhos','5402160023','avó kumbi','2024-09-05 00:00:00','2024-09-05 00:00:00',2,1,1,'Angelina de Sousa',NULL,15000.00,0.00,0.00,0.00,15000.00,'MIICXAIBAAKBgQC4dcYScJrnD1xCbBAlSwQN80TYmlMhC1q3fqyL0y2ygQOmtKKYJkDDp/bx0F7ZJ4psVDAmJ1PC2SlHfVPtSZrsVTIf/OlWMsrkLQ+bSf2vJuzUgDagZ/htowIn3io6myiY+Ehq9vDjCd65XV/Hq2sDZoksXMpQU8kQoIF4P2oJqwIDAQABAoGBAJdMauHXIQdjDv6gWoHsTPAQWKj9tC/He2pE6cxqs/HVZqRHR5Ja1gZl7',1,1,'2024-09-05 12:06:59','2024-09-05 12:06:59'),(90,'FR 2024/90',9,'Consultório Natural Fonte De Vida','5000668397','morro bento','2024-09-10 00:00:00','2024-09-10 00:00:00',2,1,1,'Angelina de Sousa',NULL,60000.00,0.00,0.00,0.00,60000.00,'MIICXAIBAAKBgQC4dcYScJrnD1xCbBAlSwQN80TYmlMhC1q3fqyL0y2ygQOmtKKYJkDDp/bx0F7ZJ4psVDAmJ1PC2SlHfVPtSZrsVTIf/OlWMsrkLQ+bSf2vJuzUgDagZ/htowIn3io6myiY+Ehq9vDjCd65XV/Hq2sDZoksXMpQU8kQoIF4P2oJqwIDAQABAoGBAJdMauHXIQdjDv6gWoHsTPAQWKj9tC/He2pE6cxqs/HVZqRHR5Ja1gZl7',1,1,'2024-09-10 08:43:02','2024-09-10 08:43:02'),(91,'FR 2024/91',114,'NAK ENERGY OLI & GAS, LDA','5417145078','Rua Américo Boa Vida nº 142. Ingombotas, Luanda','2024-09-23 00:00:00','2024-09-23 00:00:00',2,1,1,'Angelina de Sousa',NULL,35000.00,0.00,0.00,0.00,35000.00,'MIICXAIBAAKBgQC4dcYScJrnD1xCbBAlSwQN80TYmlMhC1q3fqyL0y2ygQOmtKKYJkDDp/bx0F7ZJ4psVDAmJ1PC2SlHfVPtSZrsVTIf/OlWMsrkLQ+bSf2vJuzUgDagZ/htowIn3io6myiY+Ehq9vDjCd65XV/Hq2sDZoksXMpQU8kQoIF4P2oJqwIDAQABAoGBAJdMauHXIQdjDv6gWoHsTPAQWKj9tC/He2pE6cxqs/HVZqRHR5Ja1gZl7',1,1,'2024-09-23 11:29:06','2024-09-23 11:29:06'),(92,'FR 2024/92',87,'Big Bro Entertainment','009468873LA040','Muinicípio do Kilamba Kiaxe-Golf2','2024-10-08 00:00:00','2024-10-08 00:00:00',2,1,1,'Angelina de Sousa',NULL,100000.00,0.00,0.00,0.00,100000.00,'MIICXAIBAAKBgQC4dcYScJrnD1xCbBAlSwQN80TYmlMhC1q3fqyL0y2ygQOmtKKYJkDDp/bx0F7ZJ4psVDAmJ1PC2SlHfVPtSZrsVTIf/OlWMsrkLQ+bSf2vJuzUgDagZ/htowIn3io6myiY+Ehq9vDjCd65XV/Hq2sDZoksXMpQU8kQoIF4P2oJqwIDAQABAoGBAJdMauHXIQdjDv6gWoHsTPAQWKj9tC/He2pE6cxqs/HVZqRHR5Ja1gZl7',1,1,'2024-10-08 09:39:15','2024-10-08 09:39:15'),(93,'FR 2024/93',126,'CARMARGIB LDA','5000723932','Luanda','2024-10-29 00:00:00','2024-11-28 00:00:00',2,1,1,'Angelina de Sousa',NULL,30000.00,0.00,0.00,0.00,30000.00,'MIICXAIBAAKBgQC4dcYScJrnD1xCbBAlSwQN80TYmlMhC1q3fqyL0y2ygQOmtKKYJkDDp/bx0F7ZJ4psVDAmJ1PC2SlHfVPtSZrsVTIf/OlWMsrkLQ+bSf2vJuzUgDagZ/htowIn3io6myiY+Ehq9vDjCd65XV/Hq2sDZoksXMpQU8kQoIF4P2oJqwIDAQABAoGBAJdMauHXIQdjDv6gWoHsTPAQWKj9tC/He2pE6cxqs/HVZqRHR5Ja1gZl7',1,1,'2024-10-29 16:36:54','2024-10-29 16:36:54');
/*!40000 ALTER TABLE `factura_recibos` ENABLE KEYS */;
UNLOCK TABLES;

--
-- Table structure for table `facturas`
--

DROP TABLE IF EXISTS `facturas`;
/*!40101 SET @saved_cs_client     = @@character_set_client */;
/*!40101 SET character_set_client = utf8 */;
CREATE TABLE `facturas` (
  `id` bigint(20) unsigned NOT NULL AUTO_INCREMENT,
  `numero` varchar(191) DEFAULT NULL,
  `cliente_id` bigint(20) unsigned DEFAULT NULL,
  `cliente_nome` varchar(191) DEFAULT NULL,
  `contribuinte` varchar(191) DEFAULT NULL,
  `endereco` varchar(191) DEFAULT NULL,
  `data` datetime DEFAULT NULL,
  `data_vencimento` datetime DEFAULT NULL,
  `formapagamento_id` bigint(20) unsigned DEFAULT NULL,
  `moeda_id` bigint(20) unsigned DEFAULT NULL,
  `utilizador_id` bigint(20) unsigned DEFAULT NULL,
  `utilizador_nome` varchar(191) DEFAULT NULL,
  `observacao` text DEFAULT NULL,
  `subtotal` double(30,2) DEFAULT NULL,
  `desconto` double(30,2) DEFAULT NULL,
  `imposto` double(30,2) DEFAULT NULL,
  `retencao` double(30,2) DEFAULT NULL,
  `total` double(30,2) DEFAULT NULL,
  `total_pendente` double(30,2) DEFAULT NULL,
  `hash` text DEFAULT NULL,
  `status` tinyint(1) DEFAULT NULL,
  `documento_id` int(11) DEFAULT NULL,
  `documento_numero` varchar(191) DEFAULT NULL,
  `is_recibo` tinyint(1) DEFAULT NULL,
  `is_nota` tinyint(1) DEFAULT NULL,
  `created_at` timestamp NULL DEFAULT NULL,
  `updated_at` timestamp NULL DEFAULT NULL,
  PRIMARY KEY (`id`),
  KEY `facturas_cliente_id_foreign` (`cliente_id`),
  KEY `facturas_formapagamento_id_foreign` (`formapagamento_id`),
  KEY `facturas_moeda_id_foreign` (`moeda_id`),
  KEY `facturas_utilizador_id_foreign` (`utilizador_id`),
  CONSTRAINT `facturas_cliente_id_foreign` FOREIGN KEY (`cliente_id`) REFERENCES `clientes` (`id`) ON DELETE NO ACTION ON UPDATE CASCADE,
  CONSTRAINT `facturas_formapagamento_id_foreign` FOREIGN KEY (`formapagamento_id`) REFERENCES `formas_pagamentos` (`id`) ON DELETE NO ACTION ON UPDATE CASCADE,
  CONSTRAINT `facturas_moeda_id_foreign` FOREIGN KEY (`moeda_id`) REFERENCES `moedas` (`id`) ON DELETE NO ACTION ON UPDATE CASCADE,
  CONSTRAINT `facturas_utilizador_id_foreign` FOREIGN KEY (`utilizador_id`) REFERENCES `users` (`id`) ON DELETE NO ACTION ON UPDATE CASCADE
) ENGINE=InnoDB AUTO_INCREMENT=144 DEFAULT CHARSET=utf8mb4 COLLATE=utf8mb4_unicode_ci;
/*!40101 SET character_set_client = @saved_cs_client */;

--
-- Dumping data for table `facturas`
--

LOCK TABLES `facturas` WRITE;
/*!40000 ALTER TABLE `facturas` DISABLE KEYS */;
INSERT INTO `facturas` VALUES (1,'FT 2023/1',15,'K.Pembele-INDÚSTRIA Lda','5484025940','KILAMBA','2023-07-21 00:00:00','2023-07-21 00:00:00',2,1,1,'ATOMO  TECNOLOGIAS & SISTEMA',NULL,25000.00,0.00,0.00,0.00,25000.00,25000.00,'MIICXAIBAAKBgQC4dcYScJrnD1xCbBAlSwQN80TYmlMhC1q3fqyL0y2ygQOmtKKYJkDDp/bx0F7ZJ4psVDAmJ1PC2SlHfVPtSZrsVTIf/OlWMsrkLQ+bSf2vJuzUgDagZ/htowIn3io6myiY+Ehq9vDjCd65XV/Hq2sDZoksXMpQU8kQoIF4P2oJqwIDAQABAoGBAJdMauHXIQdjDv6gWoHsTPAQWKj9tC/He2pE6cxqs/HVZqRHR5Ja1gZl7',1,9,'PP 2023/9',1,1,'2023-07-21 12:18:52','2023-07-21 12:18:52'),(2,'FT 2023/2',9,'Consultório Natural Fonte De Vida','5000668397','morro bento','2023-07-21 00:00:00','2023-07-21 00:00:00',2,1,1,'ATOMO  TECNOLOGIAS & SISTEMA',NULL,24166.00,0.00,0.00,0.00,24166.00,24166.00,'MIICXAIBAAKBgQC4dcYScJrnD1xCbBAlSwQN80TYmlMhC1q3fqyL0y2ygQOmtKKYJkDDp/bx0F7ZJ4psVDAmJ1PC2SlHfVPtSZrsVTIf/OlWMsrkLQ+bSf2vJuzUgDagZ/htowIn3io6myiY+Ehq9vDjCd65XV/Hq2sDZoksXMpQU8kQoIF4P2oJqwIDAQABAoGBAJdMauHXIQdjDv6gWoHsTPAQWKj9tC/He2pE6cxqs/HVZqRHR5Ja1gZl7',1,7,'PP 2023/7',1,1,'2023-07-21 12:19:58','2023-07-21 12:19:58'),(3,'FT 2023/3',9,'Consultório Natural Fonte De Vida','5000668397','morro bento','2023-07-21 00:00:00','2023-07-21 00:00:00',2,1,1,'ATOMO  TECNOLOGIAS & SISTEMA',NULL,24166.00,0.00,0.00,0.00,24166.00,24166.00,'MIICXAIBAAKBgQC4dcYScJrnD1xCbBAlSwQN80TYmlMhC1q3fqyL0y2ygQOmtKKYJkDDp/bx0F7ZJ4psVDAmJ1PC2SlHfVPtSZrsVTIf/OlWMsrkLQ+bSf2vJuzUgDagZ/htowIn3io6myiY+Ehq9vDjCd65XV/Hq2sDZoksXMpQU8kQoIF4P2oJqwIDAQABAoGBAJdMauHXIQdjDv6gWoHsTPAQWKj9tC/He2pE6cxqs/HVZqRHR5Ja1gZl7',1,NULL,NULL,1,1,'2023-07-21 12:22:15','2023-07-21 12:22:15'),(4,'FT 2023/4',13,'JOANA CAXALA-CENTRO MEDICO','5000426644','LUANDA','2023-07-21 00:00:00','2023-07-21 00:00:00',2,1,1,'ATOMO  TECNOLOGIAS & SISTEMA',NULL,10000.00,0.00,0.00,0.00,10000.00,10000.00,'MIICXAIBAAKBgQC4dcYScJrnD1xCbBAlSwQN80TYmlMhC1q3fqyL0y2ygQOmtKKYJkDDp/bx0F7ZJ4psVDAmJ1PC2SlHfVPtSZrsVTIf/OlWMsrkLQ+bSf2vJuzUgDagZ/htowIn3io6myiY+Ehq9vDjCd65XV/Hq2sDZoksXMpQU8kQoIF4P2oJqwIDAQABAoGBAJdMauHXIQdjDv6gWoHsTPAQWKj9tC/He2pE6cxqs/HVZqRHR5Ja1gZl7',1,6,'PP 2023/6',1,1,'2023-07-21 12:22:57','2023-07-21 12:22:57'),(5,'FT 2023/5',10,'CHURASCO DA AVÓ MILÚ','5484074312','JARDIN DE ROSAS','2023-07-21 00:00:00','2023-07-21 00:00:00',2,1,1,'ATOMO  TECNOLOGIAS & SISTEMA',NULL,15000.00,0.00,0.00,0.00,15000.00,15000.00,'MIICXAIBAAKBgQC4dcYScJrnD1xCbBAlSwQN80TYmlMhC1q3fqyL0y2ygQOmtKKYJkDDp/bx0F7ZJ4psVDAmJ1PC2SlHfVPtSZrsVTIf/OlWMsrkLQ+bSf2vJuzUgDagZ/htowIn3io6myiY+Ehq9vDjCd65XV/Hq2sDZoksXMpQU8kQoIF4P2oJqwIDAQABAoGBAJdMauHXIQdjDv6gWoHsTPAQWKj9tC/He2pE6cxqs/HVZqRHR5Ja1gZl7',1,4,'PP 2023/4',1,1,'2023-07-21 12:23:43','2023-07-21 12:23:43'),(6,'FT 2023/6',2,'PRECIOSA & SILVA, LDA','5417426288','FTU','2023-07-21 00:00:00','2023-07-21 00:00:00',2,1,1,'ATOMO  TECNOLOGIAS & SISTEMA',NULL,10000.00,0.00,0.00,0.00,10000.00,10000.00,'MIICXAIBAAKBgQC4dcYScJrnD1xCbBAlSwQN80TYmlMhC1q3fqyL0y2ygQOmtKKYJkDDp/bx0F7ZJ4psVDAmJ1PC2SlHfVPtSZrsVTIf/OlWMsrkLQ+bSf2vJuzUgDagZ/htowIn3io6myiY+Ehq9vDjCd65XV/Hq2sDZoksXMpQU8kQoIF4P2oJqwIDAQABAoGBAJdMauHXIQdjDv6gWoHsTPAQWKj9tC/He2pE6cxqs/HVZqRHR5Ja1gZl7',1,1,'PP 2023/1',1,1,'2023-07-21 12:24:23','2023-07-21 12:24:23'),(7,'FT 2023/7',4,'Melo TE E Filhos-Comércio A Grosso E Retalho,Lda','5417663077','PRAÇA DA MADEIRA- ESTRADA DO CALEMBA 2','2023-07-21 00:00:00','2023-07-21 00:00:00',1,1,1,'ATOMO  TECNOLOGIAS & SISTEMA',NULL,25000.00,0.00,0.00,0.00,25000.00,25000.00,'MIICXAIBAAKBgQC4dcYScJrnD1xCbBAlSwQN80TYmlMhC1q3fqyL0y2ygQOmtKKYJkDDp/bx0F7ZJ4psVDAmJ1PC2SlHfVPtSZrsVTIf/OlWMsrkLQ+bSf2vJuzUgDagZ/htowIn3io6myiY+Ehq9vDjCd65XV/Hq2sDZoksXMpQU8kQoIF4P2oJqwIDAQABAoGBAJdMauHXIQdjDv6gWoHsTPAQWKj9tC/He2pE6cxqs/HVZqRHR5Ja1gZl7',1,3,'PP 2023/3',1,1,'2023-07-21 12:25:11','2023-07-21 12:25:11'),(8,'FT 2023/8',11,'Kafunga Ghet','123','LUANDA','2023-07-21 00:00:00','2023-07-21 00:00:00',2,1,1,'ATOMO  TECNOLOGIAS & SISTEMA',NULL,10000.00,0.00,0.00,0.00,10000.00,10000.00,'MIICXAIBAAKBgQC4dcYScJrnD1xCbBAlSwQN80TYmlMhC1q3fqyL0y2ygQOmtKKYJkDDp/bx0F7ZJ4psVDAmJ1PC2SlHfVPtSZrsVTIf/OlWMsrkLQ+bSf2vJuzUgDagZ/htowIn3io6myiY+Ehq9vDjCd65XV/Hq2sDZoksXMpQU8kQoIF4P2oJqwIDAQABAoGBAJdMauHXIQdjDv6gWoHsTPAQWKj9tC/He2pE6cxqs/HVZqRHR5Ja1gZl7',1,5,'PP 2023/5',1,1,'2023-07-21 12:25:49','2023-07-21 12:25:49'),(9,'FT 2023/9',20,'BECLAMAN EMPRENDIMENTO E PRESTAÇÃO E SERVIÇO(COLÉGIO CULTUS)','5417626562','PATRIOTA-ALCACIOAS','2023-08-08 00:00:00','2023-09-05 00:00:00',2,1,1,'Hilquias Chitazo',NULL,27000.00,0.00,0.00,0.00,27000.00,27000.00,'MIICXAIBAAKBgQC4dcYScJrnD1xCbBAlSwQN80TYmlMhC1q3fqyL0y2ygQOmtKKYJkDDp/bx0F7ZJ4psVDAmJ1PC2SlHfVPtSZrsVTIf/OlWMsrkLQ+bSf2vJuzUgDagZ/htowIn3io6myiY+Ehq9vDjCd65XV/Hq2sDZoksXMpQU8kQoIF4P2oJqwIDAQABAoGBAJdMauHXIQdjDv6gWoHsTPAQWKj9tC/He2pE6cxqs/HVZqRHR5Ja1gZl7',1,14,'PP 2023/14',1,1,'2023-08-08 09:05:50','2023-08-08 09:05:50'),(10,'FT 2023/10',2,'PRECIOSA & SILVA, LDA','5417426288','FTU','2023-08-09 00:00:00','2023-09-05 00:00:00',2,1,1,'Hilquias Chitazo',NULL,10000.00,0.00,0.00,0.00,10000.00,10000.00,'MIICXAIBAAKBgQC4dcYScJrnD1xCbBAlSwQN80TYmlMhC1q3fqyL0y2ygQOmtKKYJkDDp/bx0F7ZJ4psVDAmJ1PC2SlHfVPtSZrsVTIf/OlWMsrkLQ+bSf2vJuzUgDagZ/htowIn3io6myiY+Ehq9vDjCd65XV/Hq2sDZoksXMpQU8kQoIF4P2oJqwIDAQABAoGBAJdMauHXIQdjDv6gWoHsTPAQWKj9tC/He2pE6cxqs/HVZqRHR5Ja1gZl7',1,16,'PP 2023/16',1,1,'2023-08-09 14:16:53','2023-08-09 14:16:53'),(11,'FT 2023/11',5,'I.M.T.P De Saúde Silva E Águas','5417061891','estalagem-praça nova','2023-08-29 00:00:00','2023-09-17 00:00:00',2,1,1,'Hilquias Chitazo',NULL,25000.00,0.00,0.00,0.00,25000.00,25000.00,'MIICXAIBAAKBgQC4dcYScJrnD1xCbBAlSwQN80TYmlMhC1q3fqyL0y2ygQOmtKKYJkDDp/bx0F7ZJ4psVDAmJ1PC2SlHfVPtSZrsVTIf/OlWMsrkLQ+bSf2vJuzUgDagZ/htowIn3io6myiY+Ehq9vDjCd65XV/Hq2sDZoksXMpQU8kQoIF4P2oJqwIDAQABAoGBAJdMauHXIQdjDv6gWoHsTPAQWKj9tC/He2pE6cxqs/HVZqRHR5Ja1gZl7',1,30,'PP 2023/30',1,1,'2023-08-29 13:05:26','2023-08-29 13:05:26'),(12,'FT 2023/12',2,'PRECIOSA & SILVA, LDA','5417426288','FTU','2023-10-06 00:00:00','2023-11-10 00:00:00',2,1,1,'Hilquias Chitazo',NULL,10000.00,0.00,0.00,0.00,10000.00,10000.00,'MIICXAIBAAKBgQC4dcYScJrnD1xCbBAlSwQN80TYmlMhC1q3fqyL0y2ygQOmtKKYJkDDp/bx0F7ZJ4psVDAmJ1PC2SlHfVPtSZrsVTIf/OlWMsrkLQ+bSf2vJuzUgDagZ/htowIn3io6myiY+Ehq9vDjCd65XV/Hq2sDZoksXMpQU8kQoIF4P2oJqwIDAQABAoGBAJdMauHXIQdjDv6gWoHsTPAQWKj9tC/He2pE6cxqs/HVZqRHR5Ja1gZl7',1,NULL,NULL,1,1,'2023-10-06 14:07:16','2023-10-06 14:07:16'),(13,'FT 2023/13',15,'K.Pembele-INDÚSTRIA Lda','5484025940','KILAMBA','2023-10-06 00:00:00','2023-11-06 00:00:00',2,1,1,'Hilquias Chitazo',NULL,25000.00,0.00,0.00,0.00,25000.00,25000.00,'MIICXAIBAAKBgQC4dcYScJrnD1xCbBAlSwQN80TYmlMhC1q3fqyL0y2ygQOmtKKYJkDDp/bx0F7ZJ4psVDAmJ1PC2SlHfVPtSZrsVTIf/OlWMsrkLQ+bSf2vJuzUgDagZ/htowIn3io6myiY+Ehq9vDjCd65XV/Hq2sDZoksXMpQU8kQoIF4P2oJqwIDAQABAoGBAJdMauHXIQdjDv6gWoHsTPAQWKj9tC/He2pE6cxqs/HVZqRHR5Ja1gZl7',1,NULL,NULL,1,1,'2023-10-06 14:08:27','2023-10-06 14:08:27'),(14,'FT 2023/14',26,'K.WILLIAM-PRESTAÇÃO DE SERVIÇO E COMERCIO (SU), LDA','5001504312','avó kumbi','2023-10-06 00:00:00','2023-10-06 00:00:00',2,1,1,'Hilquias Chitazo',NULL,15000.00,0.00,0.00,0.00,15000.00,15000.00,'MIICXAIBAAKBgQC4dcYScJrnD1xCbBAlSwQN80TYmlMhC1q3fqyL0y2ygQOmtKKYJkDDp/bx0F7ZJ4psVDAmJ1PC2SlHfVPtSZrsVTIf/OlWMsrkLQ+bSf2vJuzUgDagZ/htowIn3io6myiY+Ehq9vDjCd65XV/Hq2sDZoksXMpQU8kQoIF4P2oJqwIDAQABAoGBAJdMauHXIQdjDv6gWoHsTPAQWKj9tC/He2pE6cxqs/HVZqRHR5Ja1gZl7',1,NULL,NULL,1,1,'2023-10-06 14:15:01','2023-10-06 14:15:01'),(15,'FT 2023/15',2,'PRECIOSA & SILVA, LDA','5417426288','FTU','2023-10-06 00:00:00','2023-10-06 00:00:00',2,1,1,'Hilquias Chitazo',NULL,10000.00,0.00,0.00,0.00,10000.00,10000.00,'MIICXAIBAAKBgQC4dcYScJrnD1xCbBAlSwQN80TYmlMhC1q3fqyL0y2ygQOmtKKYJkDDp/bx0F7ZJ4psVDAmJ1PC2SlHfVPtSZrsVTIf/OlWMsrkLQ+bSf2vJuzUgDagZ/htowIn3io6myiY+Ehq9vDjCd65XV/Hq2sDZoksXMpQU8kQoIF4P2oJqwIDAQABAoGBAJdMauHXIQdjDv6gWoHsTPAQWKj9tC/He2pE6cxqs/HVZqRHR5Ja1gZl7',1,NULL,NULL,1,1,'2023-10-06 14:20:11','2023-10-06 14:20:11'),(16,'FT 2023/16',15,'K.Pembele-INDÚSTRIA Lda','5484025940','KILAMBA','2023-10-06 00:00:00','2023-10-06 00:00:00',2,1,1,'Hilquias Chitazo',NULL,25000.00,0.00,0.00,0.00,25000.00,25000.00,'MIICXAIBAAKBgQC4dcYScJrnD1xCbBAlSwQN80TYmlMhC1q3fqyL0y2ygQOmtKKYJkDDp/bx0F7ZJ4psVDAmJ1PC2SlHfVPtSZrsVTIf/OlWMsrkLQ+bSf2vJuzUgDagZ/htowIn3io6myiY+Ehq9vDjCd65XV/Hq2sDZoksXMpQU8kQoIF4P2oJqwIDAQABAoGBAJdMauHXIQdjDv6gWoHsTPAQWKj9tC/He2pE6cxqs/HVZqRHR5Ja1gZl7',1,NULL,NULL,1,1,'2023-10-06 14:21:37','2023-10-06 14:21:37'),(17,'FT 2023/17',11,'Kafunga Ghet','123','LUANDA','2023-10-06 00:00:00','2023-10-06 00:00:00',1,1,1,'Hilquias Chitazo',NULL,10000.00,0.00,0.00,0.00,10000.00,10000.00,'MIICXAIBAAKBgQC4dcYScJrnD1xCbBAlSwQN80TYmlMhC1q3fqyL0y2ygQOmtKKYJkDDp/bx0F7ZJ4psVDAmJ1PC2SlHfVPtSZrsVTIf/OlWMsrkLQ+bSf2vJuzUgDagZ/htowIn3io6myiY+Ehq9vDjCd65XV/Hq2sDZoksXMpQU8kQoIF4P2oJqwIDAQABAoGBAJdMauHXIQdjDv6gWoHsTPAQWKj9tC/He2pE6cxqs/HVZqRHR5Ja1gZl7',1,NULL,NULL,1,1,'2023-10-06 14:22:57','2023-10-06 14:22:57'),(18,'FT 2023/18',6,'SUCESSO DA VIDA COMERCIO GERAL & PRESTAÇÃO DE SERVIÇOS, LDA','5001457195','estalagem-mirú','2023-10-06 00:00:00','2023-10-06 00:00:00',2,1,1,'Hilquias Chitazo',NULL,10000.00,0.00,0.00,0.00,10000.00,10000.00,'MIICXAIBAAKBgQC4dcYScJrnD1xCbBAlSwQN80TYmlMhC1q3fqyL0y2ygQOmtKKYJkDDp/bx0F7ZJ4psVDAmJ1PC2SlHfVPtSZrsVTIf/OlWMsrkLQ+bSf2vJuzUgDagZ/htowIn3io6myiY+Ehq9vDjCd65XV/Hq2sDZoksXMpQU8kQoIF4P2oJqwIDAQABAoGBAJdMauHXIQdjDv6gWoHsTPAQWKj9tC/He2pE6cxqs/HVZqRHR5Ja1gZl7',1,NULL,NULL,1,1,'2023-10-06 14:43:02','2023-10-06 14:43:02'),(19,'FT 2023/19',20,'BECLAMAN EMPRENDIMENTO E PRESTAÇÃO E SERVIÇO(COLÉGIO CULTUS)','5417626562','PATRIOTA-ALCACIOAS','2023-10-12 00:00:00','2023-10-12 00:00:00',1,1,1,'Hilquias Chitazo','O Prazo é até dia 15 do mês ocorrente.',27000.00,0.00,0.00,0.00,27000.00,27000.00,'MIICXAIBAAKBgQC4dcYScJrnD1xCbBAlSwQN80TYmlMhC1q3fqyL0y2ygQOmtKKYJkDDp/bx0F7ZJ4psVDAmJ1PC2SlHfVPtSZrsVTIf/OlWMsrkLQ+bSf2vJuzUgDagZ/htowIn3io6myiY+Ehq9vDjCd65XV/Hq2sDZoksXMpQU8kQoIF4P2oJqwIDAQABAoGBAJdMauHXIQdjDv6gWoHsTPAQWKj9tC/He2pE6cxqs/HVZqRHR5Ja1gZl7',1,NULL,NULL,1,1,'2023-10-12 13:16:56','2023-10-12 13:16:56'),(20,'FT 2023/20',5,'I.M.T.P De Saúde Silva E Águas','5417061891','estalagem-praça nova','2023-10-16 00:00:00','2023-10-16 00:00:00',2,1,1,'Hilquias Chitazo',NULL,25000.00,0.00,0.00,0.00,25000.00,25000.00,'MIICXAIBAAKBgQC4dcYScJrnD1xCbBAlSwQN80TYmlMhC1q3fqyL0y2ygQOmtKKYJkDDp/bx0F7ZJ4psVDAmJ1PC2SlHfVPtSZrsVTIf/OlWMsrkLQ+bSf2vJuzUgDagZ/htowIn3io6myiY+Ehq9vDjCd65XV/Hq2sDZoksXMpQU8kQoIF4P2oJqwIDAQABAoGBAJdMauHXIQdjDv6gWoHsTPAQWKj9tC/He2pE6cxqs/HVZqRHR5Ja1gZl7',1,NULL,NULL,1,1,'2023-10-16 10:31:55','2023-10-16 10:31:55'),(21,'FT 2023/21',3,'GRUPO MF & F NEGÓCIOS, LDA(COMPLEXO ESCOLAR ESTRELA DOURADA)','5417275735','RAMIRO KM30','2023-10-16 00:00:00','2023-10-16 00:00:00',2,1,1,'Hilquias Chitazo',NULL,23000.00,0.00,0.00,0.00,23000.00,23000.00,'MIICXAIBAAKBgQC4dcYScJrnD1xCbBAlSwQN80TYmlMhC1q3fqyL0y2ygQOmtKKYJkDDp/bx0F7ZJ4psVDAmJ1PC2SlHfVPtSZrsVTIf/OlWMsrkLQ+bSf2vJuzUgDagZ/htowIn3io6myiY+Ehq9vDjCd65XV/Hq2sDZoksXMpQU8kQoIF4P2oJqwIDAQABAoGBAJdMauHXIQdjDv6gWoHsTPAQWKj9tC/He2pE6cxqs/HVZqRHR5Ja1gZl7',1,NULL,NULL,1,1,'2023-10-16 10:39:03','2023-10-16 10:39:03'),(22,'FT 2023/22',29,'ASSOCIAÇAO DE ACTORES SOCIAIS CHAVE DE SABER ANGOLA(AACSA)','5001484591','Rua Praceta, Lourenço Mendes Da Conceição casa s/n:Município da Ingombota-Luanda/Angola','2023-10-17 00:00:00','2023-10-18 00:00:00',2,1,1,'Hilquias Chitazo',NULL,30000.00,0.00,0.00,0.00,30000.00,30000.00,'MIICXAIBAAKBgQC4dcYScJrnD1xCbBAlSwQN80TYmlMhC1q3fqyL0y2ygQOmtKKYJkDDp/bx0F7ZJ4psVDAmJ1PC2SlHfVPtSZrsVTIf/OlWMsrkLQ+bSf2vJuzUgDagZ/htowIn3io6myiY+Ehq9vDjCd65XV/Hq2sDZoksXMpQU8kQoIF4P2oJqwIDAQABAoGBAJdMauHXIQdjDv6gWoHsTPAQWKj9tC/He2pE6cxqs/HVZqRHR5Ja1gZl7',1,NULL,NULL,1,1,'2023-10-17 23:21:26','2023-10-17 23:21:26'),(23,'FT 2023/22',29,'ASSOCIAÇAO DE ACTORES SOCIAIS CHAVE DE SABER ANGOLA(AACSA)','5001484591','Rua Praceta, Lourenço Mendes Da Conceição casa s/n:Município da Ingombota-Luanda/Angola','2023-10-17 00:00:00','2023-10-18 00:00:00',2,1,1,'Hilquias Chitazo',NULL,30000.00,0.00,0.00,0.00,30000.00,30000.00,'MIICXAIBAAKBgQC4dcYScJrnD1xCbBAlSwQN80TYmlMhC1q3fqyL0y2ygQOmtKKYJkDDp/bx0F7ZJ4psVDAmJ1PC2SlHfVPtSZrsVTIf/OlWMsrkLQ+bSf2vJuzUgDagZ/htowIn3io6myiY+Ehq9vDjCd65XV/Hq2sDZoksXMpQU8kQoIF4P2oJqwIDAQABAoGBAJdMauHXIQdjDv6gWoHsTPAQWKj9tC/He2pE6cxqs/HVZqRHR5Ja1gZl7',1,NULL,NULL,1,1,'2023-10-17 23:21:28','2023-10-17 23:21:28'),(24,'FT 2023/22',29,'ASSOCIAÇAO DE ACTORES SOCIAIS CHAVE DE SABER ANGOLA(AACSA)','5001484591','Rua Praceta, Lourenço Mendes Da Conceição casa s/n:Município da Ingombota-Luanda/Angola','2023-10-17 00:00:00','2023-10-18 00:00:00',2,1,1,'Hilquias Chitazo',NULL,30000.00,0.00,0.00,0.00,30000.00,30000.00,'MIICXAIBAAKBgQC4dcYScJrnD1xCbBAlSwQN80TYmlMhC1q3fqyL0y2ygQOmtKKYJkDDp/bx0F7ZJ4psVDAmJ1PC2SlHfVPtSZrsVTIf/OlWMsrkLQ+bSf2vJuzUgDagZ/htowIn3io6myiY+Ehq9vDjCd65XV/Hq2sDZoksXMpQU8kQoIF4P2oJqwIDAQABAoGBAJdMauHXIQdjDv6gWoHsTPAQWKj9tC/He2pE6cxqs/HVZqRHR5Ja1gZl7',1,NULL,NULL,1,1,'2023-10-17 23:21:31','2023-10-17 23:21:31'),(25,'FT 2023/22',29,'ASSOCIAÇAO DE ACTORES SOCIAIS CHAVE DE SABER ANGOLA(AACSA)','5001484591','Rua Praceta, Lourenço Mendes Da Conceição casa s/n:Município da Ingombota-Luanda/Angola','2023-10-17 00:00:00','2023-10-18 00:00:00',2,1,1,'Hilquias Chitazo',NULL,30000.00,0.00,0.00,0.00,30000.00,30000.00,'MIICXAIBAAKBgQC4dcYScJrnD1xCbBAlSwQN80TYmlMhC1q3fqyL0y2ygQOmtKKYJkDDp/bx0F7ZJ4psVDAmJ1PC2SlHfVPtSZrsVTIf/OlWMsrkLQ+bSf2vJuzUgDagZ/htowIn3io6myiY+Ehq9vDjCd65XV/Hq2sDZoksXMpQU8kQoIF4P2oJqwIDAQABAoGBAJdMauHXIQdjDv6gWoHsTPAQWKj9tC/He2pE6cxqs/HVZqRHR5Ja1gZl7',1,NULL,NULL,1,1,'2023-10-17 23:21:32','2023-10-17 23:21:32'),(26,'FT 2023/22',29,'ASSOCIAÇAO DE ACTORES SOCIAIS CHAVE DE SABER ANGOLA(AACSA)','5001484591','Rua Praceta, Lourenço Mendes Da Conceição casa s/n:Município da Ingombota-Luanda/Angola','2023-10-17 00:00:00','2023-10-18 00:00:00',2,1,1,'Hilquias Chitazo',NULL,30000.00,0.00,0.00,0.00,30000.00,30000.00,'MIICXAIBAAKBgQC4dcYScJrnD1xCbBAlSwQN80TYmlMhC1q3fqyL0y2ygQOmtKKYJkDDp/bx0F7ZJ4psVDAmJ1PC2SlHfVPtSZrsVTIf/OlWMsrkLQ+bSf2vJuzUgDagZ/htowIn3io6myiY+Ehq9vDjCd65XV/Hq2sDZoksXMpQU8kQoIF4P2oJqwIDAQABAoGBAJdMauHXIQdjDv6gWoHsTPAQWKj9tC/He2pE6cxqs/HVZqRHR5Ja1gZl7',1,NULL,NULL,1,1,'2023-10-17 23:21:32','2023-10-17 23:21:32'),(27,'FT 2023/22',29,'ASSOCIAÇAO DE ACTORES SOCIAIS CHAVE DE SABER ANGOLA(AACSA)','5001484591','Rua Praceta, Lourenço Mendes Da Conceição casa s/n:Município da Ingombota-Luanda/Angola','2023-10-17 00:00:00','2023-10-18 00:00:00',2,1,1,'Hilquias Chitazo',NULL,30000.00,0.00,0.00,0.00,30000.00,30000.00,'MIICXAIBAAKBgQC4dcYScJrnD1xCbBAlSwQN80TYmlMhC1q3fqyL0y2ygQOmtKKYJkDDp/bx0F7ZJ4psVDAmJ1PC2SlHfVPtSZrsVTIf/OlWMsrkLQ+bSf2vJuzUgDagZ/htowIn3io6myiY+Ehq9vDjCd65XV/Hq2sDZoksXMpQU8kQoIF4P2oJqwIDAQABAoGBAJdMauHXIQdjDv6gWoHsTPAQWKj9tC/He2pE6cxqs/HVZqRHR5Ja1gZl7',1,NULL,NULL,1,1,'2023-10-17 23:21:32','2023-10-17 23:21:32'),(28,'FT 2023/22',29,'ASSOCIAÇAO DE ACTORES SOCIAIS CHAVE DE SABER ANGOLA(AACSA)','5001484591','Rua Praceta, Lourenço Mendes Da Conceição casa s/n:Município da Ingombota-Luanda/Angola','2023-10-17 00:00:00','2023-10-18 00:00:00',2,1,1,'Hilquias Chitazo',NULL,30000.00,0.00,0.00,0.00,30000.00,30000.00,'MIICXAIBAAKBgQC4dcYScJrnD1xCbBAlSwQN80TYmlMhC1q3fqyL0y2ygQOmtKKYJkDDp/bx0F7ZJ4psVDAmJ1PC2SlHfVPtSZrsVTIf/OlWMsrkLQ+bSf2vJuzUgDagZ/htowIn3io6myiY+Ehq9vDjCd65XV/Hq2sDZoksXMpQU8kQoIF4P2oJqwIDAQABAoGBAJdMauHXIQdjDv6gWoHsTPAQWKj9tC/He2pE6cxqs/HVZqRHR5Ja1gZl7',1,NULL,NULL,1,1,'2023-10-17 23:21:43','2023-10-17 23:21:43'),(29,'FT 2023/22',29,'ASSOCIAÇAO DE ACTORES SOCIAIS CHAVE DE SABER ANGOLA(AACSA)','5001484591','Rua Praceta, Lourenço Mendes Da Conceição casa s/n:Município da Ingombota-Luanda/Angola','2023-10-17 00:00:00','2023-10-18 00:00:00',2,1,1,'Hilquias Chitazo',NULL,30000.00,0.00,0.00,0.00,30000.00,30000.00,'MIICXAIBAAKBgQC4dcYScJrnD1xCbBAlSwQN80TYmlMhC1q3fqyL0y2ygQOmtKKYJkDDp/bx0F7ZJ4psVDAmJ1PC2SlHfVPtSZrsVTIf/OlWMsrkLQ+bSf2vJuzUgDagZ/htowIn3io6myiY+Ehq9vDjCd65XV/Hq2sDZoksXMpQU8kQoIF4P2oJqwIDAQABAoGBAJdMauHXIQdjDv6gWoHsTPAQWKj9tC/He2pE6cxqs/HVZqRHR5Ja1gZl7',1,NULL,NULL,1,1,'2023-10-17 23:21:43','2023-10-17 23:21:43'),(30,'FT 2023/22',29,'ASSOCIAÇAO DE ACTORES SOCIAIS CHAVE DE SABER ANGOLA(AACSA)','5001484591','Rua Praceta, Lourenço Mendes Da Conceição casa s/n:Município da Ingombota-Luanda/Angola','2023-10-17 00:00:00','2023-10-18 00:00:00',2,1,1,'Hilquias Chitazo',NULL,30000.00,0.00,0.00,0.00,30000.00,30000.00,'MIICXAIBAAKBgQC4dcYScJrnD1xCbBAlSwQN80TYmlMhC1q3fqyL0y2ygQOmtKKYJkDDp/bx0F7ZJ4psVDAmJ1PC2SlHfVPtSZrsVTIf/OlWMsrkLQ+bSf2vJuzUgDagZ/htowIn3io6myiY+Ehq9vDjCd65XV/Hq2sDZoksXMpQU8kQoIF4P2oJqwIDAQABAoGBAJdMauHXIQdjDv6gWoHsTPAQWKj9tC/He2pE6cxqs/HVZqRHR5Ja1gZl7',1,NULL,NULL,1,1,'2023-10-17 23:21:43','2023-10-17 23:21:43'),(31,'FT 2023/31',29,'AASCS-EPT','5001484591','Rua Praceta, Lourenço Mendes Da Conceição casa s/n:Município da Ingombota-Luanda/Angola','2023-10-18 00:00:00','2023-10-19 00:00:00',2,1,1,'Hilquias Chitazo',NULL,30000.00,0.00,0.00,0.00,30000.00,30000.00,'MIICXAIBAAKBgQC4dcYScJrnD1xCbBAlSwQN80TYmlMhC1q3fqyL0y2ygQOmtKKYJkDDp/bx0F7ZJ4psVDAmJ1PC2SlHfVPtSZrsVTIf/OlWMsrkLQ+bSf2vJuzUgDagZ/htowIn3io6myiY+Ehq9vDjCd65XV/Hq2sDZoksXMpQU8kQoIF4P2oJqwIDAQABAoGBAJdMauHXIQdjDv6gWoHsTPAQWKj9tC/He2pE6cxqs/HVZqRHR5Ja1gZl7',1,NULL,NULL,1,1,'2023-10-18 02:00:16','2023-10-18 02:00:16'),(32,'FT 2023/31',29,'AASCS-EPT','5001484591','Rua Praceta, Lourenço Mendes Da Conceição casa s/n:Município da Ingombota-Luanda/Angola','2023-10-18 00:00:00','2023-10-19 00:00:00',2,1,1,'Hilquias Chitazo',NULL,30000.00,0.00,0.00,0.00,30000.00,30000.00,'MIICXAIBAAKBgQC4dcYScJrnD1xCbBAlSwQN80TYmlMhC1q3fqyL0y2ygQOmtKKYJkDDp/bx0F7ZJ4psVDAmJ1PC2SlHfVPtSZrsVTIf/OlWMsrkLQ+bSf2vJuzUgDagZ/htowIn3io6myiY+Ehq9vDjCd65XV/Hq2sDZoksXMpQU8kQoIF4P2oJqwIDAQABAoGBAJdMauHXIQdjDv6gWoHsTPAQWKj9tC/He2pE6cxqs/HVZqRHR5Ja1gZl7',1,NULL,NULL,1,1,'2023-10-18 02:00:20','2023-10-18 02:00:20'),(33,'FT 2023/31',29,'AASCS-EPT','5001484591','Rua Praceta, Lourenço Mendes Da Conceição casa s/n:Município da Ingombota-Luanda/Angola','2023-10-18 00:00:00','2023-10-19 00:00:00',2,1,1,'Hilquias Chitazo',NULL,30000.00,0.00,0.00,0.00,30000.00,30000.00,'MIICXAIBAAKBgQC4dcYScJrnD1xCbBAlSwQN80TYmlMhC1q3fqyL0y2ygQOmtKKYJkDDp/bx0F7ZJ4psVDAmJ1PC2SlHfVPtSZrsVTIf/OlWMsrkLQ+bSf2vJuzUgDagZ/htowIn3io6myiY+Ehq9vDjCd65XV/Hq2sDZoksXMpQU8kQoIF4P2oJqwIDAQABAoGBAJdMauHXIQdjDv6gWoHsTPAQWKj9tC/He2pE6cxqs/HVZqRHR5Ja1gZl7',1,NULL,NULL,1,1,'2023-10-18 02:00:21','2023-10-18 02:00:21'),(34,'FT 2023/34',3,'Consumidor Final','Consumidor Final','Martires do Kifangondo, Casa nº 11, Rua  1','2023-10-20 00:00:00','2023-10-20 00:00:00',2,1,1,'Hilquias Chitazo',NULL,23000.00,0.00,0.00,0.00,23000.00,23000.00,'MIICXAIBAAKBgQC4dcYScJrnD1xCbBAlSwQN80TYmlMhC1q3fqyL0y2ygQOmtKKYJkDDp/bx0F7ZJ4psVDAmJ1PC2SlHfVPtSZrsVTIf/OlWMsrkLQ+bSf2vJuzUgDagZ/htowIn3io6myiY+Ehq9vDjCd65XV/Hq2sDZoksXMpQU8kQoIF4P2oJqwIDAQABAoGBAJdMauHXIQdjDv6gWoHsTPAQWKj9tC/He2pE6cxqs/HVZqRHR5Ja1gZl7',1,NULL,NULL,1,1,'2023-10-20 07:44:28','2023-10-20 07:44:28'),(35,'FT 2023/35',3,'GRUPO MF & F NEGÓCIOS, LDA(COMPLEXO ESCOLAR ESTRELA DOURADA)','5417275735','RAMIRO KM30','2023-10-20 00:00:00','2023-10-20 00:00:00',2,1,1,'Hilquias Chitazo',NULL,23000.00,0.00,0.00,0.00,23000.00,23000.00,'MIICXAIBAAKBgQC4dcYScJrnD1xCbBAlSwQN80TYmlMhC1q3fqyL0y2ygQOmtKKYJkDDp/bx0F7ZJ4psVDAmJ1PC2SlHfVPtSZrsVTIf/OlWMsrkLQ+bSf2vJuzUgDagZ/htowIn3io6myiY+Ehq9vDjCd65XV/Hq2sDZoksXMpQU8kQoIF4P2oJqwIDAQABAoGBAJdMauHXIQdjDv6gWoHsTPAQWKj9tC/He2pE6cxqs/HVZqRHR5Ja1gZl7',1,NULL,NULL,1,1,'2023-10-20 07:45:29','2023-10-20 07:45:29'),(36,'FT 2023/36',3,'GRUPO MF & F NEGÓCIOS, LDA(COMPLEXO ESCOLAR ESTRELA DOURADA)','5417275735','RAMIRO KM30','2023-11-07 00:00:00','2023-11-07 00:00:00',1,1,1,'Hilquias Chitazo',NULL,23000.00,0.00,0.00,0.00,23000.00,23000.00,'MIICXAIBAAKBgQC4dcYScJrnD1xCbBAlSwQN80TYmlMhC1q3fqyL0y2ygQOmtKKYJkDDp/bx0F7ZJ4psVDAmJ1PC2SlHfVPtSZrsVTIf/OlWMsrkLQ+bSf2vJuzUgDagZ/htowIn3io6myiY+Ehq9vDjCd65XV/Hq2sDZoksXMpQU8kQoIF4P2oJqwIDAQABAoGBAJdMauHXIQdjDv6gWoHsTPAQWKj9tC/He2pE6cxqs/HVZqRHR5Ja1gZl7',1,NULL,NULL,1,1,'2023-11-07 10:30:29','2023-11-07 10:30:29'),(37,'FT 2023/37',2,'PRECIOSA & SILVA, LDA','5417426288','FTU','2023-11-08 00:00:00','2023-11-08 00:00:00',2,1,1,'Hilquias Chitazo',NULL,10000.00,0.00,0.00,0.00,10000.00,10000.00,'MIICXAIBAAKBgQC4dcYScJrnD1xCbBAlSwQN80TYmlMhC1q3fqyL0y2ygQOmtKKYJkDDp/bx0F7ZJ4psVDAmJ1PC2SlHfVPtSZrsVTIf/OlWMsrkLQ+bSf2vJuzUgDagZ/htowIn3io6myiY+Ehq9vDjCd65XV/Hq2sDZoksXMpQU8kQoIF4P2oJqwIDAQABAoGBAJdMauHXIQdjDv6gWoHsTPAQWKj9tC/He2pE6cxqs/HVZqRHR5Ja1gZl7',1,NULL,NULL,1,1,'2023-11-08 09:13:46','2023-11-08 09:13:46'),(38,'FT 2023/38',3,'GRUPO MF & F NEGÓCIOS, LDA(COMPLEXO ESCOLAR ESTRELA DOURADA)','5417275735','RAMIRO KM30','2023-11-08 00:00:00','2023-11-08 00:00:00',1,1,1,'Hilquias Chitazo',NULL,23000.00,0.00,0.00,0.00,23000.00,23000.00,'MIICXAIBAAKBgQC4dcYScJrnD1xCbBAlSwQN80TYmlMhC1q3fqyL0y2ygQOmtKKYJkDDp/bx0F7ZJ4psVDAmJ1PC2SlHfVPtSZrsVTIf/OlWMsrkLQ+bSf2vJuzUgDagZ/htowIn3io6myiY+Ehq9vDjCd65XV/Hq2sDZoksXMpQU8kQoIF4P2oJqwIDAQABAoGBAJdMauHXIQdjDv6gWoHsTPAQWKj9tC/He2pE6cxqs/HVZqRHR5Ja1gZl7',1,NULL,NULL,1,1,'2023-11-08 09:14:35','2023-11-08 09:14:35'),(39,'FT 2023/39',5,'I.M.T.P De Saúde Silva E Águas','5417061891','estalagem-praça nova','2023-11-08 00:00:00','2023-11-08 00:00:00',2,1,1,'Hilquias Chitazo',NULL,25000.00,0.00,0.00,0.00,25000.00,25000.00,'MIICXAIBAAKBgQC4dcYScJrnD1xCbBAlSwQN80TYmlMhC1q3fqyL0y2ygQOmtKKYJkDDp/bx0F7ZJ4psVDAmJ1PC2SlHfVPtSZrsVTIf/OlWMsrkLQ+bSf2vJuzUgDagZ/htowIn3io6myiY+Ehq9vDjCd65XV/Hq2sDZoksXMpQU8kQoIF4P2oJqwIDAQABAoGBAJdMauHXIQdjDv6gWoHsTPAQWKj9tC/He2pE6cxqs/HVZqRHR5Ja1gZl7',1,NULL,NULL,1,1,'2023-11-08 09:15:08','2023-11-08 09:15:08'),(40,'FT 2023/40',6,'SUCESSO DA VIDA COMERCIO GERAL & PRESTAÇÃO DE SERVIÇOS, LDA','5001457195','estalagem-mirú','2023-11-08 00:00:00','2023-11-08 00:00:00',2,1,1,'Hilquias Chitazo',NULL,10000.00,0.00,0.00,0.00,10000.00,10000.00,'MIICXAIBAAKBgQC4dcYScJrnD1xCbBAlSwQN80TYmlMhC1q3fqyL0y2ygQOmtKKYJkDDp/bx0F7ZJ4psVDAmJ1PC2SlHfVPtSZrsVTIf/OlWMsrkLQ+bSf2vJuzUgDagZ/htowIn3io6myiY+Ehq9vDjCd65XV/Hq2sDZoksXMpQU8kQoIF4P2oJqwIDAQABAoGBAJdMauHXIQdjDv6gWoHsTPAQWKj9tC/He2pE6cxqs/HVZqRHR5Ja1gZl7',1,NULL,NULL,1,1,'2023-11-08 09:16:01','2023-11-08 09:16:01'),(41,'FT 2023/41',26,'K.WILLIAM-PRESTAÇÃO DE SERVIÇO E COMERCIO (SU), LDA','5001504312','avó kumbi','2023-11-08 00:00:00','2023-11-08 00:00:00',2,1,1,'Hilquias Chitazo',NULL,15000.00,0.00,0.00,0.00,15000.00,15000.00,'MIICXAIBAAKBgQC4dcYScJrnD1xCbBAlSwQN80TYmlMhC1q3fqyL0y2ygQOmtKKYJkDDp/bx0F7ZJ4psVDAmJ1PC2SlHfVPtSZrsVTIf/OlWMsrkLQ+bSf2vJuzUgDagZ/htowIn3io6myiY+Ehq9vDjCd65XV/Hq2sDZoksXMpQU8kQoIF4P2oJqwIDAQABAoGBAJdMauHXIQdjDv6gWoHsTPAQWKj9tC/He2pE6cxqs/HVZqRHR5Ja1gZl7',1,NULL,NULL,1,1,'2023-11-08 09:17:06','2023-11-08 09:17:06'),(42,'FT 2023/42',11,'Kafunga Ghet','123','LUANDA','2023-11-08 00:00:00','2023-11-08 00:00:00',1,1,1,'Hilquias Chitazo',NULL,10000.00,0.00,0.00,0.00,10000.00,10000.00,'MIICXAIBAAKBgQC4dcYScJrnD1xCbBAlSwQN80TYmlMhC1q3fqyL0y2ygQOmtKKYJkDDp/bx0F7ZJ4psVDAmJ1PC2SlHfVPtSZrsVTIf/OlWMsrkLQ+bSf2vJuzUgDagZ/htowIn3io6myiY+Ehq9vDjCd65XV/Hq2sDZoksXMpQU8kQoIF4P2oJqwIDAQABAoGBAJdMauHXIQdjDv6gWoHsTPAQWKj9tC/He2pE6cxqs/HVZqRHR5Ja1gZl7',1,NULL,NULL,1,1,'2023-11-08 09:18:09','2023-11-08 09:18:09'),(43,'FT 2023/43',15,'K.Pembele-INDÚSTRIA Lda','5484025940','KILAMBA','2023-11-08 00:00:00','2023-11-08 00:00:00',1,1,1,'Hilquias Chitazo',NULL,25000.00,0.00,0.00,0.00,25000.00,25000.00,'MIICXAIBAAKBgQC4dcYScJrnD1xCbBAlSwQN80TYmlMhC1q3fqyL0y2ygQOmtKKYJkDDp/bx0F7ZJ4psVDAmJ1PC2SlHfVPtSZrsVTIf/OlWMsrkLQ+bSf2vJuzUgDagZ/htowIn3io6myiY+Ehq9vDjCd65XV/Hq2sDZoksXMpQU8kQoIF4P2oJqwIDAQABAoGBAJdMauHXIQdjDv6gWoHsTPAQWKj9tC/He2pE6cxqs/HVZqRHR5Ja1gZl7',1,NULL,NULL,1,1,'2023-11-08 09:18:42','2023-11-08 09:18:42'),(44,'FT 2023/44',20,'BECLAMAN EMPRENDIMENTO E PRESTAÇÃO E SERVIÇO(COLÉGIO CULTUS)','5417626562','PATRIOTA-ALCACIOAS','2023-11-08 00:00:00','2023-11-08 00:00:00',2,1,1,'Hilquias Chitazo',NULL,27000.00,0.00,0.00,0.00,27000.00,27000.00,'MIICXAIBAAKBgQC4dcYScJrnD1xCbBAlSwQN80TYmlMhC1q3fqyL0y2ygQOmtKKYJkDDp/bx0F7ZJ4psVDAmJ1PC2SlHfVPtSZrsVTIf/OlWMsrkLQ+bSf2vJuzUgDagZ/htowIn3io6myiY+Ehq9vDjCd65XV/Hq2sDZoksXMpQU8kQoIF4P2oJqwIDAQABAoGBAJdMauHXIQdjDv6gWoHsTPAQWKj9tC/He2pE6cxqs/HVZqRHR5Ja1gZl7',1,NULL,NULL,1,1,'2023-11-08 10:26:54','2023-11-08 10:26:54'),(45,'FT 2023/45',1,'Consumidor Final','Consumidor Final','Martires do Kifangondo, Casa nº 11, Rua  1','2023-11-09 00:00:00','2023-11-09 00:00:00',1,1,1,'Hilquias Chitazo',NULL,10000.00,0.00,0.00,0.00,10000.00,10000.00,'MIICXAIBAAKBgQC4dcYScJrnD1xCbBAlSwQN80TYmlMhC1q3fqyL0y2ygQOmtKKYJkDDp/bx0F7ZJ4psVDAmJ1PC2SlHfVPtSZrsVTIf/OlWMsrkLQ+bSf2vJuzUgDagZ/htowIn3io6myiY+Ehq9vDjCd65XV/Hq2sDZoksXMpQU8kQoIF4P2oJqwIDAQABAoGBAJdMauHXIQdjDv6gWoHsTPAQWKj9tC/He2pE6cxqs/HVZqRHR5Ja1gZl7',1,NULL,NULL,1,1,'2023-11-09 10:37:28','2023-11-09 10:37:28'),(46,'FT 2023/46',29,'AASCS-EPT','5001484591','Rua Praceta, Lourenço Mendes Da Conceição casa s/n:Município da Ingombota-Luanda/Angola','2023-11-17 00:00:00','2023-11-17 00:00:00',2,1,1,'Hilquias Chitazo',NULL,30000.00,0.00,0.00,0.00,30000.00,30000.00,'MIICXAIBAAKBgQC4dcYScJrnD1xCbBAlSwQN80TYmlMhC1q3fqyL0y2ygQOmtKKYJkDDp/bx0F7ZJ4psVDAmJ1PC2SlHfVPtSZrsVTIf/OlWMsrkLQ+bSf2vJuzUgDagZ/htowIn3io6myiY+Ehq9vDjCd65XV/Hq2sDZoksXMpQU8kQoIF4P2oJqwIDAQABAoGBAJdMauHXIQdjDv6gWoHsTPAQWKj9tC/He2pE6cxqs/HVZqRHR5Ja1gZl7',1,NULL,NULL,1,1,'2023-11-17 15:43:32','2023-11-17 15:43:32'),(47,'FT 2023/47',20,'BECLAMAN EMPRENDIMENTO E PRESTAÇÃO E SERVIÇO(COLÉGIO CULTUS)','5417626562','PATRIOTA-ALCACIOAS','2023-12-08 00:00:00','2023-12-08 00:00:00',2,1,1,'Hilquias Chitazo',NULL,27000.00,0.00,0.00,0.00,27000.00,27000.00,'MIICXAIBAAKBgQC4dcYScJrnD1xCbBAlSwQN80TYmlMhC1q3fqyL0y2ygQOmtKKYJkDDp/bx0F7ZJ4psVDAmJ1PC2SlHfVPtSZrsVTIf/OlWMsrkLQ+bSf2vJuzUgDagZ/htowIn3io6myiY+Ehq9vDjCd65XV/Hq2sDZoksXMpQU8kQoIF4P2oJqwIDAQABAoGBAJdMauHXIQdjDv6gWoHsTPAQWKj9tC/He2pE6cxqs/HVZqRHR5Ja1gZl7',1,NULL,NULL,1,1,'2023-12-08 12:04:56','2023-12-08 12:04:56'),(48,'FT 2023/48',2,'PRECIOSA & SILVA, LDA','5417426288','FTU','2023-12-08 00:00:00','2023-12-08 00:00:00',2,1,1,'Hilquias Chitazo',NULL,10000.00,0.00,0.00,0.00,10000.00,10000.00,'MIICXAIBAAKBgQC4dcYScJrnD1xCbBAlSwQN80TYmlMhC1q3fqyL0y2ygQOmtKKYJkDDp/bx0F7ZJ4psVDAmJ1PC2SlHfVPtSZrsVTIf/OlWMsrkLQ+bSf2vJuzUgDagZ/htowIn3io6myiY+Ehq9vDjCd65XV/Hq2sDZoksXMpQU8kQoIF4P2oJqwIDAQABAoGBAJdMauHXIQdjDv6gWoHsTPAQWKj9tC/He2pE6cxqs/HVZqRHR5Ja1gZl7',1,NULL,NULL,1,1,'2023-12-08 12:05:25','2023-12-08 12:05:25'),(49,'FT 2023/49',7,'Organozaçôes Biluca E Filhos','5402160023','avó kumbi','2023-12-08 00:00:00','2023-12-08 00:00:00',1,1,1,'Hilquias Chitazo',NULL,10000.00,0.00,0.00,0.00,10000.00,10000.00,'MIICXAIBAAKBgQC4dcYScJrnD1xCbBAlSwQN80TYmlMhC1q3fqyL0y2ygQOmtKKYJkDDp/bx0F7ZJ4psVDAmJ1PC2SlHfVPtSZrsVTIf/OlWMsrkLQ+bSf2vJuzUgDagZ/htowIn3io6myiY+Ehq9vDjCd65XV/Hq2sDZoksXMpQU8kQoIF4P2oJqwIDAQABAoGBAJdMauHXIQdjDv6gWoHsTPAQWKj9tC/He2pE6cxqs/HVZqRHR5Ja1gZl7',1,NULL,NULL,1,1,'2023-12-08 12:05:52','2023-12-08 12:05:52'),(50,'FT 2023/50',5,'I.M.T.P De Saúde Silva E Águas','5417061891','estalagem-praça nova','2023-12-08 00:00:00','2023-12-08 00:00:00',1,1,1,'Hilquias Chitazo',NULL,25000.00,0.00,0.00,0.00,25000.00,25000.00,'MIICXAIBAAKBgQC4dcYScJrnD1xCbBAlSwQN80TYmlMhC1q3fqyL0y2ygQOmtKKYJkDDp/bx0F7ZJ4psVDAmJ1PC2SlHfVPtSZrsVTIf/OlWMsrkLQ+bSf2vJuzUgDagZ/htowIn3io6myiY+Ehq9vDjCd65XV/Hq2sDZoksXMpQU8kQoIF4P2oJqwIDAQABAoGBAJdMauHXIQdjDv6gWoHsTPAQWKj9tC/He2pE6cxqs/HVZqRHR5Ja1gZl7',1,NULL,NULL,1,1,'2023-12-08 12:06:18','2023-12-08 12:06:18'),(51,'FT 2023/51',6,'SUCESSO DA VIDA COMERCIO GERAL & PRESTAÇÃO DE SERVIÇOS, LDA','5001457195','estalagem-mirú','2023-12-08 00:00:00','2023-12-15 00:00:00',2,1,1,'Hilquias Chitazo',NULL,25000.00,0.00,0.00,0.00,25000.00,25000.00,'MIICXAIBAAKBgQC4dcYScJrnD1xCbBAlSwQN80TYmlMhC1q3fqyL0y2ygQOmtKKYJkDDp/bx0F7ZJ4psVDAmJ1PC2SlHfVPtSZrsVTIf/OlWMsrkLQ+bSf2vJuzUgDagZ/htowIn3io6myiY+Ehq9vDjCd65XV/Hq2sDZoksXMpQU8kQoIF4P2oJqwIDAQABAoGBAJdMauHXIQdjDv6gWoHsTPAQWKj9tC/He2pE6cxqs/HVZqRHR5Ja1gZl7',1,NULL,NULL,1,1,'2023-12-08 15:00:03','2023-12-08 15:00:03'),(52,'FT 2023/52',5,'I.M.T.P De Saúde Silva E Águas','5417061891','estalagem-praça nova','2023-12-19 00:00:00','2023-12-19 00:00:00',2,1,1,'Hilquias Chitazo',NULL,25000.00,0.00,0.00,0.00,25000.00,25000.00,'MIICXAIBAAKBgQC4dcYScJrnD1xCbBAlSwQN80TYmlMhC1q3fqyL0y2ygQOmtKKYJkDDp/bx0F7ZJ4psVDAmJ1PC2SlHfVPtSZrsVTIf/OlWMsrkLQ+bSf2vJuzUgDagZ/htowIn3io6myiY+Ehq9vDjCd65XV/Hq2sDZoksXMpQU8kQoIF4P2oJqwIDAQABAoGBAJdMauHXIQdjDv6gWoHsTPAQWKj9tC/He2pE6cxqs/HVZqRHR5Ja1gZl7',1,NULL,NULL,1,1,'2023-12-19 10:11:51','2023-12-19 10:11:51'),(53,'FT 2023/53',41,'Timóteo Ulika Su Lda','NIF 5417306770','Rua Direita da Sonangalp, qd-101, Km14-A, Viana','2023-12-21 00:00:00','2023-12-21 00:00:00',2,1,1,'Hilquias Chitazo',NULL,42000.00,0.00,0.00,0.00,42000.00,42000.00,'MIICXAIBAAKBgQC4dcYScJrnD1xCbBAlSwQN80TYmlMhC1q3fqyL0y2ygQOmtKKYJkDDp/bx0F7ZJ4psVDAmJ1PC2SlHfVPtSZrsVTIf/OlWMsrkLQ+bSf2vJuzUgDagZ/htowIn3io6myiY+Ehq9vDjCd65XV/Hq2sDZoksXMpQU8kQoIF4P2oJqwIDAQABAoGBAJdMauHXIQdjDv6gWoHsTPAQWKj9tC/He2pE6cxqs/HVZqRHR5Ja1gZl7',1,NULL,NULL,1,1,'2023-12-21 16:15:23','2023-12-21 16:15:23'),(54,'FT 2023/54',1,'Consumidor Final','Consumidor Final','Martires do Kifangondo, Casa nº 11, Rua  1','2024-01-08 00:00:00','2024-01-08 00:00:00',1,2,1,'Hilquias Chitazo',NULL,10000.00,0.00,0.00,0.00,10000.00,10000.00,'MIICXAIBAAKBgQC4dcYScJrnD1xCbBAlSwQN80TYmlMhC1q3fqyL0y2ygQOmtKKYJkDDp/bx0F7ZJ4psVDAmJ1PC2SlHfVPtSZrsVTIf/OlWMsrkLQ+bSf2vJuzUgDagZ/htowIn3io6myiY+Ehq9vDjCd65XV/Hq2sDZoksXMpQU8kQoIF4P2oJqwIDAQABAoGBAJdMauHXIQdjDv6gWoHsTPAQWKj9tC/He2pE6cxqs/HVZqRHR5Ja1gZl7',1,NULL,NULL,1,1,'2024-01-08 09:58:24','2024-01-08 09:58:24'),(55,'FT /55',40,'Data Cloud – Contabilidade Digital, Lda','5000611247','Talatona','2024-01-24 00:00:00','2024-01-30 00:00:00',2,1,1,'Hilquias Chitazo',NULL,200000.00,0.00,0.00,0.00,200000.00,200000.00,'MIICXAIBAAKBgQC4dcYScJrnD1xCbBAlSwQN80TYmlMhC1q3fqyL0y2ygQOmtKKYJkDDp/bx0F7ZJ4psVDAmJ1PC2SlHfVPtSZrsVTIf/OlWMsrkLQ+bSf2vJuzUgDagZ/htowIn3io6myiY+Ehq9vDjCd65XV/Hq2sDZoksXMpQU8kQoIF4P2oJqwIDAQABAoGBAJdMauHXIQdjDv6gWoHsTPAQWKj9tC/He2pE6cxqs/HVZqRHR5Ja1gZl7',1,NULL,NULL,1,1,'2024-01-24 09:37:15','2024-01-24 09:37:15'),(56,'FT /56',53,'CLINICA VIDAMED','5417333476',NULL,'2024-01-26 00:00:00','2024-01-26 00:00:00',2,1,1,'Hilquias Chitazo',NULL,45000.00,0.00,0.00,0.00,45000.00,45000.00,'MIICXAIBAAKBgQC4dcYScJrnD1xCbBAlSwQN80TYmlMhC1q3fqyL0y2ygQOmtKKYJkDDp/bx0F7ZJ4psVDAmJ1PC2SlHfVPtSZrsVTIf/OlWMsrkLQ+bSf2vJuzUgDagZ/htowIn3io6myiY+Ehq9vDjCd65XV/Hq2sDZoksXMpQU8kQoIF4P2oJqwIDAQABAoGBAJdMauHXIQdjDv6gWoHsTPAQWKj9tC/He2pE6cxqs/HVZqRHR5Ja1gZl7',1,NULL,NULL,1,1,'2024-01-26 10:08:32','2024-01-26 10:08:32'),(57,'FT /57',53,'CLINICA VIDAMED','5417333476',NULL,'2024-01-26 00:00:00','2024-01-26 00:00:00',2,1,1,'Hilquias Chitazo',NULL,45000.00,0.00,0.00,0.00,45000.00,45000.00,'MIICXAIBAAKBgQC4dcYScJrnD1xCbBAlSwQN80TYmlMhC1q3fqyL0y2ygQOmtKKYJkDDp/bx0F7ZJ4psVDAmJ1PC2SlHfVPtSZrsVTIf/OlWMsrkLQ+bSf2vJuzUgDagZ/htowIn3io6myiY+Ehq9vDjCd65XV/Hq2sDZoksXMpQU8kQoIF4P2oJqwIDAQABAoGBAJdMauHXIQdjDv6gWoHsTPAQWKj9tC/He2pE6cxqs/HVZqRHR5Ja1gZl7',1,NULL,NULL,1,1,'2024-01-26 10:12:11','2024-01-26 10:12:11'),(58,'FT /58',1,'Consumidor Final','Consumidor Final','Martires do Kifangondo, Casa nº 11, Rua  1','2024-01-26 00:00:00','2024-01-26 00:00:00',1,1,1,'Hilquias Chitazo',NULL,10000.00,0.00,0.00,0.00,10000.00,2000.00,'MIICXAIBAAKBgQC4dcYScJrnD1xCbBAlSwQN80TYmlMhC1q3fqyL0y2ygQOmtKKYJkDDp/bx0F7ZJ4psVDAmJ1PC2SlHfVPtSZrsVTIf/OlWMsrkLQ+bSf2vJuzUgDagZ/htowIn3io6myiY+Ehq9vDjCd65XV/Hq2sDZoksXMpQU8kQoIF4P2oJqwIDAQABAoGBAJdMauHXIQdjDv6gWoHsTPAQWKj9tC/He2pE6cxqs/HVZqRHR5Ja1gZl7',1,NULL,NULL,1,1,'2024-01-26 17:59:21','2024-02-06 14:56:34'),(59,'FT 2024/59',1,'Consumidor Final','Consumidor Final','Martires do Kifangondo, Casa nº 11, Rua  1','2024-02-06 00:00:00','2024-02-06 00:00:00',1,1,1,'Hilquias Chitazo',NULL,900000.00,0.00,0.00,0.00,900000.00,800000.00,'MIICXAIBAAKBgQC4dcYScJrnD1xCbBAlSwQN80TYmlMhC1q3fqyL0y2ygQOmtKKYJkDDp/bx0F7ZJ4psVDAmJ1PC2SlHfVPtSZrsVTIf/OlWMsrkLQ+bSf2vJuzUgDagZ/htowIn3io6myiY+Ehq9vDjCd65XV/Hq2sDZoksXMpQU8kQoIF4P2oJqwIDAQABAoGBAJdMauHXIQdjDv6gWoHsTPAQWKj9tC/He2pE6cxqs/HVZqRHR5Ja1gZl7',1,NULL,NULL,1,1,'2024-02-06 15:00:09','2024-02-06 15:00:50'),(60,'FT 2024/60',56,'Novo Cliente',NULL,NULL,'2024-02-06 00:00:00','2024-02-06 00:00:00',1,1,1,'Hilquias Chitazo',NULL,720000.00,0.00,0.00,0.00,720000.00,520000.00,'MIICXAIBAAKBgQC4dcYScJrnD1xCbBAlSwQN80TYmlMhC1q3fqyL0y2ygQOmtKKYJkDDp/bx0F7ZJ4psVDAmJ1PC2SlHfVPtSZrsVTIf/OlWMsrkLQ+bSf2vJuzUgDagZ/htowIn3io6myiY+Ehq9vDjCd65XV/Hq2sDZoksXMpQU8kQoIF4P2oJqwIDAQABAoGBAJdMauHXIQdjDv6gWoHsTPAQWKj9tC/He2pE6cxqs/HVZqRHR5Ja1gZl7',1,NULL,NULL,1,1,'2024-02-06 15:03:37','2024-02-06 15:08:19'),(61,'FT 2024/61',47,'Ndua  Prestação de Serviços e Segurança Privada','5000399345',NULL,'2024-02-14 00:00:00','2024-02-14 00:00:00',2,1,1,'Hilquias Chitazo',NULL,15000.00,0.00,0.00,0.00,15000.00,15000.00,'MIICXAIBAAKBgQC4dcYScJrnD1xCbBAlSwQN80TYmlMhC1q3fqyL0y2ygQOmtKKYJkDDp/bx0F7ZJ4psVDAmJ1PC2SlHfVPtSZrsVTIf/OlWMsrkLQ+bSf2vJuzUgDagZ/htowIn3io6myiY+Ehq9vDjCd65XV/Hq2sDZoksXMpQU8kQoIF4P2oJqwIDAQABAoGBAJdMauHXIQdjDv6gWoHsTPAQWKj9tC/He2pE6cxqs/HVZqRHR5Ja1gZl7',1,NULL,NULL,1,1,'2024-02-14 12:25:28','2024-02-14 12:25:28'),(62,'FT 2024/62',59,'Ndua - Construções-Comércio e Prestação de Serviços (SU) , Lda','5000399345',NULL,'2024-02-14 00:00:00','2024-02-14 00:00:00',2,1,1,'Hilquias Chitazo',NULL,365000.00,0.00,0.00,0.00,365000.00,365000.00,'MIICXAIBAAKBgQC4dcYScJrnD1xCbBAlSwQN80TYmlMhC1q3fqyL0y2ygQOmtKKYJkDDp/bx0F7ZJ4psVDAmJ1PC2SlHfVPtSZrsVTIf/OlWMsrkLQ+bSf2vJuzUgDagZ/htowIn3io6myiY+Ehq9vDjCd65XV/Hq2sDZoksXMpQU8kQoIF4P2oJqwIDAQABAoGBAJdMauHXIQdjDv6gWoHsTPAQWKj9tC/He2pE6cxqs/HVZqRHR5Ja1gZl7',1,NULL,NULL,1,1,'2024-02-14 12:35:44','2024-02-14 12:35:44'),(63,'FT 2024/63',61,'Grupo Moreira FN','5417356026','Luanda','2024-02-19 00:00:00','2024-02-19 00:00:00',1,1,1,'Hilquias Chitazo',NULL,395000.00,0.00,0.00,0.00,395000.00,395000.00,'MIICXAIBAAKBgQC4dcYScJrnD1xCbBAlSwQN80TYmlMhC1q3fqyL0y2ygQOmtKKYJkDDp/bx0F7ZJ4psVDAmJ1PC2SlHfVPtSZrsVTIf/OlWMsrkLQ+bSf2vJuzUgDagZ/htowIn3io6myiY+Ehq9vDjCd65XV/Hq2sDZoksXMpQU8kQoIF4P2oJqwIDAQABAoGBAJdMauHXIQdjDv6gWoHsTPAQWKj9tC/He2pE6cxqs/HVZqRHR5Ja1gZl7',1,NULL,NULL,1,1,'2024-02-19 13:27:50','2024-02-19 13:27:50'),(64,'FT 2024/63',61,'Grupo Moreira FN','5417356026','Luanda','2024-02-19 00:00:00','2024-02-19 00:00:00',2,1,1,'Hilquias Chitazo',NULL,395000.00,0.00,0.00,0.00,395000.00,395000.00,'MIICXAIBAAKBgQC4dcYScJrnD1xCbBAlSwQN80TYmlMhC1q3fqyL0y2ygQOmtKKYJkDDp/bx0F7ZJ4psVDAmJ1PC2SlHfVPtSZrsVTIf/OlWMsrkLQ+bSf2vJuzUgDagZ/htowIn3io6myiY+Ehq9vDjCd65XV/Hq2sDZoksXMpQU8kQoIF4P2oJqwIDAQABAoGBAJdMauHXIQdjDv6gWoHsTPAQWKj9tC/He2pE6cxqs/HVZqRHR5Ja1gZl7',1,NULL,NULL,1,1,'2024-02-19 13:29:21','2024-02-19 13:29:21'),(65,'FT 2024/65',1,'Consumidor Final','Consumidor Final','Martires do Kifangondo, Casa nº 11, Rua  1','2024-03-01 00:00:00','2024-03-01 00:00:00',1,1,1,'Hilquias Chitazo',NULL,100000.00,0.00,0.00,0.00,100000.00,100000.00,'MIICXAIBAAKBgQC4dcYScJrnD1xCbBAlSwQN80TYmlMhC1q3fqyL0y2ygQOmtKKYJkDDp/bx0F7ZJ4psVDAmJ1PC2SlHfVPtSZrsVTIf/OlWMsrkLQ+bSf2vJuzUgDagZ/htowIn3io6myiY+Ehq9vDjCd65XV/Hq2sDZoksXMpQU8kQoIF4P2oJqwIDAQABAoGBAJdMauHXIQdjDv6gWoHsTPAQWKj9tC/He2pE6cxqs/HVZqRHR5Ja1gZl7',1,NULL,NULL,1,1,'2024-03-01 15:46:45','2024-03-01 15:46:45'),(66,'FT 2024/66',62,'Teste','5000658316',NULL,'2024-03-01 00:00:00','2024-03-01 00:00:00',1,1,1,'Hilquias Chitazo',NULL,100000.00,0.00,0.00,0.00,100000.00,0.00,'MIICXAIBAAKBgQC4dcYScJrnD1xCbBAlSwQN80TYmlMhC1q3fqyL0y2ygQOmtKKYJkDDp/bx0F7ZJ4psVDAmJ1PC2SlHfVPtSZrsVTIf/OlWMsrkLQ+bSf2vJuzUgDagZ/htowIn3io6myiY+Ehq9vDjCd65XV/Hq2sDZoksXMpQU8kQoIF4P2oJqwIDAQABAoGBAJdMauHXIQdjDv6gWoHsTPAQWKj9tC/He2pE6cxqs/HVZqRHR5Ja1gZl7',1,NULL,NULL,1,1,'2024-03-01 15:47:17','2024-03-01 15:53:59'),(67,'FT 2024/67',63,'Tomas Manuel','0072500045','Luanda','2024-03-06 00:00:00','2024-03-06 00:00:00',1,1,1,'Hilquias Chitazo',NULL,750000.00,0.00,0.00,0.00,750000.00,749340.00,'MIICXAIBAAKBgQC4dcYScJrnD1xCbBAlSwQN80TYmlMhC1q3fqyL0y2ygQOmtKKYJkDDp/bx0F7ZJ4psVDAmJ1PC2SlHfVPtSZrsVTIf/OlWMsrkLQ+bSf2vJuzUgDagZ/htowIn3io6myiY+Ehq9vDjCd65XV/Hq2sDZoksXMpQU8kQoIF4P2oJqwIDAQABAoGBAJdMauHXIQdjDv6gWoHsTPAQWKj9tC/He2pE6cxqs/HVZqRHR5Ja1gZl7',1,90,'PP 2024/90',1,1,'2024-03-06 08:25:52','2024-03-06 08:27:27'),(68,'FT 2024/68',2,'PRECIOSA & SILVA, LDA','5417426288','FTU','2024-03-06 00:00:00','2024-03-06 00:00:00',1,1,1,'Hilquias Chitazo',NULL,30000.00,0.00,0.00,0.00,30000.00,20000.00,'MIICXAIBAAKBgQC4dcYScJrnD1xCbBAlSwQN80TYmlMhC1q3fqyL0y2ygQOmtKKYJkDDp/bx0F7ZJ4psVDAmJ1PC2SlHfVPtSZrsVTIf/OlWMsrkLQ+bSf2vJuzUgDagZ/htowIn3io6myiY+Ehq9vDjCd65XV/Hq2sDZoksXMpQU8kQoIF4P2oJqwIDAQABAoGBAJdMauHXIQdjDv6gWoHsTPAQWKj9tC/He2pE6cxqs/HVZqRHR5Ja1gZl7',1,91,'PP 2024/91',1,1,'2024-03-06 08:48:53','2024-03-06 08:49:37'),(69,'FT 2024/69',1,'Consumidor Final','Consumidor Final','Martires do Kifangondo, Casa nº 11, Rua  1','2024-03-12 00:00:00','2024-03-12 00:00:00',2,1,1,'Hilquias Chitazo',NULL,10000.00,0.00,0.00,0.00,10000.00,5000.00,'MIICXAIBAAKBgQC4dcYScJrnD1xCbBAlSwQN80TYmlMhC1q3fqyL0y2ygQOmtKKYJkDDp/bx0F7ZJ4psVDAmJ1PC2SlHfVPtSZrsVTIf/OlWMsrkLQ+bSf2vJuzUgDagZ/htowIn3io6myiY+Ehq9vDjCd65XV/Hq2sDZoksXMpQU8kQoIF4P2oJqwIDAQABAoGBAJdMauHXIQdjDv6gWoHsTPAQWKj9tC/He2pE6cxqs/HVZqRHR5Ja1gZl7',1,NULL,NULL,1,1,'2024-03-12 09:18:29','2024-03-12 09:19:21'),(70,'FT 2024/70',68,'ENJURECA - ENGENHARIA DE INCÊNDIO, LIMITADA','5901022432','BAIRRO DR. ANTÓNIO AGOSTINHO NETO, RUA BENTO ROMA SAURIMO','2024-04-10 00:00:00','2024-04-15 00:00:00',2,1,1,'Hilquias Chitazo',NULL,80000.00,0.00,0.00,0.00,80000.00,80000.00,'MIICXAIBAAKBgQC4dcYScJrnD1xCbBAlSwQN80TYmlMhC1q3fqyL0y2ygQOmtKKYJkDDp/bx0F7ZJ4psVDAmJ1PC2SlHfVPtSZrsVTIf/OlWMsrkLQ+bSf2vJuzUgDagZ/htowIn3io6myiY+Ehq9vDjCd65XV/Hq2sDZoksXMpQU8kQoIF4P2oJqwIDAQABAoGBAJdMauHXIQdjDv6gWoHsTPAQWKj9tC/He2pE6cxqs/HVZqRHR5Ja1gZl7',1,NULL,NULL,1,1,'2024-04-10 15:54:42','2024-04-10 15:54:42'),(71,'FT 2024/71',71,'Nova Geração','5417650030','Luanda','2024-04-18 00:00:00','2024-04-18 00:00:00',2,1,1,'Hilquias Chitazo',NULL,230000.00,0.00,0.00,0.00,230000.00,115000.00,'MIICXAIBAAKBgQC4dcYScJrnD1xCbBAlSwQN80TYmlMhC1q3fqyL0y2ygQOmtKKYJkDDp/bx0F7ZJ4psVDAmJ1PC2SlHfVPtSZrsVTIf/OlWMsrkLQ+bSf2vJuzUgDagZ/htowIn3io6myiY+Ehq9vDjCd65XV/Hq2sDZoksXMpQU8kQoIF4P2oJqwIDAQABAoGBAJdMauHXIQdjDv6gWoHsTPAQWKj9tC/He2pE6cxqs/HVZqRHR5Ja1gZl7',1,NULL,NULL,1,1,'2024-04-18 16:43:02','2024-04-18 16:43:27'),(72,'FT 2024/72',73,'Imparcial Mediação de Seguros','5001620215','Largo do Atlético, Prédio 45 - 3º Apt.1, Município da Ingombota – Coqueiros','2024-05-02 00:00:00','2024-05-02 00:00:00',2,1,1,'Hilquias Chitazo',NULL,105000.00,0.00,0.00,0.00,105000.00,105000.00,'MIICXAIBAAKBgQC4dcYScJrnD1xCbBAlSwQN80TYmlMhC1q3fqyL0y2ygQOmtKKYJkDDp/bx0F7ZJ4psVDAmJ1PC2SlHfVPtSZrsVTIf/OlWMsrkLQ+bSf2vJuzUgDagZ/htowIn3io6myiY+Ehq9vDjCd65XV/Hq2sDZoksXMpQU8kQoIF4P2oJqwIDAQABAoGBAJdMauHXIQdjDv6gWoHsTPAQWKj9tC/He2pE6cxqs/HVZqRHR5Ja1gZl7',1,NULL,NULL,1,1,'2024-05-02 09:03:52','2024-05-02 09:03:52'),(73,'FT 2024/72',73,'Imparcial Mediação de Seguros','5001620215','Largo do Atlético, Prédio 45 - 3º Apt.1, Município da Ingombota – Coqueiros','2024-05-02 00:00:00','2024-05-02 00:00:00',2,1,1,'Hilquias Chitazo',NULL,105000.00,0.00,0.00,0.00,105000.00,105000.00,'MIICXAIBAAKBgQC4dcYScJrnD1xCbBAlSwQN80TYmlMhC1q3fqyL0y2ygQOmtKKYJkDDp/bx0F7ZJ4psVDAmJ1PC2SlHfVPtSZrsVTIf/OlWMsrkLQ+bSf2vJuzUgDagZ/htowIn3io6myiY+Ehq9vDjCd65XV/Hq2sDZoksXMpQU8kQoIF4P2oJqwIDAQABAoGBAJdMauHXIQdjDv6gWoHsTPAQWKj9tC/He2pE6cxqs/HVZqRHR5Ja1gZl7',1,NULL,NULL,1,1,'2024-05-02 09:03:52','2024-05-02 09:03:52'),(74,'FT 2024/74',48,'Chitali comercial Lda','5000489522','Huambo','2024-05-02 00:00:00','2024-05-02 00:00:00',2,1,1,'Hilquias Chitazo',NULL,250000.00,0.00,0.00,0.00,250000.00,50000.00,'MIICXAIBAAKBgQC4dcYScJrnD1xCbBAlSwQN80TYmlMhC1q3fqyL0y2ygQOmtKKYJkDDp/bx0F7ZJ4psVDAmJ1PC2SlHfVPtSZrsVTIf/OlWMsrkLQ+bSf2vJuzUgDagZ/htowIn3io6myiY+Ehq9vDjCd65XV/Hq2sDZoksXMpQU8kQoIF4P2oJqwIDAQABAoGBAJdMauHXIQdjDv6gWoHsTPAQWKj9tC/He2pE6cxqs/HVZqRHR5Ja1gZl7',1,NULL,NULL,1,1,'2024-05-02 11:53:29','2024-05-06 09:36:48'),(75,'FT 2024/75',48,'Chitali comercial Lda','5000489522','Huambo','2024-05-02 00:00:00','2024-05-02 00:00:00',2,1,1,'Hilquias Chitazo',NULL,45000.00,0.00,0.00,0.00,45000.00,45000.00,'MIICXAIBAAKBgQC4dcYScJrnD1xCbBAlSwQN80TYmlMhC1q3fqyL0y2ygQOmtKKYJkDDp/bx0F7ZJ4psVDAmJ1PC2SlHfVPtSZrsVTIf/OlWMsrkLQ+bSf2vJuzUgDagZ/htowIn3io6myiY+Ehq9vDjCd65XV/Hq2sDZoksXMpQU8kQoIF4P2oJqwIDAQABAoGBAJdMauHXIQdjDv6gWoHsTPAQWKj9tC/He2pE6cxqs/HVZqRHR5Ja1gZl7',1,NULL,NULL,1,0,'2024-05-02 14:41:04','2024-05-17 09:36:23'),(76,'FT 2024/76',75,'Vila Chilala','999','Calumbo','2024-05-06 00:00:00','2024-05-06 00:00:00',1,1,1,'Hilquias Chitazo',NULL,300000.00,0.00,0.00,0.00,300000.00,225000.00,'MIICXAIBAAKBgQC4dcYScJrnD1xCbBAlSwQN80TYmlMhC1q3fqyL0y2ygQOmtKKYJkDDp/bx0F7ZJ4psVDAmJ1PC2SlHfVPtSZrsVTIf/OlWMsrkLQ+bSf2vJuzUgDagZ/htowIn3io6myiY+Ehq9vDjCd65XV/Hq2sDZoksXMpQU8kQoIF4P2oJqwIDAQABAoGBAJdMauHXIQdjDv6gWoHsTPAQWKj9tC/He2pE6cxqs/HVZqRHR5Ja1gZl7',1,106,'PP 2024/106',1,1,'2024-05-06 10:40:39','2024-05-06 10:41:06'),(77,'FT 2024/77',15,'K.Pembele-INDÚSTRIA Lda','5484025940','KILAMBA','2024-05-06 00:00:00','2024-05-10 00:00:00',2,1,1,'Hilquias Chitazo',NULL,25000.00,0.00,0.00,0.00,25000.00,25000.00,'MIICXAIBAAKBgQC4dcYScJrnD1xCbBAlSwQN80TYmlMhC1q3fqyL0y2ygQOmtKKYJkDDp/bx0F7ZJ4psVDAmJ1PC2SlHfVPtSZrsVTIf/OlWMsrkLQ+bSf2vJuzUgDagZ/htowIn3io6myiY+Ehq9vDjCd65XV/Hq2sDZoksXMpQU8kQoIF4P2oJqwIDAQABAoGBAJdMauHXIQdjDv6gWoHsTPAQWKj9tC/He2pE6cxqs/HVZqRHR5Ja1gZl7',1,NULL,NULL,1,1,'2024-05-06 10:50:04','2024-05-06 10:50:04'),(78,'FT 2024/78',11,'Kafunga Ghet','5001348515','LUANDA','2024-05-06 00:00:00','2024-05-10 00:00:00',2,1,1,'Hilquias Chitazo',NULL,10000.00,0.00,0.00,0.00,10000.00,10000.00,'MIICXAIBAAKBgQC4dcYScJrnD1xCbBAlSwQN80TYmlMhC1q3fqyL0y2ygQOmtKKYJkDDp/bx0F7ZJ4psVDAmJ1PC2SlHfVPtSZrsVTIf/OlWMsrkLQ+bSf2vJuzUgDagZ/htowIn3io6myiY+Ehq9vDjCd65XV/Hq2sDZoksXMpQU8kQoIF4P2oJqwIDAQABAoGBAJdMauHXIQdjDv6gWoHsTPAQWKj9tC/He2pE6cxqs/HVZqRHR5Ja1gZl7',1,NULL,NULL,1,1,'2024-05-06 10:52:43','2024-05-06 10:52:43'),(79,'FT 2024/79',7,'Organozaçôes Biluca E Filhos','5402160023','avó kumbi','2024-05-06 00:00:00','2024-05-06 00:00:00',2,1,1,'Hilquias Chitazo',NULL,10000.00,0.00,0.00,0.00,10000.00,10000.00,'MIICXAIBAAKBgQC4dcYScJrnD1xCbBAlSwQN80TYmlMhC1q3fqyL0y2ygQOmtKKYJkDDp/bx0F7ZJ4psVDAmJ1PC2SlHfVPtSZrsVTIf/OlWMsrkLQ+bSf2vJuzUgDagZ/htowIn3io6myiY+Ehq9vDjCd65XV/Hq2sDZoksXMpQU8kQoIF4P2oJqwIDAQABAoGBAJdMauHXIQdjDv6gWoHsTPAQWKj9tC/He2pE6cxqs/HVZqRHR5Ja1gZl7',1,NULL,NULL,1,1,'2024-05-06 11:06:22','2024-05-06 11:06:22'),(80,'FT 2024/80',1,'Consumidor Final','Consumidor Final','Talatona-Bomba dos Mirantes, Edificio da Suave-2º andar','2024-05-06 00:00:00','2024-05-10 00:00:00',1,1,1,'Hilquias Chitazo',NULL,84000.00,0.00,0.00,0.00,84000.00,84000.00,'MIICXAIBAAKBgQC4dcYScJrnD1xCbBAlSwQN80TYmlMhC1q3fqyL0y2ygQOmtKKYJkDDp/bx0F7ZJ4psVDAmJ1PC2SlHfVPtSZrsVTIf/OlWMsrkLQ+bSf2vJuzUgDagZ/htowIn3io6myiY+Ehq9vDjCd65XV/Hq2sDZoksXMpQU8kQoIF4P2oJqwIDAQABAoGBAJdMauHXIQdjDv6gWoHsTPAQWKj9tC/He2pE6cxqs/HVZqRHR5Ja1gZl7',1,NULL,NULL,1,1,'2024-05-06 11:17:48','2024-05-06 11:17:48'),(81,'FT 2024/81',5,'I.M.T.P De Saúde Silva E Águas','5417061891','estalagem-praça nova','2024-05-06 00:00:00','2024-05-10 00:00:00',2,1,1,'Hilquias Chitazo',NULL,25000.00,0.00,0.00,0.00,25000.00,0.00,'MIICXAIBAAKBgQC4dcYScJrnD1xCbBAlSwQN80TYmlMhC1q3fqyL0y2ygQOmtKKYJkDDp/bx0F7ZJ4psVDAmJ1PC2SlHfVPtSZrsVTIf/OlWMsrkLQ+bSf2vJuzUgDagZ/htowIn3io6myiY+Ehq9vDjCd65XV/Hq2sDZoksXMpQU8kQoIF4P2oJqwIDAQABAoGBAJdMauHXIQdjDv6gWoHsTPAQWKj9tC/He2pE6cxqs/HVZqRHR5Ja1gZl7',1,NULL,NULL,1,1,'2024-05-06 11:25:35','2024-05-22 08:07:28'),(82,'FT 2024/82',60,'Basiaelia, Lda','5417270946',NULL,'2024-05-06 00:00:00','2024-05-06 00:00:00',2,1,1,'Hilquias Chitazo',NULL,48000.00,0.00,0.00,0.00,48000.00,0.00,'MIICXAIBAAKBgQC4dcYScJrnD1xCbBAlSwQN80TYmlMhC1q3fqyL0y2ygQOmtKKYJkDDp/bx0F7ZJ4psVDAmJ1PC2SlHfVPtSZrsVTIf/OlWMsrkLQ+bSf2vJuzUgDagZ/htowIn3io6myiY+Ehq9vDjCd65XV/Hq2sDZoksXMpQU8kQoIF4P2oJqwIDAQABAoGBAJdMauHXIQdjDv6gWoHsTPAQWKj9tC/He2pE6cxqs/HVZqRHR5Ja1gZl7',1,NULL,NULL,1,1,'2024-05-06 12:11:01','2024-05-27 10:22:27'),(83,'FT 2024/83',20,'BECLAMAN EMPRENDIMENTO E PRESTAÇÃO E SERVIÇO(COLÉGIO CULTUS)','5417626562','PATRIOTA-ALCACIOAS','2024-05-13 00:00:00','2024-05-13 00:00:00',2,1,1,'Hilquias Chitazo',NULL,54000.00,0.00,0.00,0.00,54000.00,27000.00,'MIICXAIBAAKBgQC4dcYScJrnD1xCbBAlSwQN80TYmlMhC1q3fqyL0y2ygQOmtKKYJkDDp/bx0F7ZJ4psVDAmJ1PC2SlHfVPtSZrsVTIf/OlWMsrkLQ+bSf2vJuzUgDagZ/htowIn3io6myiY+Ehq9vDjCd65XV/Hq2sDZoksXMpQU8kQoIF4P2oJqwIDAQABAoGBAJdMauHXIQdjDv6gWoHsTPAQWKj9tC/He2pE6cxqs/HVZqRHR5Ja1gZl7',1,NULL,NULL,1,1,'2024-05-13 13:11:36','2024-05-22 08:46:57'),(84,'FT 2024/84',78,'ISA SAÚDE LDA','5484087325','Luanda','2024-05-20 00:00:00','2024-05-20 00:00:00',2,1,1,'Hilquias Chitazo',NULL,10000.00,0.00,0.00,0.00,10000.00,10000.00,'MIICXAIBAAKBgQC4dcYScJrnD1xCbBAlSwQN80TYmlMhC1q3fqyL0y2ygQOmtKKYJkDDp/bx0F7ZJ4psVDAmJ1PC2SlHfVPtSZrsVTIf/OlWMsrkLQ+bSf2vJuzUgDagZ/htowIn3io6myiY+Ehq9vDjCd65XV/Hq2sDZoksXMpQU8kQoIF4P2oJqwIDAQABAoGBAJdMauHXIQdjDv6gWoHsTPAQWKj9tC/He2pE6cxqs/HVZqRHR5Ja1gZl7',1,NULL,NULL,1,1,'2024-05-20 06:26:24','2024-05-20 06:26:24'),(85,'FT 2024/85',78,'ISA SAÚDE LDA','5484087325','Luanda','2024-05-20 00:00:00','2024-06-01 00:00:00',2,1,1,'Hilquias Chitazo',NULL,45000.00,0.00,0.00,0.00,45000.00,45000.00,'MIICXAIBAAKBgQC4dcYScJrnD1xCbBAlSwQN80TYmlMhC1q3fqyL0y2ygQOmtKKYJkDDp/bx0F7ZJ4psVDAmJ1PC2SlHfVPtSZrsVTIf/OlWMsrkLQ+bSf2vJuzUgDagZ/htowIn3io6myiY+Ehq9vDjCd65XV/Hq2sDZoksXMpQU8kQoIF4P2oJqwIDAQABAoGBAJdMauHXIQdjDv6gWoHsTPAQWKj9tC/He2pE6cxqs/HVZqRHR5Ja1gZl7',1,NULL,NULL,1,1,'2024-05-20 06:29:50','2024-05-20 06:29:50'),(86,'FT 2024/86',80,'OA Delcio Recicláveis & Indústria Lda','5000425940','Luanda','2024-05-27 00:00:00','2024-05-27 00:00:00',2,1,1,'Hilquias Chitazo',NULL,35000.00,0.00,0.00,0.00,35000.00,0.00,'MIICXAIBAAKBgQC4dcYScJrnD1xCbBAlSwQN80TYmlMhC1q3fqyL0y2ygQOmtKKYJkDDp/bx0F7ZJ4psVDAmJ1PC2SlHfVPtSZrsVTIf/OlWMsrkLQ+bSf2vJuzUgDagZ/htowIn3io6myiY+Ehq9vDjCd65XV/Hq2sDZoksXMpQU8kQoIF4P2oJqwIDAQABAoGBAJdMauHXIQdjDv6gWoHsTPAQWKj9tC/He2pE6cxqs/HVZqRHR5Ja1gZl7',1,NULL,NULL,1,1,'2024-05-27 12:45:00','2024-05-28 15:56:14'),(87,'FT 2024/87',82,'Eunice Capricho, Lda','5484011019','Luanda','2024-05-28 00:00:00','2024-05-28 00:00:00',2,1,1,'Hilquias Chitazo',NULL,35000.00,0.00,0.00,0.00,35000.00,0.00,'MIICXAIBAAKBgQC4dcYScJrnD1xCbBAlSwQN80TYmlMhC1q3fqyL0y2ygQOmtKKYJkDDp/bx0F7ZJ4psVDAmJ1PC2SlHfVPtSZrsVTIf/OlWMsrkLQ+bSf2vJuzUgDagZ/htowIn3io6myiY+Ehq9vDjCd65XV/Hq2sDZoksXMpQU8kQoIF4P2oJqwIDAQABAoGBAJdMauHXIQdjDv6gWoHsTPAQWKj9tC/He2pE6cxqs/HVZqRHR5Ja1gZl7',1,NULL,NULL,1,1,'2024-05-28 11:17:10','2024-05-31 11:35:23'),(88,'FT 2024/88',9,'Consultório Natural Fonte De Vida','5000668397','morro bento','2024-05-30 00:00:00','2024-05-30 00:00:00',2,1,1,'Hilquias Chitazo',NULL,48332.00,0.00,0.00,0.00,48332.00,0.00,'MIICXAIBAAKBgQC4dcYScJrnD1xCbBAlSwQN80TYmlMhC1q3fqyL0y2ygQOmtKKYJkDDp/bx0F7ZJ4psVDAmJ1PC2SlHfVPtSZrsVTIf/OlWMsrkLQ+bSf2vJuzUgDagZ/htowIn3io6myiY+Ehq9vDjCd65XV/Hq2sDZoksXMpQU8kQoIF4P2oJqwIDAQABAoGBAJdMauHXIQdjDv6gWoHsTPAQWKj9tC/He2pE6cxqs/HVZqRHR5Ja1gZl7',1,114,'PP 2024/114',0,1,'2024-05-30 11:36:23','2024-05-30 11:36:46'),(89,'FT 2024/89',79,'Centro Médico Saúde É Vida','5480016628','Urbanização Nova Vida. Rua, 174, Edifício E139.','2024-05-30 00:00:00','2024-05-30 00:00:00',2,1,1,'Hilquias Chitazo',NULL,10000.00,0.00,0.00,0.00,10000.00,0.00,'MIICXAIBAAKBgQC4dcYScJrnD1xCbBAlSwQN80TYmlMhC1q3fqyL0y2ygQOmtKKYJkDDp/bx0F7ZJ4psVDAmJ1PC2SlHfVPtSZrsVTIf/OlWMsrkLQ+bSf2vJuzUgDagZ/htowIn3io6myiY+Ehq9vDjCd65XV/Hq2sDZoksXMpQU8kQoIF4P2oJqwIDAQABAoGBAJdMauHXIQdjDv6gWoHsTPAQWKj9tC/He2pE6cxqs/HVZqRHR5Ja1gZl7',1,113,'PP 2024/113',1,1,'2024-05-30 14:06:58','2024-05-30 14:07:12'),(90,'FT 2024/90',40,'Data Cloud – Contabilidade Digital, Lda','5000611247','Talatona','2024-05-31 00:00:00','2024-06-05 00:00:00',2,1,1,'Hilquias Chitazo',NULL,30000.00,0.00,0.00,0.00,30000.00,30000.00,'MIICXAIBAAKBgQC4dcYScJrnD1xCbBAlSwQN80TYmlMhC1q3fqyL0y2ygQOmtKKYJkDDp/bx0F7ZJ4psVDAmJ1PC2SlHfVPtSZrsVTIf/OlWMsrkLQ+bSf2vJuzUgDagZ/htowIn3io6myiY+Ehq9vDjCd65XV/Hq2sDZoksXMpQU8kQoIF4P2oJqwIDAQABAoGBAJdMauHXIQdjDv6gWoHsTPAQWKj9tC/He2pE6cxqs/HVZqRHR5Ja1gZl7',1,NULL,NULL,1,1,'2024-05-31 06:48:57','2024-05-31 06:48:57'),(91,'FT 2024/91',7,'Organozaçôes Biluca E Filhos','5402160023','avó kumbi','2024-06-05 00:00:00','2024-06-05 00:00:00',2,1,1,'Hilquias Chitazo',NULL,10000.00,0.00,0.00,0.00,10000.00,0.00,'MIICXAIBAAKBgQC4dcYScJrnD1xCbBAlSwQN80TYmlMhC1q3fqyL0y2ygQOmtKKYJkDDp/bx0F7ZJ4psVDAmJ1PC2SlHfVPtSZrsVTIf/OlWMsrkLQ+bSf2vJuzUgDagZ/htowIn3io6myiY+Ehq9vDjCd65XV/Hq2sDZoksXMpQU8kQoIF4P2oJqwIDAQABAoGBAJdMauHXIQdjDv6gWoHsTPAQWKj9tC/He2pE6cxqs/HVZqRHR5Ja1gZl7',1,NULL,NULL,1,1,'2024-06-05 07:11:27','2024-06-10 12:41:23'),(92,'FT 2024/92',83,'DOMINAGEL COMERCIO E PRESTAÇÃO DE SERVIÇOS LDA','5001571109','PATRIOTA-ALCACIOAS','2024-06-05 00:00:00','2024-06-05 00:00:00',2,1,1,'Hilquias Chitazo',NULL,35000.00,0.00,0.00,0.00,35000.00,35000.00,'MIICXAIBAAKBgQC4dcYScJrnD1xCbBAlSwQN80TYmlMhC1q3fqyL0y2ygQOmtKKYJkDDp/bx0F7ZJ4psVDAmJ1PC2SlHfVPtSZrsVTIf/OlWMsrkLQ+bSf2vJuzUgDagZ/htowIn3io6myiY+Ehq9vDjCd65XV/Hq2sDZoksXMpQU8kQoIF4P2oJqwIDAQABAoGBAJdMauHXIQdjDv6gWoHsTPAQWKj9tC/He2pE6cxqs/HVZqRHR5Ja1gZl7',1,NULL,NULL,1,1,'2024-06-05 08:24:38','2024-06-05 08:24:38'),(93,'FT 2024/93',83,'DOMINAGEL COMERCIO E PRESTAÇÃO DE SERVIÇOS LDA','5001571109','PATRIOTA-ALCACIOAS','2024-06-05 00:00:00','2024-06-05 00:00:00',2,1,1,'Hilquias Chitazo',NULL,415800.00,50400.00,0.00,0.00,365400.00,365400.00,'MIICXAIBAAKBgQC4dcYScJrnD1xCbBAlSwQN80TYmlMhC1q3fqyL0y2ygQOmtKKYJkDDp/bx0F7ZJ4psVDAmJ1PC2SlHfVPtSZrsVTIf/OlWMsrkLQ+bSf2vJuzUgDagZ/htowIn3io6myiY+Ehq9vDjCd65XV/Hq2sDZoksXMpQU8kQoIF4P2oJqwIDAQABAoGBAJdMauHXIQdjDv6gWoHsTPAQWKj9tC/He2pE6cxqs/HVZqRHR5Ja1gZl7',1,NULL,NULL,1,1,'2024-06-05 08:25:23','2024-06-05 08:25:23'),(94,'FT 2024/94',5,'I.M.T.P De Saúde Silva E Águas','5417061891','estalagem-praça nova','2024-06-05 00:00:00','2024-06-17 00:00:00',2,1,1,'Hilquias Chitazo',NULL,25000.00,0.00,0.00,0.00,25000.00,0.00,'MIICXAIBAAKBgQC4dcYScJrnD1xCbBAlSwQN80TYmlMhC1q3fqyL0y2ygQOmtKKYJkDDp/bx0F7ZJ4psVDAmJ1PC2SlHfVPtSZrsVTIf/OlWMsrkLQ+bSf2vJuzUgDagZ/htowIn3io6myiY+Ehq9vDjCd65XV/Hq2sDZoksXMpQU8kQoIF4P2oJqwIDAQABAoGBAJdMauHXIQdjDv6gWoHsTPAQWKj9tC/He2pE6cxqs/HVZqRHR5Ja1gZl7',1,NULL,NULL,1,1,'2024-06-05 10:17:36','2024-06-28 11:53:02'),(95,'FT 2024/95',20,'BECLAMAN EMPRENDIMENTO E PRESTAÇÃO E SERVIÇO(COLÉGIO CULTUS)','5417626562','PATRIOTA-ALCACIOAS','2024-06-05 00:00:00','2024-06-15 00:00:00',2,1,1,'Hilquias Chitazo',NULL,27000.00,0.00,0.00,0.00,27000.00,27000.00,'MIICXAIBAAKBgQC4dcYScJrnD1xCbBAlSwQN80TYmlMhC1q3fqyL0y2ygQOmtKKYJkDDp/bx0F7ZJ4psVDAmJ1PC2SlHfVPtSZrsVTIf/OlWMsrkLQ+bSf2vJuzUgDagZ/htowIn3io6myiY+Ehq9vDjCd65XV/Hq2sDZoksXMpQU8kQoIF4P2oJqwIDAQABAoGBAJdMauHXIQdjDv6gWoHsTPAQWKj9tC/He2pE6cxqs/HVZqRHR5Ja1gZl7',1,NULL,NULL,1,1,'2024-06-05 10:25:14','2024-06-05 10:25:14'),(96,'FT 2024/96',60,'Basiaelia, Lda','5417270946',NULL,'2024-06-05 00:00:00','2024-06-15 00:00:00',2,1,1,'Hilquias Chitazo',NULL,48000.00,0.00,0.00,0.00,48000.00,0.00,'MIICXAIBAAKBgQC4dcYScJrnD1xCbBAlSwQN80TYmlMhC1q3fqyL0y2ygQOmtKKYJkDDp/bx0F7ZJ4psVDAmJ1PC2SlHfVPtSZrsVTIf/OlWMsrkLQ+bSf2vJuzUgDagZ/htowIn3io6myiY+Ehq9vDjCd65XV/Hq2sDZoksXMpQU8kQoIF4P2oJqwIDAQABAoGBAJdMauHXIQdjDv6gWoHsTPAQWKj9tC/He2pE6cxqs/HVZqRHR5Ja1gZl7',1,NULL,NULL,1,1,'2024-06-05 10:31:09','2024-06-13 06:14:50'),(97,'FT 2024/97',41,'Timóteo Ulika Su Lda','NIF 5417306770','Rua Direita da Sonangalp, qd-101, Km14-A, Viana','2024-06-05 00:00:00','2024-06-05 00:00:00',2,1,1,'Hilquias Chitazo',NULL,84000.00,0.00,0.00,0.00,84000.00,84000.00,'MIICXAIBAAKBgQC4dcYScJrnD1xCbBAlSwQN80TYmlMhC1q3fqyL0y2ygQOmtKKYJkDDp/bx0F7ZJ4psVDAmJ1PC2SlHfVPtSZrsVTIf/OlWMsrkLQ+bSf2vJuzUgDagZ/htowIn3io6myiY+Ehq9vDjCd65XV/Hq2sDZoksXMpQU8kQoIF4P2oJqwIDAQABAoGBAJdMauHXIQdjDv6gWoHsTPAQWKj9tC/He2pE6cxqs/HVZqRHR5Ja1gZl7',1,NULL,NULL,1,1,'2024-06-05 10:48:32','2024-06-05 10:48:32'),(98,'FT 2024/98',84,'SOCIEDADE ANGOLANA DE GESTÃO URBANA - SAGEUB','5001102451','Luanda, Município do Talatona, Morro Bento, Bairro Kikagil, Rua dos Generais, Edíficio BLG, Casa nº 899','2024-06-17 00:00:00','2024-07-01 00:00:00',2,1,1,'Hilquias Chitazo',NULL,474000.00,0.00,0.00,0.00,474000.00,474000.00,'MIICXAIBAAKBgQC4dcYScJrnD1xCbBAlSwQN80TYmlMhC1q3fqyL0y2ygQOmtKKYJkDDp/bx0F7ZJ4psVDAmJ1PC2SlHfVPtSZrsVTIf/OlWMsrkLQ+bSf2vJuzUgDagZ/htowIn3io6myiY+Ehq9vDjCd65XV/Hq2sDZoksXMpQU8kQoIF4P2oJqwIDAQABAoGBAJdMauHXIQdjDv6gWoHsTPAQWKj9tC/He2pE6cxqs/HVZqRHR5Ja1gZl7',1,NULL,NULL,1,1,'2024-06-17 12:52:07','2024-06-17 12:52:07'),(99,'FT 2024/99',87,'Big Bro Entertainment','009468873LA040','Muinicípio do Kilamba Kiaxe-Golf2','2024-06-28 00:00:00','2024-07-02 00:00:00',2,1,1,'Hilquias Chitazo','O modo de pagamento da licença anual do domínio é Pré-pago no valor de 245.000,00. Que serão feitos com as seguintes prestações, conforme detalhado abaixo:\n1. Primeira Prestação: 33% do valor total, a ser pago no início do projeto. 2. Segunda Prestação: 67% do valor total, a ser pago até  a conclusão do website.',245000.00,0.00,0.00,0.00,245000.00,122400.00,'MIICXAIBAAKBgQC4dcYScJrnD1xCbBAlSwQN80TYmlMhC1q3fqyL0y2ygQOmtKKYJkDDp/bx0F7ZJ4psVDAmJ1PC2SlHfVPtSZrsVTIf/OlWMsrkLQ+bSf2vJuzUgDagZ/htowIn3io6myiY+Ehq9vDjCd65XV/Hq2sDZoksXMpQU8kQoIF4P2oJqwIDAQABAoGBAJdMauHXIQdjDv6gWoHsTPAQWKj9tC/He2pE6cxqs/HVZqRHR5Ja1gZl7',1,NULL,NULL,1,0,'2024-06-28 13:02:09','2024-10-08 09:30:38'),(100,'FT 2024/100',82,'Eunice Capricho, Lda','5484011019','Luanda','2024-07-03 00:00:00','2024-07-03 00:00:00',2,1,1,'Hilquias Chitazo',NULL,35000.00,0.00,0.00,0.00,35000.00,35000.00,'MIICXAIBAAKBgQC4dcYScJrnD1xCbBAlSwQN80TYmlMhC1q3fqyL0y2ygQOmtKKYJkDDp/bx0F7ZJ4psVDAmJ1PC2SlHfVPtSZrsVTIf/OlWMsrkLQ+bSf2vJuzUgDagZ/htowIn3io6myiY+Ehq9vDjCd65XV/Hq2sDZoksXMpQU8kQoIF4P2oJqwIDAQABAoGBAJdMauHXIQdjDv6gWoHsTPAQWKj9tC/He2pE6cxqs/HVZqRHR5Ja1gZl7',1,NULL,NULL,1,1,'2024-07-03 08:40:36','2024-07-03 08:40:36'),(101,'FT 2024/101',80,'OA Delcio Recicláveis & Indústria Lda','5000425940','Luanda','2024-07-03 00:00:00','2024-07-03 00:00:00',2,1,1,'Hilquias Chitazo',NULL,35000.00,0.00,0.00,0.00,35000.00,35000.00,'MIICXAIBAAKBgQC4dcYScJrnD1xCbBAlSwQN80TYmlMhC1q3fqyL0y2ygQOmtKKYJkDDp/bx0F7ZJ4psVDAmJ1PC2SlHfVPtSZrsVTIf/OlWMsrkLQ+bSf2vJuzUgDagZ/htowIn3io6myiY+Ehq9vDjCd65XV/Hq2sDZoksXMpQU8kQoIF4P2oJqwIDAQABAoGBAJdMauHXIQdjDv6gWoHsTPAQWKj9tC/He2pE6cxqs/HVZqRHR5Ja1gZl7',1,NULL,NULL,1,1,'2024-07-03 08:48:59','2024-07-03 08:48:59'),(102,'FT 2024/102',41,'Timóteo Ulika Su Lda','NIF 5417306770','Rua Direita da Sonangalp, qd-101, Km14-A, Viana','2024-07-08 00:00:00','2024-07-08 00:00:00',2,1,1,'Hilquias Chitazo',NULL,42000.00,0.00,0.00,0.00,42000.00,0.00,'MIICXAIBAAKBgQC4dcYScJrnD1xCbBAlSwQN80TYmlMhC1q3fqyL0y2ygQOmtKKYJkDDp/bx0F7ZJ4psVDAmJ1PC2SlHfVPtSZrsVTIf/OlWMsrkLQ+bSf2vJuzUgDagZ/htowIn3io6myiY+Ehq9vDjCd65XV/Hq2sDZoksXMpQU8kQoIF4P2oJqwIDAQABAoGBAJdMauHXIQdjDv6gWoHsTPAQWKj9tC/He2pE6cxqs/HVZqRHR5Ja1gZl7',1,NULL,NULL,1,1,'2024-07-08 07:29:32','2024-07-16 12:59:53'),(103,'FT 2024/103',6,'SUCESSO DA VIDA COMERCIO GERAL & PRESTAÇÃO DE SERVIÇOS, LDA','5001457195','estalagem-mirú','2024-07-08 00:00:00','2024-07-08 00:00:00',2,1,1,'Hilquias Chitazo',NULL,10000.00,0.00,0.00,0.00,10000.00,0.00,'MIICXAIBAAKBgQC4dcYScJrnD1xCbBAlSwQN80TYmlMhC1q3fqyL0y2ygQOmtKKYJkDDp/bx0F7ZJ4psVDAmJ1PC2SlHfVPtSZrsVTIf/OlWMsrkLQ+bSf2vJuzUgDagZ/htowIn3io6myiY+Ehq9vDjCd65XV/Hq2sDZoksXMpQU8kQoIF4P2oJqwIDAQABAoGBAJdMauHXIQdjDv6gWoHsTPAQWKj9tC/He2pE6cxqs/HVZqRHR5Ja1gZl7',1,NULL,NULL,1,1,'2024-07-08 07:40:05','2024-07-15 12:01:14'),(104,'FT 2024/104',5,'I.M.T.P De Saúde Silva E Águas','5417061891','estalagem-praça nova','2024-07-08 00:00:00','2024-07-17 00:00:00',2,1,1,'Hilquias Chitazo',NULL,25000.00,0.00,0.00,0.00,25000.00,25000.00,'MIICXAIBAAKBgQC4dcYScJrnD1xCbBAlSwQN80TYmlMhC1q3fqyL0y2ygQOmtKKYJkDDp/bx0F7ZJ4psVDAmJ1PC2SlHfVPtSZrsVTIf/OlWMsrkLQ+bSf2vJuzUgDagZ/htowIn3io6myiY+Ehq9vDjCd65XV/Hq2sDZoksXMpQU8kQoIF4P2oJqwIDAQABAoGBAJdMauHXIQdjDv6gWoHsTPAQWKj9tC/He2pE6cxqs/HVZqRHR5Ja1gZl7',1,NULL,NULL,1,1,'2024-07-08 07:44:37','2024-07-08 07:44:37'),(105,'FT 2024/105',20,'BECLAMAN EMPRENDIMENTO E PRESTAÇÃO E SERVIÇO(COLÉGIO CULTUS)','5417626562','PATRIOTA-ALCACIOAS','2024-07-08 00:00:00','2024-07-13 00:00:00',2,1,1,'Hilquias Chitazo',NULL,27000.00,0.00,0.00,0.00,27000.00,27000.00,'MIICXAIBAAKBgQC4dcYScJrnD1xCbBAlSwQN80TYmlMhC1q3fqyL0y2ygQOmtKKYJkDDp/bx0F7ZJ4psVDAmJ1PC2SlHfVPtSZrsVTIf/OlWMsrkLQ+bSf2vJuzUgDagZ/htowIn3io6myiY+Ehq9vDjCd65XV/Hq2sDZoksXMpQU8kQoIF4P2oJqwIDAQABAoGBAJdMauHXIQdjDv6gWoHsTPAQWKj9tC/He2pE6cxqs/HVZqRHR5Ja1gZl7',1,NULL,NULL,1,1,'2024-07-08 07:50:09','2024-07-08 07:50:09'),(106,'FT 2024/106',60,'Basiaelia, Lda','5417270946',NULL,'2024-07-08 00:00:00','2024-07-13 00:00:00',2,1,1,'Hilquias Chitazo',NULL,48000.00,0.00,0.00,0.00,48000.00,0.00,'MIICXAIBAAKBgQC4dcYScJrnD1xCbBAlSwQN80TYmlMhC1q3fqyL0y2ygQOmtKKYJkDDp/bx0F7ZJ4psVDAmJ1PC2SlHfVPtSZrsVTIf/OlWMsrkLQ+bSf2vJuzUgDagZ/htowIn3io6myiY+Ehq9vDjCd65XV/Hq2sDZoksXMpQU8kQoIF4P2oJqwIDAQABAoGBAJdMauHXIQdjDv6gWoHsTPAQWKj9tC/He2pE6cxqs/HVZqRHR5Ja1gZl7',1,NULL,NULL,1,1,'2024-07-08 08:14:37','2024-07-19 14:07:40'),(107,'FT 2024/107',91,'SALO.TT-PRESTAÇÃO DE SERVIÇOS, LDA','5000913626','Rainha Ginga, Casa Nº Proximo ao Hotel EPIC SANA, eDIFICIO DA TER BEERS','2024-07-17 00:00:00','2024-07-17 00:00:00',2,1,1,'Hilquias Chitazo',NULL,64000.00,0.00,0.00,0.00,64000.00,64000.00,'MIICXAIBAAKBgQC4dcYScJrnD1xCbBAlSwQN80TYmlMhC1q3fqyL0y2ygQOmtKKYJkDDp/bx0F7ZJ4psVDAmJ1PC2SlHfVPtSZrsVTIf/OlWMsrkLQ+bSf2vJuzUgDagZ/htowIn3io6myiY+Ehq9vDjCd65XV/Hq2sDZoksXMpQU8kQoIF4P2oJqwIDAQABAoGBAJdMauHXIQdjDv6gWoHsTPAQWKj9tC/He2pE6cxqs/HVZqRHR5Ja1gZl7',1,NULL,NULL,1,1,'2024-07-17 13:30:19','2024-07-17 13:30:19'),(108,'FT 2024/108',91,'SALO.TT-PRESTAÇÃO DE SERVIÇOS, LDA','5000913626','Rainha Ginga, Casa Nº Proximo ao Hotel EPIC SANA, eDIFICIO DA TER BEERS','2024-07-17 00:00:00','2024-07-17 00:00:00',2,1,1,'Hilquias Chitazo',NULL,64000.00,0.00,0.00,4160.00,59840.00,0.00,'MIICXAIBAAKBgQC4dcYScJrnD1xCbBAlSwQN80TYmlMhC1q3fqyL0y2ygQOmtKKYJkDDp/bx0F7ZJ4psVDAmJ1PC2SlHfVPtSZrsVTIf/OlWMsrkLQ+bSf2vJuzUgDagZ/htowIn3io6myiY+Ehq9vDjCd65XV/Hq2sDZoksXMpQU8kQoIF4P2oJqwIDAQABAoGBAJdMauHXIQdjDv6gWoHsTPAQWKj9tC/He2pE6cxqs/HVZqRHR5Ja1gZl7',1,NULL,NULL,0,1,'2024-07-17 15:26:03','2024-07-17 16:01:30'),(109,'FT 2024/109',3,'GRUPO MF & F NEGÓCIOS, LDA(COMPLEXO ESCOLAR ESTRELA DOURADA)','5417275735','RAMIRO KM30','2024-07-19 00:00:00','2024-07-19 00:00:00',2,1,1,'Hilquias Chitazo',NULL,126000.00,0.00,0.00,0.00,126000.00,126000.00,'MIICXAIBAAKBgQC4dcYScJrnD1xCbBAlSwQN80TYmlMhC1q3fqyL0y2ygQOmtKKYJkDDp/bx0F7ZJ4psVDAmJ1PC2SlHfVPtSZrsVTIf/OlWMsrkLQ+bSf2vJuzUgDagZ/htowIn3io6myiY+Ehq9vDjCd65XV/Hq2sDZoksXMpQU8kQoIF4P2oJqwIDAQABAoGBAJdMauHXIQdjDv6gWoHsTPAQWKj9tC/He2pE6cxqs/HVZqRHR5Ja1gZl7',1,NULL,NULL,1,1,'2024-07-19 08:44:30','2024-07-19 08:44:30'),(110,'FT 2024/110',92,'ERIC SOUSA PROJECTOS E FISCALIZAÇÃO LDA','5000249459','Morro Bento, Igreja Universal, Junto ao nosso Centro','2024-07-26 00:00:00','2024-07-26 00:00:00',1,1,1,'Hilquias Chitazo',NULL,15000.00,0.00,0.00,0.00,15000.00,0.00,'MIICXAIBAAKBgQC4dcYScJrnD1xCbBAlSwQN80TYmlMhC1q3fqyL0y2ygQOmtKKYJkDDp/bx0F7ZJ4psVDAmJ1PC2SlHfVPtSZrsVTIf/OlWMsrkLQ+bSf2vJuzUgDagZ/htowIn3io6myiY+Ehq9vDjCd65XV/Hq2sDZoksXMpQU8kQoIF4P2oJqwIDAQABAoGBAJdMauHXIQdjDv6gWoHsTPAQWKj9tC/He2pE6cxqs/HVZqRHR5Ja1gZl7',1,135,'PP 2024/135',1,1,'2024-07-26 15:26:09','2024-07-26 15:26:34'),(111,'FT 2024/111',92,'ERIC SOUSA PROJECTOS E FISCALIZAÇÃO LDA','5000249459','Morro Bento, Igreja Universal, Junto ao nosso Centro','2024-08-07 00:00:00','2024-08-07 00:00:00',2,1,1,'Hilquias Chitazo',NULL,15000.00,0.00,0.00,0.00,15000.00,15000.00,'MIICXAIBAAKBgQC4dcYScJrnD1xCbBAlSwQN80TYmlMhC1q3fqyL0y2ygQOmtKKYJkDDp/bx0F7ZJ4psVDAmJ1PC2SlHfVPtSZrsVTIf/OlWMsrkLQ+bSf2vJuzUgDagZ/htowIn3io6myiY+Ehq9vDjCd65XV/Hq2sDZoksXMpQU8kQoIF4P2oJqwIDAQABAoGBAJdMauHXIQdjDv6gWoHsTPAQWKj9tC/He2pE6cxqs/HVZqRHR5Ja1gZl7',1,NULL,NULL,1,1,'2024-08-07 14:27:34','2024-08-07 14:27:34'),(112,'FT 2024/112',91,'SALO.TT-PRESTAÇÃO DE SERVIÇOS, LDA','5000913626','Rainha Ginga, Casa Nº Proximo ao Hotel EPIC SANA, eDIFICIO DA TER BEERS','2024-08-07 00:00:00','2024-08-07 00:00:00',2,1,1,'Hilquias Chitazo',NULL,64000.00,0.00,0.00,4160.00,59840.00,59840.00,'MIICXAIBAAKBgQC4dcYScJrnD1xCbBAlSwQN80TYmlMhC1q3fqyL0y2ygQOmtKKYJkDDp/bx0F7ZJ4psVDAmJ1PC2SlHfVPtSZrsVTIf/OlWMsrkLQ+bSf2vJuzUgDagZ/htowIn3io6myiY+Ehq9vDjCd65XV/Hq2sDZoksXMpQU8kQoIF4P2oJqwIDAQABAoGBAJdMauHXIQdjDv6gWoHsTPAQWKj9tC/He2pE6cxqs/HVZqRHR5Ja1gZl7',1,NULL,NULL,1,1,'2024-08-07 14:30:25','2024-08-07 14:30:25'),(113,'FT 2024/113',84,'SOCIEDADE ANGOLANA DE GESTÃO URBANA - SAGEUB','5001102451','Luanda, Município do Talatona, Morro Bento, Bairro Kikagil, Rua dos Generais, Edíficio BLG, Casa nº 899','2024-08-07 00:00:00','2024-08-07 00:00:00',2,1,1,'Angelina de Sousa',NULL,474000.00,0.00,0.00,0.00,474000.00,474000.00,'MIICXAIBAAKBgQC4dcYScJrnD1xCbBAlSwQN80TYmlMhC1q3fqyL0y2ygQOmtKKYJkDDp/bx0F7ZJ4psVDAmJ1PC2SlHfVPtSZrsVTIf/OlWMsrkLQ+bSf2vJuzUgDagZ/htowIn3io6myiY+Ehq9vDjCd65XV/Hq2sDZoksXMpQU8kQoIF4P2oJqwIDAQABAoGBAJdMauHXIQdjDv6gWoHsTPAQWKj9tC/He2pE6cxqs/HVZqRHR5Ja1gZl7',1,NULL,NULL,1,1,'2024-08-07 15:51:52','2024-08-07 15:51:52'),(114,'FT 2024/114',41,'Timóteo Ulika Su Lda','NIF 5417306770','Rua Direita da Sonangalp, qd-101, Km14-A, Viana','2024-08-08 00:00:00','2024-08-08 00:00:00',2,1,1,'Angelina de Sousa',NULL,42000.00,0.00,0.00,0.00,42000.00,0.00,'MIICXAIBAAKBgQC4dcYScJrnD1xCbBAlSwQN80TYmlMhC1q3fqyL0y2ygQOmtKKYJkDDp/bx0F7ZJ4psVDAmJ1PC2SlHfVPtSZrsVTIf/OlWMsrkLQ+bSf2vJuzUgDagZ/htowIn3io6myiY+Ehq9vDjCd65XV/Hq2sDZoksXMpQU8kQoIF4P2oJqwIDAQABAoGBAJdMauHXIQdjDv6gWoHsTPAQWKj9tC/He2pE6cxqs/HVZqRHR5Ja1gZl7',1,NULL,NULL,1,1,'2024-08-08 06:54:20','2024-08-15 07:51:29'),(115,'FT 2024/115',6,'SUCESSO DA VIDA COMERCIO GERAL & PRESTAÇÃO DE SERVIÇOS, LDA','5001457195','estalagem-mirú','2024-08-08 00:00:00','2024-08-13 00:00:00',2,1,1,'Angelina de Sousa',NULL,45000.00,0.00,0.00,0.00,45000.00,45000.00,'MIICXAIBAAKBgQC4dcYScJrnD1xCbBAlSwQN80TYmlMhC1q3fqyL0y2ygQOmtKKYJkDDp/bx0F7ZJ4psVDAmJ1PC2SlHfVPtSZrsVTIf/OlWMsrkLQ+bSf2vJuzUgDagZ/htowIn3io6myiY+Ehq9vDjCd65XV/Hq2sDZoksXMpQU8kQoIF4P2oJqwIDAQABAoGBAJdMauHXIQdjDv6gWoHsTPAQWKj9tC/He2pE6cxqs/HVZqRHR5Ja1gZl7',1,NULL,NULL,1,1,'2024-08-08 07:05:12','2024-08-08 07:05:12'),(116,'FT 2024/116',73,'Imparcial Mediação de Seguros','5001620215','Largo do Atlético, Prédio 45 - 3º Apt.1, Município da Ingombota – Coqueiros','2024-08-08 00:00:00','2024-08-15 00:00:00',2,1,1,'Angelina de Sousa',NULL,105000.00,0.00,0.00,6825.00,98175.00,98175.00,'MIICXAIBAAKBgQC4dcYScJrnD1xCbBAlSwQN80TYmlMhC1q3fqyL0y2ygQOmtKKYJkDDp/bx0F7ZJ4psVDAmJ1PC2SlHfVPtSZrsVTIf/OlWMsrkLQ+bSf2vJuzUgDagZ/htowIn3io6myiY+Ehq9vDjCd65XV/Hq2sDZoksXMpQU8kQoIF4P2oJqwIDAQABAoGBAJdMauHXIQdjDv6gWoHsTPAQWKj9tC/He2pE6cxqs/HVZqRHR5Ja1gZl7',1,NULL,NULL,1,1,'2024-08-08 07:48:32','2024-08-08 07:48:32'),(117,'FT 2024/117',100,'COLÉGIO KALABO INTERNACIONAL','5001058312','VILA NZOJE YAMI RUA 3 CASA Nª39','2024-08-09 00:00:00','2024-08-09 00:00:00',2,1,1,'Angelina de Sousa','Como foi acordado, para numa primeira fase 50%.',120000.00,0.00,0.00,0.00,120000.00,120000.00,'MIICXAIBAAKBgQC4dcYScJrnD1xCbBAlSwQN80TYmlMhC1q3fqyL0y2ygQOmtKKYJkDDp/bx0F7ZJ4psVDAmJ1PC2SlHfVPtSZrsVTIf/OlWMsrkLQ+bSf2vJuzUgDagZ/htowIn3io6myiY+Ehq9vDjCd65XV/Hq2sDZoksXMpQU8kQoIF4P2oJqwIDAQABAoGBAJdMauHXIQdjDv6gWoHsTPAQWKj9tC/He2pE6cxqs/HVZqRHR5Ja1gZl7',1,NULL,NULL,1,1,'2024-08-09 15:30:32','2024-08-09 15:30:32'),(118,'FT 2024/118',101,'INAMA - RS, LDA','5417117455','Desportiva, Bairro Nelito Soares, Edíficio, Casa nº 12/B','2024-08-12 00:00:00','2024-08-12 00:00:00',2,1,1,'Angelina de Sousa',NULL,900000.00,0.00,0.00,0.00,900000.00,450000.00,'MIICXAIBAAKBgQC4dcYScJrnD1xCbBAlSwQN80TYmlMhC1q3fqyL0y2ygQOmtKKYJkDDp/bx0F7ZJ4psVDAmJ1PC2SlHfVPtSZrsVTIf/OlWMsrkLQ+bSf2vJuzUgDagZ/htowIn3io6myiY+Ehq9vDjCd65XV/Hq2sDZoksXMpQU8kQoIF4P2oJqwIDAQABAoGBAJdMauHXIQdjDv6gWoHsTPAQWKj9tC/He2pE6cxqs/HVZqRHR5Ja1gZl7',1,NULL,NULL,1,1,'2024-08-12 08:33:26','2024-08-21 15:20:10'),(119,'FT 2024/119',100,'COLÉGIO KALABO INTERNACIONAL','5001058312','VILA NZOJE YAMI RUA 3 CASA Nª39','2024-08-14 00:00:00','2024-08-14 00:00:00',2,1,1,'Angelina de Sousa',NULL,165000.00,0.00,0.00,0.00,165000.00,105000.00,'MIICXAIBAAKBgQC4dcYScJrnD1xCbBAlSwQN80TYmlMhC1q3fqyL0y2ygQOmtKKYJkDDp/bx0F7ZJ4psVDAmJ1PC2SlHfVPtSZrsVTIf/OlWMsrkLQ+bSf2vJuzUgDagZ/htowIn3io6myiY+Ehq9vDjCd65XV/Hq2sDZoksXMpQU8kQoIF4P2oJqwIDAQABAoGBAJdMauHXIQdjDv6gWoHsTPAQWKj9tC/He2pE6cxqs/HVZqRHR5Ja1gZl7',1,NULL,NULL,1,1,'2024-08-14 07:56:41','2024-08-16 10:17:21'),(120,'FT 2024/120',105,'TIS TECH ANGOLA','5420001756','Luanda','2024-08-19 00:00:00','2024-08-22 00:00:00',2,1,1,'Angelina de Sousa',NULL,15000000.00,0.00,0.00,0.00,15000000.00,15000000.00,'MIICXAIBAAKBgQC4dcYScJrnD1xCbBAlSwQN80TYmlMhC1q3fqyL0y2ygQOmtKKYJkDDp/bx0F7ZJ4psVDAmJ1PC2SlHfVPtSZrsVTIf/OlWMsrkLQ+bSf2vJuzUgDagZ/htowIn3io6myiY+Ehq9vDjCd65XV/Hq2sDZoksXMpQU8kQoIF4P2oJqwIDAQABAoGBAJdMauHXIQdjDv6gWoHsTPAQWKj9tC/He2pE6cxqs/HVZqRHR5Ja1gZl7',1,NULL,NULL,1,1,'2024-08-19 10:14:39','2024-08-19 10:14:39'),(121,'FT 2024/121',76,'Organizações Milfred, Lda','5417033553','Luanda-Maianga','2024-08-20 00:00:00','2024-08-20 00:00:00',2,1,1,'Angelina de Sousa',NULL,35000.00,0.00,0.00,0.00,35000.00,35000.00,'MIICXAIBAAKBgQC4dcYScJrnD1xCbBAlSwQN80TYmlMhC1q3fqyL0y2ygQOmtKKYJkDDp/bx0F7ZJ4psVDAmJ1PC2SlHfVPtSZrsVTIf/OlWMsrkLQ+bSf2vJuzUgDagZ/htowIn3io6myiY+Ehq9vDjCd65XV/Hq2sDZoksXMpQU8kQoIF4P2oJqwIDAQABAoGBAJdMauHXIQdjDv6gWoHsTPAQWKj9tC/He2pE6cxqs/HVZqRHR5Ja1gZl7',1,NULL,NULL,1,1,'2024-08-20 07:59:58','2024-08-20 07:59:58'),(122,'FT 2024/122',108,'Global VFS','5417535966','Luanda-Mutamba','2024-08-21 00:00:00','2024-08-21 00:00:00',2,1,1,'Angelina de Sousa',NULL,7067512.64,0.00,0.00,0.00,7067512.64,7067512.64,'MIICXAIBAAKBgQC4dcYScJrnD1xCbBAlSwQN80TYmlMhC1q3fqyL0y2ygQOmtKKYJkDDp/bx0F7ZJ4psVDAmJ1PC2SlHfVPtSZrsVTIf/OlWMsrkLQ+bSf2vJuzUgDagZ/htowIn3io6myiY+Ehq9vDjCd65XV/Hq2sDZoksXMpQU8kQoIF4P2oJqwIDAQABAoGBAJdMauHXIQdjDv6gWoHsTPAQWKj9tC/He2pE6cxqs/HVZqRHR5Ja1gZl7',1,NULL,NULL,1,1,'2024-08-21 13:07:19','2024-08-21 13:07:19'),(123,'FT 2024/123',99,'SCHELLMAN COMERCIO E PRESTAÇÃO DE SERVIÇOS, LDA','5001458035','BAIRRO INGOMBOTA INGOMBOTA - LUANDA / AO','2024-08-21 00:00:00','2024-08-21 00:00:00',2,1,1,'Angelina de Sousa',NULL,22396344.87,0.00,0.00,0.00,22396344.87,22396344.87,'MIICXAIBAAKBgQC4dcYScJrnD1xCbBAlSwQN80TYmlMhC1q3fqyL0y2ygQOmtKKYJkDDp/bx0F7ZJ4psVDAmJ1PC2SlHfVPtSZrsVTIf/OlWMsrkLQ+bSf2vJuzUgDagZ/htowIn3io6myiY+Ehq9vDjCd65XV/Hq2sDZoksXMpQU8kQoIF4P2oJqwIDAQABAoGBAJdMauHXIQdjDv6gWoHsTPAQWKj9tC/He2pE6cxqs/HVZqRHR5Ja1gZl7',1,150,'PP 2024/150',1,1,'2024-08-21 14:37:39','2024-08-21 14:37:39'),(124,'FT 2024/124',109,'Mariscos & Pescado','004963124LA045','Luanda','2024-08-22 00:00:00','2024-08-22 00:00:00',2,1,1,'Angelina de Sousa',NULL,30000.00,0.00,0.00,0.00,30000.00,0.00,'MIICXAIBAAKBgQC4dcYScJrnD1xCbBAlSwQN80TYmlMhC1q3fqyL0y2ygQOmtKKYJkDDp/bx0F7ZJ4psVDAmJ1PC2SlHfVPtSZrsVTIf/OlWMsrkLQ+bSf2vJuzUgDagZ/htowIn3io6myiY+Ehq9vDjCd65XV/Hq2sDZoksXMpQU8kQoIF4P2oJqwIDAQABAoGBAJdMauHXIQdjDv6gWoHsTPAQWKj9tC/He2pE6cxqs/HVZqRHR5Ja1gZl7',1,154,'PP 2024/154',1,1,'2024-08-22 11:01:18','2024-08-22 11:02:03'),(125,'FT 2024/125',112,'Kaden Investimentos, Lda','5001133047','Luanda','2024-08-27 00:00:00','2024-08-27 00:00:00',2,1,1,'Angelina de Sousa','Pagamento da comissão de 15% do software de faturação, sendo o mesmo um valor a ser pago no final de cada ano de acordo ao pagamento anual de cada cliente.\n\nSendo que no dia 22/08/24 o cliente Joel- Mariscos e pescados efetuou o pagamento de 30mil kz referente a três meses, a Átomo optou por pagar o valor total de 18.000,00mil kz (dezoito mil kwanzas) que equivale aos 15% do valor anual para a  empresa  Kaden Investimentos, Lda.\n\nTendo liquidado a percentagem anual para a empresa  Kaden Investimentos, Lda.',18000.00,0.00,0.00,0.00,18000.00,18000.00,'MIICXAIBAAKBgQC4dcYScJrnD1xCbBAlSwQN80TYmlMhC1q3fqyL0y2ygQOmtKKYJkDDp/bx0F7ZJ4psVDAmJ1PC2SlHfVPtSZrsVTIf/OlWMsrkLQ+bSf2vJuzUgDagZ/htowIn3io6myiY+Ehq9vDjCd65XV/Hq2sDZoksXMpQU8kQoIF4P2oJqwIDAQABAoGBAJdMauHXIQdjDv6gWoHsTPAQWKj9tC/He2pE6cxqs/HVZqRHR5Ja1gZl7',1,NULL,NULL,1,1,'2024-08-27 12:18:39','2024-08-27 12:18:39'),(126,'FT 2024/126',115,'Socigráfica Sociedade de Comércio e Indústria Gráfica, Lda','999999999','Benfica-Dona Xepa','2024-09-05 00:00:00','2024-09-05 00:00:00',2,1,1,'Angelina de Sousa',NULL,30000.00,0.00,0.00,0.00,30000.00,30000.00,'MIICXAIBAAKBgQC4dcYScJrnD1xCbBAlSwQN80TYmlMhC1q3fqyL0y2ygQOmtKKYJkDDp/bx0F7ZJ4psVDAmJ1PC2SlHfVPtSZrsVTIf/OlWMsrkLQ+bSf2vJuzUgDagZ/htowIn3io6myiY+Ehq9vDjCd65XV/Hq2sDZoksXMpQU8kQoIF4P2oJqwIDAQABAoGBAJdMauHXIQdjDv6gWoHsTPAQWKj9tC/He2pE6cxqs/HVZqRHR5Ja1gZl7',1,NULL,NULL,1,1,'2024-09-05 06:49:21','2024-09-05 06:49:21'),(127,'FT 2024/127',105,'TIS TECH ANGOLA','5420001756','Luanda','2024-09-11 00:00:00','2024-09-11 00:00:00',1,1,1,'Angelina de Sousa',NULL,4000000.00,0.00,0.00,0.00,4000000.00,4000000.00,'MIICXAIBAAKBgQC4dcYScJrnD1xCbBAlSwQN80TYmlMhC1q3fqyL0y2ygQOmtKKYJkDDp/bx0F7ZJ4psVDAmJ1PC2SlHfVPtSZrsVTIf/OlWMsrkLQ+bSf2vJuzUgDagZ/htowIn3io6myiY+Ehq9vDjCd65XV/Hq2sDZoksXMpQU8kQoIF4P2oJqwIDAQABAoGBAJdMauHXIQdjDv6gWoHsTPAQWKj9tC/He2pE6cxqs/HVZqRHR5Ja1gZl7',1,NULL,NULL,1,1,'2024-09-11 05:41:48','2024-09-11 05:41:48'),(128,'FT 2024/128',105,'TIS TECH ANGOLA','5420001756','Luanda','2024-09-11 00:00:00','2024-09-11 00:00:00',2,1,1,'Angelina de Sousa',NULL,4000000.00,0.00,0.00,0.00,4000000.00,4000000.00,'MIICXAIBAAKBgQC4dcYScJrnD1xCbBAlSwQN80TYmlMhC1q3fqyL0y2ygQOmtKKYJkDDp/bx0F7ZJ4psVDAmJ1PC2SlHfVPtSZrsVTIf/OlWMsrkLQ+bSf2vJuzUgDagZ/htowIn3io6myiY+Ehq9vDjCd65XV/Hq2sDZoksXMpQU8kQoIF4P2oJqwIDAQABAoGBAJdMauHXIQdjDv6gWoHsTPAQWKj9tC/He2pE6cxqs/HVZqRHR5Ja1gZl7',1,NULL,NULL,1,1,'2024-09-11 05:42:36','2024-09-11 05:42:36'),(129,'FT 2024/129',105,'TIS TECH ANGOLA','5420001756','Luanda','2024-09-11 00:00:00','2024-09-11 00:00:00',2,1,1,'Angelina de Sousa',NULL,1700000.00,0.00,0.00,0.00,1700000.00,1700000.00,'MIICXAIBAAKBgQC4dcYScJrnD1xCbBAlSwQN80TYmlMhC1q3fqyL0y2ygQOmtKKYJkDDp/bx0F7ZJ4psVDAmJ1PC2SlHfVPtSZrsVTIf/OlWMsrkLQ+bSf2vJuzUgDagZ/htowIn3io6myiY+Ehq9vDjCd65XV/Hq2sDZoksXMpQU8kQoIF4P2oJqwIDAQABAoGBAJdMauHXIQdjDv6gWoHsTPAQWKj9tC/He2pE6cxqs/HVZqRHR5Ja1gZl7',1,NULL,NULL,1,1,'2024-09-11 05:43:04','2024-09-11 05:43:04'),(130,'FT 2024/130',80,'OA Delcio Recicláveis & Indústria Lda','5000425940','Luanda','2024-09-30 00:00:00','2024-09-30 00:00:00',2,1,1,'Angelina de Sousa',NULL,140000.00,0.00,0.00,0.00,140000.00,140000.00,'MIICXAIBAAKBgQC4dcYScJrnD1xCbBAlSwQN80TYmlMhC1q3fqyL0y2ygQOmtKKYJkDDp/bx0F7ZJ4psVDAmJ1PC2SlHfVPtSZrsVTIf/OlWMsrkLQ+bSf2vJuzUgDagZ/htowIn3io6myiY+Ehq9vDjCd65XV/Hq2sDZoksXMpQU8kQoIF4P2oJqwIDAQABAoGBAJdMauHXIQdjDv6gWoHsTPAQWKj9tC/He2pE6cxqs/HVZqRHR5Ja1gZl7',1,NULL,NULL,1,1,'2024-09-30 11:35:40','2024-09-30 11:35:40'),(131,'FT 2024/131',92,'ERIC SOUSA PROJECTOS E FISCALIZAÇÃO LDA','5000249459','Morro Bento, Igreja Universal, Junto ao nosso Centro','2024-09-30 00:00:00','2024-09-30 00:00:00',2,1,1,'Angelina de Sousa',NULL,53000.00,0.00,0.00,0.00,53000.00,53000.00,'MIICXAIBAAKBgQC4dcYScJrnD1xCbBAlSwQN80TYmlMhC1q3fqyL0y2ygQOmtKKYJkDDp/bx0F7ZJ4psVDAmJ1PC2SlHfVPtSZrsVTIf/OlWMsrkLQ+bSf2vJuzUgDagZ/htowIn3io6myiY+Ehq9vDjCd65XV/Hq2sDZoksXMpQU8kQoIF4P2oJqwIDAQABAoGBAJdMauHXIQdjDv6gWoHsTPAQWKj9tC/He2pE6cxqs/HVZqRHR5Ja1gZl7',1,NULL,NULL,1,1,'2024-09-30 12:03:21','2024-09-30 12:03:21'),(132,'FT 2024/132',92,'ERIC SOUSA PROJECTOS E FISCALIZAÇÃO LDA','5000249459','Morro Bento, Igreja Universal, Junto ao nosso Centro','2024-09-30 00:00:00','2024-09-30 00:00:00',2,1,1,'Angelina de Sousa',NULL,45000.00,0.00,0.00,0.00,45000.00,45000.00,'MIICXAIBAAKBgQC4dcYScJrnD1xCbBAlSwQN80TYmlMhC1q3fqyL0y2ygQOmtKKYJkDDp/bx0F7ZJ4psVDAmJ1PC2SlHfVPtSZrsVTIf/OlWMsrkLQ+bSf2vJuzUgDagZ/htowIn3io6myiY+Ehq9vDjCd65XV/Hq2sDZoksXMpQU8kQoIF4P2oJqwIDAQABAoGBAJdMauHXIQdjDv6gWoHsTPAQWKj9tC/He2pE6cxqs/HVZqRHR5Ja1gZl7',1,NULL,NULL,1,1,'2024-09-30 12:06:02','2024-09-30 12:06:02'),(133,'FT 2024/133',115,'Socigráfica Sociedade de Comércio e Indústria Gráfica, Lda','5401114125','Benfica-Dona Xepa','2024-10-03 00:00:00','2024-10-03 00:00:00',2,1,1,'Angelina de Sousa',NULL,30000.00,0.00,0.00,0.00,30000.00,30000.00,'MIICXAIBAAKBgQC4dcYScJrnD1xCbBAlSwQN80TYmlMhC1q3fqyL0y2ygQOmtKKYJkDDp/bx0F7ZJ4psVDAmJ1PC2SlHfVPtSZrsVTIf/OlWMsrkLQ+bSf2vJuzUgDagZ/htowIn3io6myiY+Ehq9vDjCd65XV/Hq2sDZoksXMpQU8kQoIF4P2oJqwIDAQABAoGBAJdMauHXIQdjDv6gWoHsTPAQWKj9tC/He2pE6cxqs/HVZqRHR5Ja1gZl7',1,NULL,NULL,1,1,'2024-10-03 09:13:36','2024-10-03 09:13:36'),(134,'FT 2024/134',101,'INAMA - RS, LDA','5417117455','Desportiva, Bairro Nelito Soares, Edíficio, Casa nº 12/B','2024-10-03 00:00:00','2024-10-03 00:00:00',2,1,1,'Angelina de Sousa',NULL,450000.00,0.00,0.00,0.00,450000.00,450000.00,'MIICXAIBAAKBgQC4dcYScJrnD1xCbBAlSwQN80TYmlMhC1q3fqyL0y2ygQOmtKKYJkDDp/bx0F7ZJ4psVDAmJ1PC2SlHfVPtSZrsVTIf/OlWMsrkLQ+bSf2vJuzUgDagZ/htowIn3io6myiY+Ehq9vDjCd65XV/Hq2sDZoksXMpQU8kQoIF4P2oJqwIDAQABAoGBAJdMauHXIQdjDv6gWoHsTPAQWKj9tC/He2pE6cxqs/HVZqRHR5Ja1gZl7',1,NULL,NULL,1,1,'2024-10-03 14:01:31','2024-10-03 14:01:31'),(135,'FT 2024/135',124,'7voltas su lda','5417430226','Luanda','2024-10-17 00:00:00','2024-10-17 00:00:00',2,1,1,'Angelina de Sousa',NULL,40000.00,0.00,0.00,0.00,40000.00,40000.00,'MIICXAIBAAKBgQC4dcYScJrnD1xCbBAlSwQN80TYmlMhC1q3fqyL0y2ygQOmtKKYJkDDp/bx0F7ZJ4psVDAmJ1PC2SlHfVPtSZrsVTIf/OlWMsrkLQ+bSf2vJuzUgDagZ/htowIn3io6myiY+Ehq9vDjCd65XV/Hq2sDZoksXMpQU8kQoIF4P2oJqwIDAQABAoGBAJdMauHXIQdjDv6gWoHsTPAQWKj9tC/He2pE6cxqs/HVZqRHR5Ja1gZl7',1,NULL,NULL,1,1,'2024-10-17 09:16:50','2024-10-17 09:16:50'),(136,'FT 2024/136',125,'Bumbar Prestação de Serviços LDA','5403104240','Luanda-Angola','2024-10-21 00:00:00','2024-10-21 00:00:00',2,1,1,'Angelina de Sousa',NULL,10000.00,0.00,0.00,0.00,10000.00,10000.00,'MIICXAIBAAKBgQC4dcYScJrnD1xCbBAlSwQN80TYmlMhC1q3fqyL0y2ygQOmtKKYJkDDp/bx0F7ZJ4psVDAmJ1PC2SlHfVPtSZrsVTIf/OlWMsrkLQ+bSf2vJuzUgDagZ/htowIn3io6myiY+Ehq9vDjCd65XV/Hq2sDZoksXMpQU8kQoIF4P2oJqwIDAQABAoGBAJdMauHXIQdjDv6gWoHsTPAQWKj9tC/He2pE6cxqs/HVZqRHR5Ja1gZl7',1,NULL,NULL,1,1,'2024-10-21 10:20:49','2024-10-21 10:20:49'),(137,'FT 2024/137',126,'CARMARGIB LDA','5000723932','Luanda','2024-10-23 00:00:00','2024-10-23 00:00:00',2,1,1,'Angelina de Sousa',NULL,30000.00,0.00,0.00,0.00,30000.00,30000.00,'MIICXAIBAAKBgQC4dcYScJrnD1xCbBAlSwQN80TYmlMhC1q3fqyL0y2ygQOmtKKYJkDDp/bx0F7ZJ4psVDAmJ1PC2SlHfVPtSZrsVTIf/OlWMsrkLQ+bSf2vJuzUgDagZ/htowIn3io6myiY+Ehq9vDjCd65XV/Hq2sDZoksXMpQU8kQoIF4P2oJqwIDAQABAoGBAJdMauHXIQdjDv6gWoHsTPAQWKj9tC/He2pE6cxqs/HVZqRHR5Ja1gZl7',1,NULL,NULL,1,1,'2024-10-23 07:50:51','2024-10-23 07:50:51'),(138,'FT 2024/138',91,'SALO.TT-PRESTAÇÃO DE SERVIÇOS, LDA','5000913626','Rainha Ginga, Casa Nº Proximo ao Hotel EPIC SANA, eDIFICIO DA TER BEERS','2024-10-30 00:00:00','2024-10-30 00:00:00',2,1,1,'Angelina de Sousa',NULL,120000.00,0.00,0.00,7800.00,112200.00,0.00,'MIICXAIBAAKBgQC4dcYScJrnD1xCbBAlSwQN80TYmlMhC1q3fqyL0y2ygQOmtKKYJkDDp/bx0F7ZJ4psVDAmJ1PC2SlHfVPtSZrsVTIf/OlWMsrkLQ+bSf2vJuzUgDagZ/htowIn3io6myiY+Ehq9vDjCd65XV/Hq2sDZoksXMpQU8kQoIF4P2oJqwIDAQABAoGBAJdMauHXIQdjDv6gWoHsTPAQWKj9tC/He2pE6cxqs/HVZqRHR5Ja1gZl7',1,NULL,NULL,1,1,'2024-10-30 09:22:50','2024-10-30 15:47:52'),(139,'FT 2024/139',114,'NAK ENERGY OLI & GAS, LDA','5417145078','Rua Américo Boa Vida nº 142. Ingombotas, Luanda','2024-11-06 00:00:00','2024-11-06 00:00:00',2,1,1,'Angelina de Sousa',NULL,105000.00,0.00,0.00,0.00,105000.00,0.00,'MIICXAIBAAKBgQC4dcYScJrnD1xCbBAlSwQN80TYmlMhC1q3fqyL0y2ygQOmtKKYJkDDp/bx0F7ZJ4psVDAmJ1PC2SlHfVPtSZrsVTIf/OlWMsrkLQ+bSf2vJuzUgDagZ/htowIn3io6myiY+Ehq9vDjCd65XV/Hq2sDZoksXMpQU8kQoIF4P2oJqwIDAQABAoGBAJdMauHXIQdjDv6gWoHsTPAQWKj9tC/He2pE6cxqs/HVZqRHR5Ja1gZl7',1,NULL,NULL,1,1,'2024-11-06 09:24:38','2024-11-07 15:10:16'),(140,'FT 2024/140',127,'ALONSUUS- COMERCIO GERAL, LDA','5403011021','Luanda','2024-11-06 00:00:00','2024-11-06 00:00:00',2,1,1,'Angelina de Sousa','A formação de Atendimento ao Público durará 2 semanas: 1hora por dia.\nA Formação de Pacote Ofice 365 durará 1 semana: 2 horas por dia.',2138000.00,0.00,0.00,0.00,2138000.00,2138000.00,'MIICXAIBAAKBgQC4dcYScJrnD1xCbBAlSwQN80TYmlMhC1q3fqyL0y2ygQOmtKKYJkDDp/bx0F7ZJ4psVDAmJ1PC2SlHfVPtSZrsVTIf/OlWMsrkLQ+bSf2vJuzUgDagZ/htowIn3io6myiY+Ehq9vDjCd65XV/Hq2sDZoksXMpQU8kQoIF4P2oJqwIDAQABAoGBAJdMauHXIQdjDv6gWoHsTPAQWKj9tC/He2pE6cxqs/HVZqRHR5Ja1gZl7',1,NULL,NULL,1,1,'2024-11-06 13:35:36','2024-11-06 13:35:36'),(141,'FT 2024/141',80,'OA Delcio Recicláveis & Indústria Lda','5000425940','Luanda','2024-11-06 00:00:00','2024-11-06 00:00:00',2,1,1,'Angelina de Sousa',NULL,315000.00,0.00,0.00,0.00,315000.00,315000.00,'MIICXAIBAAKBgQC4dcYScJrnD1xCbBAlSwQN80TYmlMhC1q3fqyL0y2ygQOmtKKYJkDDp/bx0F7ZJ4psVDAmJ1PC2SlHfVPtSZrsVTIf/OlWMsrkLQ+bSf2vJuzUgDagZ/htowIn3io6myiY+Ehq9vDjCd65XV/Hq2sDZoksXMpQU8kQoIF4P2oJqwIDAQABAoGBAJdMauHXIQdjDv6gWoHsTPAQWKj9tC/He2pE6cxqs/HVZqRHR5Ja1gZl7',1,NULL,NULL,1,1,'2024-11-06 14:19:53','2024-11-06 14:19:53'),(142,'FT 2024/142',1,'Consumidor Final','Consumidor Final','Talatona-Bomba dos Mirantes, Edificio da Suave-2º andar','2024-11-06 00:00:00','2024-11-06 00:00:00',1,1,1,'Angelina de Sousa',NULL,105000.00,0.00,0.00,0.00,105000.00,105000.00,'MIICXAIBAAKBgQC4dcYScJrnD1xCbBAlSwQN80TYmlMhC1q3fqyL0y2ygQOmtKKYJkDDp/bx0F7ZJ4psVDAmJ1PC2SlHfVPtSZrsVTIf/OlWMsrkLQ+bSf2vJuzUgDagZ/htowIn3io6myiY+Ehq9vDjCd65XV/Hq2sDZoksXMpQU8kQoIF4P2oJqwIDAQABAoGBAJdMauHXIQdjDv6gWoHsTPAQWKj9tC/He2pE6cxqs/HVZqRHR5Ja1gZl7',1,NULL,NULL,1,1,'2024-11-06 14:20:25','2024-11-06 14:20:25'),(143,'FT 2024/143',127,'ALONSUUS- COMERCIO GERAL, LDA','5403011021','Luanda','2024-11-06 00:00:00','2024-11-06 00:00:00',2,1,1,'Angelina de Sousa',NULL,1938000.00,0.00,0.00,0.00,1938000.00,1938000.00,'MIICXAIBAAKBgQC4dcYScJrnD1xCbBAlSwQN80TYmlMhC1q3fqyL0y2ygQOmtKKYJkDDp/bx0F7ZJ4psVDAmJ1PC2SlHfVPtSZrsVTIf/OlWMsrkLQ+bSf2vJuzUgDagZ/htowIn3io6myiY+Ehq9vDjCd65XV/Hq2sDZoksXMpQU8kQoIF4P2oJqwIDAQABAoGBAJdMauHXIQdjDv6gWoHsTPAQWKj9tC/He2pE6cxqs/HVZqRHR5Ja1gZl7',1,NULL,NULL,1,1,'2024-11-06 14:24:08','2024-11-06 14:24:08');
/*!40000 ALTER TABLE `facturas` ENABLE KEYS */;
UNLOCK TABLES;

--
-- Table structure for table `failed_jobs`
--

DROP TABLE IF EXISTS `failed_jobs`;
/*!40101 SET @saved_cs_client     = @@character_set_client */;
/*!40101 SET character_set_client = utf8 */;
CREATE TABLE `failed_jobs` (
  `id` bigint(20) unsigned NOT NULL AUTO_INCREMENT,
  `connection` text NOT NULL,
  `queue` text NOT NULL,
  `payload` longtext NOT NULL,
  `exception` longtext NOT NULL,
  `failed_at` timestamp NOT NULL DEFAULT current_timestamp(),
  PRIMARY KEY (`id`)
) ENGINE=InnoDB DEFAULT CHARSET=utf8mb4 COLLATE=utf8mb4_unicode_ci;
/*!40101 SET character_set_client = @saved_cs_client */;

--
-- Dumping data for table `failed_jobs`
--

LOCK TABLES `failed_jobs` WRITE;
/*!40000 ALTER TABLE `failed_jobs` DISABLE KEYS */;
/*!40000 ALTER TABLE `failed_jobs` ENABLE KEYS */;
UNLOCK TABLES;

--
-- Table structure for table `formas_pagamentos`
--

DROP TABLE IF EXISTS `formas_pagamentos`;
/*!40101 SET @saved_cs_client     = @@character_set_client */;
/*!40101 SET character_set_client = utf8 */;
CREATE TABLE `formas_pagamentos` (
  `id` bigint(20) unsigned NOT NULL AUTO_INCREMENT,
  `codigo` varchar(191) DEFAULT NULL,
  `designacao` varchar(191) DEFAULT NULL,
  `descricao` varchar(191) DEFAULT NULL,
  `status` tinyint(1) DEFAULT NULL,
  `created_at` timestamp NULL DEFAULT NULL,
  `updated_at` timestamp NULL DEFAULT NULL,
  PRIMARY KEY (`id`)
) ENGINE=InnoDB AUTO_INCREMENT=3 DEFAULT CHARSET=utf8mb4 COLLATE=utf8mb4_unicode_ci;
/*!40101 SET character_set_client = @saved_cs_client */;

--
-- Dumping data for table `formas_pagamentos`
--

LOCK TABLES `formas_pagamentos` WRITE;
/*!40000 ALTER TABLE `formas_pagamentos` DISABLE KEYS */;
INSERT INTO `formas_pagamentos` VALUES (1,'0001','Dinheiro','I\'ve got.',1,NULL,NULL),(2,'0002','Transferência','I wouldn\'t.',1,NULL,NULL);
/*!40000 ALTER TABLE `formas_pagamentos` ENABLE KEYS */;
UNLOCK TABLES;

--
-- Table structure for table `fornecedors`
--

DROP TABLE IF EXISTS `fornecedors`;
/*!40101 SET @saved_cs_client     = @@character_set_client */;
/*!40101 SET character_set_client = utf8 */;
CREATE TABLE `fornecedors` (
  `id` bigint(20) unsigned NOT NULL AUTO_INCREMENT,
  `codigo` varchar(191) DEFAULT NULL,
  `designacao` varchar(191) DEFAULT NULL,
  `contribuinte` varchar(191) DEFAULT NULL,
  `zona` varchar(191) DEFAULT NULL,
  `identificacao` varchar(191) DEFAULT NULL,
  `observacao` varchar(191) DEFAULT NULL,
  `imagem` varchar(191) DEFAULT NULL,
  `status` tinyint(1) DEFAULT NULL,
  `id_endereco` bigint(20) unsigned DEFAULT NULL,
  `id_contacto` bigint(20) unsigned DEFAULT NULL,
  `created_at` timestamp NULL DEFAULT NULL,
  `updated_at` timestamp NULL DEFAULT NULL,
  PRIMARY KEY (`id`),
  KEY `fornecedors_id_endereco_foreign` (`id_endereco`),
  KEY `fornecedors_id_contacto_foreign` (`id_contacto`),
  CONSTRAINT `fornecedors_id_contacto_foreign` FOREIGN KEY (`id_contacto`) REFERENCES `contactos` (`id`) ON DELETE CASCADE,
  CONSTRAINT `fornecedors_id_endereco_foreign` FOREIGN KEY (`id_endereco`) REFERENCES `enderecos` (`id`) ON DELETE CASCADE
) ENGINE=InnoDB AUTO_INCREMENT=2 DEFAULT CHARSET=utf8mb4 COLLATE=utf8mb4_unicode_ci;
/*!40101 SET character_set_client = @saved_cs_client */;

--
-- Dumping data for table `fornecedors`
--

LOCK TABLES `fornecedors` WRITE;
/*!40000 ALTER TABLE `fornecedors` DISABLE KEYS */;
INSERT INTO `fornecedors` VALUES (1,'2023-0001','Diverso','Diverso',NULL,NULL,NULL,'null.png',1,1,1,NULL,NULL);
/*!40000 ALTER TABLE `fornecedors` ENABLE KEYS */;
UNLOCK TABLES;

--
-- Table structure for table `guia_remessas`
--

DROP TABLE IF EXISTS `guia_remessas`;
/*!40101 SET @saved_cs_client     = @@character_set_client */;
/*!40101 SET character_set_client = utf8 */;
CREATE TABLE `guia_remessas` (
  `id` bigint(20) unsigned NOT NULL AUTO_INCREMENT,
  `numero` varchar(191) DEFAULT NULL,
  `cliente_id` bigint(20) unsigned DEFAULT NULL,
  `cliente_nome` varchar(191) DEFAULT NULL,
  `contribuinte` varchar(191) DEFAULT NULL,
  `endereco` varchar(191) DEFAULT NULL,
  `data` datetime DEFAULT NULL,
  `data_vencimento` datetime DEFAULT NULL,
  `formapagamento_id` bigint(20) unsigned DEFAULT NULL,
  `moeda_id` bigint(20) unsigned DEFAULT NULL,
  `utilizador_id` bigint(20) unsigned DEFAULT NULL,
  `utilizador_nome` varchar(191) DEFAULT NULL,
  `observacao` text DEFAULT NULL,
  `subtotal` double(8,2) DEFAULT NULL,
  `desconto` double(8,2) DEFAULT NULL,
  `imposto` double(8,2) DEFAULT NULL,
  `retencao` double(8,2) DEFAULT NULL,
  `total` double(8,2) DEFAULT NULL,
  `hash` text DEFAULT NULL,
  `status` tinyint(1) DEFAULT NULL,
  `created_at` timestamp NULL DEFAULT NULL,
  `updated_at` timestamp NULL DEFAULT NULL,
  PRIMARY KEY (`id`),
  KEY `guia_remessas_cliente_id_foreign` (`cliente_id`),
  KEY `guia_remessas_formapagamento_id_foreign` (`formapagamento_id`),
  KEY `guia_remessas_moeda_id_foreign` (`moeda_id`),
  KEY `guia_remessas_utilizador_id_foreign` (`utilizador_id`),
  CONSTRAINT `guia_remessas_cliente_id_foreign` FOREIGN KEY (`cliente_id`) REFERENCES `clientes` (`id`) ON DELETE NO ACTION ON UPDATE CASCADE,
  CONSTRAINT `guia_remessas_formapagamento_id_foreign` FOREIGN KEY (`formapagamento_id`) REFERENCES `formas_pagamentos` (`id`) ON DELETE NO ACTION ON UPDATE CASCADE,
  CONSTRAINT `guia_remessas_moeda_id_foreign` FOREIGN KEY (`moeda_id`) REFERENCES `moedas` (`id`) ON DELETE NO ACTION ON UPDATE CASCADE,
  CONSTRAINT `guia_remessas_utilizador_id_foreign` FOREIGN KEY (`utilizador_id`) REFERENCES `users` (`id`) ON DELETE NO ACTION ON UPDATE CASCADE
) ENGINE=InnoDB DEFAULT CHARSET=utf8mb4 COLLATE=utf8mb4_unicode_ci;
/*!40101 SET character_set_client = @saved_cs_client */;

--
-- Dumping data for table `guia_remessas`
--

LOCK TABLES `guia_remessas` WRITE;
/*!40000 ALTER TABLE `guia_remessas` DISABLE KEYS */;
/*!40000 ALTER TABLE `guia_remessas` ENABLE KEYS */;
UNLOCK TABLES;

--
-- Table structure for table `guia_transportes`
--

DROP TABLE IF EXISTS `guia_transportes`;
/*!40101 SET @saved_cs_client     = @@character_set_client */;
/*!40101 SET character_set_client = utf8 */;
CREATE TABLE `guia_transportes` (
  `id` bigint(20) unsigned NOT NULL AUTO_INCREMENT,
  `numero` varchar(191) DEFAULT NULL,
  `cliente_id` bigint(20) unsigned DEFAULT NULL,
  `cliente_nome` varchar(191) DEFAULT NULL,
  `contribuinte` varchar(191) DEFAULT NULL,
  `endereco` varchar(191) DEFAULT NULL,
  `data` datetime DEFAULT NULL,
  `data_vencimento` datetime DEFAULT NULL,
  `formapagamento_id` bigint(20) unsigned DEFAULT NULL,
  `moeda_id` bigint(20) unsigned DEFAULT NULL,
  `utilizador_id` bigint(20) unsigned DEFAULT NULL,
  `utilizador_nome` varchar(191) DEFAULT NULL,
  `observacao` text DEFAULT NULL,
  `subtotal` double(8,2) DEFAULT NULL,
  `desconto` double(8,2) DEFAULT NULL,
  `imposto` double(8,2) DEFAULT NULL,
  `retencao` double(8,2) DEFAULT NULL,
  `total` double(8,2) DEFAULT NULL,
  `local_carga` varchar(191) DEFAULT NULL,
  `local_descarga` varchar(191) DEFAULT NULL,
  `hash` text DEFAULT NULL,
  `status` tinyint(1) DEFAULT NULL,
  `created_at` timestamp NULL DEFAULT NULL,
  `updated_at` timestamp NULL DEFAULT NULL,
  PRIMARY KEY (`id`),
  KEY `guia_transportes_cliente_id_foreign` (`cliente_id`),
  KEY `guia_transportes_formapagamento_id_foreign` (`formapagamento_id`),
  KEY `guia_transportes_moeda_id_foreign` (`moeda_id`),
  KEY `guia_transportes_utilizador_id_foreign` (`utilizador_id`),
  CONSTRAINT `guia_transportes_cliente_id_foreign` FOREIGN KEY (`cliente_id`) REFERENCES `clientes` (`id`) ON DELETE NO ACTION ON UPDATE CASCADE,
  CONSTRAINT `guia_transportes_formapagamento_id_foreign` FOREIGN KEY (`formapagamento_id`) REFERENCES `formas_pagamentos` (`id`) ON DELETE NO ACTION ON UPDATE CASCADE,
  CONSTRAINT `guia_transportes_moeda_id_foreign` FOREIGN KEY (`moeda_id`) REFERENCES `moedas` (`id`) ON DELETE NO ACTION ON UPDATE CASCADE,
  CONSTRAINT `guia_transportes_utilizador_id_foreign` FOREIGN KEY (`utilizador_id`) REFERENCES `users` (`id`) ON DELETE NO ACTION ON UPDATE CASCADE
) ENGINE=InnoDB DEFAULT CHARSET=utf8mb4 COLLATE=utf8mb4_unicode_ci;
/*!40101 SET character_set_client = @saved_cs_client */;

--
-- Dumping data for table `guia_transportes`
--

LOCK TABLES `guia_transportes` WRITE;
/*!40000 ALTER TABLE `guia_transportes` DISABLE KEYS */;
/*!40000 ALTER TABLE `guia_transportes` ENABLE KEYS */;
UNLOCK TABLES;

--
-- Table structure for table `impostos`
--

DROP TABLE IF EXISTS `impostos`;
/*!40101 SET @saved_cs_client     = @@character_set_client */;
/*!40101 SET character_set_client = utf8 */;
CREATE TABLE `impostos` (
  `id` bigint(20) unsigned NOT NULL AUTO_INCREMENT,
  `tipo` varchar(191) DEFAULT NULL,
  `codigo` varchar(191) DEFAULT NULL,
  `designacao` varchar(191) DEFAULT NULL,
  `taxa` double DEFAULT NULL,
  `motivo` varchar(191) DEFAULT NULL,
  `status` tinyint(1) DEFAULT NULL,
  `created_at` timestamp NULL DEFAULT NULL,
  `updated_at` timestamp NULL DEFAULT NULL,
  PRIMARY KEY (`id`)
) ENGINE=InnoDB AUTO_INCREMENT=40 DEFAULT CHARSET=utf8mb4 COLLATE=utf8mb4_unicode_ci;
/*!40101 SET character_set_client = @saved_cs_client */;

--
-- Dumping data for table `impostos`
--

LOCK TABLES `impostos` WRITE;
/*!40000 ALTER TABLE `impostos` DISABLE KEYS */;
INSERT INTO `impostos` VALUES (1,'ISENTO','M00','M00 - Regime Simplificado',0,'Regime Simplificado',1,NULL,NULL),(2,'IVA','','IVA',14,'',1,NULL,NULL),(3,'ISENTO','M02','M02 - Transmissão de bens e serviço não sujeita',0,'Regime Simplificado',1,NULL,NULL),(4,'ISENTO','M04','M04 - Regime de Exclusão',0,'Regime Simplificado',1,NULL,NULL),(5,'ISENTO','M11','M11 - Isento nos termos da alínea b) do nº1 do artigo 12.º do CIVA',0,'Isento nos termos da alínea b) do nº1 do artigo 12.º do CIVA',1,NULL,NULL),(6,'ISENTO','M12','M12 - Isento nos termos da alínea c) do nº1 do artigo 12.º do CIVA',0,'Isento nos termos da alínea c) do nº1 do artigo 12.º do CIVA',1,NULL,NULL),(7,'ISENTO','M13','M13 - Isento nos termos da alínea d) do nº1 do artigo 12.º do CIVA',0,'Isento nos termos da alínea d) do nº1 do artigo 12.º do CIVA',1,NULL,NULL),(8,'ISENTO','M14','M14 - Isento nos termos da alínea e) do nº1 do artigo 12.º do CIVA',0,'Isento nos termos da alínea e) do nº1 do artigo 12.º do CIVA',1,NULL,NULL),(9,'ISENTO','M15','M15 - Isento nos termos da alínea f) do nº1 do artigo 12.º do CIVA',0,'Isento nos termos da alínea f) do nº1 do artigo 12.º do CIVA',1,NULL,NULL),(10,'ISENTO','M16','M16 - Isento nos termos da alínea g) do nº1 do artigo 12.º do CIVA',0,'Isento nos termos da alínea g) do nº1 do artigo 12.º do CIVA',1,NULL,NULL),(11,'ISENTO','M17','M17 - Isento nos termos da alínea h) do nº1 do artigo 12.º do CIVA',0,'Isento nos termos da alínea h) do nº1 do artigo 12.º do CIVA',1,NULL,NULL),(12,'ISENTO','M18','M18 - Isento nos termos da alínea i) do nº1 do artigo 12.º do CIVA',0,'Isento nos termos da alínea i) do nº1 do artigo 12.º do CIVA',1,NULL,NULL),(13,'ISENTO','M19','M19 - Isento nos termos da alínea j) do nº1 do artigo 12.º do CIVA',0,'Isento nos termos da alínea j) do nº1 do artigo 12.º do CIVA',1,NULL,NULL),(14,'ISENTO','M20','M20 - Isento nos termos da alínea k) do nº1 do artigo 12.º do CIVA',0,'Isento nos termos da alínea k) do nº1 do artigo 12.º do CIVA',1,NULL,NULL),(15,'ISENTO','M21','M21 - Isento nos termos da alínea l) do nº1 do artigo 12.º do CIVA',0,'Isento nos termos da alínea l) do nº1 do artigo 12.º do CIVA',1,NULL,NULL),(16,'ISENTO','M22','M22 - Isento nos termos da alínea m) do nº1 do artigo 12.º do CIVA',0,'Isento nos termos da alínea m) do nº1 do artigo 12.º do CIVA',1,NULL,NULL),(17,'ISENTO','M23','M23 - Isento nos termos da alínea n) do nº1 do artigo 12.º do CIVA',0,'Isento nos termos da alínea n) do nº1 do artigo 12.º do CIVA',1,NULL,NULL),(18,'ISENTO','M24','M24 - Isento nos termos da alínea o) do nº1 do artigo 12.º do CIVA',0,'Isento nos termos da alínea o) do nº1 do artigo 12.º do CIVA',1,NULL,NULL),(19,'ISENTO','M80','M80 - Isento nos termos da alínea a) do nº1 do artigo 14.º do CIVA',0,'Isento nos termos da alínea a) do nº1 do artigo 14.º do CIVA',1,NULL,NULL),(20,'ISENTO','M81','M81 - Isento nos termos da alínea b) do nº1 do artigo 14.º do CIVA',0,'Isento nos termos da alínea b) do nº1 do artigo 14.º do CIVA',1,NULL,NULL),(21,'ISENTO','M82','M82 - Isento nos termos da alínea c) do nº1 do artigo 14.º do CIVA',0,'Isento nos termos da alínea c) do nº1 do artigo 14.º do CIVA',1,NULL,NULL),(22,'ISENTO','M83','M83 - Isento nos termos da alínea d) do nº1 do artigo 14.º do CIVA',0,'Isento nos termos da alínea d) do nº1 do artigo 14.º do CIVA',1,NULL,NULL),(23,'ISENTO','M84','M84 - Isento nos termos da alínea e) do nº1 do artigo 14.º do CIVA',0,'Isento nos termos da alínea e) do nº1 do artigo 14.º do CIVA',1,NULL,NULL),(24,'ISENTO','M85','M85 - Isento nos termos da alínea a) do nº2 do artigo 14.º do CIVA',0,'Isento nos termos da alínea a) do nº2 do artigo 14.º do CIVA',1,NULL,NULL),(25,'ISENTO','M86','M86 - Isento nos termos da alínea b) do nº2 do artigo 14.º do CIVA',0,'Isento nos termos da alínea b) do nº2 do artigo 14.º do CIVA',1,NULL,NULL),(26,'ISENTO','M30','M30 - Isento nos termos da alínea a) do artigo 15.º do CIVA',0,'Isento nos termos da alínea a) do artigo 15.º do CIVA',1,NULL,NULL),(27,'ISENTO','M31','M31 - Isento nos termos da alínea b) do artigo 15.º do CIVA',0,'Isento nos termos da alínea b) do artigo 15.º do CIVA',1,NULL,NULL),(28,'ISENTO','M32','M32 - Isento nos termos da alínea c) do artigo 15.º do CIVA',0,'Isento nos termos da alínea c) do artigo 15.º do CIVA',1,NULL,NULL),(29,'ISENTO','M33','M33 - Isento nos termos da alínea d) do artigo 15.º do CIVA',0,'Isento nos termos da alínea d) do artigo 15.º do CIVA',1,NULL,NULL),(30,'ISENTO','M34','M34 - Isento nos termos da alínea e) do artigo 15.º do CIVA',0,'Isento nos termos da alínea e) do artigo 15.º do CIVA',1,NULL,NULL),(31,'ISENTO','M35','M35 - Isento nos termos da alínea f) do artigo 15.º do CIVA',0,'Isento nos termos da alínea f) do artigo 15.º do CIVA',1,NULL,NULL),(32,'ISENTO','M36','M36 - Isento nos termos da alínea g) do artigo 15.º do CIVA',0,'Isento nos termos da alínea g) do artigo 15.º do CIVA',1,NULL,NULL),(33,'ISENTO','M37','M37 - Isento nos termos da alínea h) do artigo 15.º do CIVA',0,'Isento nos termos da alínea h) do artigo 15.º do CIVA',1,NULL,NULL),(34,'ISENTO','M38','M38 - Isento nos termos da alínea i) do artigo 15.º do CIVA',0,'Isento nos termos da alínea i) do artigo 15.º do CIVA',1,NULL,NULL),(35,'ISENTO','M90','M90 - Isento nos termos da alinea a) do nº1 do artigo 16.º',0,'Isento nos termos da alinea a) do nº1 do artigo 16.º',1,NULL,NULL),(36,'ISENTO','M91','M91 - Isento nos termos da alinea b) do nº1 do artigo 16.º',0,'Isento nos termos da alinea b) do nº1 do artigo 16.º',1,NULL,NULL),(37,'ISENTO','M92','M92 - Isento nos termos da alinea c) do nº1 do artigo 16.º',0,'Isento nos termos da alinea c) do nº1 do artigo 16.º',1,NULL,NULL),(38,'ISENTO','M93','M93 - Isento nos termos da alinea d) do nº1 do artigo 16.º',0,'Isento nos termos da alinea d) do nº1 do artigo 16.º',1,NULL,NULL),(39,'ISENTO','M93','M94 - Isento nos termos da alinea e) do nº1 do artigo 16.º',0,'Isento nos termos da alinea e) do nº1 do artigo 16.º',1,NULL,NULL);
/*!40000 ALTER TABLE `impostos` ENABLE KEYS */;
UNLOCK TABLES;

--
-- Table structure for table `item_factura_recibos`
--

DROP TABLE IF EXISTS `item_factura_recibos`;
/*!40101 SET @saved_cs_client     = @@character_set_client */;
/*!40101 SET character_set_client = utf8 */;
CREATE TABLE `item_factura_recibos` (
  `id` bigint(20) unsigned NOT NULL AUTO_INCREMENT,
  `designacao` varchar(191) DEFAULT NULL,
  `preco` double(30,2) DEFAULT NULL,
  `qtd` int(11) DEFAULT NULL,
  `desconto` double(30,2) DEFAULT NULL,
  `subtotal` double(30,2) DEFAULT NULL,
  `retencao_designacao` varchar(191) DEFAULT NULL,
  `retencao_taxa` double DEFAULT NULL,
  `imposto_tipo` varchar(191) DEFAULT NULL,
  `imposto_codigo` varchar(191) DEFAULT NULL,
  `imposto_designacao` varchar(191) DEFAULT NULL,
  `imposto_taxa` double DEFAULT NULL,
  `imposto_motivo` varchar(191) DEFAULT NULL,
  `factura_recibo_id` bigint(20) unsigned NOT NULL,
  `artigo_id` bigint(20) unsigned NOT NULL,
  `imposto_id` bigint(20) unsigned NOT NULL,
  `retencao_id` bigint(20) unsigned DEFAULT NULL,
  `created_at` timestamp NULL DEFAULT NULL,
  `updated_at` timestamp NULL DEFAULT NULL,
  PRIMARY KEY (`id`),
  KEY `item_factura_recibos_factura_recibo_id_foreign` (`factura_recibo_id`),
  KEY `item_factura_recibos_artigo_id_foreign` (`artigo_id`),
  KEY `item_factura_recibos_imposto_id_foreign` (`imposto_id`),
  KEY `item_factura_recibos_retencao_id_foreign` (`retencao_id`),
  CONSTRAINT `item_factura_recibos_artigo_id_foreign` FOREIGN KEY (`artigo_id`) REFERENCES `artigos` (`id`) ON DELETE NO ACTION,
  CONSTRAINT `item_factura_recibos_factura_recibo_id_foreign` FOREIGN KEY (`factura_recibo_id`) REFERENCES `factura_recibos` (`id`) ON DELETE CASCADE,
  CONSTRAINT `item_factura_recibos_imposto_id_foreign` FOREIGN KEY (`imposto_id`) REFERENCES `impostos` (`id`) ON DELETE NO ACTION,
  CONSTRAINT `item_factura_recibos_retencao_id_foreign` FOREIGN KEY (`retencao_id`) REFERENCES `retencaos` (`id`) ON DELETE SET NULL ON UPDATE CASCADE
) ENGINE=InnoDB AUTO_INCREMENT=113 DEFAULT CHARSET=utf8mb4 COLLATE=utf8mb4_unicode_ci;
/*!40101 SET character_set_client = @saved_cs_client */;

--
-- Dumping data for table `item_factura_recibos`
--

LOCK TABLES `item_factura_recibos` WRITE;
/*!40000 ALTER TABLE `item_factura_recibos` DISABLE KEYS */;
INSERT INTO `item_factura_recibos` VALUES (1,'LICENÇA MENSAL DE JULHO',25000.00,1,0.00,25000.00,'Sem rentenção na fonte',0,'ISENTO','M00','M00 - Regime Simplificado',0,'Regime Simplificado',1,43,1,1,'2023-07-27 14:24:36','2023-07-27 14:24:36'),(2,'LICENÇA MENSAL DE JULHO',10000.00,1,0.00,10000.00,'Sem rentenção na fonte',0,'ISENTO','M00','M00 - Regime Simplificado',0,'Regime Simplificado',2,7,1,1,'2023-07-30 18:30:36','2023-07-30 18:30:36'),(3,'LICENÇA MENSAL DE AGOSTO',10000.00,1,0.00,10000.00,'Sem rentenção na fonte',0,'ISENTO','M00','M00 - Regime Simplificado',0,'Regime Simplificado',3,8,1,1,'2023-08-04 15:58:28','2023-08-04 15:58:28'),(4,'LICENÇA MENSAL DE AGOSTO',10000.00,1,0.00,10000.00,'Sem rentenção na fonte',0,'ISENTO','M00','M00 - Regime Simplificado',0,'Regime Simplificado',4,8,1,1,'2023-08-04 15:58:29','2023-08-04 15:58:29'),(5,'LICENÇA MENSAL DE AGOSTO',10000.00,1,0.00,10000.00,'Sem rentenção na fonte',0,'ISENTO','M00','M00 - Regime Simplificado',0,'Regime Simplificado',5,8,1,1,'2023-08-08 09:13:27','2023-08-08 09:13:27'),(6,'LICENÇA MENSAL DE AGOSTO',25000.00,1,0.00,25000.00,'Sem rentenção na fonte',0,'ISENTO','M00','M00 - Regime Simplificado',0,'Regime Simplificado',6,44,1,1,'2023-08-08 09:17:14','2023-08-08 09:17:14'),(7,'LICENÇA MENSAL DE AGOSTO',27000.00,1,0.00,27000.00,'Sem rentenção na fonte',0,'ISENTO','M00','M00 - Regime Simplificado',0,'Regime Simplificado',7,63,1,1,'2023-08-08 09:28:36','2023-08-08 09:28:36'),(8,'LICENÇA MENSAL DE AGOSTO',23000.00,1,0.00,23000.00,'Sem rentenção na fonte',0,'ISENTO','M00','M00 - Regime Simplificado',0,'Regime Simplificado',8,33,1,1,'2023-08-16 09:12:36','2023-08-16 09:12:36'),(9,'LICENÇA MENSAL DE AGOSTO',25000.00,1,0.00,25000.00,'Sem rentenção na fonte',0,'ISENTO','M00','M00 - Regime Simplificado',0,'Regime Simplificado',9,44,1,1,'2023-08-16 11:26:48','2023-08-16 11:26:48'),(10,'LICENÇA MENSAL DE SETEMBRO',10000.00,1,0.00,10000.00,'Sem rentenção na fonte',0,'ISENTO','M00','M00 - Regime Simplificado',0,'Regime Simplificado',10,9,1,1,'2023-09-07 16:21:36','2023-09-07 16:21:36'),(11,'LICENÇA MENSAL DE SETEMBRO',15000.00,1,0.00,15000.00,'Sem rentenção na fonte',0,'ISENTO','M00','M00 - Regime Simplificado',0,'Regime Simplificado',11,22,1,1,'2023-09-08 13:32:57','2023-09-08 13:32:57'),(12,'LICENÇA MENSAL DE NOVEMBRO',24166.00,1,0.00,24166.00,'Sem rentenção na fonte',0,'ISENTO','M00','M00 - Regime Simplificado',0,'Regime Simplificado',12,59,1,1,'2023-09-12 10:34:32','2023-09-12 10:34:32'),(13,'LICENÇA MENSAL DE OUTUMBRO',24166.00,1,0.00,24166.00,'Sem rentenção na fonte',0,'ISENTO','M00','M00 - Regime Simplificado',0,'Regime Simplificado',12,58,1,1,'2023-09-12 10:34:33','2023-09-12 10:34:33'),(14,'LICENÇA MENSAL DE SETEMBRO',24166.00,1,0.00,24166.00,'Sem rentenção na fonte',0,'ISENTO','M00','M00 - Regime Simplificado',0,'Regime Simplificado',12,57,1,1,'2023-09-12 10:34:33','2023-09-12 10:34:33'),(15,'LICENÇA MENSAL DE SETEMBRO',25000.00,1,0.00,25000.00,'Sem rentenção na fonte',0,'ISENTO','M00','M00 - Regime Simplificado',0,'Regime Simplificado',13,45,1,1,'2023-09-12 10:37:53','2023-09-12 10:37:53'),(16,'LICENÇA MENSAL DE SETEMBRO',10000.00,1,0.00,10000.00,'Sem rentenção na fonte',0,'ISENTO','M00','M00 - Regime Simplificado',0,'Regime Simplificado',14,9,1,1,'2023-09-12 10:39:26','2023-09-12 10:39:26'),(17,'Multa',1000.00,1,0.00,1000.00,'Rentenção na fonte 6.5%',6.5,'ISENTO','M04','M04 - Regime de Exclusão',0,'Regime Simplificado',15,72,4,2,'2023-09-21 09:23:48','2023-09-21 09:23:48'),(18,'LICENÇA MENSAL DE SETEMBRO',10000.00,1,0.00,10000.00,'Sem rentenção na fonte',0,'ISENTO','M00','M00 - Regime Simplificado',0,'Regime Simplificado',15,9,1,1,'2023-09-21 09:23:49','2023-09-21 09:23:49'),(19,'LICENÇA MENSAL DE SETEMBRO',23000.00,1,0.00,23000.00,'Sem rentenção na fonte',0,'ISENTO','M00','M00 - Regime Simplificado',0,'Regime Simplificado',16,34,1,1,'2023-09-22 11:28:15','2023-09-22 11:28:15'),(20,'LICENÇA MENSAL DE SETEMBRO',25000.00,1,0.00,25000.00,'Sem rentenção na fonte',0,'ISENTO','M00','M00 - Regime Simplificado',0,'Regime Simplificado',17,45,1,1,'2023-09-25 10:04:04','2023-09-25 10:04:04'),(21,'LICENÇA MENSAL DE SETEMBRO',27000.00,1,0.00,27000.00,'Sem rentenção na fonte',0,'ISENTO','M00','M00 - Regime Simplificado',0,'Regime Simplificado',18,67,1,1,'2023-09-26 10:00:20','2023-09-26 10:00:20'),(22,'LICENÇA MENSAL DE OUTUMBRO',25000.00,1,0.00,25000.00,'Sem rentenção na fonte',0,'ISENTO','M00','M00 - Regime Simplificado',0,'Regime Simplificado',19,46,1,1,'2023-10-11 12:47:50','2023-10-11 12:47:50'),(23,'LICENÇA MENSAL DE OUTUMBRO',10000.00,1,0.00,10000.00,'Sem rentenção na fonte',0,'ISENTO','M00','M00 - Regime Simplificado',0,'Regime Simplificado',20,10,1,1,'2023-10-11 12:48:42','2023-10-11 12:48:42'),(24,'LICENÇA MENSAL DE OUTUMBRO',15000.00,1,0.00,15000.00,'Sem rentenção na fonte',0,'ISENTO','M00','M00 - Regime Simplificado',0,'Regime Simplificado',21,23,1,1,'2023-10-11 12:49:44','2023-10-11 12:49:44'),(25,'Multa',1000.00,1,0.00,1000.00,'Sem rentenção na fonte',0,'ISENTO','M04','M04 - Regime de Exclusão',0,'Regime Simplificado',22,72,4,1,'2023-10-20 07:22:48','2023-10-20 07:22:48'),(26,'LICENÇA MENSAL DE OUTUMBRO',10000.00,1,0.00,10000.00,'Sem rentenção na fonte',0,'ISENTO','M00','M00 - Regime Simplificado',0,'Regime Simplificado',22,10,1,1,'2023-10-20 07:22:48','2023-10-20 07:22:48'),(27,'LICENÇA MENSAL DE OUTUMBRO',25000.00,1,0.00,25000.00,'Sem rentenção na fonte',0,'ISENTO','M00','M00 - Regime Simplificado',0,'Regime Simplificado',23,46,1,1,'2023-10-21 17:37:19','2023-10-21 17:37:19'),(28,'LICENÇA MENSAL DE OUTUMBRO',10000.00,1,0.00,10000.00,'Sem rentenção na fonte',0,'ISENTO','M00','M00 - Regime Simplificado',0,'Regime Simplificado',24,10,1,1,'2023-10-21 17:44:18','2023-10-21 17:44:18'),(29,'LICENÇA MENSAL DE OUTUMBRO',27000.00,1,0.00,27000.00,'Sem rentenção na fonte',0,'ISENTO','M00','M00 - Regime Simplificado',0,'Regime Simplificado',25,68,1,1,'2023-10-23 07:51:43','2023-10-23 07:51:43'),(30,'LICENÇA DE OUTUBRO',30000.00,1,0.00,30000.00,'Sem rentenção na fonte',0,'ISENTO','M04','M04 - Regime de Exclusão',0,'Regime Simplificado',26,78,4,1,'2023-10-26 12:29:10','2023-10-26 12:29:10'),(31,'LICENÇA DE OUTUBRO',30000.00,1,0.00,30000.00,'Sem rentenção na fonte',0,'ISENTO','M04','M04 - Regime de Exclusão',0,'Regime Simplificado',27,78,4,1,'2023-10-26 12:30:38','2023-10-26 12:30:38'),(32,'LICENÇA MENSAL DE NOVEMBRO',10000.00,1,0.00,10000.00,'Sem rentenção na fonte',0,'ISENTO','M00','M00 - Regime Simplificado',0,'Regime Simplificado',28,11,1,1,'2023-11-13 08:06:53','2023-11-13 08:06:53'),(33,'LICENÇA MENSAL DE NOVEMBRO',25000.00,1,0.00,25000.00,'Sem rentenção na fonte',0,'ISENTO','M00','M00 - Regime Simplificado',0,'Regime Simplificado',29,47,1,1,'2023-11-13 16:02:56','2023-11-13 16:02:56'),(34,'LICENÇA MENSAL DE NOVEMBRO',25000.00,1,0.00,25000.00,'Sem rentenção na fonte',0,'ISENTO','M00','M00 - Regime Simplificado',0,'Regime Simplificado',30,47,1,1,'2023-11-13 16:04:16','2023-11-13 16:04:16'),(35,'LICENÇA MENSAL DE DEZEMBRO',10000.00,1,0.00,10000.00,'Sem rentenção na fonte',0,'ISENTO','M00','M00 - Regime Simplificado',0,'Regime Simplificado',31,12,1,1,'2023-11-13 16:05:35','2023-11-13 16:05:35'),(36,'LICENÇA MENSAL DE NOVEMBRO',10000.00,1,0.00,10000.00,'Sem rentenção na fonte',0,'ISENTO','M00','M00 - Regime Simplificado',0,'Regime Simplificado',31,11,1,1,'2023-11-13 16:05:35','2023-11-13 16:05:35'),(37,'LICENÇA MENSAL DE NOVEMBRO',27000.00,1,0.00,27000.00,'Sem rentenção na fonte',0,'ISENTO','M00','M00 - Regime Simplificado',0,'Regime Simplificado',32,69,1,1,'2023-11-21 10:47:59','2023-11-21 10:47:59'),(38,'LICENÇA MENSAL DE NOVEMBRO',25000.00,1,0.00,25000.00,'Sem rentenção na fonte',0,'ISENTO','M00','M00 - Regime Simplificado',0,'Regime Simplificado',33,47,1,1,'2023-12-01 08:28:32','2023-12-01 08:28:32'),(39,'LICENÇA MENSAL DE DEZEMBRO',25000.00,1,0.00,25000.00,'Sem rentenção na fonte',0,'ISENTO','M00','M00 - Regime Simplificado',0,'Regime Simplificado',34,48,1,1,'2023-12-06 15:18:42','2023-12-06 15:18:42'),(40,'Multa',1000.00,1,0.00,1000.00,'Sem rentenção na fonte',0,'ISENTO','M04','M04 - Regime de Exclusão',0,'Regime Simplificado',35,72,4,1,'2023-12-06 15:20:18','2023-12-06 15:20:18'),(41,'LICENÇA MENSAL DE NOVEMBRO',10000.00,1,0.00,10000.00,'Sem rentenção na fonte',0,'ISENTO','M00','M00 - Regime Simplificado',0,'Regime Simplificado',35,11,1,1,'2023-12-06 15:20:18','2023-12-06 15:20:18'),(42,'LICENÇA DE DEZEMBRO',42000.00,1,0.00,42000.00,'Sem rentenção na fonte',0,'ISENTO','M00','M00 - Regime Simplificado',0,'Regime Simplificado',36,93,1,1,'2023-12-20 08:08:27','2023-12-20 08:08:27'),(43,'Taxa de Deslocação do Técnico',10000.00,1,0.00,10000.00,'Sem rentenção na fonte',0,'ISENTO','M04','M04 - Regime de Exclusão',0,'Regime Simplificado',37,84,4,1,'2023-12-20 12:13:12','2023-12-20 12:13:12'),(44,'LICENÇA DE DEZEMBRO',42000.00,1,0.00,42000.00,'Sem rentenção na fonte',0,'ISENTO','M00','M00 - Regime Simplificado',0,'Regime Simplificado',38,93,1,1,'2023-12-22 08:24:15','2023-12-22 08:24:15'),(45,'LICENÇA MENSAL DE MAIO',10000.00,2,0.00,20000.00,'Sem rentenção na fonte',0,'ISENTO','M00','M00 - Regime Simplificado',0,'Regime Simplificado',39,5,1,1,'2023-12-22 10:41:26','2023-12-22 10:41:26'),(46,'LICENÇA MENSAL DE MAIO',10000.00,2,0.00,20000.00,'Sem rentenção na fonte',0,'ISENTO','M00','M00 - Regime Simplificado',0,'Regime Simplificado',40,5,1,1,'2023-12-22 10:41:26','2023-12-22 10:41:26'),(47,'LICENÇA MENSAL DE MAIO',10000.00,2,0.00,20000.00,'Sem rentenção na fonte',0,'ISENTO','M00','M00 - Regime Simplificado',0,'Regime Simplificado',41,5,1,1,'2023-12-22 10:41:26','2023-12-22 10:41:26'),(48,'LICENÇA MENSAL DE MAIO',10000.00,2,0.00,20000.00,'Sem rentenção na fonte',0,'ISENTO','M00','M00 - Regime Simplificado',0,'Regime Simplificado',42,5,1,1,'2023-12-22 10:41:27','2023-12-22 10:41:27'),(49,'LICENÇA MENSAL DE JANEIRO',24166.00,1,0.00,24166.00,'Sem rentenção na fonte',0,'ISENTO','M00','M00 - Regime Simplificado',0,'Regime Simplificado',43,49,1,1,'2023-12-26 10:54:47','2023-12-26 10:54:47'),(50,'LICENÇA MENSAL DE DEZEMBRO',24166.00,1,0.00,24166.00,'Sem rentenção na fonte',0,'ISENTO','M00','M00 - Regime Simplificado',0,'Regime Simplificado',43,60,1,1,'2023-12-26 10:54:47','2023-12-26 10:54:47'),(51,'Desenvolvimento e sustentação',347175.00,1,0.00,347175.00,'Sem rentenção na fonte',0,'ISENTO','M00','M00 - Regime Simplificado',0,'Regime Simplificado',44,98,1,1,'2024-01-16 15:14:45','2024-01-16 15:14:45'),(52,'Desenvolvimento e sustentação',347175.00,1,0.00,347175.00,'Sem rentenção na fonte',0,'ISENTO','M00','M00 - Regime Simplificado',0,'Regime Simplificado',45,98,1,1,'2024-01-16 15:15:25','2024-01-16 15:15:25'),(53,'Desenvolvimento e sustentação',347175.00,1,0.00,347175.00,'Sem rentenção na fonte',0,'ISENTO','M00','M00 - Regime Simplificado',0,'Regime Simplificado',46,98,1,1,'2024-01-16 15:21:33','2024-01-16 15:21:33'),(54,'Desenvolvimento e sustentação',347175.00,1,0.00,347175.00,'Sem rentenção na fonte',0,'ISENTO','M00','M00 - Regime Simplificado',0,'Regime Simplificado',47,98,1,1,'2024-01-16 15:31:47','2024-01-16 15:31:47'),(55,'LICENÇA MENSAL DE JANEIRO',25000.00,1,0.00,25000.00,'Sem rentenção na fonte',0,'ISENTO','M00','M00 - Regime Simplificado',0,'Regime Simplificado',48,38,1,1,'2024-01-24 10:34:40','2024-01-24 10:34:40'),(56,'LICENÇA MENSAL DE JANEIRO',10000.00,1,0.00,10000.00,'Sem rentenção na fonte',0,'ISENTO','M00','M00 - Regime Simplificado',0,'Regime Simplificado',49,1,1,1,'2024-01-24 10:36:24','2024-01-24 10:36:24'),(57,'LICENÇA MENSAL DE JANEIRO',25000.00,1,0.00,25000.00,'Sem rentenção na fonte',0,'ISENTO','M00','M00 - Regime Simplificado',0,'Regime Simplificado',50,38,1,1,'2024-01-24 14:20:59','2024-01-24 14:20:59'),(58,'LICENÇA MENSAL DE DEZEMBRO',25000.00,1,0.00,25000.00,'Sem rentenção na fonte',0,'ISENTO','M00','M00 - Regime Simplificado',0,'Regime Simplificado',50,48,1,1,'2024-01-24 14:21:00','2024-01-24 14:21:00'),(59,'Desenvolvimento e sustentação ordenfa',694350.00,1,0.00,694350.00,'Sem rentenção na fonte',0,'ISENTO','M00','M00 - Regime Simplificado',0,'Regime Simplificado',51,98,1,1,'2024-01-28 07:35:20','2024-01-28 07:35:20'),(60,'Desenvolvimento e sustentação ordenfa',694350.00,1,0.00,694350.00,'Sem rentenção na fonte',0,'ISENTO','M00','M00 - Regime Simplificado',0,'Regime Simplificado',52,98,1,1,'2024-01-28 07:37:40','2024-01-28 07:37:40'),(61,'LICENÇA MENSAL DE NOVEMBRO',20000.00,1,0.00,20000.00,'Sem rentenção na fonte',0,'ISENTO','M00','M00 - Regime Simplificado',0,'Regime Simplificado',53,109,1,1,'2024-02-15 17:54:50','2024-02-15 17:54:50'),(62,'LICENÇA MENSAL DE FEVEREIRO',10000.00,10,0.00,100000.00,'Sem rentenção na fonte',0,'ISENTO','M00','M00 - Regime Simplificado',0,'Regime Simplificado',54,2,1,1,'2024-03-01 15:23:42','2024-03-01 15:23:42'),(63,'LICENÇA MENSAL DE FEVEREIRO',10000.00,1,0.00,10000.00,'Sem rentenção na fonte',0,'ISENTO','M00','M00 - Regime Simplificado',0,'Regime Simplificado',55,2,1,1,'2024-03-06 08:28:26','2024-03-06 08:28:26'),(64,'TAXA DE DESLOCAÇÃO',10000.00,1,0.00,10000.00,'Sem rentenção na fonte',0,'ISENTO','M00','M00 - Regime Simplificado',0,'Regime Simplificado',56,94,1,1,'2024-03-19 17:54:49','2024-03-19 17:54:49'),(65,'LICENÇA MENSAL DE NOVEMBRO',20000.00,1,0.00,20000.00,'Sem rentenção na fonte',0,'ISENTO','M00','M00 - Regime Simplificado',0,'Regime Simplificado',57,109,1,1,'2024-03-23 15:33:57','2024-03-23 15:33:57'),(66,'Desenvolvimento WebSite Pacote Premium',500000.00,1,0.00,500000.00,'Sem rentenção na fonte',0,'ISENTO','M04','M04 - Regime de Exclusão',0,'Regime Simplificado',57,111,4,1,'2024-03-23 15:33:57','2024-03-23 15:33:57'),(67,'MENSALIDADE DE LOJA',23000.00,1,0.00,23000.00,'Sem rentenção na fonte',0,'ISENTO','M00','M00 - Regime Simplificado',0,'Regime Simplificado',57,113,1,1,'2024-03-23 15:33:57','2024-03-23 15:33:57'),(68,'SOFTWARE ESCOLAR-LICENÇA DE ABRIL',42000.00,1,0.00,42000.00,'Sem rentenção na fonte',0,'ISENTO','M00','M00 - Regime Simplificado',0,'Regime Simplificado',58,122,1,1,'2024-04-18 16:49:02','2024-04-18 16:49:02'),(69,'Soft. Escolar/ Licença de Abril',25000.00,1,0.00,25000.00,'Sem rentenção na fonte',0,'ISENTO','M00','M00 - Regime Simplificado',0,'Regime Simplificado',60,124,1,1,'2024-04-29 12:40:48','2024-04-29 12:40:48'),(70,'Soft. Escolar/ Licença de Abril',25000.00,1,0.00,25000.00,'Sem rentenção na fonte',0,'ISENTO','M00','M00 - Regime Simplificado',0,'Regime Simplificado',59,124,1,1,'2024-04-29 12:40:48','2024-04-29 12:40:48'),(71,'LICENÇA DE MAIO',17000.00,1,0.00,17000.00,'Sem rentenção na fonte',0,'ISENTO','M00','M00 - Regime Simplificado',0,'Regime Simplificado',61,128,1,1,'2024-05-03 06:38:01','2024-05-03 06:38:01'),(72,'LICENÇA DE MAIO',17000.00,1,0.00,17000.00,'Sem rentenção na fonte',0,'ISENTO','M00','M00 - Regime Simplificado',0,'Regime Simplificado',62,128,1,1,'2024-05-03 06:38:01','2024-05-03 06:38:01'),(73,'Soft. Escolar/ Licença de Maio',42000.00,1,0.00,42000.00,'Sem rentenção na fonte',0,'ISENTO','M00','M00 - Regime Simplificado',0,'Regime Simplificado',63,123,1,1,'2024-05-06 11:04:57','2024-05-06 11:04:57'),(74,'Soft. Escolar/ Licença de Maio',42000.00,1,0.00,42000.00,'Sem rentenção na fonte',0,'ISENTO','M00','M00 - Regime Simplificado',0,'Regime Simplificado',63,123,1,1,'2024-05-06 11:04:57','2024-05-06 11:04:57'),(75,'LICENÇA MENSAL DE MAIO',10000.00,1,0.00,10000.00,'Sem rentenção na fonte',0,'ISENTO','M00','M00 - Regime Simplificado',0,'Regime Simplificado',64,5,1,1,'2024-05-08 07:42:02','2024-05-08 07:42:02'),(76,'LICENÇA DE MAIO',25000.00,1,0.00,25000.00,'Sem rentenção na fonte',0,'ISENTO','M00','M00 - Regime Simplificado',0,'Regime Simplificado',65,128,1,1,'2024-05-08 07:43:18','2024-05-08 07:43:18'),(77,'Última Prestação do Desenvol. de Website',50000.00,1,0.00,50000.00,'Sem rentenção na fonte',0,'ISENTO','M00','M00 - Regime Simplificado',0,'Regime Simplificado',66,131,1,1,'2024-05-17 09:47:56','2024-05-17 09:47:56'),(78,'Soft. Escolar/ Licença de Maio',42000.00,2,0.00,84000.00,'Sem rentenção na fonte',0,'ISENTO','M00','M00 - Regime Simplificado',0,'Regime Simplificado',67,123,1,1,'2024-05-17 14:07:08','2024-05-17 14:07:08'),(79,'TAXA DE DESLOCAÇÃO',10000.00,1,0.00,10000.00,'Sem rentenção na fonte',0,'ISENTO','M00','M00 - Regime Simplificado',0,'Regime Simplificado',68,94,1,1,'2024-05-30 14:10:06','2024-05-30 14:10:06'),(80,'TAXA DE DESLOCAÇÃO',10000.00,1,0.00,10000.00,'Sem rentenção na fonte',0,'ISENTO','M00','M00 - Regime Simplificado',0,'Regime Simplificado',69,94,1,1,'2024-05-30 14:10:08','2024-05-30 14:10:08'),(81,'TAXA DE DESLOCAÇÃO',10000.00,1,0.00,10000.00,'Sem rentenção na fonte',0,'ISENTO','M00','M00 - Regime Simplificado',0,'Regime Simplificado',70,94,1,1,'2024-05-30 14:10:08','2024-05-30 14:10:08'),(82,'Sof.de faturação e R.H-Licença de Julho',35000.00,1,0.00,35000.00,'Rentenção na fonte 6.5%',6.5,'ISENTO','M00','M00 - Regime Simplificado',0,'Regime Simplificado',71,127,1,2,'2024-06-06 09:01:20','2024-06-06 09:01:20'),(83,'Sof.de faturação e R.H-Licença de Junho',35000.00,1,0.00,35000.00,'Rentenção na fonte 6.5%',6.5,'ISENTO','M00','M00 - Regime Simplificado',0,'Regime Simplificado',71,126,1,2,'2024-06-06 09:01:20','2024-06-06 09:01:20'),(84,'Sof.de faturação e R.H-Licença de Maio',35000.00,1,0.00,35000.00,'Rentenção na fonte 6.5%',6.5,'ISENTO','M00','M00 - Regime Simplificado',0,'Regime Simplificado',71,125,1,2,'2024-06-06 09:01:20','2024-06-06 09:01:20'),(85,'Sof.de faturação e R.H-Licença de Julho',35000.00,1,0.00,35000.00,'Rentenção na fonte 6.5%',6.5,'ISENTO','M00','M00 - Regime Simplificado',0,'Regime Simplificado',72,127,1,2,'2024-06-06 09:08:09','2024-06-06 09:08:09'),(86,'Sof.de faturação e R.H-Licença de Junho',35000.00,1,0.00,35000.00,'Rentenção na fonte 6.5%',6.5,'ISENTO','M00','M00 - Regime Simplificado',0,'Regime Simplificado',72,126,1,2,'2024-06-06 09:08:09','2024-06-06 09:08:09'),(87,'Sof.de faturação e R.H-Licença de Maio',35000.00,1,0.00,35000.00,'Rentenção na fonte 6.5%',6.5,'ISENTO','M00','M00 - Regime Simplificado',0,'Regime Simplificado',72,125,1,2,'2024-06-06 09:08:09','2024-06-06 09:08:09'),(88,'SOFTWARE ESCOLAR-LICENÇA DE JUNHO',42000.00,1,0.00,42000.00,'Sem rentenção na fonte',0,'ISENTO','M00','M00 - Regime Simplificado',0,'Regime Simplificado',73,140,1,1,'2024-06-12 09:38:16','2024-06-12 09:38:16'),(89,'LICENÇA MENSAL DE JUNHO',10000.00,1,0.00,10000.00,'Sem rentenção na fonte',0,'ISENTO','M00','M00 - Regime Simplificado',0,'Regime Simplificado',74,6,1,1,'2024-06-14 12:54:57','2024-06-14 12:54:57'),(90,'LICENÇA MENSAL DE JUNHO',25000.00,1,0.00,25000.00,'Sem rentenção na fonte',0,'ISENTO','M00','M00 - Regime Simplificado',0,'Regime Simplificado',75,42,1,1,'2024-06-14 12:56:28','2024-06-14 12:56:28'),(91,'LICENÇA DEJUNHO',17000.00,1,0.00,17000.00,'Sem rentenção na fonte',0,'ISENTO','M00','M00 - Regime Simplificado',0,'Regime Simplificado',76,166,1,1,'2024-06-28 12:00:15','2024-06-28 12:00:15'),(92,'LICENÇA MENSAL DE JULHO',10000.00,1,0.00,10000.00,'Sem rentenção na fonte',0,'ISENTO','M00','M00 - Regime Simplificado',0,'Regime Simplificado',77,7,1,1,'2024-07-05 11:47:27','2024-07-05 11:47:27'),(93,'LICENÇA MENSAL DE JULHO',25000.00,1,0.00,25000.00,'Sem rentenção na fonte',0,'ISENTO','M00','M00 - Regime Simplificado',0,'Regime Simplificado',78,43,1,1,'2024-07-05 11:48:29','2024-07-05 11:48:29'),(94,'LICENÇA DE JUNHO-Soft.Comercial',10000.00,1,0.00,10000.00,'Sem rentenção na fonte',0,'ISENTO','M00','M00 - Regime Simplificado',0,'Regime Simplificado',79,171,1,1,'2024-07-08 07:37:44','2024-07-08 07:37:44'),(95,'LICENÇA DE MAIO-Soft.Comercial',10000.00,1,0.00,10000.00,'Sem rentenção na fonte',0,'ISENTO','M00','M00 - Regime Simplificado',0,'Regime Simplificado',79,170,1,1,'2024-07-08 07:37:44','2024-07-08 07:37:44'),(96,'Multa',1000.00,1,0.00,1000.00,'Sem rentenção na fonte',0,'ISENTO','M04','M04 - Regime de Exclusão',0,'Regime Simplificado',80,72,4,1,'2024-07-15 12:03:00','2024-07-15 12:03:00'),(97,'Licença de Agosto-Website',35000.00,1,0.00,35000.00,'Sem rentenção na fonte',0,'ISENTO','M00','M00 - Regime Simplificado',0,'Regime Simplificado',81,189,1,1,'2024-08-02 11:28:22','2024-08-02 11:28:22'),(98,'Licença de Julho-Website',35000.00,1,0.00,35000.00,'Sem rentenção na fonte',0,'ISENTO','M00','M00 - Regime Simplificado',0,'Regime Simplificado',81,188,1,1,'2024-08-02 11:28:22','2024-08-02 11:28:22'),(99,'LICENÇA MENSAL DE SETEMBRO',30000.00,1,0.00,30000.00,'Sem rentenção na fonte',0,'ISENTO','M00','M00 - Regime Simplificado',0,'Regime Simplificado',82,34,1,1,'2024-08-08 07:26:40','2024-08-08 07:26:40'),(100,'LICENÇA MENSAL DE AGOSTO',30000.00,1,0.00,30000.00,'Sem rentenção na fonte',0,'ISENTO','M00','M00 - Regime Simplificado',0,'Regime Simplificado',82,33,1,1,'2024-08-08 07:26:40','2024-08-08 07:26:40'),(101,'LICENÇA MENSAL DE AGOSTO',15000.00,1,0.00,15000.00,'Sem rentenção na fonte',0,'ISENTO','M00','M00 - Regime Simplificado',0,'Regime Simplificado',83,21,1,1,'2024-08-09 12:46:55','2024-08-09 12:46:55'),(102,'Sof.Faturação/Licença de Agosto',10000.00,1,0.00,10000.00,'Sem rentenção na fonte',0,'ISENTO','M00','M00 - Regime Simplificado',0,'Regime Simplificado',84,211,1,1,'2024-08-15 09:07:37','2024-08-15 09:07:37'),(103,'CRIAÇÃO DE WEBSISTE',350000.00,1,0.00,350000.00,'Sem rentenção na fonte',0,'ISENTO','M00','M00 - Regime Simplificado',0,'Regime Simplificado',85,97,1,1,'2024-09-04 11:10:36','2024-09-04 11:10:36'),(104,'Licença De Website',35000.00,1,0.00,35000.00,'Sem rentenção na fonte',0,'ISENTO','M00','M00 - Regime Simplificado',0,'Regime Simplificado',86,188,1,1,'2024-09-04 11:40:57','2024-09-04 11:40:57'),(105,'Licença de setembro',25000.00,1,0.00,25000.00,'Sem rentenção na fonte',0,'ISENTO','M00','M00 - Regime Simplificado',0,'Regime Simplificado',87,281,1,1,'2024-09-05 07:18:31','2024-09-05 07:18:31'),(106,'LICENÇA MENSAL DE SETEMBRO',10000.00,1,0.00,10000.00,'Sem rentenção na fonte',0,'ISENTO','M00','M00 - Regime Simplificado',0,'Regime Simplificado',88,9,1,1,'2024-09-05 07:23:08','2024-09-05 07:23:08'),(107,'Licença de setembro',15000.00,1,0.00,15000.00,'Sem rentenção na fonte',0,'ISENTO','M00','M00 - Regime Simplificado',0,'Regime Simplificado',89,285,1,1,'2024-09-05 12:06:59','2024-09-05 12:06:59'),(108,'LICENÇA DE NOVEMBRO',30000.00,1,0.00,30000.00,'Sem rentenção na fonte',0,'ISENTO','M04','M04 - Regime de Exclusão',0,'Regime Simplificado',90,85,4,1,'2024-09-10 08:43:02','2024-09-10 08:43:02'),(109,'LICENÇA DE OUTUBRO',30000.00,1,0.00,30000.00,'Sem rentenção na fonte',0,'ISENTO','M04','M04 - Regime de Exclusão',0,'Regime Simplificado',90,78,4,1,'2024-09-10 08:43:02','2024-09-10 08:43:02'),(110,'Licença De Website',35000.00,1,0.00,35000.00,'Sem rentenção na fonte',0,'ISENTO','M00','M00 - Regime Simplificado',0,'Regime Simplificado',91,188,1,1,'2024-09-23 11:29:06','2024-09-23 11:29:06'),(111,'Pagamento percentual do Website',100000.00,1,0.00,100000.00,'Sem rentenção na fonte',0,'ISENTO','M00','M00 - Regime Simplificado',0,'Regime Simplificado',92,303,1,1,'2024-10-08 09:39:15','2024-10-08 09:39:15'),(112,'Licença Mensal Soft. de Gestão de RH',30000.00,1,0.00,30000.00,'Sem rentenção na fonte',0,'ISENTO','M00','M00 - Regime Simplificado',0,'Regime Simplificado',93,1,1,1,'2024-10-29 16:36:54','2024-10-29 16:36:54');
/*!40000 ALTER TABLE `item_factura_recibos` ENABLE KEYS */;
UNLOCK TABLES;

--
-- Table structure for table `item_guia_remessas`
--

DROP TABLE IF EXISTS `item_guia_remessas`;
/*!40101 SET @saved_cs_client     = @@character_set_client */;
/*!40101 SET character_set_client = utf8 */;
CREATE TABLE `item_guia_remessas` (
  `id` bigint(20) unsigned NOT NULL AUTO_INCREMENT,
  `designacao` varchar(191) DEFAULT NULL,
  `preco` double(8,2) DEFAULT NULL,
  `qtd` int(11) DEFAULT NULL,
  `desconto` double(8,2) DEFAULT NULL,
  `subtotal` double(8,2) DEFAULT NULL,
  `retencao_designacao` varchar(191) DEFAULT NULL,
  `retencao_taxa` double DEFAULT NULL,
  `imposto_tipo` varchar(191) DEFAULT NULL,
  `imposto_codigo` varchar(191) DEFAULT NULL,
  `imposto_designacao` varchar(191) DEFAULT NULL,
  `imposto_taxa` double DEFAULT NULL,
  `imposto_motivo` varchar(191) DEFAULT NULL,
  `guia_remessa_id` bigint(20) unsigned NOT NULL,
  `artigo_id` bigint(20) unsigned NOT NULL,
  `imposto_id` bigint(20) unsigned NOT NULL,
  `retencao_id` bigint(20) unsigned DEFAULT NULL,
  `created_at` timestamp NULL DEFAULT NULL,
  `updated_at` timestamp NULL DEFAULT NULL,
  PRIMARY KEY (`id`),
  KEY `item_guia_remessas_guia_remessa_id_foreign` (`guia_remessa_id`),
  KEY `item_guia_remessas_artigo_id_foreign` (`artigo_id`),
  KEY `item_guia_remessas_imposto_id_foreign` (`imposto_id`),
  KEY `item_guia_remessas_retencao_id_foreign` (`retencao_id`),
  CONSTRAINT `item_guia_remessas_artigo_id_foreign` FOREIGN KEY (`artigo_id`) REFERENCES `artigos` (`id`) ON DELETE NO ACTION,
  CONSTRAINT `item_guia_remessas_guia_remessa_id_foreign` FOREIGN KEY (`guia_remessa_id`) REFERENCES `guia_remessas` (`id`) ON DELETE CASCADE,
  CONSTRAINT `item_guia_remessas_imposto_id_foreign` FOREIGN KEY (`imposto_id`) REFERENCES `impostos` (`id`) ON DELETE NO ACTION,
  CONSTRAINT `item_guia_remessas_retencao_id_foreign` FOREIGN KEY (`retencao_id`) REFERENCES `retencaos` (`id`) ON DELETE SET NULL ON UPDATE CASCADE
) ENGINE=InnoDB DEFAULT CHARSET=utf8mb4 COLLATE=utf8mb4_unicode_ci;
/*!40101 SET character_set_client = @saved_cs_client */;

--
-- Dumping data for table `item_guia_remessas`
--

LOCK TABLES `item_guia_remessas` WRITE;
/*!40000 ALTER TABLE `item_guia_remessas` DISABLE KEYS */;
/*!40000 ALTER TABLE `item_guia_remessas` ENABLE KEYS */;
UNLOCK TABLES;

--
-- Table structure for table `item_guia_transportes`
--

DROP TABLE IF EXISTS `item_guia_transportes`;
/*!40101 SET @saved_cs_client     = @@character_set_client */;
/*!40101 SET character_set_client = utf8 */;
CREATE TABLE `item_guia_transportes` (
  `id` bigint(20) unsigned NOT NULL AUTO_INCREMENT,
  `designacao` varchar(191) DEFAULT NULL,
  `preco` double(8,2) DEFAULT NULL,
  `qtd` int(11) DEFAULT NULL,
  `desconto` double(8,2) DEFAULT NULL,
  `subtotal` double(8,2) DEFAULT NULL,
  `retencao_designacao` varchar(191) DEFAULT NULL,
  `retencao_taxa` double DEFAULT NULL,
  `imposto_tipo` varchar(191) DEFAULT NULL,
  `imposto_codigo` varchar(191) DEFAULT NULL,
  `imposto_designacao` varchar(191) DEFAULT NULL,
  `imposto_taxa` double DEFAULT NULL,
  `imposto_motivo` varchar(191) DEFAULT NULL,
  `guia_transporte_id` bigint(20) unsigned NOT NULL,
  `artigo_id` bigint(20) unsigned NOT NULL,
  `imposto_id` bigint(20) unsigned NOT NULL,
  `retencao_id` bigint(20) unsigned DEFAULT NULL,
  `created_at` timestamp NULL DEFAULT NULL,
  `updated_at` timestamp NULL DEFAULT NULL,
  PRIMARY KEY (`id`),
  KEY `item_guia_transportes_guia_transporte_id_foreign` (`guia_transporte_id`),
  KEY `item_guia_transportes_artigo_id_foreign` (`artigo_id`),
  KEY `item_guia_transportes_imposto_id_foreign` (`imposto_id`),
  KEY `item_guia_transportes_retencao_id_foreign` (`retencao_id`),
  CONSTRAINT `item_guia_transportes_artigo_id_foreign` FOREIGN KEY (`artigo_id`) REFERENCES `artigos` (`id`) ON DELETE NO ACTION,
  CONSTRAINT `item_guia_transportes_guia_transporte_id_foreign` FOREIGN KEY (`guia_transporte_id`) REFERENCES `guia_transportes` (`id`) ON DELETE CASCADE,
  CONSTRAINT `item_guia_transportes_imposto_id_foreign` FOREIGN KEY (`imposto_id`) REFERENCES `impostos` (`id`) ON DELETE NO ACTION,
  CONSTRAINT `item_guia_transportes_retencao_id_foreign` FOREIGN KEY (`retencao_id`) REFERENCES `retencaos` (`id`) ON DELETE SET NULL ON UPDATE CASCADE
) ENGINE=InnoDB DEFAULT CHARSET=utf8mb4 COLLATE=utf8mb4_unicode_ci;
/*!40101 SET character_set_client = @saved_cs_client */;

--
-- Dumping data for table `item_guia_transportes`
--

LOCK TABLES `item_guia_transportes` WRITE;
/*!40000 ALTER TABLE `item_guia_transportes` DISABLE KEYS */;
/*!40000 ALTER TABLE `item_guia_transportes` ENABLE KEYS */;
UNLOCK TABLES;

--
-- Table structure for table `item_nota_creditos`
--

DROP TABLE IF EXISTS `item_nota_creditos`;
/*!40101 SET @saved_cs_client     = @@character_set_client */;
/*!40101 SET character_set_client = utf8 */;
CREATE TABLE `item_nota_creditos` (
  `id` bigint(20) unsigned NOT NULL AUTO_INCREMENT,
  `designacao` varchar(191) DEFAULT NULL,
  `preco` double(30,2) DEFAULT NULL,
  `qtd` int(11) DEFAULT NULL,
  `desconto` double(30,2) DEFAULT NULL,
  `subtotal` double(30,2) DEFAULT NULL,
  `retencao_designacao` varchar(191) DEFAULT NULL,
  `retencao_taxa` double DEFAULT NULL,
  `imposto_tipo` varchar(191) DEFAULT NULL,
  `imposto_codigo` varchar(191) DEFAULT NULL,
  `imposto_designacao` varchar(191) DEFAULT NULL,
  `imposto_taxa` double DEFAULT NULL,
  `imposto_motivo` varchar(191) DEFAULT NULL,
  `nota_credito_id` bigint(20) unsigned NOT NULL,
  `artigo_id` bigint(20) unsigned NOT NULL,
  `imposto_id` bigint(20) unsigned NOT NULL,
  `retencao_id` bigint(20) unsigned DEFAULT NULL,
  `created_at` timestamp NULL DEFAULT NULL,
  `updated_at` timestamp NULL DEFAULT NULL,
  PRIMARY KEY (`id`),
  KEY `item_nota_creditos_nota_credito_id_foreign` (`nota_credito_id`),
  KEY `item_nota_creditos_artigo_id_foreign` (`artigo_id`),
  KEY `item_nota_creditos_imposto_id_foreign` (`imposto_id`),
  KEY `item_nota_creditos_retencao_id_foreign` (`retencao_id`),
  CONSTRAINT `item_nota_creditos_artigo_id_foreign` FOREIGN KEY (`artigo_id`) REFERENCES `artigos` (`id`) ON DELETE NO ACTION,
  CONSTRAINT `item_nota_creditos_imposto_id_foreign` FOREIGN KEY (`imposto_id`) REFERENCES `impostos` (`id`) ON DELETE NO ACTION,
  CONSTRAINT `item_nota_creditos_nota_credito_id_foreign` FOREIGN KEY (`nota_credito_id`) REFERENCES `nota_creditos` (`id`) ON DELETE CASCADE,
  CONSTRAINT `item_nota_creditos_retencao_id_foreign` FOREIGN KEY (`retencao_id`) REFERENCES `retencaos` (`id`) ON DELETE SET NULL ON UPDATE CASCADE
) ENGINE=InnoDB AUTO_INCREMENT=7 DEFAULT CHARSET=utf8mb4 COLLATE=utf8mb4_unicode_ci;
/*!40101 SET character_set_client = @saved_cs_client */;

--
-- Dumping data for table `item_nota_creditos`
--

LOCK TABLES `item_nota_creditos` WRITE;
/*!40000 ALTER TABLE `item_nota_creditos` DISABLE KEYS */;
INSERT INTO `item_nota_creditos` VALUES (1,'Desenvolvimento e sustentação',347175.00,1,0.00,347175.00,'Sem rentenção na fonte',0,'ISENTO','M00','M00 - Regime Simplificado',0,'Regime Simplificado',1,98,1,1,'2024-02-06 15:49:14','2024-02-06 15:49:14'),(2,'MENSALIDADE DE LOJA',23000.00,1,0.00,23000.00,'Sem rentenção na fonte',0,'ISENTO','M00','M00 - Regime Simplificado',0,'Regime Simplificado',2,113,1,1,'2024-03-25 13:11:16','2024-03-25 13:11:16'),(3,'LICENÇA MENSAL DE FEVEREIRO',10000.00,10,0.00,100000.00,'Sem rentenção na fonte',0,'ISENTO','M00','M00 - Regime Simplificado',0,'Regime Simplificado',3,2,1,1,'2024-03-27 08:30:12','2024-03-27 08:30:12'),(4,'GESTÃO DE MIDIA SOCIAL',45000.00,1,0.00,45000.00,'Sem rentenção na fonte',0,'ISENTO','M00','M00 - Regime Simplificado',0,'Regime Simplificado',4,1,1,1,'2024-05-17 09:36:23','2024-05-17 09:36:23'),(5,'CRIAÇÃO DE WEBSISTE',350000.00,1,0.00,350000.00,'Sem rentenção na fonte',0,'ISENTO','M00','M00 - Regime Simplificado',0,'Regime Simplificado',5,97,1,1,'2024-09-04 11:31:38','2024-09-04 11:31:38'),(6,'Desenvolvimento de Website',245000.00,1,0.00,245000.00,'Sem rentenção na fonte',0,'ISENTO','M00','M00 - Regime Simplificado',0,'Regime Simplificado',6,167,1,1,'2024-10-08 09:30:38','2024-10-08 09:30:38');
/*!40000 ALTER TABLE `item_nota_creditos` ENABLE KEYS */;
UNLOCK TABLES;

--
-- Table structure for table `item_nota_debitos`
--

DROP TABLE IF EXISTS `item_nota_debitos`;
/*!40101 SET @saved_cs_client     = @@character_set_client */;
/*!40101 SET character_set_client = utf8 */;
CREATE TABLE `item_nota_debitos` (
  `id` bigint(20) unsigned NOT NULL AUTO_INCREMENT,
  `designacao` varchar(191) DEFAULT NULL,
  `preco` double(30,2) DEFAULT NULL,
  `qtd` int(11) DEFAULT NULL,
  `desconto` double(30,2) DEFAULT NULL,
  `subtotal` double(30,2) DEFAULT NULL,
  `retencao_designacao` varchar(191) DEFAULT NULL,
  `retencao_taxa` double DEFAULT NULL,
  `imposto_tipo` varchar(191) DEFAULT NULL,
  `imposto_codigo` varchar(191) DEFAULT NULL,
  `imposto_designacao` varchar(191) DEFAULT NULL,
  `imposto_taxa` double DEFAULT NULL,
  `imposto_motivo` varchar(191) DEFAULT NULL,
  `nota_debito_id` bigint(20) unsigned NOT NULL,
  `artigo_id` bigint(20) unsigned NOT NULL,
  `imposto_id` bigint(20) unsigned NOT NULL,
  `retencao_id` bigint(20) unsigned DEFAULT NULL,
  `created_at` timestamp NULL DEFAULT NULL,
  `updated_at` timestamp NULL DEFAULT NULL,
  PRIMARY KEY (`id`),
  KEY `item_nota_debitos_nota_debito_id_foreign` (`nota_debito_id`),
  KEY `item_nota_debitos_artigo_id_foreign` (`artigo_id`),
  KEY `item_nota_debitos_imposto_id_foreign` (`imposto_id`),
  KEY `item_nota_debitos_retencao_id_foreign` (`retencao_id`),
  CONSTRAINT `item_nota_debitos_artigo_id_foreign` FOREIGN KEY (`artigo_id`) REFERENCES `artigos` (`id`) ON DELETE NO ACTION,
  CONSTRAINT `item_nota_debitos_imposto_id_foreign` FOREIGN KEY (`imposto_id`) REFERENCES `impostos` (`id`) ON DELETE NO ACTION,
  CONSTRAINT `item_nota_debitos_nota_debito_id_foreign` FOREIGN KEY (`nota_debito_id`) REFERENCES `nota_debitos` (`id`) ON DELETE CASCADE,
  CONSTRAINT `item_nota_debitos_retencao_id_foreign` FOREIGN KEY (`retencao_id`) REFERENCES `retencaos` (`id`) ON DELETE SET NULL ON UPDATE CASCADE
) ENGINE=InnoDB AUTO_INCREMENT=2 DEFAULT CHARSET=utf8mb4 COLLATE=utf8mb4_unicode_ci;
/*!40101 SET character_set_client = @saved_cs_client */;

--
-- Dumping data for table `item_nota_debitos`
--

LOCK TABLES `item_nota_debitos` WRITE;
/*!40000 ALTER TABLE `item_nota_debitos` DISABLE KEYS */;
INSERT INTO `item_nota_debitos` VALUES (1,'Desenvolvimento e sustentação ordenfa',694350.00,1,0.00,694350.00,'Sem rentenção na fonte',0,'ISENTO','M00','M00 - Regime Simplificado',0,'Regime Simplificado',1,98,1,1,'2024-03-06 08:29:22','2024-03-06 08:29:22');
/*!40000 ALTER TABLE `item_nota_debitos` ENABLE KEYS */;
UNLOCK TABLES;

--
-- Table structure for table `item_proformas`
--

DROP TABLE IF EXISTS `item_proformas`;
/*!40101 SET @saved_cs_client     = @@character_set_client */;
/*!40101 SET character_set_client = utf8 */;
CREATE TABLE `item_proformas` (
  `id` bigint(20) unsigned NOT NULL AUTO_INCREMENT,
  `designacao` varchar(191) DEFAULT NULL,
  `preco` double(30,2) DEFAULT NULL,
  `qtd` int(11) DEFAULT NULL,
  `desconto` double(30,2) DEFAULT NULL,
  `subtotal` double(30,2) DEFAULT NULL,
  `retencao_designacao` varchar(191) DEFAULT NULL,
  `retencao_taxa` double DEFAULT NULL,
  `imposto_tipo` varchar(191) DEFAULT NULL,
  `imposto_codigo` varchar(191) DEFAULT NULL,
  `imposto_designacao` varchar(191) DEFAULT NULL,
  `imposto_taxa` double DEFAULT NULL,
  `imposto_motivo` varchar(191) DEFAULT NULL,
  `proforma_id` bigint(20) unsigned NOT NULL,
  `artigo_id` bigint(20) unsigned NOT NULL,
  `imposto_id` bigint(20) unsigned NOT NULL,
  `retencao_id` bigint(20) unsigned DEFAULT NULL,
  `created_at` timestamp NULL DEFAULT NULL,
  `updated_at` timestamp NULL DEFAULT NULL,
  PRIMARY KEY (`id`),
  KEY `item_proformas_proforma_id_foreign` (`proforma_id`),
  KEY `item_proformas_artigo_id_foreign` (`artigo_id`),
  KEY `item_proformas_imposto_id_foreign` (`imposto_id`),
  KEY `item_proformas_retencao_id_foreign` (`retencao_id`),
  CONSTRAINT `item_proformas_artigo_id_foreign` FOREIGN KEY (`artigo_id`) REFERENCES `artigos` (`id`) ON DELETE NO ACTION,
  CONSTRAINT `item_proformas_imposto_id_foreign` FOREIGN KEY (`imposto_id`) REFERENCES `impostos` (`id`) ON DELETE NO ACTION,
  CONSTRAINT `item_proformas_proforma_id_foreign` FOREIGN KEY (`proforma_id`) REFERENCES `proformas` (`id`) ON DELETE CASCADE,
  CONSTRAINT `item_proformas_retencao_id_foreign` FOREIGN KEY (`retencao_id`) REFERENCES `retencaos` (`id`) ON DELETE SET NULL ON UPDATE CASCADE
) ENGINE=InnoDB AUTO_INCREMENT=272 DEFAULT CHARSET=utf8mb4 COLLATE=utf8mb4_unicode_ci;
/*!40101 SET character_set_client = @saved_cs_client */;

--
-- Dumping data for table `item_proformas`
--

LOCK TABLES `item_proformas` WRITE;
/*!40000 ALTER TABLE `item_proformas` DISABLE KEYS */;
INSERT INTO `item_proformas` VALUES (1,'LICENÇA MENSAL DE JULHO',10000.00,1,0.00,10000.00,'Sem rentenção na fonte',0,'ISENTO','M00','M00 - Regime Simplificado',0,'Regime Simplificado',1,7,1,1,'2023-07-05 13:32:58','2023-07-05 13:32:58'),(2,'LICENÇA MENSAL DE JULHO',10000.00,1,0.00,10000.00,'Sem rentenção na fonte',0,'ISENTO','M00','M00 - Regime Simplificado',0,'Regime Simplificado',2,7,1,1,'2023-07-05 13:36:34','2023-07-05 13:36:34'),(3,'LICENÇA MENSAL DE JULHO',25000.00,1,0.00,25000.00,'Sem rentenção na fonte',0,'ISENTO','M00','M00 - Regime Simplificado',0,'Regime Simplificado',3,43,1,1,'2023-07-05 13:38:03','2023-07-05 13:38:03'),(4,'LICENÇA MENSAL DE JULHO',15000.00,1,0.00,15000.00,'Sem rentenção na fonte',0,'ISENTO','M00','M00 - Regime Simplificado',0,'Regime Simplificado',4,19,1,1,'2023-07-05 13:39:00','2023-07-05 13:39:00'),(5,'LICENÇA MENSAL DE JULHO',10000.00,1,0.00,10000.00,'Sem rentenção na fonte',0,'ISENTO','M00','M00 - Regime Simplificado',0,'Regime Simplificado',5,7,1,1,'2023-07-05 13:40:36','2023-07-05 13:40:36'),(6,'LICENÇA MENSAL DE JULHO',10000.00,1,0.00,10000.00,'Sem rentenção na fonte',0,'ISENTO','M00','M00 - Regime Simplificado',0,'Regime Simplificado',6,7,1,1,'2023-07-05 13:47:59','2023-07-05 13:47:59'),(7,'LICENÇA MENSAL DE JULHO',24166.00,1,0.00,24166.00,'Sem rentenção na fonte',0,'ISENTO','M00','M00 - Regime Simplificado',0,'Regime Simplificado',7,55,1,1,'2023-07-05 13:49:59','2023-07-05 13:49:59'),(8,'LICENÇA MENSAL DE JULHO',10000.00,1,0.00,10000.00,'Sem rentenção na fonte',0,'ISENTO','M00','M00 - Regime Simplificado',0,'Regime Simplificado',8,7,1,1,'2023-07-05 13:51:32','2023-07-05 13:51:32'),(9,'LICENÇA MENSAL DE JULHO',25000.00,1,0.00,25000.00,'Sem rentenção na fonte',0,'ISENTO','M00','M00 - Regime Simplificado',0,'Regime Simplificado',9,43,1,1,'2023-07-05 13:55:11','2023-07-05 13:55:11'),(10,'LICENÇA MENSAL DE SOFTWARE DE GESTÃO ESCOLAR',25000.00,1,0.00,25000.00,'Sem rentenção na fonte',0,'ISENTO','M00','M00 - Regime Simplificado',0,'Regime Simplificado',10,61,1,1,'2023-07-27 09:03:47','2023-07-27 09:03:47'),(11,'LICENÇA MENSAL DE SOFTWARE DE GESTÃO ESCOLAR',25000.00,1,0.00,25000.00,'Sem rentenção na fonte',0,'ISENTO','M00','M00 - Regime Simplificado',0,'Regime Simplificado',11,61,1,1,'2023-08-01 09:40:10','2023-08-01 09:40:10'),(12,'LICENÇA MENSAL DE SOFTWARE DE GESTÃO ESCOLAR',25000.00,1,0.00,25000.00,'Sem rentenção na fonte',0,'ISENTO','M00','M00 - Regime Simplificado',0,'Regime Simplificado',12,61,1,1,'2023-08-02 14:25:12','2023-08-02 14:25:12'),(13,'LICENÇA MENSAL DE SOFTWARE DE GESTÃO ESCOLAR',25000.00,1,0.00,25000.00,'Sem rentenção na fonte',0,'ISENTO','M00','M00 - Regime Simplificado',0,'Regime Simplificado',13,61,1,1,'2023-08-02 14:27:51','2023-08-02 14:27:51'),(14,'LICENÇA MENSAL DE SOFTWARE DE GESTÃO ESCOLAR',27000.00,1,0.00,27000.00,'Sem rentenção na fonte',0,'ISENTO','M00','M00 - Regime Simplificado',0,'Regime Simplificado',14,62,1,1,'2023-08-04 16:11:34','2023-08-04 16:11:34'),(15,'LICENÇA MENSAL DE SOFTWARE DE GESTÃO ESCOLAR',27000.00,1,0.00,27000.00,'Sem rentenção na fonte',0,'ISENTO','M00','M00 - Regime Simplificado',0,'Regime Simplificado',15,62,1,1,'2023-08-04 16:12:24','2023-08-04 16:12:24'),(16,'LICENÇA MENSAL DE AGOSTO',10000.00,1,0.00,10000.00,'Sem rentenção na fonte',0,'ISENTO','M00','M00 - Regime Simplificado',0,'Regime Simplificado',16,8,1,1,'2023-08-07 14:50:55','2023-08-07 14:50:55'),(17,'LICENÇA MENSAL DE AGOSTO',10000.00,1,0.00,10000.00,'Sem rentenção na fonte',0,'ISENTO','M00','M00 - Regime Simplificado',0,'Regime Simplificado',17,8,1,1,'2023-08-07 14:51:37','2023-08-07 14:51:37'),(18,'LICENÇA MENSAL DE AGOSTO',10000.00,1,0.00,10000.00,'Sem rentenção na fonte',0,'ISENTO','M00','M00 - Regime Simplificado',0,'Regime Simplificado',18,8,1,1,'2023-08-07 14:52:31','2023-08-07 14:52:31'),(19,'LICENÇA MENSAL DE AGOSTO',10000.00,1,0.00,10000.00,'Sem rentenção na fonte',0,'ISENTO','M00','M00 - Regime Simplificado',0,'Regime Simplificado',19,8,1,1,'2023-08-07 14:53:13','2023-08-07 14:53:13'),(20,'LICENÇA MENSAL DE AGOSTO',10000.00,1,0.00,10000.00,'Sem rentenção na fonte',0,'ISENTO','M00','M00 - Regime Simplificado',0,'Regime Simplificado',20,8,1,1,'2023-08-07 14:53:13','2023-08-07 14:53:13'),(21,'LICENÇA MENSAL DE AGOSTO',10000.00,1,0.00,10000.00,'Sem rentenção na fonte',0,'ISENTO','M00','M00 - Regime Simplificado',0,'Regime Simplificado',21,8,1,1,'2023-08-07 14:53:55','2023-08-07 14:53:55'),(22,'LICENÇA MENSAL DE AGOSTO',25000.00,1,0.00,25000.00,'Sem rentenção na fonte',0,'ISENTO','M00','M00 - Regime Simplificado',0,'Regime Simplificado',22,44,1,1,'2023-08-07 15:02:02','2023-08-07 15:02:02'),(23,'LICENÇA MENSAL DE AGOSTO',15000.00,1,0.00,15000.00,'Sem rentenção na fonte',0,'ISENTO','M00','M00 - Regime Simplificado',0,'Regime Simplificado',23,21,1,1,'2023-08-07 15:03:01','2023-08-07 15:03:01'),(24,'LICENÇA MENSAL DE AGOSTO',23000.00,1,0.00,23000.00,'Sem rentenção na fonte',0,'ISENTO','M00','M00 - Regime Simplificado',0,'Regime Simplificado',24,33,1,1,'2023-08-07 15:05:04','2023-08-07 15:05:04'),(25,'LICENÇA MENSAL DE AGOSTO',25000.00,1,0.00,25000.00,'Sem rentenção na fonte',0,'ISENTO','M00','M00 - Regime Simplificado',0,'Regime Simplificado',25,44,1,1,'2023-08-08 10:02:58','2023-08-08 10:02:58'),(26,'LICENÇA MENSAL DE AGOSTO',25000.00,1,0.00,25000.00,'Sem rentenção na fonte',0,'ISENTO','M00','M00 - Regime Simplificado',0,'Regime Simplificado',26,44,1,1,'2023-08-08 10:06:55','2023-08-08 10:06:55'),(27,'LICENÇA MENSAL-SOFT. GESTÃO CLINICO',24166.00,1,0.00,24166.00,'Sem rentenção na fonte',0,'ISENTO','M00','M00 - Regime Simplificado',0,'Regime Simplificado',27,64,1,1,'2023-08-08 14:25:09','2023-08-08 14:25:09'),(28,'LICENÇA MENSAL DE SOFTWARE DE GESTÃO CLÍNICO/HOSPITALAR',60000.00,1,0.00,60000.00,'Sem rentenção na fonte',0,'ISENTO','M00','M00 - Regime Simplificado',0,'Regime Simplificado',28,65,1,1,'2023-08-09 15:06:30','2023-08-09 15:06:30'),(29,'LICENÇA MENSAL-SOFT. GESTÃO CLINICO',24166.00,1,0.00,24166.00,'Sem rentenção na fonte',0,'ISENTO','M00','M00 - Regime Simplificado',0,'Regime Simplificado',29,64,1,1,'2023-08-14 12:38:26','2023-08-14 12:38:26'),(30,'LICENÇA MENSAL DE AGOSTO',25000.00,1,0.00,25000.00,'Sem rentenção na fonte',0,'ISENTO','M00','M00 - Regime Simplificado',0,'Regime Simplificado',30,44,1,1,'2023-08-15 11:02:12','2023-08-15 11:02:12'),(31,'LICENÇA MENSAL DE JANEIRO',24166.00,1,0.00,24166.00,'Sem rentenção na fonte',0,'ISENTO','M00','M00 - Regime Simplificado',0,'Regime Simplificado',31,49,1,1,'2023-08-22 15:36:38','2023-08-22 15:36:38'),(32,'LICENÇA MENSAL DE DEZEMBRO',24166.00,1,0.00,24166.00,'Sem rentenção na fonte',0,'ISENTO','M00','M00 - Regime Simplificado',0,'Regime Simplificado',31,60,1,1,'2023-08-22 15:36:38','2023-08-22 15:36:38'),(33,'LICENÇA MENSAL DE NOVEMBRO',24166.00,1,0.00,24166.00,'Sem rentenção na fonte',0,'ISENTO','M00','M00 - Regime Simplificado',0,'Regime Simplificado',31,59,1,1,'2023-08-22 15:36:38','2023-08-22 15:36:38'),(34,'LICENÇA MENSAL DE OUTUMBRO',24166.00,1,0.00,24166.00,'Sem rentenção na fonte',0,'ISENTO','M00','M00 - Regime Simplificado',0,'Regime Simplificado',31,58,1,1,'2023-08-22 15:36:38','2023-08-22 15:36:38'),(35,'LICENÇA MENSAL DE SETEMBRO',24166.00,1,0.00,24166.00,'Sem rentenção na fonte',0,'ISENTO','M00','M00 - Regime Simplificado',0,'Regime Simplificado',31,57,1,1,'2023-08-22 15:36:38','2023-08-22 15:36:38'),(36,'LICENÇA MENSAL DE SETEMBRO',23000.00,1,0.00,23000.00,'Sem rentenção na fonte',0,'ISENTO','M00','M00 - Regime Simplificado',0,'Regime Simplificado',32,34,1,1,'2023-09-08 13:00:26','2023-09-08 13:00:26'),(37,'LICENÇA MENSAL DE SETEMBRO',25000.00,1,0.00,25000.00,'Sem rentenção na fonte',0,'ISENTO','M00','M00 - Regime Simplificado',0,'Regime Simplificado',33,45,1,1,'2023-09-08 13:01:22','2023-09-08 13:01:22'),(38,'LICENÇA MENSAL DE SETEMBRO',10000.00,1,0.00,10000.00,'Sem rentenção na fonte',0,'ISENTO','M00','M00 - Regime Simplificado',0,'Regime Simplificado',34,9,1,1,'2023-09-08 13:02:10','2023-09-08 13:02:10'),(39,'LICENÇA MENSAL DE SETEMBRO',24166.00,1,0.00,24166.00,'Sem rentenção na fonte',0,'ISENTO','M00','M00 - Regime Simplificado',0,'Regime Simplificado',35,57,1,1,'2023-09-08 13:03:41','2023-09-08 13:03:41'),(40,'LICENÇA MENSAL DE SETEMBRO',10000.00,1,0.00,10000.00,'Sem rentenção na fonte',0,'ISENTO','M00','M00 - Regime Simplificado',0,'Regime Simplificado',36,9,1,1,'2023-09-08 13:04:48','2023-09-08 13:04:48'),(41,'LICENÇA MENSAL DE SETEMBRO',25000.00,1,0.00,25000.00,'Sem rentenção na fonte',0,'ISENTO','M00','M00 - Regime Simplificado',0,'Regime Simplificado',37,45,1,1,'2023-09-08 13:06:35','2023-09-08 13:06:35'),(42,'LICENÇA MENSAL DE SETEMBRO',25000.00,1,0.00,25000.00,'Sem rentenção na fonte',0,'ISENTO','M00','M00 - Regime Simplificado',0,'Regime Simplificado',38,45,1,1,'2023-09-08 13:09:25','2023-09-08 13:09:25'),(43,'LICENÇA MENSAL DE SETEMBRO',23000.00,1,0.00,23000.00,'Sem rentenção na fonte',0,'ISENTO','M00','M00 - Regime Simplificado',0,'Regime Simplificado',39,34,1,1,'2023-09-08 13:10:41','2023-09-08 13:10:41'),(44,'LICENÇA MENSAL DE SETEMBRO',27000.00,1,0.00,27000.00,'Sem rentenção na fonte',0,'ISENTO','M00','M00 - Regime Simplificado',0,'Regime Simplificado',40,67,1,1,'2023-09-08 13:22:53','2023-09-08 13:22:53'),(45,'LICENÇA DE SETEMBRO-SOFT.COMERCIAL',30000.00,1,0.00,30000.00,'Sem rentenção na fonte',0,'ISENTO','M00','M00 - Regime Simplificado',0,'Regime Simplificado',41,71,1,1,'2023-09-14 09:27:59','2023-09-14 09:27:59'),(46,'LICENÇA MENSAL DE DEZEMBRO',27000.00,1,0.00,27000.00,'Sem rentenção na fonte',0,'ISENTO','M00','M00 - Regime Simplificado',0,'Regime Simplificado',42,70,1,1,'2023-10-11 11:57:06','2023-10-11 11:57:06'),(47,'CRIAÇÃO DE WEB SISTE PACOTE PRIMIUM',300000.00,1,0.00,300000.00,'Sem rentenção na fonte',0,'ISENTO','M00','M00 - Regime Simplificado',0,'Regime Simplificado',43,74,1,1,'2023-10-11 12:08:21','2023-10-11 12:08:21'),(48,'LICENÇA MENSAL DE OUTUBRO',30000.00,1,0.00,30000.00,'Sem rentenção na fonte',0,'ISENTO','M00','M00 - Regime Simplificado',0,'Regime Simplificado',44,75,1,1,'2023-10-17 23:18:49','2023-10-17 23:18:49'),(49,'LICENÇA MENSAL DE NOVEMBRO',15000.00,1,0.00,15000.00,'Sem rentenção na fonte',0,'ISENTO','M00','M00 - Regime Simplificado',0,'Regime Simplificado',45,24,1,1,'2023-10-25 12:04:00','2023-10-25 12:04:00'),(50,'LICENÇA MENSAL DE OUTUMBRO',15000.00,1,0.00,15000.00,'Sem rentenção na fonte',0,'ISENTO','M00','M00 - Regime Simplificado',0,'Regime Simplificado',46,23,1,1,'2023-10-25 12:04:56','2023-10-25 12:04:56'),(51,'Desenvolvimento de e-Commerce',750000.00,1,0.00,750000.00,'Sem rentenção na fonte',0,'ISENTO','M04','M04 - Regime de Exclusão',0,'Regime Simplificado',47,77,4,1,'2023-10-25 12:18:49','2023-10-25 12:18:49'),(52,'LICENÇA MENSAL DE NOVEMBRO',25000.00,1,0.00,25000.00,'Sem rentenção na fonte',0,'ISENTO','M00','M00 - Regime Simplificado',0,'Regime Simplificado',48,47,1,1,'2023-11-08 09:09:32','2023-11-08 09:09:32'),(53,'LICENÇA MENSAL DE NOVEMBRO',10000.00,1,0.00,10000.00,'Sem rentenção na fonte',0,'ISENTO','M00','M00 - Regime Simplificado',0,'Regime Simplificado',49,11,1,1,'2023-11-08 09:10:31','2023-11-08 09:10:31'),(54,'LICENÇA MENSAL DE NOVEMBRO',27000.00,1,0.00,27000.00,'Sem rentenção na fonte',0,'ISENTO','M00','M00 - Regime Simplificado',0,'Regime Simplificado',50,69,1,1,'2023-11-08 09:12:17','2023-11-08 09:12:17'),(55,'Lencença mensal de software escolar.',30000.00,1,0.00,30000.00,'Sem rentenção na fonte',0,'ISENTO','M00','M00 - Regime Simplificado',0,'Regime Simplificado',51,79,1,1,'2023-11-13 07:48:14','2023-11-13 07:48:14'),(56,'Lencença mensal de software escolar.',30000.00,1,0.00,30000.00,'Sem rentenção na fonte',0,'ISENTO','M00','M00 - Regime Simplificado',0,'Regime Simplificado',52,79,1,1,'2023-11-16 10:27:25','2023-11-16 10:27:25'),(57,'Lencença mensal de software escolar.',30000.00,1,0.00,30000.00,'Sem rentenção na fonte',0,'ISENTO','M00','M00 - Regime Simplificado',0,'Regime Simplificado',53,79,1,1,'2023-11-16 10:28:03','2023-11-16 10:28:03'),(58,'Soft.Clínico-Pacote Essencial',45000.00,1,0.00,45000.00,'Sem rentenção na fonte',0,'ISENTO','M04','M04 - Regime de Exclusão',0,'Regime Simplificado',54,80,4,1,'2023-11-16 14:32:44','2023-11-16 14:32:44'),(59,'Soft.Clínico-Pacote Plus',75000.00,1,0.00,75000.00,'Sem rentenção na fonte',0,'ISENTO','M04','M04 - Regime de Exclusão',0,'Regime Simplificado',55,81,4,1,'2023-11-16 14:36:54','2023-11-16 14:36:54'),(60,'Soft.Clínico-Pacote Profissional',125000.00,1,0.00,125000.00,'Sem rentenção na fonte',0,'ISENTO','M04','M04 - Regime de Exclusão',0,'Regime Simplificado',56,82,4,1,'2023-11-16 14:38:03','2023-11-16 14:38:03'),(61,'Soft.Clínico-Pacote Master',250000.00,1,0.00,250000.00,'Sem rentenção na fonte',0,'ISENTO','M04','M04 - Regime de Exclusão',0,'Regime Simplificado',57,83,4,1,'2023-11-16 14:40:37','2023-11-16 14:40:37'),(62,'Taxa de Deslocação do Técnico',10000.00,1,0.00,10000.00,'Sem rentenção na fonte',0,'ISENTO','M04','M04 - Regime de Exclusão',0,'Regime Simplificado',58,84,4,1,'2023-11-16 15:00:51','2023-11-16 15:00:51'),(63,'Licença Mensal de Software Hospitalar',35000.00,1,0.00,35000.00,'Sem rentenção na fonte',0,'ISENTO','M00','M00 - Regime Simplificado',0,'Regime Simplificado',59,86,1,1,'2023-11-20 07:49:29','2023-11-20 07:49:29'),(64,'Lencença mensal de software escolar.',30000.00,1,0.00,30000.00,'Sem rentenção na fonte',0,'ISENTO','M00','M00 - Regime Simplificado',0,'Regime Simplificado',60,79,1,1,'2023-11-21 16:44:49','2023-11-21 16:44:49'),(65,'LICENÇA MENSAL DE FEVEREIRO',10000.00,1,0.00,10000.00,'Sem rentenção na fonte',0,'ISENTO','M00','M00 - Regime Simplificado',0,'Regime Simplificado',61,2,1,1,'2023-11-24 14:26:01','2023-11-24 14:26:01'),(66,'LICENÇA MENSAL DE JANEIRO',10000.00,1,0.00,10000.00,'Sem rentenção na fonte',0,'ISENTO','M00','M00 - Regime Simplificado',0,'Regime Simplificado',61,1,1,1,'2023-11-24 14:26:01','2023-11-24 14:26:01'),(67,'Licença Mensal do Software de gestão de Mecânica',46800.00,1,0.00,46800.00,'Sem rentenção na fonte',0,'ISENTO','M00','M00 - Regime Simplificado',0,'Regime Simplificado',62,87,1,1,'2023-12-01 09:25:03','2023-12-01 09:25:03'),(68,'LICENÇA MENSAL DE JANEIRO',10000.00,1,0.00,10000.00,'Sem rentenção na fonte',0,'ISENTO','M00','M00 - Regime Simplificado',0,'Regime Simplificado',63,1,1,1,'2023-12-01 14:15:47','2023-12-01 14:15:47'),(69,'Licença Mensal de Software Hospitalar',35000.00,1,0.00,35000.00,'Sem rentenção na fonte',0,'ISENTO','M00','M00 - Regime Simplificado',0,'Regime Simplificado',64,86,1,1,'2023-12-01 15:20:43','2023-12-01 15:20:43'),(70,'LICENÇA DE SETEMBRO-SOFT.COMERCIAL',30000.00,1,0.00,30000.00,'Sem rentenção na fonte',0,'ISENTO','M00','M00 - Regime Simplificado',0,'Regime Simplificado',65,71,1,1,'2023-12-01 15:53:13','2023-12-01 15:53:13'),(71,'Implementação de Software Escolar para 15 computadores',60000.00,1,20.00,48000.00,'Sem rentenção na fonte',0,'ISENTO','M00','M00 - Regime Simplificado',0,'Regime Simplificado',66,90,1,1,'2023-12-07 17:47:52','2023-12-07 17:47:52'),(72,'Implementação de Software Escolar para 15 computadores',60000.00,1,15.00,51000.00,'Sem rentenção na fonte',0,'ISENTO','M00','M00 - Regime Simplificado',0,'Regime Simplificado',67,90,1,1,'2023-12-07 17:51:21','2023-12-07 17:51:21'),(73,'Desevolvimento de Web Site com (Hospedagem e E-mail Corporativo)',700000.00,1,0.00,700000.00,'Sem rentenção na fonte',0,'ISENTO','M00','M00 - Regime Simplificado',0,'Regime Simplificado',68,91,1,1,'2023-12-08 13:17:09','2023-12-08 13:17:09'),(74,'LICENÇA MENSAL DE JANEIRO',10000.00,1,0.00,10000.00,'Sem rentenção na fonte',0,'ISENTO','M00','M00 - Regime Simplificado',0,'Regime Simplificado',69,1,1,1,'2023-12-14 12:58:52','2023-12-14 12:58:52'),(75,'LICENÇA MENSAL SOFTWARE DE GESTÃO ESCOLAR (PACOTE BÁSICO)',45000.00,1,0.00,45000.00,'Sem rentenção na fonte',0,'ISENTO','M00','M00 - Regime Simplificado',0,'Regime Simplificado',70,92,1,1,'2023-12-16 13:15:56','2023-12-16 13:15:56'),(76,'LICENÇA MENSAL SOFTWARE DE GESTÃO ESCOLAR (PACOTE MÉDIO)',65000.00,1,0.00,65000.00,'Sem rentenção na fonte',0,'ISENTO','M00','M00 - Regime Simplificado',0,'Regime Simplificado',71,92,1,1,'2023-12-16 13:20:49','2023-12-16 13:20:49'),(77,'LICENÇA MENSAL DE SOFTWARE DE GESTÃO E FATURAÇÃO INTEGRADO',30000.00,1,0.00,30000.00,'Sem rentenção na fonte',0,'ISENTO','M00','M00 - Regime Simplificado',0,'Regime Simplificado',72,95,1,1,'2023-12-21 09:57:35','2023-12-21 09:57:35'),(78,'LICENÇA DE DEZEMBRO',42000.00,1,0.00,42000.00,'Sem rentenção na fonte',0,'ISENTO','M00','M00 - Regime Simplificado',0,'Regime Simplificado',73,93,1,1,'2023-12-21 17:12:10','2023-12-21 17:12:10'),(79,'CRIAÇÃO DE WEB SISTE PACOTE PRIMIUM',395000.00,1,0.00,395000.00,'Sem rentenção na fonte',0,'ISENTO','M00','M00 - Regime Simplificado',0,'Regime Simplificado',74,97,1,1,'2024-01-16 09:33:25','2024-01-16 09:33:25'),(80,'Website',390000.00,1,0.00,390000.00,'Sem rentenção na fonte',0,'ISENTO','M04','M04 - Regime de Exclusão',0,'Regime Simplificado',75,96,4,1,'2024-01-22 07:59:06','2024-01-22 07:59:06'),(81,'LICENÇA DE SOFTWARE DE FATURAÇÃO SEM O RH',15000.00,1,0.00,15000.00,'Sem rentenção na fonte',0,'ISENTO','M00','M00 - Regime Simplificado',0,'Regime Simplificado',76,99,1,1,'2024-01-22 12:36:53','2024-01-22 12:36:53'),(82,'CRIAÇÃO DE WEB SISTE',450000.00,1,13.00,391500.00,'Sem rentenção na fonte',0,'ISENTO','M00','M00 - Regime Simplificado',0,'Regime Simplificado',76,100,1,1,'2024-01-22 12:36:53','2024-01-22 12:36:53'),(83,'GESTÃO DE Midia Social',40000.00,1,8.00,36800.00,'Sem rentenção na fonte',0,'ISENTO','M00','M00 - Regime Simplificado',0,'Regime Simplificado',76,102,1,1,'2024-01-22 12:36:53','2024-01-22 12:36:53'),(84,'CRIAÇÃO DE WEB SISTE',450000.00,1,13.00,391500.00,'Sem rentenção na fonte',0,'ISENTO','M00','M00 - Regime Simplificado',0,'Regime Simplificado',77,100,1,1,'2024-01-22 12:39:03','2024-01-22 12:39:03'),(85,'LICENÇA DE SOFTWARE DE FATURAÇÃO COM O RH',30000.00,1,0.00,30000.00,'Sem rentenção na fonte',0,'ISENTO','M00','M00 - Regime Simplificado',0,'Regime Simplificado',77,101,1,1,'2024-01-22 12:39:03','2024-01-22 12:39:03'),(86,'GESTÃO DE Midia Social',40000.00,1,8.00,36800.00,'Sem rentenção na fonte',0,'ISENTO','M00','M00 - Regime Simplificado',0,'Regime Simplificado',77,102,1,1,'2024-01-22 12:39:03','2024-01-22 12:39:03'),(87,'Licença Mensal Soft.Clínico-Pacote  Básico',45000.00,1,0.00,45000.00,'Sem rentenção na fonte',0,'ISENTO','M04','M04 - Regime de Exclusão',0,'Regime Simplificado',78,103,4,1,'2024-01-22 16:09:00','2024-01-22 16:09:00'),(88,'Licença Mensal Soft.Clínico-Pacote Master',75000.00,1,0.00,75000.00,'Sem rentenção na fonte',0,'ISENTO','M04','M04 - Regime de Exclusão',0,'Regime Simplificado',79,104,4,1,'2024-01-22 16:14:29','2024-01-22 16:14:29'),(89,'LICENÇA MENSAL DE ABRIL',15000.00,1,0.00,15000.00,'Sem rentenção na fonte',0,'ISENTO','M00','M00 - Regime Simplificado',0,'Regime Simplificado',80,17,1,1,'2024-01-24 08:11:45','2024-01-24 08:11:45'),(90,'LICENÇA MENSAL DE MARÇO',15000.00,1,0.00,15000.00,'Sem rentenção na fonte',0,'ISENTO','M00','M00 - Regime Simplificado',0,'Regime Simplificado',80,16,1,1,'2024-01-24 08:11:45','2024-01-24 08:11:45'),(91,'LICENÇA MENSAL DE FEVEREIRO',15000.00,1,0.00,15000.00,'Sem rentenção na fonte',0,'ISENTO','M00','M00 - Regime Simplificado',0,'Regime Simplificado',80,14,1,1,'2024-01-24 08:11:45','2024-01-24 08:11:45'),(92,'Soft.Comercial-Licença Mensal',15000.00,6,0.00,90000.00,'Sem rentenção na fonte',0,'ISENTO','M04','M04 - Regime de Exclusão',0,'Regime Simplificado',81,105,4,1,'2024-01-24 09:26:33','2024-01-24 09:26:33'),(93,'Licença Mensal Soft.Clínico-Pacote  Básico',45000.00,1,0.00,45000.00,'Sem rentenção na fonte',0,'ISENTO','M04','M04 - Regime de Exclusão',0,'Regime Simplificado',82,103,4,1,'2024-01-25 13:39:50','2024-01-25 13:39:50'),(94,'Licença Mensal Soft.Clínico-Pacote Master',75000.00,1,0.00,75000.00,'Sem rentenção na fonte',0,'ISENTO','M04','M04 - Regime de Exclusão',0,'Regime Simplificado',83,104,4,1,'2024-01-25 13:40:46','2024-01-25 13:40:46'),(95,'CRIAÇÃO DE WEBSISTE',350000.00,1,0.00,350000.00,'Sem rentenção na fonte',0,'ISENTO','M00','M00 - Regime Simplificado',0,'Regime Simplificado',84,97,1,1,'2024-02-02 14:06:04','2024-02-02 14:06:04'),(96,'Soft.Comercial-Licença Mensal',15000.00,12,0.00,180000.00,'Sem rentenção na fonte',0,'ISENTO','M04','M04 - Regime de Exclusão',0,'Regime Simplificado',85,105,4,1,'2024-02-02 14:08:12','2024-02-02 14:08:12'),(97,'GESTÃO DE Midia Social com Designer',45000.00,1,0.00,45000.00,'Sem rentenção na fonte',0,'ISENTO','M00','M00 - Regime Simplificado',0,'Regime Simplificado',86,107,1,1,'2024-02-07 12:02:34','2024-02-07 12:02:34'),(98,'CRIAÇÃO DE WEBSISTE',350000.00,1,0.00,350000.00,'Sem rentenção na fonte',0,'ISENTO','M00','M00 - Regime Simplificado',0,'Regime Simplificado',86,97,1,1,'2024-02-07 12:02:34','2024-02-07 12:02:34'),(99,'GESTÃO DE Midia Social com Designer',45000.00,1,0.00,45000.00,'Sem rentenção na fonte',0,'ISENTO','M00','M00 - Regime Simplificado',0,'Regime Simplificado',87,107,1,1,'2024-02-07 12:02:57','2024-02-07 12:02:57'),(100,'CRIAÇÃO DE WEBSISTE',350000.00,1,0.00,350000.00,'Sem rentenção na fonte',0,'ISENTO','M00','M00 - Regime Simplificado',0,'Regime Simplificado',87,97,1,1,'2024-02-07 12:02:57','2024-02-07 12:02:57'),(101,'Soft.Escolar-Licença Mensal',30000.00,1,0.00,30000.00,'Sem rentenção na fonte',0,'ISENTO','M04','M04 - Regime de Exclusão',0,'Regime Simplificado',88,108,4,1,'2024-02-09 16:54:28','2024-02-09 16:54:28'),(102,'Soft.Comercial-Licença Mensal',30000.00,1,0.00,30000.00,'Sem rentenção na fonte',0,'ISENTO','M04','M04 - Regime de Exclusão',0,'Regime Simplificado',89,105,4,1,'2024-02-15 12:13:07','2024-02-15 12:13:07'),(103,'Desenvolvimento de e-Commerce',750000.00,1,0.00,750000.00,'Sem rentenção na fonte',0,'ISENTO','M04','M04 - Regime de Exclusão',0,'Regime Simplificado',90,77,4,1,'2024-03-06 08:25:24','2024-03-06 08:25:24'),(104,'LICENÇA MENSAL DE AGOSTO',15000.00,1,0.00,15000.00,'Sem rentenção na fonte',0,'ISENTO','M00','M00 - Regime Simplificado',0,'Regime Simplificado',91,21,1,1,'2024-03-06 08:47:22','2024-03-06 08:47:22'),(105,'LICENÇA MENSAL DE JULHO',15000.00,1,0.00,15000.00,'Sem rentenção na fonte',0,'ISENTO','M00','M00 - Regime Simplificado',0,'Regime Simplificado',91,19,1,1,'2024-03-06 08:47:22','2024-03-06 08:47:22'),(106,'Desenvolvimento WebSite Pacote Essencial',350000.00,1,0.00,350000.00,'Sem rentenção na fonte',0,'ISENTO','M00','M00 - Regime Simplificado',0,'Regime Simplificado',92,110,1,1,'2024-03-07 09:33:52','2024-03-07 09:33:52'),(107,'Implementação de Software Escolar Pacote Basico',44000.00,1,0.00,44000.00,'Sem rentenção na fonte',0,'ISENTO','M00','M00 - Regime Simplificado',0,'Regime Simplificado',93,90,1,1,'2024-03-21 07:43:44','2024-03-21 07:43:44'),(108,'LICENÇA MENSAL DESISTEMA DE PRAÇA',30000.00,1,0.00,30000.00,'Sem rentenção na fonte',0,'ISENTO','M00','M00 - Regime Simplificado',0,'Regime Simplificado',94,115,1,1,'2024-03-23 16:22:58','2024-03-23 16:22:58'),(109,'PErsonalização do sistema',58500.00,1,0.00,58500.00,'Sem rentenção na fonte',0,'ISENTO','M00','M00 - Regime Simplificado',0,'Regime Simplificado',94,114,1,1,'2024-03-23 16:22:58','2024-03-23 16:22:58'),(110,'Implementação de servidor HP Proliant 360 9G.',900000.00,1,0.00,900000.00,'Sem rentenção na fonte',0,'ISENTO','M00','M00 - Regime Simplificado',0,'Regime Simplificado',95,117,1,1,'2024-04-12 09:27:15','2024-04-12 09:27:15'),(111,'Desenvolvimento de e-Commerce',750000.00,1,0.00,750000.00,'Sem rentenção na fonte',0,'ISENTO','M04','M04 - Regime de Exclusão',0,'Regime Simplificado',96,77,4,1,'2024-04-13 12:27:47','2024-04-13 12:27:47'),(112,'LICENÇA MENSAL DE FEVEREIRO',10000.00,1,0.00,10000.00,'Sem rentenção na fonte',0,'ISENTO','M00','M00 - Regime Simplificado',0,'Regime Simplificado',97,2,1,1,'2024-04-15 08:52:59','2024-04-15 08:52:59'),(113,'Desevolvimento de App para Loja',6545000.00,1,0.00,6545000.00,'Sem rentenção na fonte',0,'ISENTO','M00','M00 - Regime Simplificado',0,'Regime Simplificado',104,1,1,1,'2024-04-15 09:00:14','2024-04-15 09:00:14'),(114,'Soft. Escolar/ Licença Mensal',42000.00,1,0.00,42000.00,'Sem rentenção na fonte',0,'ISENTO','M00','M00 - Regime Simplificado',0,'Regime Simplificado',105,123,1,1,'2024-04-19 15:43:55','2024-04-19 15:43:55'),(115,'Desenvolvimento WebSite',300000.00,1,0.00,300000.00,'Sem rentenção na fonte',0,'ISENTO','M00','M00 - Regime Simplificado',0,'Regime Simplificado',106,121,1,1,'2024-05-06 10:40:27','2024-05-06 10:40:27'),(116,'1ª Prstação do Desenvol. de Website',100000.00,1,0.00,100000.00,'Sem rentenção na fonte',0,'ISENTO','M00','M00 - Regime Simplificado',0,'Regime Simplificado',107,131,1,1,'2024-05-07 11:51:52','2024-05-07 11:51:52'),(117,'Implementação de Serviço de Power B.I',2700000.00,1,0.00,2700000.00,'Sem rentenção na fonte',0,'ISENTO','M04','M04 - Regime de Exclusão',0,'Regime Simplificado',108,132,4,1,'2024-05-14 12:43:41','2024-05-14 12:43:41'),(118,'Licença mensal Soft. de Gestão Hospitalar',45000.00,1,0.00,45000.00,'Sem rentenção na fonte',0,'ISENTO','M00','M00 - Regime Simplificado',0,'Regime Simplificado',109,1,1,1,'2024-05-27 11:02:14','2024-05-27 11:02:14'),(119,'Licença mensal Soft. de Gestão Hospitalar',45000.00,12,0.00,540000.00,'Sem rentenção na fonte',0,'ISENTO','M00','M00 - Regime Simplificado',0,'Regime Simplificado',111,1,1,1,'2024-05-27 13:58:19','2024-05-27 13:58:19'),(120,'Licença mensal Soft. de Gestão Hospitalar',45000.00,12,0.00,540000.00,'Sem rentenção na fonte',0,'ISENTO','M00','M00 - Regime Simplificado',0,'Regime Simplificado',110,1,1,1,'2024-05-27 13:58:19','2024-05-27 13:58:19'),(121,'[DG7GMGF0D7D8] Microsoft Project Standard 2021',1015202.96,7,0.00,7106420.72,'Sem rentenção na fonte',0,'IVA',NULL,'IVA',14,NULL,112,136,2,1,'2024-05-28 11:07:03','2024-05-28 11:07:03'),(122,'Taxa de Deslocação para implemetação',10000.00,1,0.00,10000.00,'Sem rentenção na fonte',0,'ISENTO','M00','M00 - Regime Simplificado',0,'Regime Simplificado',113,134,1,1,'2024-05-28 11:09:06','2024-05-28 11:09:06'),(123,'LICENÇA MENSAL DE JULHO',24166.00,1,0.00,24166.00,'Sem rentenção na fonte',0,'ISENTO','M00','M00 - Regime Simplificado',0,'Regime Simplificado',114,55,1,1,'2024-05-30 11:36:09','2024-05-30 11:36:09'),(124,'LICENÇA MENSAL DE JUNHO',24166.00,1,0.00,24166.00,'Sem rentenção na fonte',0,'ISENTO','M00','M00 - Regime Simplificado',0,'Regime Simplificado',114,54,1,1,'2024-05-30 11:36:09','2024-05-30 11:36:09'),(125,'Biometricos Impressões digitais',300000.00,14,0.00,4200000.00,'Sem rentenção na fonte',0,'IVA',NULL,'IVA',14,NULL,115,156,2,1,'2024-06-26 07:20:33','2024-06-26 07:20:33'),(126,'Licença Mensal de Software de RH',42400.00,1,0.00,42400.00,'Sem rentenção na fonte',0,'ISENTO','M00','M00 - Regime Simplificado',0,'Regime Simplificado',116,157,1,1,'2024-06-26 07:21:37','2024-06-26 07:21:37'),(127,'Licença Mensal de Software de RH',42400.00,14,0.00,593600.00,'Sem rentenção na fonte',0,'ISENTO','M00','M00 - Regime Simplificado',0,'Regime Simplificado',117,157,1,1,'2024-06-26 07:22:02','2024-06-26 07:22:02'),(128,'Licença Mensal de Software de RH',42400.00,14,0.00,593600.00,'Sem rentenção na fonte',0,'ISENTO','M00','M00 - Regime Simplificado',0,'Regime Simplificado',118,157,1,1,'2024-06-26 07:22:58','2024-06-26 07:22:58'),(129,'Biometricos Impressões digitais',300000.00,14,0.00,4200000.00,'Sem rentenção na fonte',0,'IVA',NULL,'IVA',14,NULL,118,156,2,1,'2024-06-26 07:22:58','2024-06-26 07:22:58'),(130,'Licença Mensal de Software de RH',42400.00,1,0.00,42400.00,'Sem rentenção na fonte',0,'ISENTO','M00','M00 - Regime Simplificado',0,'Regime Simplificado',119,157,1,1,'2024-06-26 07:23:51','2024-06-26 07:23:51'),(131,'Biometricos Impressões digitais',300000.00,14,0.00,4200000.00,'Sem rentenção na fonte',0,'IVA',NULL,'IVA',14,NULL,119,156,2,1,'2024-06-26 07:23:51','2024-06-26 07:23:51'),(132,'Biometricos Impressões digitais Hickvison',300000.00,14,0.00,4200000.00,'Sem rentenção na fonte',0,'IVA',NULL,'IVA',14,NULL,120,158,2,1,'2024-06-26 07:41:56','2024-06-26 07:41:56'),(133,'Licença Mensal de Software de RH',42400.00,14,0.00,593600.00,'Sem rentenção na fonte',0,'ISENTO','M00','M00 - Regime Simplificado',0,'Regime Simplificado',120,157,1,1,'2024-06-26 07:41:56','2024-06-26 07:41:56'),(134,'Biometricos Impressões digitais Hickvison',300000.00,14,0.00,4200000.00,'Sem rentenção na fonte',0,'IVA',NULL,'IVA',14,NULL,121,158,2,1,'2024-06-26 07:42:40','2024-06-26 07:42:40'),(135,'Licença Mensal de Software de RH',42400.00,14,0.00,593600.00,'Sem rentenção na fonte',0,'ISENTO','M00','M00 - Regime Simplificado',0,'Regime Simplificado',121,157,1,1,'2024-06-26 07:42:40','2024-06-26 07:42:40'),(136,'Licença Mensal de Software de RH',42400.00,14,0.00,593600.00,'Sem rentenção na fonte',0,'ISENTO','M00','M00 - Regime Simplificado',0,'Regime Simplificado',122,157,1,1,'2024-06-26 07:44:59','2024-06-26 07:44:59'),(137,'Biometricos Impressões digitais ZKteko e Hickvison',300000.00,14,0.00,4200000.00,'Sem rentenção na fonte',0,'IVA',NULL,'IVA',14,NULL,122,156,2,1,'2024-06-26 07:44:59','2024-06-26 07:44:59'),(138,'Licença Mensal de Software de RH',42400.00,14,0.00,593600.00,'Sem rentenção na fonte',0,'ISENTO','M00','M00 - Regime Simplificado',0,'Regime Simplificado',123,157,1,1,'2024-06-26 08:24:34','2024-06-26 08:24:34'),(139,'Biometricos Impressões digitais ZKteko e Hickvison',300000.00,14,0.00,4200000.00,'Sem rentenção na fonte',0,'IVA',NULL,'IVA',14,NULL,123,156,2,1,'2024-06-26 08:24:34','2024-06-26 08:24:34'),(140,'Formação 2 horas por dia',60000.00,14,0.00,840000.00,'Sem rentenção na fonte',0,'ISENTO','M00','M00 - Regime Simplificado',0,'Regime Simplificado',123,159,1,1,'2024-06-26 08:24:34','2024-06-26 08:24:34'),(141,'Licença Mensal de Software de RH',40000.00,14,0.00,560000.00,'Sem rentenção na fonte',0,'ISENTO','M00','M00 - Regime Simplificado',0,'Regime Simplificado',124,157,1,1,'2024-06-26 11:01:23','2024-06-26 11:01:23'),(142,'Biometricos Impressões digitais ZKteko e Hickvison',300000.00,14,0.00,4200000.00,'Sem rentenção na fonte',0,'ISENTO','M00','M00 - Regime Simplificado',0,'Regime Simplificado',124,156,1,1,'2024-06-26 11:01:23','2024-06-26 11:01:23'),(143,'Formação 2 horas por dia',60000.00,14,0.00,840000.00,'Sem rentenção na fonte',0,'ISENTO','M00','M00 - Regime Simplificado',0,'Regime Simplificado',124,159,1,1,'2024-06-26 11:01:23','2024-06-26 11:01:23'),(144,'FONTE DE ALIMENTAÇÃO 12v',101424.25,1,0.00,101424.25,'Sem rentenção na fonte',0,'ISENTO','M00','M00 - Regime Simplificado',0,'Regime Simplificado',125,155,1,1,'2024-06-26 15:45:40','2024-06-26 15:45:40'),(145,'ZKTECO UHF1-TAG4',1110.22,500,0.00,555110.00,'Sem rentenção na fonte',0,'ISENTO','M00','M00 - Regime Simplificado',0,'Regime Simplificado',125,153,1,1,'2024-06-26 15:45:40','2024-06-26 15:45:40'),(146,'ZKTECO CENTRAL CONTROL ACESSO COM CAIXA METAL INBIO 460 PRO',823400.00,1,0.00,823400.00,'Sem rentenção na fonte',0,'ISENTO','M00','M00 - Regime Simplificado',0,'Regime Simplificado',125,147,1,1,'2024-06-26 15:45:40','2024-06-26 15:45:40'),(147,'ZKTECO CANCELA COM BARREIRA 6M R',712327.98,1,0.00,712327.98,'Sem rentenção na fonte',0,'ISENTO','M00','M00 - Regime Simplificado',0,'Regime Simplificado',125,145,1,1,'2024-06-26 15:45:40','2024-06-26 15:45:40'),(148,'ZKTECO CANCELA COM BARREIRA 6M L',712327.98,1,0.00,712327.98,'Sem rentenção na fonte',0,'ISENTO','M00','M00 - Regime Simplificado',0,'Regime Simplificado',125,144,1,1,'2024-06-26 15:45:40','2024-06-26 15:45:40'),(149,'ZK Torniquete 2 SpeedfaceV5L',16980987.86,1,0.00,16980987.86,'Sem rentenção na fonte',0,'ISENTO','M00','M00 - Regime Simplificado',0,'Regime Simplificado',125,143,1,1,'2024-06-26 15:45:40','2024-06-26 15:45:40'),(150,'ZKTECO BOTÃO DE SAIDA EX-802/INTERRUPTOR',5640.75,2,0.00,11281.50,'Sem rentenção na fonte',0,'ISENTO','M00','M00 - Regime Simplificado',0,'Regime Simplificado',125,154,1,1,'2024-06-26 15:45:40','2024-06-26 15:45:40'),(151,'ZKTECO BIOMETRICO DE RECONHECIMENTO FACIAL MB10-VL',141927.25,2,0.00,283854.50,'Sem rentenção na fonte',0,'ISENTO','M00','M00 - Regime Simplificado',0,'Regime Simplificado',125,152,1,1,'2024-06-26 15:45:40','2024-06-26 15:45:40'),(152,'HIKV TERMINAL DE RECONHECIMENTO FACIAL DS-K1T341CMFW',291986.15,2,0.00,583972.30,'Sem rentenção na fonte',0,'ISENTO','M00','M00 - Regime Simplificado',0,'Regime Simplificado',125,151,1,1,'2024-06-26 15:45:40','2024-06-26 15:45:40'),(153,'ZKTECO SUPORTE FECHADURA LM-2802 E LM-2805 LMB280L + LMB280Z',39335.75,2,0.00,78671.50,'Sem rentenção na fonte',0,'ISENTO','M00','M00 - Regime Simplificado',0,'Regime Simplificado',125,150,1,1,'2024-06-26 15:45:40','2024-06-26 15:45:40'),(154,'ZKTECO FECHADURA MAGNÉTICA LM-2805',62364.50,2,0.00,124729.00,'Sem rentenção na fonte',0,'ISENTO','M00','M00 - Regime Simplificado',0,'Regime Simplificado',125,149,1,1,'2024-06-26 15:45:40','2024-06-26 15:45:40'),(155,'ZKTECO LEITOR DE CARTÃO MF KR602M',54247.50,2,0.00,108495.00,'Sem rentenção na fonte',0,'ISENTO','M00','M00 - Regime Simplificado',0,'Regime Simplificado',125,148,1,1,'2024-06-26 15:45:40','2024-06-26 15:45:40'),(156,'ZKTECO RFID UHF READER UHFE-10E',364929.50,2,0.00,729859.00,'Sem rentenção na fonte',0,'ISENTO','M00','M00 - Regime Simplificado',0,'Regime Simplificado',125,146,1,1,'2024-06-26 15:45:40','2024-06-26 15:45:40'),(157,'Licença Mensal de Software de RH',40000.00,14,0.00,560000.00,'Sem rentenção na fonte',0,'ISENTO','M00','M00 - Regime Simplificado',0,'Regime Simplificado',126,157,1,1,'2024-06-26 15:50:55','2024-06-26 15:50:55'),(158,'Integração do Sistema com Biometrico',840000.00,1,0.00,840000.00,'Sem rentenção na fonte',0,'ISENTO','M00','M00 - Regime Simplificado',0,'Regime Simplificado',126,159,1,1,'2024-06-26 15:50:55','2024-06-26 15:50:55'),(159,'ZKTECO e Hickvison BIOMETRICO BIOMETRICOFACIAL',300000.00,14,0.00,4200000.00,'Sem rentenção na fonte',0,'ISENTO','M00','M00 - Regime Simplificado',0,'Regime Simplificado',126,156,1,1,'2024-06-26 15:50:55','2024-06-26 15:50:55'),(160,'CAIXA DE CABOS UTP CAT6',195000.00,4,0.00,780000.00,'Sem rentenção na fonte',0,'ISENTO','M00','M00 - Regime Simplificado',0,'Regime Simplificado',126,160,1,1,'2024-06-26 15:50:55','2024-06-26 15:50:55'),(161,'CONECTORES RJ45 CAT6 PACK',195000.00,1,0.00,195000.00,'Sem rentenção na fonte',0,'ISENTO','M00','M00 - Regime Simplificado',0,'Regime Simplificado',126,161,1,1,'2024-06-26 15:50:55','2024-06-26 15:50:55'),(162,'PatchCord Cat6 2MTS',16900.00,14,0.00,236600.00,'Sem rentenção na fonte',0,'ISENTO','M00','M00 - Regime Simplificado',0,'Regime Simplificado',126,162,1,1,'2024-06-26 15:50:55','2024-06-26 15:50:55'),(163,'SERVIÇO DE INSTALAÇÃO BIOMETRICOS',65000.00,14,0.00,910000.00,'Sem rentenção na fonte',0,'ISENTO','M00','M00 - Regime Simplificado',0,'Regime Simplificado',126,163,1,1,'2024-06-26 15:50:55','2024-06-26 15:50:55'),(164,'SERVIÇO DE INSTALAÇÃO BIOMETRICOS',65000.00,4,0.00,260000.00,'Sem rentenção na fonte',0,'ISENTO','M00','M00 - Regime Simplificado',0,'Regime Simplificado',127,163,1,1,'2024-06-27 17:33:53','2024-06-27 17:33:53'),(165,'CARTÃO MEMORIA CS-CMT-CARDT64G-D EZVIZ',13254.99,4,0.00,53019.96,'Sem rentenção na fonte',0,'ISENTO','M00','M00 - Regime Simplificado',0,'Regime Simplificado',127,165,1,1,'2024-06-27 17:33:53','2024-06-27 17:33:53'),(166,'Licença Mensal Software de RH',40000.00,1,0.00,40000.00,'Sem rentenção na fonte',0,'ISENTO','M00','M00 - Regime Simplificado',0,'Regime Simplificado',128,179,1,1,'2024-07-08 16:22:53','2024-07-08 16:22:53'),(167,'Licença Mensal-Software Comercial',17000.00,1,0.00,17000.00,'Sem rentenção na fonte',0,'ISENTO','M00','M00 - Regime Simplificado',0,'Regime Simplificado',128,180,1,1,'2024-07-08 16:22:53','2024-07-08 16:22:53'),(168,'Implementação Cegid Primavera',1345857.00,1,0.00,1345857.00,'Sem rentenção na fonte',0,'ISENTO','M00','M00 - Regime Simplificado',0,'Regime Simplificado',129,178,1,1,'2024-07-08 16:34:33','2024-07-08 16:34:33'),(169,'Licença Cegid Primavera',1445469.00,1,0.00,1445469.00,'Sem rentenção na fonte',0,'ISENTO','M00','M00 - Regime Simplificado',0,'Regime Simplificado',129,177,1,1,'2024-07-08 16:34:33','2024-07-08 16:34:33'),(170,'Licença Cegid Primavera',1445469.00,1,0.00,1445469.00,'Sem rentenção na fonte',0,'ISENTO','M00','M00 - Regime Simplificado',0,'Regime Simplificado',130,177,1,1,'2024-07-08 16:36:52','2024-07-08 16:36:52'),(171,'Implementação Cegid Primavera',1345857.00,1,0.00,1345857.00,'Sem rentenção na fonte',0,'ISENTO','M00','M00 - Regime Simplificado',0,'Regime Simplificado',130,178,1,1,'2024-07-08 16:36:52','2024-07-08 16:36:52'),(172,'Licença mensal de Website',35000.00,1,0.00,35000.00,'Sem rentenção na fonte',0,'ISENTO','M00','M00 - Regime Simplificado',0,'Regime Simplificado',131,135,1,1,'2024-07-09 11:36:16','2024-07-09 11:36:16'),(173,'Desenvol. de Website Com area administrativa',60000.00,1,0.00,60000.00,'Sem rentenção na fonte',0,'ISENTO','M00','M00 - Regime Simplificado',0,'Regime Simplificado',132,131,1,1,'2024-07-09 11:49:06','2024-07-09 11:49:06'),(174,'Licença mensal Soft. de Gestão Clínico( Pacote básico )',45000.00,1,0.00,45000.00,'Sem rentenção na fonte',0,'ISENTO','M00','M00 - Regime Simplificado',0,'Regime Simplificado',133,1,1,1,'2024-07-11 16:33:34','2024-07-11 16:33:34'),(175,'Licença mensal Soft. de Gestão Clínico( Pacote Premium )',60000.00,1,0.00,60000.00,'Sem rentenção na fonte',0,'ISENTO','M00','M00 - Regime Simplificado',0,'Regime Simplificado',134,181,1,1,'2024-07-11 16:35:08','2024-07-11 16:35:08'),(176,'LICENÇA MENSAL DE Software Comercial',15000.00,1,0.00,15000.00,'Sem rentenção na fonte',0,'ISENTO','M00','M00 - Regime Simplificado',0,'Regime Simplificado',135,13,1,1,'2024-07-17 14:23:42','2024-07-17 14:23:42'),(177,'Licença mensal Soft. de Gestão Clínico( Pacote básico )',45000.00,1,0.00,45000.00,'Sem rentenção na fonte',0,'ISENTO','M00','M00 - Regime Simplificado',0,'Regime Simplificado',136,1,1,1,'2024-07-19 09:29:43','2024-07-19 09:29:43'),(178,'Licença Trimestral Soft. de Gestão Clínico( Pacote básico )',135000.00,1,0.00,135000.00,'Sem rentenção na fonte',0,'ISENTO','M00','M00 - Regime Simplificado',0,'Regime Simplificado',137,1,1,1,'2024-07-19 09:53:58','2024-07-19 09:53:58'),(179,'Integrador Primavera e Gestão Clínica',110250.00,40,0.00,4410000.00,'Sem rentenção na fonte',0,'ISENTO','M04','M04 - Regime de Exclusão',0,'Regime Simplificado',138,183,4,1,'2024-07-19 09:55:42','2024-07-19 09:55:42'),(180,'Licença mensal de Software de Facturação.',17000.00,1,0.00,17000.00,'Sem rentenção na fonte',0,'ISENTO','M00','M00 - Regime Simplificado',0,'Regime Simplificado',139,185,1,1,'2024-07-23 10:37:27','2024-07-23 10:37:27'),(181,'Licença Trimestarl do Software de Facturação.',51000.00,1,0.00,51000.00,'Sem rentenção na fonte',0,'ISENTO','M00','M00 - Regime Simplificado',0,'Regime Simplificado',140,186,1,1,'2024-07-23 11:12:27','2024-07-23 11:12:27'),(182,'Licença mensal de Software de RH',40000.00,1,0.00,40000.00,'Sem rentenção na fonte',0,'ISENTO','M00','M00 - Regime Simplificado',0,'Regime Simplificado',141,187,1,1,'2024-07-23 11:15:25','2024-07-23 11:15:25'),(183,'Licença mensal de Software de Facturação.',17000.00,1,0.00,17000.00,'Sem rentenção na fonte',0,'ISENTO','M00','M00 - Regime Simplificado',0,'Regime Simplificado',142,185,1,1,'2024-07-24 07:47:33','2024-07-24 07:47:33'),(184,'Licença Mensal Soft. de Gestão Clínico( Recepção, Triagem, Dr.Clinico, Laboratório )',39000.00,1,0.00,39000.00,'Sem rentenção na fonte',0,'ISENTO','M00','M00 - Regime Simplificado',0,'Regime Simplificado',143,1,1,1,'2024-08-07 11:31:20','2024-08-07 11:31:20'),(185,'Licença Mensal Soft. de Gestão Clínico( Recepção, Triagem, Dr.Clinico, Laboratório , faturação)',49000.00,1,0.00,49000.00,'Sem rentenção na fonte',0,'ISENTO','M00','M00 - Regime Simplificado',0,'Regime Simplificado',144,190,1,1,'2024-08-07 11:32:54','2024-08-07 11:32:54'),(186,'Treinamento Sobre Gestão de Software  2h',30000.00,1,0.00,30000.00,'Sem rentenção na fonte',0,'ISENTO','M00','M00 - Regime Simplificado',0,'Regime Simplificado',145,200,1,1,'2024-08-08 09:53:19','2024-08-08 09:53:19'),(187,'Website com 3 e-mails coorporativos',350000.00,1,0.00,350000.00,'Sem rentenção na fonte',0,'ISENTO','M00','M00 - Regime Simplificado',0,'Regime Simplificado',146,208,1,1,'2024-08-13 09:27:54','2024-08-13 09:27:54'),(188,'Pacote de 5 e-mails coorporativos',150000.00,1,0.00,150000.00,'Sem rentenção na fonte',0,'ISENTO','M00','M00 - Regime Simplificado',0,'Regime Simplificado',147,207,1,1,'2024-08-13 09:28:35','2024-08-13 09:28:35'),(189,'Pacote de 3 e-mails coorporativos',85000.00,1,0.00,85000.00,'Sem rentenção na fonte',0,'ISENTO','M00','M00 - Regime Simplificado',0,'Regime Simplificado',148,206,1,1,'2024-08-13 09:29:25','2024-08-13 09:29:25'),(190,'Licença mensal de Software de Facturação',10000.00,1,0.00,10000.00,'Sem rentenção na fonte',0,'ISENTO','M00','M00 - Regime Simplificado',0,'Regime Simplificado',149,209,1,1,'2024-08-14 07:48:51','2024-08-14 07:48:51'),(191,'HIKV NVR DS-7616NXI-K1 ACUSENSE SERIE',198000.00,2,0.00,396000.00,'Sem rentenção na fonte',0,'ISENTO','M00','M00 - Regime Simplificado',0,'Regime Simplificado',150,236,1,1,'2024-08-16 11:59:08','2024-08-16 11:59:08'),(192,'Caixa Cabo de rade Cat6 305Mts',414242.88,12,0.00,4970914.56,'Sem rentenção na fonte',0,'ISENTO','M00','M00 - Regime Simplificado',0,'Regime Simplificado',150,235,1,1,'2024-08-16 11:59:08','2024-08-16 11:59:08'),(193,'Conectores rj45 pacote',15565.07,2,0.00,31130.14,'Sem rentenção na fonte',0,'ISENTO','M00','M00 - Regime Simplificado',0,'Regime Simplificado',150,234,1,1,'2024-08-16 11:59:08','2024-08-16 11:59:08'),(194,'HDMI SPLITTER 4 OUTPUT',61930.00,1,0.00,61930.00,'Sem rentenção na fonte',0,'ISENTO','M00','M00 - Regime Simplificado',0,'Regime Simplificado',150,233,1,1,'2024-08-16 11:59:08','2024-08-16 11:59:08'),(195,'32',229829.11,2,0.00,459658.22,'Sem rentenção na fonte',0,'ISENTO','M00','M00 - Regime Simplificado',0,'Regime Simplificado',150,232,1,1,'2024-08-16 11:59:08','2024-08-16 11:59:08'),(196,'ZKZ REMOTE INDICADOR 681-001',5264.85,1,0.00,5264.85,'Sem rentenção na fonte',0,'ISENTO','M00','M00 - Regime Simplificado',0,'Regime Simplificado',150,231,1,1,'2024-08-16 11:59:08','2024-08-16 11:59:08'),(197,'ZKZ DETECTOR DE CALOR CONVENCIONAL HD-503-2',8588.99,1,0.00,8588.99,'Sem rentenção na fonte',0,'ISENTO','M00','M00 - Regime Simplificado',0,'Regime Simplificado',150,230,1,1,'2024-08-16 11:59:08','2024-08-16 11:59:08'),(198,'ZKZ DETECTOR DE FUMAÇA CONVENCIONAL SD-602-2',6569.26,17,0.00,111677.42,'Sem rentenção na fonte',0,'ISENTO','M00','M00 - Regime Simplificado',0,'Regime Simplificado',150,229,1,1,'2024-08-16 11:59:08','2024-08-16 11:59:08'),(199,'HIKV CONTACTO MAGNETICO PARA JANELA DS-PD1-MC-MS',20677.70,2,0.00,41355.40,'Sem rentenção na fonte',0,'ISENTO','M00','M00 - Regime Simplificado',0,'Regime Simplificado',150,220,1,1,'2024-08-16 11:59:08','2024-08-16 11:59:08'),(200,'HIKV DETECTOR DE MOVIMENTO COM FIO DS-PDP18-EG2',12862.16,4,0.00,51448.64,'Sem rentenção na fonte',0,'ISENTO','M00','M00 - Regime Simplificado',0,'Regime Simplificado',150,228,1,1,'2024-08-16 11:59:08','2024-08-16 11:59:08'),(201,'HIKV TECLADO USB DS-1005KI',338137.80,1,0.00,338137.80,'Sem rentenção na fonte',0,'ISENTO','M00','M00 - Regime Simplificado',0,'Regime Simplificado',150,227,1,1,'2024-08-16 11:59:08','2024-08-16 11:59:08'),(202,'HIKV SISTEMA DE ALARME DS-19A08-01BNG',557112.19,1,0.00,557112.19,'Sem rentenção na fonte',0,'ISENTO','M00','M00 - Regime Simplificado',0,'Regime Simplificado',150,226,1,1,'2024-08-16 11:59:08','2024-08-16 11:59:08'),(203,'UDA ARMARIO 12U 600*400*530',106640.71,1,0.00,106640.71,'Sem rentenção na fonte',0,'ISENTO','M00','M00 - Regime Simplificado',0,'Regime Simplificado',150,225,1,1,'2024-08-16 11:59:08','2024-08-16 11:59:08'),(204,'UDA SWITCH POE DE 24 PS326G-F',283247.17,2,0.00,566494.34,'Sem rentenção na fonte',0,'ISENTO','M00','M00 - Regime Simplificado',0,'Regime Simplificado',150,224,1,1,'2024-08-16 11:59:08','2024-08-16 11:59:08'),(205,'HIKV MONITOR DS-D5032HE',257310.88,2,0.00,514621.76,'Sem rentenção na fonte',0,'ISENTO','M00','M00 - Regime Simplificado',0,'Regime Simplificado',150,223,1,1,'2024-08-16 11:59:08','2024-08-16 11:59:08'),(206,'SEAGATE ST HDD 8TB ST8000VX009',493046.75,6,0.00,2958280.50,'Sem rentenção na fonte',0,'ISENTO','M00','M00 - Regime Simplificado',0,'Regime Simplificado',150,222,1,1,'2024-08-16 11:59:08','2024-08-16 11:59:08'),(207,'HIKV CAMERA DS-2CD2123G2-IU 2.8MM 2MP DOME',159759.64,27,0.00,4313510.28,'Sem rentenção na fonte',0,'ISENTO','M00','M00 - Regime Simplificado',0,'Regime Simplificado',150,221,1,1,'2024-08-16 11:59:08','2024-08-16 11:59:08'),(208,'HIKV CONTACTO MAGNETICO PARA JANELA DS-PD1-MC-MS',20677.70,13,0.00,268810.10,'Sem rentenção na fonte',0,'ISENTO','M00','M00 - Regime Simplificado',0,'Regime Simplificado',150,220,1,1,'2024-08-16 11:59:08','2024-08-16 11:59:08'),(209,'ZKTECO CAIXA DE BOTAO DE SAIDA ED101',14783.38,11,0.00,162617.18,'Sem rentenção na fonte',0,'ISENTO','M00','M00 - Regime Simplificado',0,'Regime Simplificado',150,219,1,1,'2024-08-16 11:59:08','2024-08-16 11:59:08'),(210,'ZKTECO BOTAO DE SAIDA/INTERRUPTOR EX-802',4869.07,11,0.00,53559.77,'Sem rentenção na fonte',0,'ISENTO','M00','M00 - Regime Simplificado',0,'Regime Simplificado',150,218,1,1,'2024-08-16 11:59:08','2024-08-16 11:59:08'),(211,'UDA CARREGADOR 12V2A UDA-C02A-N1',3729.56,1,0.00,3729.56,'Sem rentenção na fonte',0,'ISENTO','M00','M00 - Regime Simplificado',0,'Regime Simplificado',150,217,1,1,'2024-08-16 11:59:08','2024-08-16 11:59:08'),(212,'ZKTECO SUPORTE DA FECHADURA MAGNETICA LM-2805-U',10951.97,6,0.00,65711.82,'Sem rentenção na fonte',0,'ISENTO','M00','M00 - Regime Simplificado',0,'Regime Simplificado',150,216,1,1,'2024-08-16 11:59:08','2024-08-16 11:59:08'),(213,'ZKTECO SUPORTE PARA FECHADURA LM-2802 E LM-2805 LMB280L + LMB280Z',49919.70,7,0.00,349437.90,'Sem rentenção na fonte',0,'ISENTO','M00','M00 - Regime Simplificado',0,'Regime Simplificado',150,215,1,1,'2024-08-16 11:59:08','2024-08-16 11:59:08'),(214,'ZKTECO FECHADURA MAGNÉTICA LM-2805',62364.50,13,0.00,810738.50,'Sem rentenção na fonte',0,'ISENTO','M00','M00 - Regime Simplificado',0,'Regime Simplificado',150,149,1,1,'2024-08-16 11:59:08','2024-08-16 11:59:08'),(215,'HIKV LEITOR DE CARTAO E IMP. DIGITAL DS-K1201MF',164596.17,16,0.00,2633538.72,'Sem rentenção na fonte',0,'ISENTO','M00','M00 - Regime Simplificado',0,'Regime Simplificado',150,213,1,1,'2024-08-16 11:59:08','2024-08-16 11:59:08'),(216,'HIKV CONTROLE DE ACESSO DS-K2602T',319429.44,8,0.00,2555435.52,'Sem rentenção na fonte',0,'ISENTO','M00','M00 - Regime Simplificado',0,'Regime Simplificado',150,212,1,1,'2024-08-16 11:59:08','2024-08-16 11:59:08'),(217,'Software de Gestão Comercial e Faturação',10000.00,1,0.00,10000.00,'Sem rentenção na fonte',0,'ISENTO','M00','M00 - Regime Simplificado',0,'Regime Simplificado',151,238,1,1,'2024-08-19 12:37:37','2024-08-19 12:37:37'),(218,'Bosch 4 zone conventional fire panel',804129.38,1,0.00,804129.38,'Sem rentenção na fonte',0,'ISENTO','M00','M00 - Regime Simplificado',0,'Regime Simplificado',152,265,1,1,'2024-08-21 09:52:49','2024-08-21 09:52:49'),(219,'Bosch Detector de fumo Convencional',67212.93,17,0.00,1142619.81,'Sem rentenção na fonte',0,'ISENTO','M00','M00 - Regime Simplificado',0,'Regime Simplificado',152,266,1,1,'2024-08-21 09:52:49','2024-08-21 09:52:49'),(220,'Bosch Detector Termico',51387.70,1,0.00,51387.70,'Sem rentenção na fonte',0,'ISENTO','M00','M00 - Regime Simplificado',0,'Regime Simplificado',152,267,1,1,'2024-08-21 09:52:49','2024-08-21 09:52:49'),(221,'Bosch Base p/ Detector',8629.46,18,0.00,155330.28,'Sem rentenção na fonte',0,'ISENTO','M00','M00 - Regime Simplificado',0,'Regime Simplificado',152,268,1,1,'2024-08-21 09:52:49','2024-08-21 09:52:49'),(222,'Bosch Botoneira Incendio Convencional',61491.54,3,0.00,184474.62,'Sem rentenção na fonte',0,'ISENTO','M00','M00 - Regime Simplificado',0,'Regime Simplificado',152,269,1,1,'2024-08-21 09:52:49','2024-08-21 09:52:49'),(223,'Bosch FNM-320-FRD Sounder, Flush-mount, Red',105975.88,3,0.00,317927.64,'Sem rentenção na fonte',0,'ISENTO','M00','M00 - Regime Simplificado',0,'Regime Simplificado',152,270,1,1,'2024-08-21 09:52:49','2024-08-21 09:52:49'),(224,'Bosch Sinalizador Luminoso',46175.20,1,0.00,46175.20,'Sem rentenção na fonte',0,'ISENTO','M00','M00 - Regime Simplificado',0,'Regime Simplificado',152,271,1,1,'2024-08-21 09:52:49','2024-08-21 09:52:49'),(225,'100 metros de cabos para conexões aos detectores',182429.92,18,0.00,3283738.56,'Sem rentenção na fonte',0,'ISENTO','M00','M00 - Regime Simplificado',0,'Regime Simplificado',152,272,1,1,'2024-08-21 09:52:49','2024-08-21 09:52:49'),(226,'Bosch Instalação e Programação',787249.42,1,0.00,787249.42,'Sem rentenção na fonte',0,'ISENTO','M00','M00 - Regime Simplificado',0,'Regime Simplificado',152,273,1,1,'2024-08-21 09:52:49','2024-08-21 09:52:49'),(227,'Bosch Instalação e Programação',787249.42,1,0.00,787249.42,'Sem rentenção na fonte',0,'ISENTO','M00','M00 - Regime Simplificado',0,'Regime Simplificado',153,273,1,1,'2024-08-21 11:15:50','2024-08-21 11:15:50'),(228,'100 metros de cabos para conexões aos detectores',182429.92,18,0.00,3283738.56,'Sem rentenção na fonte',0,'ISENTO','M00','M00 - Regime Simplificado',0,'Regime Simplificado',153,272,1,1,'2024-08-21 11:15:50','2024-08-21 11:15:50'),(229,'Bosch Sinalizador Luminoso',46175.20,1,0.00,46175.20,'Sem rentenção na fonte',0,'ISENTO','M00','M00 - Regime Simplificado',0,'Regime Simplificado',153,271,1,1,'2024-08-21 11:15:50','2024-08-21 11:15:50'),(230,'Bosch FNM-320-FRD Sounder, Flush-mount, Red',105975.88,3,0.00,317927.64,'Sem rentenção na fonte',0,'ISENTO','M00','M00 - Regime Simplificado',0,'Regime Simplificado',153,270,1,1,'2024-08-21 11:15:50','2024-08-21 11:15:50'),(231,'Bosch Botoneira Incendio Convencional',61491.54,3,0.00,184474.62,'Sem rentenção na fonte',0,'ISENTO','M00','M00 - Regime Simplificado',0,'Regime Simplificado',153,269,1,1,'2024-08-21 11:15:50','2024-08-21 11:15:50'),(232,'Bosch Base p/ Detector',8629.46,18,0.00,155330.28,'Sem rentenção na fonte',0,'ISENTO','M00','M00 - Regime Simplificado',0,'Regime Simplificado',153,268,1,1,'2024-08-21 11:15:50','2024-08-21 11:15:50'),(233,'Bosch Detector Termico',51387.70,1,0.00,51387.70,'Sem rentenção na fonte',0,'ISENTO','M00','M00 - Regime Simplificado',0,'Regime Simplificado',153,267,1,1,'2024-08-21 11:15:50','2024-08-21 11:15:50'),(234,'Bosch Detector de fumo Convencional',67212.93,17,0.00,1142619.81,'Sem rentenção na fonte',0,'ISENTO','M00','M00 - Regime Simplificado',0,'Regime Simplificado',153,266,1,1,'2024-08-21 11:15:50','2024-08-21 11:15:50'),(235,'Bosch 4 zone conventional fire panel',804129.38,1,0.00,804129.38,'Sem rentenção na fonte',0,'ISENTO','M00','M00 - Regime Simplificado',0,'Regime Simplificado',153,265,1,1,'2024-08-21 11:15:50','2024-08-21 11:15:50'),(236,'LICENÇA MENSAL DE OUTUMBRO',10000.00,1,0.00,10000.00,'Sem rentenção na fonte',0,'ISENTO','M00','M00 - Regime Simplificado',0,'Regime Simplificado',154,10,1,1,'2024-08-21 15:35:29','2024-08-21 15:35:29'),(237,'LICENÇA MENSAL DE SETEMBRO',10000.00,1,0.00,10000.00,'Sem rentenção na fonte',0,'ISENTO','M00','M00 - Regime Simplificado',0,'Regime Simplificado',154,9,1,1,'2024-08-21 15:35:29','2024-08-21 15:35:29'),(238,'LICENÇA MENSAL DE AGOSTO',10000.00,1,0.00,10000.00,'Sem rentenção na fonte',0,'ISENTO','M00','M00 - Regime Simplificado',0,'Regime Simplificado',154,8,1,1,'2024-08-21 15:35:29','2024-08-21 15:35:29'),(239,'LICENÇA MENSAL DE NOVEMBRO',10000.00,1,0.00,10000.00,'Sem rentenção na fonte',0,'ISENTO','M00','M00 - Regime Simplificado',0,'Regime Simplificado',155,11,1,1,'2024-08-22 10:56:55','2024-08-22 10:56:55'),(240,'LICENÇA MENSAL DE OUTUMBRO',10000.00,1,0.00,10000.00,'Sem rentenção na fonte',0,'ISENTO','M00','M00 - Regime Simplificado',0,'Regime Simplificado',155,10,1,1,'2024-08-22 10:56:55','2024-08-22 10:56:55'),(241,'LICENÇA MENSAL DE SETEMBRO',10000.00,1,0.00,10000.00,'Sem rentenção na fonte',0,'ISENTO','M00','M00 - Regime Simplificado',0,'Regime Simplificado',155,9,1,1,'2024-08-22 10:56:55','2024-08-22 10:56:55'),(242,'LICENÇA MENSAL DE SETEMBRO',10000.00,1,0.00,10000.00,'Sem rentenção na fonte',0,'ISENTO','M00','M00 - Regime Simplificado',0,'Regime Simplificado',156,9,1,1,'2024-08-23 08:56:48','2024-08-23 08:56:48'),(243,'Software de oficina',30000.00,1,0.00,30000.00,'Sem rentenção na fonte',0,'ISENTO','M00','M00 - Regime Simplificado',0,'Regime Simplificado',156,274,1,1,'2024-08-23 08:56:48','2024-08-23 08:56:48'),(244,'Integração de Facturação e oficina',80000.00,1,0.00,80000.00,'Sem rentenção na fonte',0,'ISENTO','M00','M00 - Regime Simplificado',0,'Regime Simplificado',156,275,1,1,'2024-08-23 08:56:48','2024-08-23 08:56:48'),(245,'Serviços',932796.30,1,0.00,932796.30,'Sem rentenção na fonte',0,'ISENTO','M00','M00 - Regime Simplificado',0,'Regime Simplificado',157,278,1,1,'2024-09-02 12:19:02','2024-09-02 12:19:02'),(246,'Licença Evolution Plus - Sub Anual - 3 Utilizadores 2 Empresas',1217203.70,1,0.00,1217203.70,'Sem rentenção na fonte',0,'ISENTO','M00','M00 - Regime Simplificado',0,'Regime Simplificado',157,279,1,1,'2024-09-02 12:19:02','2024-09-02 12:19:02'),(247,'Software de Gestão escolar',28000.00,1,0.00,28000.00,'Sem rentenção na fonte',0,'ISENTO','M00','M00 - Regime Simplificado',0,'Regime Simplificado',158,280,1,1,'2024-09-03 07:11:53','2024-09-03 07:11:53'),(248,'Software de Gestão escolar',28000.00,1,0.00,28000.00,'Sem rentenção na fonte',0,'ISENTO','M00','M00 - Regime Simplificado',0,'Regime Simplificado',158,280,1,1,'2024-09-03 07:11:53','2024-09-03 07:11:53'),(249,'Software de Gestão escolar',28000.00,1,0.00,28000.00,'Sem rentenção na fonte',0,'ISENTO','M00','M00 - Regime Simplificado',0,'Regime Simplificado',158,280,1,1,'2024-09-03 07:11:53','2024-09-03 07:11:53'),(250,'Software de Gestão escolar',28000.00,1,0.00,28000.00,'Sem rentenção na fonte',0,'ISENTO','M00','M00 - Regime Simplificado',0,'Regime Simplificado',158,280,1,1,'2024-09-03 07:11:53','2024-09-03 07:11:53'),(251,'Software de Gestão escolar',28000.00,1,0.00,28000.00,'Sem rentenção na fonte',0,'ISENTO','M00','M00 - Regime Simplificado',0,'Regime Simplificado',158,280,1,1,'2024-09-03 07:11:53','2024-09-03 07:11:53'),(252,'Software de Gestão escolar',28000.00,1,0.00,28000.00,'Sem rentenção na fonte',0,'ISENTO','M00','M00 - Regime Simplificado',0,'Regime Simplificado',158,280,1,1,'2024-09-03 07:11:53','2024-09-03 07:11:53'),(253,'LICENÇA MENSAL DE SETEMBRO',10000.00,1,0.00,10000.00,'Sem rentenção na fonte',0,'ISENTO','M00','M00 - Regime Simplificado',0,'Regime Simplificado',159,9,1,1,'2024-09-05 07:45:32','2024-09-05 07:45:32'),(254,'Sistema de Refeitório',2300000.00,1,0.00,2300000.00,'Sem rentenção na fonte',0,'ISENTO','M00','M00 - Regime Simplificado',0,'Regime Simplificado',160,286,1,1,'2024-09-06 07:49:59','2024-09-06 07:49:59'),(255,'Deslocação e estadia',50000.00,1,0.00,50000.00,'Sem rentenção na fonte',0,'ISENTO','M00','M00 - Regime Simplificado',0,'Regime Simplificado',161,291,1,1,'2024-09-06 13:32:55','2024-09-06 13:32:55'),(256,'Formação Primavera Módulo Contabilidade',70000.00,1,0.00,70000.00,'Sem rentenção na fonte',0,'ISENTO','M00','M00 - Regime Simplificado',0,'Regime Simplificado',161,287,1,1,'2024-09-06 13:32:55','2024-09-06 13:32:55'),(257,'Formação Primavera Módulo Logística e Tesouraria',40000.00,1,0.00,40000.00,'Sem rentenção na fonte',0,'ISENTO','M00','M00 - Regime Simplificado',0,'Regime Simplificado',161,288,1,1,'2024-09-06 13:32:55','2024-09-06 13:32:55'),(258,'Formação Primavera Módulo Recurso Humanos',60000.00,1,0.00,60000.00,'Sem rentenção na fonte',0,'ISENTO','M00','M00 - Regime Simplificado',0,'Regime Simplificado',161,289,1,1,'2024-09-06 13:32:55','2024-09-06 13:32:55'),(259,'Formação Primavera Módulo vendas',40000.00,1,0.00,40000.00,'Sem rentenção na fonte',0,'ISENTO','M00','M00 - Regime Simplificado',0,'Regime Simplificado',161,290,1,1,'2024-09-06 13:32:55','2024-09-06 13:32:55'),(260,'Licença mensal Soft. de Gestão de R.H',30000.00,1,0.00,30000.00,'Sem rentenção na fonte',0,'ISENTO','M00','M00 - Regime Simplificado',0,'Regime Simplificado',162,294,1,1,'2024-09-13 08:44:51','2024-09-13 08:44:51'),(261,'Licença mensal Soft. de Gestão e faturação',10000.00,1,0.00,10000.00,'Sem rentenção na fonte',0,'ISENTO','M00','M00 - Regime Simplificado',0,'Regime Simplificado',162,295,1,1,'2024-09-13 08:44:51','2024-09-13 08:44:51'),(262,'Licença mensal Soft. de Gestão e faturação',10000.00,1,0.00,10000.00,'Sem rentenção na fonte',0,'ISENTO','M00','M00 - Regime Simplificado',0,'Regime Simplificado',163,295,1,1,'2024-09-13 13:05:34','2024-09-13 13:05:34'),(263,'Licença mensal Soft. de Gestão de R.H',30000.00,1,0.00,30000.00,'Sem rentenção na fonte',0,'ISENTO','M00','M00 - Regime Simplificado',0,'Regime Simplificado',163,294,1,1,'2024-09-13 13:05:35','2024-09-13 13:05:35'),(264,'Licença mensal Soft. de RH',30000.00,1,0.00,30000.00,'Sem rentenção na fonte',0,'ISENTO','M00','M00 - Regime Simplificado',0,'Regime Simplificado',164,297,1,1,'2024-09-25 13:35:22','2024-09-25 13:35:22'),(265,'LICENÇA MENSAL DE SISTEMA ESCOLAR',28000.00,1,0.00,28000.00,'Sem rentenção na fonte',0,'ISENTO','M00','M00 - Regime Simplificado',0,'Regime Simplificado',165,17,1,1,'2024-10-07 16:52:53','2024-10-07 16:52:53'),(266,'LICENÇA TRIMESTRAL DE SISTEMA ESCOLAR',84000.00,1,0.00,84000.00,'Sem rentenção na fonte',0,'ISENTO','M00','M00 - Regime Simplificado',0,'Regime Simplificado',166,17,1,1,'2024-10-07 16:56:10','2024-10-07 16:56:10'),(267,'LICENÇA SEMESTRAL DE SISTEMA ESCOLAR',168000.00,1,0.00,168000.00,'Sem rentenção na fonte',0,'ISENTO','M00','M00 - Regime Simplificado',0,'Regime Simplificado',167,17,1,1,'2024-10-07 16:58:28','2024-10-07 16:58:28'),(268,'Licença mensal Soft. de RH',30000.00,1,0.00,30000.00,'Sem rentenção na fonte',0,'ISENTO','M00','M00 - Regime Simplificado',0,'Regime Simplificado',168,297,1,1,'2024-10-08 09:01:14','2024-10-08 09:01:14'),(269,'Plataforma digital para comunicação do evento Angola Mining Award.',1300000.00,1,0.00,1300000.00,'Rentenção na fonte 6.5%',6.5,'ISENTO','M00','M00 - Regime Simplificado',0,'Regime Simplificado',169,305,1,2,'2024-10-21 09:07:26','2024-10-21 09:07:26'),(270,'Sistema de Refeitório',800000.00,1,0.00,800000.00,'Sem rentenção na fonte',0,'ISENTO','M00','M00 - Regime Simplificado',0,'Regime Simplificado',170,306,1,1,'2024-10-21 14:15:48','2024-10-21 14:15:48'),(271,'Plataforma digital para comunicação do evento Angola Mining Award.',1300000.00,1,0.00,1300000.00,'Sem rentenção na fonte',0,'ISENTO','M00','M00 - Regime Simplificado',0,'Regime Simplificado',171,305,1,1,'2024-10-22 11:20:15','2024-10-22 11:20:15');
/*!40000 ALTER TABLE `item_proformas` ENABLE KEYS */;
UNLOCK TABLES;

--
-- Table structure for table `item_stocks`
--

DROP TABLE IF EXISTS `item_stocks`;
/*!40101 SET @saved_cs_client     = @@character_set_client */;
/*!40101 SET character_set_client = utf8 */;
CREATE TABLE `item_stocks` (
  `id` bigint(20) unsigned NOT NULL AUTO_INCREMENT,
  `codigo` varchar(191) DEFAULT NULL,
  `designacao` varchar(191) DEFAULT NULL,
  `qtd` int(11) DEFAULT NULL,
  `stock_id` bigint(20) unsigned NOT NULL,
  `artigo_id` bigint(20) unsigned NOT NULL,
  `created_at` timestamp NULL DEFAULT NULL,
  `updated_at` timestamp NULL DEFAULT NULL,
  PRIMARY KEY (`id`),
  KEY `item_stocks_stock_id_foreign` (`stock_id`),
  KEY `item_stocks_artigo_id_foreign` (`artigo_id`),
  CONSTRAINT `item_stocks_artigo_id_foreign` FOREIGN KEY (`artigo_id`) REFERENCES `artigos` (`id`) ON DELETE CASCADE,
  CONSTRAINT `item_stocks_stock_id_foreign` FOREIGN KEY (`stock_id`) REFERENCES `stocks` (`id`) ON DELETE CASCADE
) ENGINE=InnoDB AUTO_INCREMENT=73 DEFAULT CHARSET=utf8mb4 COLLATE=utf8mb4_unicode_ci;
/*!40101 SET character_set_client = @saved_cs_client */;

--
-- Dumping data for table `item_stocks`
--

LOCK TABLES `item_stocks` WRITE;
/*!40000 ALTER TABLE `item_stocks` DISABLE KEYS */;
INSERT INTO `item_stocks` VALUES (1,'2023-0039','LICENÇA MENSAL DE NOVEMBRO',999,1,59,'2023-07-18 15:17:27','2023-07-18 15:17:27'),(2,'2023-0039','LICENÇA MENSAL DE OUTUMBRO',999,1,58,'2023-07-18 15:17:27','2023-07-18 15:17:27'),(3,'2023-0039','LICENÇA MENSAL DE SETEMBRO',999,1,57,'2023-07-18 15:17:27','2023-07-18 15:17:27'),(4,'2023-0039','LICENÇA MENSAL DE AGOSTO',999,1,56,'2023-07-18 15:17:27','2023-07-18 15:17:27'),(5,'2023-0039','LICENÇA MENSAL DE JUNHO',999,1,54,'2023-07-18 15:17:27','2023-07-18 15:17:27'),(6,'2023-0039','LICENÇA MENSAL DE MAIO',999,1,53,'2023-07-18 15:17:27','2023-07-18 15:17:27'),(7,'2023-0039','LICENÇA MENSAL DE ABRIL',999,1,52,'2023-07-18 15:17:27','2023-07-18 15:17:27'),(8,'2023-0039','LICENÇA MENSAL DE MARÇO',999,1,51,'2023-07-18 15:17:27','2023-07-18 15:17:27'),(9,'2023-0039','LICENÇA MENSAL DE FEVEREIRO',999,1,50,'2023-07-18 15:17:27','2023-07-18 15:17:27'),(10,'2023-0039','LICENÇA MENSAL DE JANEIRO',999,1,49,'2023-07-18 15:17:27','2023-07-18 15:17:27'),(11,'2023-0039','LICENÇA MENSAL DE DEZEMBRO',999,1,48,'2023-07-18 15:17:27','2023-07-18 15:17:27'),(12,'2023-0039','LICENÇA MENSAL DE NOVEMBRO',999,1,47,'2023-07-18 15:17:27','2023-07-18 15:17:27'),(13,'2023-0039','LICENÇA MENSAL DE OUTUMBRO',999,1,46,'2023-07-18 15:17:27','2023-07-18 15:17:27'),(14,'2023-0039','LICENÇA MENSAL DE SETEMBRO',999,1,45,'2023-07-18 15:17:27','2023-07-18 15:17:27'),(15,'2023-0039','LICENÇA MENSAL DE JULHO',999,1,43,'2023-07-18 15:17:27','2023-07-18 15:17:27'),(16,'2023-0039','LICENÇA MENSAL DE JUNHO',999,1,42,'2023-07-18 15:17:27','2023-07-18 15:17:27'),(17,'2023-0039','LICENÇA MENSAL DE ABRIL',999,1,41,'2023-07-18 15:17:27','2023-07-18 15:17:27'),(18,'2023-0039','LICENÇA MENSAL DE MARÇO',999,1,40,'2023-07-18 15:17:27','2023-07-18 15:17:27'),(19,'2023-0039','LICENÇA MENSAL DE FEVEREIRO',999,1,39,'2023-07-18 15:17:27','2023-07-18 15:17:27'),(20,'2023-0001','LICENÇA MENSAL DE JANEIRO',999,1,38,'2023-07-18 15:17:27','2023-07-18 15:17:27'),(21,'2023-0001','LICENÇA MENSAL DE DEZEMBRO',999,1,37,'2023-07-18 15:17:27','2023-07-18 15:17:27'),(22,'2023-0001','LICENÇA MENSAL DE NOVEMBRO',999,1,36,'2023-07-18 15:17:27','2023-07-18 15:17:27'),(23,'2023-0001','LICENÇA MENSAL DE OUTUMBRO',999,1,35,'2023-07-18 15:17:27','2023-07-18 15:17:27'),(24,'2023-0001','LICENÇA MENSAL DE SETEMBRO',999,1,34,'2023-07-18 15:17:27','2023-07-18 15:17:27'),(25,'2023-0001','LICENÇA MENSAL DE AGOSTO',999,1,33,'2023-07-18 15:17:27','2023-07-18 15:17:27'),(26,'2023-0001','LICENÇA MENSAL DE JULHO',999,1,32,'2023-07-18 15:17:27','2023-07-18 15:17:27'),(27,'2023-0001','LICENÇA MENSAL DE JUNHO',999,1,31,'2023-07-18 15:17:27','2023-07-18 15:17:27'),(28,'2023-0001','LICENÇA MENSAL DE MAIO',999,1,30,'2023-07-18 15:17:27','2023-07-18 15:17:27'),(29,'2023-0001','LICENÇA MENSAL DE ABRIL',999,1,29,'2023-07-18 15:17:27','2023-07-18 15:17:27'),(30,'2023-0001','LICENÇA MENSAL DE MARÇO',999,1,28,'2023-07-18 15:17:27','2023-07-18 15:17:27'),(31,'2023-0001','LICENÇA MENSAL DE FEVEREIRO',999,1,27,'2023-07-18 15:17:27','2023-07-18 15:17:27'),(32,'2023-0001','LICENÇA MENSAL DE JANEIRO',999,1,26,'2023-07-18 15:17:27','2023-07-18 15:17:27'),(33,'2023-0001','LICENÇA MENSAL DE DEZEMBRO',999,1,25,'2023-07-18 15:17:27','2023-07-18 15:17:27'),(34,'2023-0001','LICENÇA MENSAL DE NOVEMBRO',999,1,24,'2023-07-18 15:17:27','2023-07-18 15:17:27'),(35,'2023-0001','LICENÇA MENSAL DE OUTUMBRO',999,1,23,'2023-07-18 15:17:27','2023-07-18 15:17:27'),(36,'2023-0001','LICENÇA MENSAL DE SETEMBRO',999,1,22,'2023-07-18 15:17:27','2023-07-18 15:17:27'),(37,'2023-0001','LICENÇA MENSAL DE AGOSTO',999,1,21,'2023-07-18 15:17:27','2023-07-18 15:17:27'),(38,'2023-0001','LICENÇA MENSAL DE JULHO',999,1,20,'2023-07-18 15:17:27','2023-07-18 15:17:27'),(39,'2023-0001','LICENÇA MENSAL DE JULHO',999,1,19,'2023-07-18 15:17:27','2023-07-18 15:17:27'),(40,'2023-0001','LICENÇA MENSAL DE MAIO',999,1,18,'2023-07-18 15:17:27','2023-07-18 15:17:27'),(41,'2023-0001','LICENÇA MENSAL DE ABRIL',999,1,17,'2023-07-18 15:17:27','2023-07-18 15:17:27'),(42,'2023-0001','LICENÇA MENSAL DE MARÇO',999,1,16,'2023-07-18 15:17:27','2023-07-18 15:17:27'),(43,'2023-0001','LICENÇA MENSAL DE FEVEREIRO',999,1,15,'2023-07-18 15:17:27','2023-07-18 15:17:27'),(44,'2023-0001','LICENÇA MENSAL DE FEVEREIRO',999,1,14,'2023-07-18 15:17:27','2023-07-18 15:17:27'),(45,'2023-0001','LICENÇA MENSAL DE JANEIRO',999,1,13,'2023-07-18 15:17:27','2023-07-18 15:17:27'),(46,'2023-0001','LICENÇA MENSAL DE DEZEMBRO',999,1,12,'2023-07-18 15:17:27','2023-07-18 15:17:27'),(47,'2023-0001','LICENÇA MENSAL DE NOVEMBRO',999,1,11,'2023-07-18 15:17:27','2023-07-18 15:17:27'),(48,'2023-0001','LICENÇA MENSAL DE OCTUMBRO',999,1,10,'2023-07-18 15:17:27','2023-07-18 15:17:27'),(49,'2023-0001','LICENÇA MENSAL DE SETEMBRO',999,1,9,'2023-07-18 15:17:27','2023-07-18 15:17:27'),(50,'2023-0001','LICENÇA MENSAL DE AGOSTO',999,1,8,'2023-07-18 15:17:27','2023-07-18 15:17:27'),(51,'2023-0001','LICENÇA MENSAL DE JULHO',999,1,7,'2023-07-18 15:17:27','2023-07-18 15:17:27'),(52,'2023-0001','LICENÇA MENSAL DE JUNHO',999,1,6,'2023-07-18 15:17:27','2023-07-18 15:17:27'),(53,'2023-0001','LICENÇA MENSAL DE MAIO',999,1,5,'2023-07-18 15:17:27','2023-07-18 15:17:27'),(54,'2023-0001','LICENÇA MENSAL DE ABRIL',999,1,4,'2023-07-18 15:17:27','2023-07-18 15:17:27'),(55,'2023-0001','LICENÇA MENSAL DE MARÇO',999,1,3,'2023-07-18 15:17:27','2023-07-18 15:17:27'),(56,'2023-0001','LICENÇA MENSAL DE FEVEREIRO',999,1,2,'2023-07-18 15:17:27','2023-07-18 15:17:27'),(57,'2023-0001','LICENÇA MENSAL DE JANEIRO',999,1,1,'2023-07-18 15:17:27','2023-07-18 15:17:27'),(58,'2023-0063','LICENÇA MENSAL DE AGOSTO',999,2,63,'2023-08-08 09:25:56','2023-08-08 09:25:56'),(59,'2023-0075','LICENÇA MENSAL DE OUTUBRO',1000,3,75,'2023-10-17 23:16:18','2023-10-17 23:16:18'),(60,'2023-0075','LICENÇA MENSAL DE OUTUBRO',1000,4,75,'2023-10-17 23:16:19','2023-10-17 23:16:19'),(63,'2023-0001','LICENÇA MENSAL DE JANEIRO',3,7,1,'2023-10-18 13:26:17','2023-10-18 13:26:17'),(64,'2023-0088','Integração do sistena de contabilidade com sistema de faturação',1000,8,88,'2023-12-01 14:08:27','2023-12-01 14:08:27'),(65,'2024-0096','abc',1,9,96,'2024-01-11 09:58:08','2024-01-11 09:58:08'),(66,'2024-0106','LICENÇA MENSAL DE JANEIRO',1000,10,106,'2024-01-24 09:35:02','2024-01-24 09:35:02'),(67,'2024-0102','LICENÇA MENSAL DE DEZEMBRO',1000,10,102,'2024-01-24 09:35:02','2024-01-24 09:35:02'),(68,'2023-0001','LICENÇA MENSAL DE MARÇO',10,11,3,'2024-01-24 12:51:55','2024-01-24 12:51:55'),(69,'2023-0001','LICENÇA MENSAL DE ABRIL',12,11,4,'2024-01-24 12:51:55','2024-01-24 12:51:55'),(70,'2023-0001','LICENÇA MENSAL DE FEVEREIRO',1000,12,2,'2024-02-09 12:27:33','2024-02-09 12:27:33'),(71,'2023-0001','Desevolvimento de App para Loja',100,18,1,'2024-04-13 12:46:40','2024-04-13 12:46:40'),(72,'2023-0001','Desevolvimento de App para Loja',100,19,1,'2024-04-13 12:46:40','2024-04-13 12:46:40');
/*!40000 ALTER TABLE `item_stocks` ENABLE KEYS */;
UNLOCK TABLES;

--
-- Table structure for table `items`
--

DROP TABLE IF EXISTS `items`;
/*!40101 SET @saved_cs_client     = @@character_set_client */;
/*!40101 SET character_set_client = utf8 */;
CREATE TABLE `items` (
  `id` bigint(20) unsigned NOT NULL AUTO_INCREMENT,
  `designacao` varchar(191) DEFAULT NULL,
  `preco` double(30,2) DEFAULT NULL,
  `qtd` int(11) DEFAULT NULL,
  `desconto` double(30,2) DEFAULT NULL,
  `subtotal` double(30,2) DEFAULT NULL,
  `retencao_designacao` varchar(191) DEFAULT NULL,
  `retencao_taxa` double DEFAULT NULL,
  `imposto_tipo` varchar(191) DEFAULT NULL,
  `imposto_codigo` varchar(191) DEFAULT NULL,
  `imposto_designacao` varchar(191) DEFAULT NULL,
  `imposto_taxa` double DEFAULT NULL,
  `imposto_motivo` varchar(191) DEFAULT NULL,
  `factura_id` bigint(20) unsigned NOT NULL,
  `artigo_id` bigint(20) unsigned NOT NULL,
  `imposto_id` bigint(20) unsigned NOT NULL,
  `retencao_id` bigint(20) unsigned DEFAULT NULL,
  `created_at` timestamp NULL DEFAULT NULL,
  `updated_at` timestamp NULL DEFAULT NULL,
  PRIMARY KEY (`id`),
  KEY `items_factura_id_foreign` (`factura_id`),
  KEY `items_artigo_id_foreign` (`artigo_id`),
  KEY `items_imposto_id_foreign` (`imposto_id`),
  KEY `items_retencao_id_foreign` (`retencao_id`),
  CONSTRAINT `items_artigo_id_foreign` FOREIGN KEY (`artigo_id`) REFERENCES `artigos` (`id`) ON DELETE NO ACTION,
  CONSTRAINT `items_factura_id_foreign` FOREIGN KEY (`factura_id`) REFERENCES `facturas` (`id`) ON DELETE CASCADE,
  CONSTRAINT `items_imposto_id_foreign` FOREIGN KEY (`imposto_id`) REFERENCES `impostos` (`id`) ON DELETE NO ACTION,
  CONSTRAINT `items_retencao_id_foreign` FOREIGN KEY (`retencao_id`) REFERENCES `retencaos` (`id`) ON DELETE SET NULL ON UPDATE CASCADE
) ENGINE=InnoDB AUTO_INCREMENT=216 DEFAULT CHARSET=utf8mb4 COLLATE=utf8mb4_unicode_ci;
/*!40101 SET character_set_client = @saved_cs_client */;

--
-- Dumping data for table `items`
--

LOCK TABLES `items` WRITE;
/*!40000 ALTER TABLE `items` DISABLE KEYS */;
INSERT INTO `items` VALUES (1,'LICENÇA MENSAL DE JULHO',25000.00,1,0.00,25000.00,'Sem rentenção na fonte',0,'ISENTO','M00','M00 - Regime Simplificado',0,'Regime Simplificado',1,43,1,1,'2023-07-21 12:18:52','2023-07-21 12:18:52'),(2,'LICENÇA MENSAL DE JULHO',24166.00,1,0.00,24166.00,'Sem rentenção na fonte',0,'ISENTO','M00','M00 - Regime Simplificado',0,'Regime Simplificado',2,55,1,1,'2023-07-21 12:19:58','2023-07-21 12:19:58'),(3,'LICENÇA MENSAL DE JULHO',24166.00,1,0.00,24166.00,'Sem rentenção na fonte',0,'ISENTO','M00','M00 - Regime Simplificado',0,'Regime Simplificado',3,55,1,1,'2023-07-21 12:22:15','2023-07-21 12:22:15'),(4,'LICENÇA MENSAL DE JULHO',10000.00,1,0.00,10000.00,'Sem rentenção na fonte',0,'ISENTO','M00','M00 - Regime Simplificado',0,'Regime Simplificado',4,7,1,1,'2023-07-21 12:22:57','2023-07-21 12:22:57'),(5,'LICENÇA MENSAL DE JULHO',15000.00,1,0.00,15000.00,'Sem rentenção na fonte',0,'ISENTO','M00','M00 - Regime Simplificado',0,'Regime Simplificado',5,19,1,1,'2023-07-21 12:23:43','2023-07-21 12:23:43'),(6,'LICENÇA MENSAL DE JULHO',10000.00,1,0.00,10000.00,'Sem rentenção na fonte',0,'ISENTO','M00','M00 - Regime Simplificado',0,'Regime Simplificado',6,7,1,1,'2023-07-21 12:24:23','2023-07-21 12:24:23'),(7,'LICENÇA MENSAL DE JULHO',25000.00,1,0.00,25000.00,'Sem rentenção na fonte',0,'ISENTO','M00','M00 - Regime Simplificado',0,'Regime Simplificado',7,43,1,1,'2023-07-21 12:25:11','2023-07-21 12:25:11'),(8,'LICENÇA MENSAL DE JULHO',10000.00,1,0.00,10000.00,'Sem rentenção na fonte',0,'ISENTO','M00','M00 - Regime Simplificado',0,'Regime Simplificado',8,7,1,1,'2023-07-21 12:25:49','2023-07-21 12:25:49'),(9,'LICENÇA MENSAL DE SOFTWARE DE GESTÃO ESCOLAR',27000.00,1,0.00,27000.00,'Sem rentenção na fonte',0,'ISENTO','M00','M00 - Regime Simplificado',0,'Regime Simplificado',9,62,1,1,'2023-08-08 09:05:50','2023-08-08 09:05:50'),(10,'LICENÇA MENSAL DE AGOSTO',10000.00,1,0.00,10000.00,'Sem rentenção na fonte',0,'ISENTO','M00','M00 - Regime Simplificado',0,'Regime Simplificado',10,8,1,1,'2023-08-09 14:16:53','2023-08-09 14:16:53'),(11,'LICENÇA MENSAL DE AGOSTO',25000.00,1,0.00,25000.00,'Sem rentenção na fonte',0,'ISENTO','M00','M00 - Regime Simplificado',0,'Regime Simplificado',11,44,1,1,'2023-08-29 13:05:26','2023-08-29 13:05:26'),(12,'LICENÇA MENSAL DE SETEMBRO',10000.00,1,0.00,10000.00,'Sem rentenção na fonte',0,'ISENTO','M00','M00 - Regime Simplificado',0,'Regime Simplificado',12,9,1,1,'2023-10-06 14:07:16','2023-10-06 14:07:16'),(13,'LICENÇA MENSAL DE SETEMBRO',25000.00,1,0.00,25000.00,'Sem rentenção na fonte',0,'ISENTO','M00','M00 - Regime Simplificado',0,'Regime Simplificado',13,45,1,1,'2023-10-06 14:08:27','2023-10-06 14:08:27'),(14,'LICENÇA MENSAL DE OUTUMBRO',15000.00,1,0.00,15000.00,'Sem rentenção na fonte',0,'ISENTO','M00','M00 - Regime Simplificado',0,'Regime Simplificado',14,23,1,1,'2023-10-06 14:15:01','2023-10-06 14:15:01'),(15,'LICENÇA MENSAL DE OUTUMBRO',10000.00,1,0.00,10000.00,'Sem rentenção na fonte',0,'ISENTO','M00','M00 - Regime Simplificado',0,'Regime Simplificado',15,10,1,1,'2023-10-06 14:20:11','2023-10-06 14:20:11'),(16,'LICENÇA MENSAL DE OUTUMBRO',25000.00,1,0.00,25000.00,'Sem rentenção na fonte',0,'ISENTO','M00','M00 - Regime Simplificado',0,'Regime Simplificado',16,46,1,1,'2023-10-06 14:21:37','2023-10-06 14:21:37'),(17,'LICENÇA MENSAL DE OUTUMBRO',10000.00,1,0.00,10000.00,'Sem rentenção na fonte',0,'ISENTO','M00','M00 - Regime Simplificado',0,'Regime Simplificado',17,10,1,1,'2023-10-06 14:22:57','2023-10-06 14:22:57'),(18,'LICENÇA MENSAL DE OUTUMBRO',10000.00,1,0.00,10000.00,'Sem rentenção na fonte',0,'ISENTO','M00','M00 - Regime Simplificado',0,'Regime Simplificado',18,10,1,1,'2023-10-06 14:43:02','2023-10-06 14:43:02'),(19,'LICENÇA MENSAL DE OUTUMBRO',27000.00,1,0.00,27000.00,'Sem rentenção na fonte',0,'ISENTO','M00','M00 - Regime Simplificado',0,'Regime Simplificado',19,68,1,1,'2023-10-12 13:16:56','2023-10-12 13:16:56'),(20,'LICENÇA MENSAL DE OUTUMBRO',25000.00,1,0.00,25000.00,'Sem rentenção na fonte',0,'ISENTO','M00','M00 - Regime Simplificado',0,'Regime Simplificado',20,46,1,1,'2023-10-16 10:31:55','2023-10-16 10:31:55'),(21,'LICENÇA MENSAL DE OUTUMBRO',23000.00,1,0.00,23000.00,'Sem rentenção na fonte',0,'ISENTO','M00','M00 - Regime Simplificado',0,'Regime Simplificado',21,35,1,1,'2023-10-16 10:39:03','2023-10-16 10:39:03'),(22,'LICENÇA MENSAL DE OUTUBRO',30000.00,1,0.00,30000.00,'Sem rentenção na fonte',0,'ISENTO','M00','M00 - Regime Simplificado',0,'Regime Simplificado',22,75,1,1,'2023-10-17 23:21:26','2023-10-17 23:21:26'),(23,'LICENÇA MENSAL DE OUTUBRO',30000.00,1,0.00,30000.00,'Sem rentenção na fonte',0,'ISENTO','M00','M00 - Regime Simplificado',0,'Regime Simplificado',23,75,1,1,'2023-10-17 23:21:28','2023-10-17 23:21:28'),(24,'LICENÇA MENSAL DE OUTUBRO',30000.00,1,0.00,30000.00,'Sem rentenção na fonte',0,'ISENTO','M00','M00 - Regime Simplificado',0,'Regime Simplificado',24,75,1,1,'2023-10-17 23:21:31','2023-10-17 23:21:31'),(25,'LICENÇA MENSAL DE OUTUBRO',30000.00,1,0.00,30000.00,'Sem rentenção na fonte',0,'ISENTO','M00','M00 - Regime Simplificado',0,'Regime Simplificado',25,75,1,1,'2023-10-17 23:21:32','2023-10-17 23:21:32'),(26,'LICENÇA MENSAL DE OUTUBRO',30000.00,1,0.00,30000.00,'Sem rentenção na fonte',0,'ISENTO','M00','M00 - Regime Simplificado',0,'Regime Simplificado',26,75,1,1,'2023-10-17 23:21:32','2023-10-17 23:21:32'),(27,'LICENÇA MENSAL DE OUTUBRO',30000.00,1,0.00,30000.00,'Sem rentenção na fonte',0,'ISENTO','M00','M00 - Regime Simplificado',0,'Regime Simplificado',27,75,1,1,'2023-10-17 23:21:32','2023-10-17 23:21:32'),(28,'LICENÇA MENSAL DE OUTUBRO',30000.00,1,0.00,30000.00,'Sem rentenção na fonte',0,'ISENTO','M00','M00 - Regime Simplificado',0,'Regime Simplificado',28,75,1,1,'2023-10-17 23:21:43','2023-10-17 23:21:43'),(29,'LICENÇA MENSAL DE OUTUBRO',30000.00,1,0.00,30000.00,'Sem rentenção na fonte',0,'ISENTO','M00','M00 - Regime Simplificado',0,'Regime Simplificado',29,75,1,1,'2023-10-17 23:21:43','2023-10-17 23:21:43'),(30,'LICENÇA MENSAL DE OUTUBRO',30000.00,1,0.00,30000.00,'Sem rentenção na fonte',0,'ISENTO','M00','M00 - Regime Simplificado',0,'Regime Simplificado',30,75,1,1,'2023-10-17 23:21:43','2023-10-17 23:21:43'),(31,'LICENÇA MENSAL DE OUTUBRO',30000.00,1,0.00,30000.00,'Sem rentenção na fonte',0,'ISENTO','M00','M00 - Regime Simplificado',0,'Regime Simplificado',31,75,1,1,'2023-10-18 02:00:17','2023-10-18 02:00:17'),(32,'LICENÇA MENSAL DE OUTUBRO',30000.00,1,0.00,30000.00,'Sem rentenção na fonte',0,'ISENTO','M00','M00 - Regime Simplificado',0,'Regime Simplificado',32,75,1,1,'2023-10-18 02:00:20','2023-10-18 02:00:20'),(33,'LICENÇA MENSAL DE OUTUBRO',30000.00,1,0.00,30000.00,'Sem rentenção na fonte',0,'ISENTO','M00','M00 - Regime Simplificado',0,'Regime Simplificado',33,75,1,1,'2023-10-18 02:00:21','2023-10-18 02:00:21'),(34,'LICENÇA MENSAL DE OUTUMBRO',23000.00,1,0.00,23000.00,'Sem rentenção na fonte',0,'ISENTO','M00','M00 - Regime Simplificado',0,'Regime Simplificado',34,35,1,1,'2023-10-20 07:44:28','2023-10-20 07:44:28'),(35,'LICENÇA MENSAL DE OUTUMBRO',23000.00,1,0.00,23000.00,'Sem rentenção na fonte',0,'ISENTO','M00','M00 - Regime Simplificado',0,'Regime Simplificado',35,35,1,1,'2023-10-20 07:45:29','2023-10-20 07:45:29'),(36,'LICENÇA MENSAL DE OUTUMBRO',23000.00,1,0.00,23000.00,'Sem rentenção na fonte',0,'ISENTO','M00','M00 - Regime Simplificado',0,'Regime Simplificado',36,35,1,1,'2023-11-07 10:30:29','2023-11-07 10:30:29'),(37,'LICENÇA MENSAL DE NOVEMBRO',10000.00,1,0.00,10000.00,'Sem rentenção na fonte',0,'ISENTO','M00','M00 - Regime Simplificado',0,'Regime Simplificado',37,11,1,1,'2023-11-08 09:13:46','2023-11-08 09:13:46'),(38,'LICENÇA MENSAL DE NOVEMBRO',23000.00,1,0.00,23000.00,'Sem rentenção na fonte',0,'ISENTO','M00','M00 - Regime Simplificado',0,'Regime Simplificado',38,36,1,1,'2023-11-08 09:14:35','2023-11-08 09:14:35'),(39,'LICENÇA MENSAL DE NOVEMBRO',25000.00,1,0.00,25000.00,'Sem rentenção na fonte',0,'ISENTO','M00','M00 - Regime Simplificado',0,'Regime Simplificado',39,47,1,1,'2023-11-08 09:15:08','2023-11-08 09:15:08'),(40,'LICENÇA MENSAL DE NOVEMBRO',10000.00,1,0.00,10000.00,'Sem rentenção na fonte',0,'ISENTO','M00','M00 - Regime Simplificado',0,'Regime Simplificado',40,11,1,1,'2023-11-08 09:16:01','2023-11-08 09:16:01'),(41,'LICENÇA MENSAL DE NOVEMBRO',15000.00,1,0.00,15000.00,'Sem rentenção na fonte',0,'ISENTO','M00','M00 - Regime Simplificado',0,'Regime Simplificado',41,24,1,1,'2023-11-08 09:17:06','2023-11-08 09:17:06'),(42,'LICENÇA MENSAL DE NOVEMBRO',10000.00,1,0.00,10000.00,'Sem rentenção na fonte',0,'ISENTO','M00','M00 - Regime Simplificado',0,'Regime Simplificado',42,11,1,1,'2023-11-08 09:18:09','2023-11-08 09:18:09'),(43,'LICENÇA MENSAL DE NOVEMBRO',25000.00,1,0.00,25000.00,'Sem rentenção na fonte',0,'ISENTO','M00','M00 - Regime Simplificado',0,'Regime Simplificado',43,47,1,1,'2023-11-08 09:18:43','2023-11-08 09:18:43'),(44,'LICENÇA MENSAL DE NOVEMBRO',27000.00,1,0.00,27000.00,'Sem rentenção na fonte',0,'ISENTO','M00','M00 - Regime Simplificado',0,'Regime Simplificado',44,69,1,1,'2023-11-08 10:26:54','2023-11-08 10:26:54'),(45,'LICENÇA MENSAL DE JANEIRO',10000.00,1,0.00,10000.00,'Sem rentenção na fonte',0,'ISENTO','M00','M00 - Regime Simplificado',0,'Regime Simplificado',45,1,1,1,'2023-11-09 10:37:28','2023-11-09 10:37:28'),(46,'LICENÇA DE NOVEMBRO',30000.00,1,0.00,30000.00,'Sem rentenção na fonte',0,'ISENTO','M04','M04 - Regime de Exclusão',0,'Regime Simplificado',46,85,4,1,'2023-11-17 15:43:32','2023-11-17 15:43:32'),(47,'LICENÇA MENSAL DE DEZEMBRO',27000.00,1,0.00,27000.00,'Sem rentenção na fonte',0,'ISENTO','M00','M00 - Regime Simplificado',0,'Regime Simplificado',47,70,1,1,'2023-12-08 12:04:56','2023-12-08 12:04:56'),(48,'LICENÇA MENSAL DE DEZEMBRO',10000.00,1,0.00,10000.00,'Sem rentenção na fonte',0,'ISENTO','M00','M00 - Regime Simplificado',0,'Regime Simplificado',48,12,1,1,'2023-12-08 12:05:25','2023-12-08 12:05:25'),(49,'LICENÇA MENSAL DE DEZEMBRO',10000.00,1,0.00,10000.00,'Sem rentenção na fonte',0,'ISENTO','M00','M00 - Regime Simplificado',0,'Regime Simplificado',49,12,1,1,'2023-12-08 12:05:52','2023-12-08 12:05:52'),(50,'LICENÇA MENSAL DE DEZEMBRO',25000.00,1,0.00,25000.00,'Sem rentenção na fonte',0,'ISENTO','M00','M00 - Regime Simplificado',0,'Regime Simplificado',50,48,1,1,'2023-12-08 12:06:18','2023-12-08 12:06:18'),(51,'LICENÇA MENSAL DE DEZEMBRO',15000.00,1,0.00,15000.00,'Sem rentenção na fonte',0,'ISENTO','M00','M00 - Regime Simplificado',0,'Regime Simplificado',51,25,1,1,'2023-12-08 15:00:03','2023-12-08 15:00:03'),(52,'LICENÇA MENSAL DE DEZEMBRO',10000.00,1,0.00,10000.00,'Sem rentenção na fonte',0,'ISENTO','M00','M00 - Regime Simplificado',0,'Regime Simplificado',51,12,1,1,'2023-12-08 15:00:03','2023-12-08 15:00:03'),(53,'LICENÇA MENSAL DE DEZEMBRO',25000.00,1,0.00,25000.00,'Sem rentenção na fonte',0,'ISENTO','M00','M00 - Regime Simplificado',0,'Regime Simplificado',52,48,1,1,'2023-12-19 10:11:51','2023-12-19 10:11:51'),(54,'LICENÇA DE DEZEMBRO',42000.00,1,0.00,42000.00,'Sem rentenção na fonte',0,'ISENTO','M00','M00 - Regime Simplificado',0,'Regime Simplificado',53,93,1,1,'2023-12-21 16:15:23','2023-12-21 16:15:23'),(55,'LICENÇA MENSAL DE FEVEREIRO',10000.00,1,0.00,10000.00,'Sem rentenção na fonte',0,'ISENTO','M00','M00 - Regime Simplificado',0,'Regime Simplificado',54,2,1,1,'2024-01-08 09:58:24','2024-01-08 09:58:24'),(56,'LICENÇA MENSAL DE JANEIRO',100000.00,1,0.00,100000.00,'Sem rentenção na fonte',0,'ISENTO','M00','M00 - Regime Simplificado',0,'Regime Simplificado',55,106,1,1,'2024-01-24 09:37:15','2024-01-24 09:37:15'),(57,'LICENÇA MENSAL DE DEZEMBRO',100000.00,1,0.00,100000.00,'Sem rentenção na fonte',0,'ISENTO','M00','M00 - Regime Simplificado',0,'Regime Simplificado',55,102,1,1,'2024-01-24 09:37:15','2024-01-24 09:37:15'),(58,'Licença Mensal Soft.Clínico-Pacote  Básico',45000.00,1,0.00,45000.00,'Sem rentenção na fonte',0,'ISENTO','M04','M04 - Regime de Exclusão',0,'Regime Simplificado',56,103,4,1,'2024-01-26 10:08:32','2024-01-26 10:08:32'),(59,'Licença Mensal Soft.Clínico-Pacote  Básico',45000.00,1,0.00,45000.00,'Sem rentenção na fonte',0,'ISENTO','M04','M04 - Regime de Exclusão',0,'Regime Simplificado',57,103,4,1,'2024-01-26 10:12:11','2024-01-26 10:12:11'),(60,'LICENÇA MENSAL DE JANEIRO',10000.00,1,0.00,10000.00,'Sem rentenção na fonte',0,'ISENTO','M00','M00 - Regime Simplificado',0,'Regime Simplificado',58,1,1,1,'2024-01-26 17:59:21','2024-01-26 17:59:21'),(61,'Licença Mensal Soft.Clínico-Pacote Master',75000.00,12,0.00,900000.00,'Sem rentenção na fonte',0,'ISENTO','M04','M04 - Regime de Exclusão',0,'Regime Simplificado',59,104,4,1,'2024-02-06 15:00:09','2024-02-06 15:00:09'),(62,'LICENÇA MENSAL DE SOFTWARE DE GESTÃO CLÍNICO/HOSPITALAR',60000.00,12,0.00,720000.00,'Sem rentenção na fonte',0,'ISENTO','M00','M00 - Regime Simplificado',0,'Regime Simplificado',60,65,1,1,'2024-02-06 15:03:37','2024-02-06 15:03:37'),(63,'Soft.Comercial-Licença Mensal',15000.00,1,0.00,15000.00,'Sem rentenção na fonte',0,'ISENTO','M04','M04 - Regime de Exclusão',0,'Regime Simplificado',61,105,4,1,'2024-02-14 12:25:28','2024-02-14 12:25:28'),(64,'CRIAÇÃO DE WEBSISTE',350000.00,1,0.00,350000.00,'Sem rentenção na fonte',0,'ISENTO','M00','M00 - Regime Simplificado',0,'Regime Simplificado',62,97,1,1,'2024-02-14 12:35:44','2024-02-14 12:35:44'),(65,'Soft.Comercial-Licença Mensal',15000.00,1,0.00,15000.00,'Sem rentenção na fonte',0,'ISENTO','M04','M04 - Regime de Exclusão',0,'Regime Simplificado',62,105,4,1,'2024-02-14 12:35:44','2024-02-14 12:35:44'),(66,'Desenvolvimento WebSite',395000.00,1,0.00,395000.00,'Sem rentenção na fonte',0,'ISENTO','M00','M00 - Regime Simplificado',0,'Regime Simplificado',63,110,1,1,'2024-02-19 13:27:50','2024-02-19 13:27:50'),(67,'Desenvolvimento WebSite',395000.00,1,0.00,395000.00,'Sem rentenção na fonte',0,'ISENTO','M00','M00 - Regime Simplificado',0,'Regime Simplificado',64,110,1,1,'2024-02-19 13:29:21','2024-02-19 13:29:21'),(68,'LICENÇA MENSAL DE JANEIRO',10000.00,10,0.00,100000.00,'Sem rentenção na fonte',0,'ISENTO','M00','M00 - Regime Simplificado',0,'Regime Simplificado',65,1,1,1,'2024-03-01 15:46:45','2024-03-01 15:46:45'),(69,'LICENÇA MENSAL DE JANEIRO',10000.00,10,0.00,100000.00,'Sem rentenção na fonte',0,'ISENTO','M00','M00 - Regime Simplificado',0,'Regime Simplificado',66,1,1,1,'2024-03-01 15:47:17','2024-03-01 15:47:17'),(70,'Desenvolvimento de e-Commerce',750000.00,1,0.00,750000.00,'Sem rentenção na fonte',0,'ISENTO','M04','M04 - Regime de Exclusão',0,'Regime Simplificado',67,77,4,1,'2024-03-06 08:25:52','2024-03-06 08:25:52'),(71,'LICENÇA MENSAL DE AGOSTO',15000.00,1,0.00,15000.00,'Sem rentenção na fonte',0,'ISENTO','M00','M00 - Regime Simplificado',0,'Regime Simplificado',68,21,1,1,'2024-03-06 08:48:53','2024-03-06 08:48:53'),(72,'LICENÇA MENSAL DE JULHO',15000.00,1,0.00,15000.00,'Sem rentenção na fonte',0,'ISENTO','M00','M00 - Regime Simplificado',0,'Regime Simplificado',68,19,1,1,'2024-03-06 08:48:53','2024-03-06 08:48:53'),(73,'Multa',1000.00,10,0.00,10000.00,'Sem rentenção na fonte',0,'ISENTO','M04','M04 - Regime de Exclusão',0,'Regime Simplificado',69,72,4,1,'2024-03-12 09:18:29','2024-03-12 09:18:29'),(74,'LICENÇA MENSAL DE ABRIL',80000.00,1,0.00,80000.00,'Sem rentenção na fonte',0,'ISENTO','M00','M00 - Regime Simplificado',0,'Regime Simplificado',70,1,1,1,'2024-04-10 15:54:42','2024-04-10 15:54:42'),(75,'Desenvolvimento WebSite',230000.00,1,0.00,230000.00,'Sem rentenção na fonte',0,'ISENTO','M00','M00 - Regime Simplificado',0,'Regime Simplificado',71,121,1,1,'2024-04-18 16:43:02','2024-04-18 16:43:02'),(76,'Sof.de faturação e R.H-Licença de Julho',35000.00,1,0.00,35000.00,'Sem rentenção na fonte',0,'ISENTO','M00','M00 - Regime Simplificado',0,'Regime Simplificado',72,127,1,1,'2024-05-02 09:03:52','2024-05-02 09:03:52'),(77,'Sof.de faturação e R.H-Licença de Julho',35000.00,1,0.00,35000.00,'Sem rentenção na fonte',0,'ISENTO','M00','M00 - Regime Simplificado',0,'Regime Simplificado',73,127,1,1,'2024-05-02 09:03:52','2024-05-02 09:03:52'),(78,'Sof.de faturação e R.H-Licença de Junho',35000.00,1,0.00,35000.00,'Sem rentenção na fonte',0,'ISENTO','M00','M00 - Regime Simplificado',0,'Regime Simplificado',73,126,1,1,'2024-05-02 09:03:52','2024-05-02 09:03:52'),(79,'Sof.de faturação e R.H-Licença de Junho',35000.00,1,0.00,35000.00,'Sem rentenção na fonte',0,'ISENTO','M00','M00 - Regime Simplificado',0,'Regime Simplificado',72,126,1,1,'2024-05-02 09:03:52','2024-05-02 09:03:52'),(80,'Sof.de faturação e R.H-Licença de Maio',35000.00,1,0.00,35000.00,'Sem rentenção na fonte',0,'ISENTO','M00','M00 - Regime Simplificado',0,'Regime Simplificado',73,125,1,1,'2024-05-02 09:03:52','2024-05-02 09:03:52'),(81,'Sof.de faturação e R.H-Licença de Maio',35000.00,1,0.00,35000.00,'Sem rentenção na fonte',0,'ISENTO','M00','M00 - Regime Simplificado',0,'Regime Simplificado',72,125,1,1,'2024-05-02 09:03:52','2024-05-02 09:03:52'),(82,'Desenvolvimento WebSite',250000.00,1,0.00,250000.00,'Sem rentenção na fonte',0,'ISENTO','M00','M00 - Regime Simplificado',0,'Regime Simplificado',74,121,1,1,'2024-05-02 11:53:29','2024-05-02 11:53:29'),(83,'GESTÃO DE MIDIA SOCIAL',45000.00,1,0.00,45000.00,'Sem rentenção na fonte',0,'ISENTO','M00','M00 - Regime Simplificado',0,'Regime Simplificado',75,1,1,1,'2024-05-02 14:41:04','2024-05-02 14:41:04'),(84,'Desenvolvimento WebSite',300000.00,1,0.00,300000.00,'Sem rentenção na fonte',0,'ISENTO','M00','M00 - Regime Simplificado',0,'Regime Simplificado',76,121,1,1,'2024-05-06 10:40:39','2024-05-06 10:40:39'),(85,'LICENÇA DE MAIO',25000.00,1,0.00,25000.00,'Sem rentenção na fonte',0,'ISENTO','M00','M00 - Regime Simplificado',0,'Regime Simplificado',77,128,1,1,'2024-05-06 10:50:04','2024-05-06 10:50:04'),(86,'LICENÇA MENSAL DE MAIO',10000.00,1,0.00,10000.00,'Sem rentenção na fonte',0,'ISENTO','M00','M00 - Regime Simplificado',0,'Regime Simplificado',78,5,1,1,'2024-05-06 10:52:43','2024-05-06 10:52:43'),(87,'LICENÇA MENSAL DE MAIO',10000.00,1,0.00,10000.00,'Sem rentenção na fonte',0,'ISENTO','M00','M00 - Regime Simplificado',0,'Regime Simplificado',79,5,1,1,'2024-05-06 11:06:22','2024-05-06 11:06:22'),(88,'Soft. Escolar/ Licença de Maio',42000.00,2,0.00,84000.00,'Sem rentenção na fonte',0,'ISENTO','M00','M00 - Regime Simplificado',0,'Regime Simplificado',80,123,1,1,'2024-05-06 11:17:48','2024-05-06 11:17:48'),(89,'LICENÇA DE MAIO',25000.00,1,0.00,25000.00,'Sem rentenção na fonte',0,'ISENTO','M00','M00 - Regime Simplificado',0,'Regime Simplificado',81,128,1,1,'2024-05-06 11:25:35','2024-05-06 11:25:35'),(90,'Licença mensal de software de hotel',30000.00,1,0.00,30000.00,'Sem rentenção na fonte',0,'ISENTO','M00','M00 - Regime Simplificado',0,'Regime Simplificado',82,129,1,1,'2024-05-06 12:11:01','2024-05-06 12:11:01'),(91,'Lincença Mensal de Software de Restaurante',18000.00,1,0.00,18000.00,'Sem rentenção na fonte',0,'ISENTO','M00','M00 - Regime Simplificado',0,'Regime Simplificado',82,130,1,1,'2024-05-06 12:11:01','2024-05-06 12:11:01'),(92,'LICENÇA MENSAL DE MAIO',27000.00,1,0.00,27000.00,'Sem rentenção na fonte',0,'ISENTO','M00','M00 - Regime Simplificado',0,'Regime Simplificado',83,5,1,1,'2024-05-13 13:11:36','2024-05-13 13:11:36'),(93,'LICENÇA MENSAL DE ABRIL',27000.00,1,0.00,27000.00,'Sem rentenção na fonte',0,'ISENTO','M00','M00 - Regime Simplificado',0,'Regime Simplificado',83,17,1,1,'2024-05-13 13:11:36','2024-05-13 13:11:36'),(94,'Taxa de Deslocação para implemetação',10000.00,1,0.00,10000.00,'Sem rentenção na fonte',0,'ISENTO','M00','M00 - Regime Simplificado',0,'Regime Simplificado',84,134,1,1,'2024-05-20 06:26:24','2024-05-20 06:26:24'),(95,'Licença mensal Soft. de Gestão Hospitalar',45000.00,1,0.00,45000.00,'Sem rentenção na fonte',0,'ISENTO','M00','M00 - Regime Simplificado',0,'Regime Simplificado',85,1,1,1,'2024-05-20 06:29:50','2024-05-20 06:29:50'),(96,'Licença mensal de Website',35000.00,1,0.00,35000.00,'Sem rentenção na fonte',0,'ISENTO','M00','M00 - Regime Simplificado',0,'Regime Simplificado',86,135,1,1,'2024-05-27 12:45:00','2024-05-27 12:45:00'),(97,'Licença de Junho-Website',35000.00,1,0.00,35000.00,'Sem rentenção na fonte',0,'ISENTO','M00','M00 - Regime Simplificado',0,'Regime Simplificado',87,2,1,1,'2024-05-28 11:17:10','2024-05-28 11:17:10'),(98,'LICENÇA MENSAL DE JULHO',24166.00,1,0.00,24166.00,'Sem rentenção na fonte',0,'ISENTO','M00','M00 - Regime Simplificado',0,'Regime Simplificado',88,55,1,1,'2024-05-30 11:36:23','2024-05-30 11:36:23'),(99,'LICENÇA MENSAL DE JUNHO',24166.00,1,0.00,24166.00,'Sem rentenção na fonte',0,'ISENTO','M00','M00 - Regime Simplificado',0,'Regime Simplificado',88,54,1,1,'2024-05-30 11:36:23','2024-05-30 11:36:23'),(100,'Taxa de Deslocação para implemetação',10000.00,1,0.00,10000.00,'Sem rentenção na fonte',0,'ISENTO','M00','M00 - Regime Simplificado',0,'Regime Simplificado',89,134,1,1,'2024-05-30 14:06:58','2024-05-30 14:06:58'),(101,'Valor em Falta',30000.00,1,0.00,30000.00,'Sem rentenção na fonte',0,'ISENTO','M00','M00 - Regime Simplificado',0,'Regime Simplificado',90,137,1,1,'2024-05-31 06:48:57','2024-05-31 06:48:57'),(102,'LICENÇA MENSAL DE JUNHO',10000.00,1,0.00,10000.00,'Sem rentenção na fonte',0,'ISENTO','M00','M00 - Regime Simplificado',0,'Regime Simplificado',91,6,1,1,'2024-06-05 07:11:27','2024-06-05 07:11:27'),(103,'Licença de Junho-Website',35000.00,1,0.00,35000.00,'Sem rentenção na fonte',0,'ISENTO','M00','M00 - Regime Simplificado',0,'Regime Simplificado',92,2,1,1,'2024-06-05 08:24:38','2024-06-05 08:24:38'),(104,'Licença de Junho-Website',35000.00,12,12.00,415800.00,'Sem rentenção na fonte',0,'ISENTO','M00','M00 - Regime Simplificado',0,'Regime Simplificado',93,2,1,1,'2024-06-05 08:25:23','2024-06-05 08:25:23'),(105,'SOFTWARE ESCOLAR-LICENÇA DE JUNHO',25000.00,1,0.00,25000.00,'Sem rentenção na fonte',0,'ISENTO','M00','M00 - Regime Simplificado',0,'Regime Simplificado',94,138,1,1,'2024-06-05 10:17:36','2024-06-05 10:17:36'),(106,'Soft. Escolar/ Licença Mensal de Junho',27000.00,1,0.00,27000.00,'Sem rentenção na fonte',0,'ISENTO','M00','M00 - Regime Simplificado',0,'Regime Simplificado',95,139,1,1,'2024-06-05 10:25:14','2024-06-05 10:25:14'),(107,'Lincençade Junho/Software de Restaurante',18000.00,1,0.00,18000.00,'Sem rentenção na fonte',0,'ISENTO','M00','M00 - Regime Simplificado',0,'Regime Simplificado',96,130,1,1,'2024-06-05 10:31:09','2024-06-05 10:31:09'),(108,'Licença de Junho/Software de hotel',30000.00,1,0.00,30000.00,'Sem rentenção na fonte',0,'ISENTO','M00','M00 - Regime Simplificado',0,'Regime Simplificado',96,129,1,1,'2024-06-05 10:31:09','2024-06-05 10:31:09'),(109,'SOFTWARE ESCOLAR-LICENÇA DE JUNHO',42000.00,2,0.00,84000.00,'Sem rentenção na fonte',0,'ISENTO','M00','M00 - Regime Simplificado',0,'Regime Simplificado',97,140,1,1,'2024-06-05 10:48:32','2024-06-05 10:48:32'),(110,'Licença de Julho-Soft. Documental',237000.00,1,0.00,237000.00,'Sem rentenção na fonte',0,'ISENTO','M00','M00 - Regime Simplificado',0,'Regime Simplificado',98,142,1,1,'2024-06-17 12:52:07','2024-06-17 12:52:07'),(111,'Licença de Julho-Soft. Comercial',237000.00,1,0.00,237000.00,'Sem rentenção na fonte',0,'ISENTO','M00','M00 - Regime Simplificado',0,'Regime Simplificado',98,141,1,1,'2024-06-17 12:52:08','2024-06-17 12:52:08'),(112,'Desenvolvimento de Website',245000.00,1,0.00,245000.00,'Sem rentenção na fonte',0,'ISENTO','M00','M00 - Regime Simplificado',0,'Regime Simplificado',99,167,1,1,'2024-06-28 13:02:09','2024-06-28 13:02:09'),(113,'Licença de Julho-Website',35000.00,1,0.00,35000.00,'Sem rentenção na fonte',0,'ISENTO','M00','M00 - Regime Simplificado',0,'Regime Simplificado',100,168,1,1,'2024-07-03 08:40:36','2024-07-03 08:40:36'),(114,'Licença de Julho-Website',35000.00,1,0.00,35000.00,'Sem rentenção na fonte',0,'ISENTO','M00','M00 - Regime Simplificado',0,'Regime Simplificado',101,168,1,1,'2024-07-03 08:48:59','2024-07-03 08:48:59'),(115,'LICENÇA DE JULHO',42000.00,1,0.00,42000.00,'Sem rentenção na fonte',0,'ISENTO','M00','M00 - Regime Simplificado',0,'Regime Simplificado',102,169,1,1,'2024-07-08 07:29:32','2024-07-08 07:29:32'),(116,'LICENÇA DE JULHO-Soft.Comercial',10000.00,1,0.00,10000.00,'Sem rentenção na fonte',0,'ISENTO','M00','M00 - Regime Simplificado',0,'Regime Simplificado',103,172,1,1,'2024-07-08 07:40:05','2024-07-08 07:40:05'),(117,'LICENÇA DE JULHO-SOFT.ESCOLAR',25000.00,1,0.00,25000.00,'Sem rentenção na fonte',0,'ISENTO','M00','M00 - Regime Simplificado',0,'Regime Simplificado',104,173,1,1,'2024-07-08 07:44:37','2024-07-08 07:44:37'),(118,'LICENÇA DE JULHO',27000.00,1,0.00,27000.00,'Sem rentenção na fonte',0,'ISENTO','M00','M00 - Regime Simplificado',0,'Regime Simplificado',105,174,1,1,'2024-07-08 07:50:09','2024-07-08 07:50:09'),(119,'Licença de Junho/Software de hotel',30000.00,1,0.00,30000.00,'Sem rentenção na fonte',0,'ISENTO','M00','M00 - Regime Simplificado',0,'Regime Simplificado',106,176,1,1,'2024-07-08 08:14:37','2024-07-08 08:14:37'),(120,'Lincença de Julho/Software de Restaurante',18000.00,1,0.00,18000.00,'Sem rentenção na fonte',0,'ISENTO','M00','M00 - Regime Simplificado',0,'Regime Simplificado',106,175,1,1,'2024-07-08 08:14:37','2024-07-08 08:14:37'),(121,'Desenvol. de Website Com area administrativa',64000.00,1,0.00,64000.00,'Sem rentenção na fonte',0,'ISENTO','M00','M00 - Regime Simplificado',0,'Regime Simplificado',107,182,1,1,'2024-07-17 13:30:19','2024-07-17 13:30:19'),(122,'Desenvol. de Website Com area administrativa',64000.00,1,0.00,64000.00,'Rentenção na fonte 6.5%',6.5,'ISENTO','M00','M00 - Regime Simplificado',0,'Regime Simplificado',108,182,1,2,'2024-07-17 15:26:03','2024-07-17 15:26:03'),(123,'Pagamento Trimestral de Software de Gestão Escolar',126000.00,1,0.00,126000.00,'Sem rentenção na fonte',0,'ISENTO','M00','M00 - Regime Simplificado',0,'Regime Simplificado',109,184,1,1,'2024-07-19 08:44:31','2024-07-19 08:44:31'),(124,'LICENÇA MENSAL DE Software Comercial',15000.00,1,0.00,15000.00,'Sem rentenção na fonte',0,'ISENTO','M00','M00 - Regime Simplificado',0,'Regime Simplificado',110,13,1,1,'2024-07-26 15:26:10','2024-07-26 15:26:10'),(125,'LICENÇA MENSAL DE AGOSTO',15000.00,1,0.00,15000.00,'Sem rentenção na fonte',0,'ISENTO','M00','M00 - Regime Simplificado',0,'Regime Simplificado',111,21,1,1,'2024-08-07 14:27:34','2024-08-07 14:27:34'),(126,'Desenvol. de Website Com area administrativa',64000.00,1,0.00,64000.00,'Rentenção na fonte 6.5%',6.5,'ISENTO','M00','M00 - Regime Simplificado',0,'Regime Simplificado',112,182,1,2,'2024-08-07 14:30:25','2024-08-07 14:30:25'),(127,'Licença de Agosto-Soft. Comercial',237000.00,1,0.00,237000.00,'Sem rentenção na fonte',0,'ISENTO','M00','M00 - Regime Simplificado',0,'Regime Simplificado',113,192,1,1,'2024-08-07 15:51:52','2024-08-07 15:51:52'),(128,'Licença de Agosto-Soft. Documental',237000.00,1,0.00,237000.00,'Sem rentenção na fonte',0,'ISENTO','M00','M00 - Regime Simplificado',0,'Regime Simplificado',113,191,1,1,'2024-08-07 15:51:52','2024-08-07 15:51:52'),(129,'Licença de Agosto',42000.00,1,0.00,42000.00,'Sem rentenção na fonte',0,'ISENTO','M00','M00 - Regime Simplificado',0,'Regime Simplificado',114,193,1,1,'2024-08-08 06:54:20','2024-08-08 06:54:20'),(130,'Licença de Outubro',15000.00,1,0.00,15000.00,'Sem rentenção na fonte',0,'ISENTO','M00','M00 - Regime Simplificado',0,'Regime Simplificado',115,196,1,1,'2024-08-08 07:05:12','2024-08-08 07:05:12'),(131,'Licença de Setembro',15000.00,1,0.00,15000.00,'Sem rentenção na fonte',0,'ISENTO','M00','M00 - Regime Simplificado',0,'Regime Simplificado',115,195,1,1,'2024-08-08 07:05:13','2024-08-08 07:05:13'),(132,'Licença de Agosto',15000.00,1,0.00,15000.00,'Sem rentenção na fonte',0,'ISENTO','M00','M00 - Regime Simplificado',0,'Regime Simplificado',115,194,1,1,'2024-08-08 07:05:13','2024-08-08 07:05:13'),(133,'Sof.de faturação e R.H-Licença de Outubro',35000.00,1,0.00,35000.00,'Rentenção na fonte 6.5%',6.5,'ISENTO','M00','M00 - Regime Simplificado',0,'Regime Simplificado',116,199,1,2,'2024-08-08 07:48:32','2024-08-08 07:48:32'),(134,'Sof.de faturação e R.H-Licença de Setembro',35000.00,1,0.00,35000.00,'Rentenção na fonte 6.5%',6.5,'ISENTO','M00','M00 - Regime Simplificado',0,'Regime Simplificado',116,198,1,2,'2024-08-08 07:48:32','2024-08-08 07:48:32'),(135,'Sof.de faturação e R.H-Licença de Agosto',35000.00,1,0.00,35000.00,'Rentenção na fonte 6.5%',6.5,'ISENTO','M00','M00 - Regime Simplificado',0,'Regime Simplificado',116,197,1,2,'2024-08-08 07:48:32','2024-08-08 07:48:32'),(136,'Licença Trimestral Escolar',120000.00,1,0.00,120000.00,'Sem rentenção na fonte',0,'ISENTO','M00','M00 - Regime Simplificado',0,'Regime Simplificado',117,204,1,1,'2024-08-09 15:30:32','2024-08-09 15:30:32'),(137,'Pagamento de Desenvolvidores',450000.00,2,0.00,900000.00,'Sem rentenção na fonte',0,'ISENTO','M00','M00 - Regime Simplificado',0,'Regime Simplificado',118,205,1,1,'2024-08-12 08:33:26','2024-08-12 08:33:26'),(138,'Licença Trimestral Escolar',120000.00,1,0.00,120000.00,'Sem rentenção na fonte',0,'ISENTO','M00','M00 - Regime Simplificado',0,'Regime Simplificado',119,204,1,1,'2024-08-14 07:56:42','2024-08-14 07:56:42'),(139,'Personalização do Logotipo no Sistema (Trimestral)',15000.00,3,0.00,45000.00,'Sem rentenção na fonte',0,'ISENTO','M00','M00 - Regime Simplificado',0,'Regime Simplificado',119,210,1,1,'2024-08-14 07:56:42','2024-08-14 07:56:42'),(140,'Software de Gestão escolar e Documental',15000000.00,1,0.00,15000000.00,'Sem rentenção na fonte',0,'ISENTO','M00','M00 - Regime Simplificado',0,'Regime Simplificado',120,237,1,1,'2024-08-19 10:14:39','2024-08-19 10:14:39'),(141,'Licença mensal de Website',35000.00,1,0.00,35000.00,'Sem rentenção na fonte',0,'ISENTO','M00','M00 - Regime Simplificado',0,'Regime Simplificado',121,135,1,1,'2024-08-20 07:59:58','2024-08-20 07:59:58'),(142,'Bosch Instalação e Programação',821477.65,1,0.00,821477.65,'Sem rentenção na fonte',0,'ISENTO','M00','M00 - Regime Simplificado',0,'Regime Simplificado',122,273,1,1,'2024-08-21 13:07:19','2024-08-21 13:07:19'),(143,'100 metros de cabos para conexões aos detectores',190361.65,18,0.00,3426509.70,'Sem rentenção na fonte',0,'ISENTO','M00','M00 - Regime Simplificado',0,'Regime Simplificado',122,272,1,1,'2024-08-21 13:07:19','2024-08-21 13:07:19'),(144,'Bosch Sinalizador Luminoso',48183.41,1,0.00,48183.41,'Sem rentenção na fonte',0,'ISENTO','M00','M00 - Regime Simplificado',0,'Regime Simplificado',122,271,1,1,'2024-08-21 13:07:19','2024-08-21 13:07:19'),(145,'Bosch FNM-320-FRD Sounder, Flush-mount, Red',110583.52,3,0.00,331750.56,'Sem rentenção na fonte',0,'ISENTO','M00','M00 - Regime Simplificado',0,'Regime Simplificado',122,270,1,1,'2024-08-21 13:07:19','2024-08-21 13:07:19'),(146,'Bosch Botoneira Incendio Convencional',64165.08,3,0.00,192495.24,'Sem rentenção na fonte',0,'ISENTO','M00','M00 - Regime Simplificado',0,'Regime Simplificado',122,269,1,1,'2024-08-21 13:07:19','2024-08-21 13:07:19'),(147,'Bosch Base p/ Detector',9004.65,18,0.00,162083.70,'Sem rentenção na fonte',0,'ISENTO','M00','M00 - Regime Simplificado',0,'Regime Simplificado',122,268,1,1,'2024-08-21 13:07:19','2024-08-21 13:07:19'),(148,'Bosch Detector Termico',53621.95,1,0.00,53621.95,'Sem rentenção na fonte',0,'ISENTO','M00','M00 - Regime Simplificado',0,'Regime Simplificado',122,267,1,1,'2024-08-21 13:07:19','2024-08-21 13:07:19'),(149,'Bosch Detector de fumo Convencional',70135.23,17,0.00,1192298.91,'Sem rentenção na fonte',0,'ISENTO','M00','M00 - Regime Simplificado',0,'Regime Simplificado',122,266,1,1,'2024-08-21 13:07:19','2024-08-21 13:07:19'),(150,'Bosch 4 zone conventional fire panel',839091.52,1,0.00,839091.52,'Sem rentenção na fonte',0,'ISENTO','M00','M00 - Regime Simplificado',0,'Regime Simplificado',122,265,1,1,'2024-08-21 13:07:19','2024-08-21 13:07:19'),(151,'HIKV NVR DS-7616NXI-K1 ACUSENSE SERIE',198000.00,2,0.00,396000.00,'Sem rentenção na fonte',0,'ISENTO','M00','M00 - Regime Simplificado',0,'Regime Simplificado',123,236,1,1,'2024-08-21 14:37:39','2024-08-21 14:37:39'),(152,'Caixa Cabo de rade Cat6 305Mts',414242.88,12,0.00,4970914.56,'Sem rentenção na fonte',0,'ISENTO','M00','M00 - Regime Simplificado',0,'Regime Simplificado',123,235,1,1,'2024-08-21 14:37:39','2024-08-21 14:37:39'),(153,'Conectores rj45 pacote',15565.07,2,0.00,31130.14,'Sem rentenção na fonte',0,'ISENTO','M00','M00 - Regime Simplificado',0,'Regime Simplificado',123,234,1,1,'2024-08-21 14:37:39','2024-08-21 14:37:39'),(154,'HDMI SPLITTER 4 OUTPUT',61930.00,1,0.00,61930.00,'Sem rentenção na fonte',0,'ISENTO','M00','M00 - Regime Simplificado',0,'Regime Simplificado',123,233,1,1,'2024-08-21 14:37:39','2024-08-21 14:37:39'),(155,'32',229829.11,2,0.00,459658.22,'Sem rentenção na fonte',0,'ISENTO','M00','M00 - Regime Simplificado',0,'Regime Simplificado',123,232,1,1,'2024-08-21 14:37:39','2024-08-21 14:37:39'),(156,'ZKZ REMOTE INDICADOR 681-001',5264.85,1,0.00,5264.85,'Sem rentenção na fonte',0,'ISENTO','M00','M00 - Regime Simplificado',0,'Regime Simplificado',123,231,1,1,'2024-08-21 14:37:39','2024-08-21 14:37:39'),(157,'ZKZ DETECTOR DE CALOR CONVENCIONAL HD-503-2',8588.99,1,0.00,8588.99,'Sem rentenção na fonte',0,'ISENTO','M00','M00 - Regime Simplificado',0,'Regime Simplificado',123,230,1,1,'2024-08-21 14:37:39','2024-08-21 14:37:39'),(158,'ZKZ DETECTOR DE FUMAÇA CONVENCIONAL SD-602-2',6569.26,17,0.00,111677.42,'Sem rentenção na fonte',0,'ISENTO','M00','M00 - Regime Simplificado',0,'Regime Simplificado',123,229,1,1,'2024-08-21 14:37:39','2024-08-21 14:37:39'),(159,'HIKV CONTACTO MAGNETICO PARA JANELA DS-PD1-MC-MS',20677.70,2,0.00,41355.40,'Sem rentenção na fonte',0,'ISENTO','M00','M00 - Regime Simplificado',0,'Regime Simplificado',123,220,1,1,'2024-08-21 14:37:39','2024-08-21 14:37:39'),(160,'HIKV DETECTOR DE MOVIMENTO COM FIO DS-PDP18-EG2',12862.16,4,0.00,51448.64,'Sem rentenção na fonte',0,'ISENTO','M00','M00 - Regime Simplificado',0,'Regime Simplificado',123,228,1,1,'2024-08-21 14:37:39','2024-08-21 14:37:39'),(161,'HIKV TECLADO USB DS-1005KI',338137.80,1,0.00,338137.80,'Sem rentenção na fonte',0,'ISENTO','M00','M00 - Regime Simplificado',0,'Regime Simplificado',123,227,1,1,'2024-08-21 14:37:39','2024-08-21 14:37:39'),(162,'HIKV SISTEMA DE ALARME DS-19A08-01BNG',557112.19,1,0.00,557112.19,'Sem rentenção na fonte',0,'ISENTO','M00','M00 - Regime Simplificado',0,'Regime Simplificado',123,226,1,1,'2024-08-21 14:37:39','2024-08-21 14:37:39'),(163,'UDA ARMARIO 12U 600*400*530',106640.71,1,0.00,106640.71,'Sem rentenção na fonte',0,'ISENTO','M00','M00 - Regime Simplificado',0,'Regime Simplificado',123,225,1,1,'2024-08-21 14:37:39','2024-08-21 14:37:39'),(164,'UDA SWITCH POE DE 24 PS326G-F',283247.17,2,0.00,566494.34,'Sem rentenção na fonte',0,'ISENTO','M00','M00 - Regime Simplificado',0,'Regime Simplificado',123,224,1,1,'2024-08-21 14:37:39','2024-08-21 14:37:39'),(165,'HIKV MONITOR DS-D5032HE',257310.88,2,0.00,514621.76,'Sem rentenção na fonte',0,'ISENTO','M00','M00 - Regime Simplificado',0,'Regime Simplificado',123,223,1,1,'2024-08-21 14:37:39','2024-08-21 14:37:39'),(166,'SEAGATE ST HDD 8TB ST8000VX009',493046.75,6,0.00,2958280.50,'Sem rentenção na fonte',0,'ISENTO','M00','M00 - Regime Simplificado',0,'Regime Simplificado',123,222,1,1,'2024-08-21 14:37:39','2024-08-21 14:37:39'),(167,'HIKV CAMERA DS-2CD2123G2-IU 2.8MM 2MP DOME',159759.64,27,0.00,4313510.28,'Sem rentenção na fonte',0,'ISENTO','M00','M00 - Regime Simplificado',0,'Regime Simplificado',123,221,1,1,'2024-08-21 14:37:39','2024-08-21 14:37:39'),(168,'HIKV CONTACTO MAGNETICO PARA JANELA DS-PD1-MC-MS',20677.70,13,0.00,268810.10,'Sem rentenção na fonte',0,'ISENTO','M00','M00 - Regime Simplificado',0,'Regime Simplificado',123,220,1,1,'2024-08-21 14:37:39','2024-08-21 14:37:39'),(169,'ZKTECO CAIXA DE BOTAO DE SAIDA ED101',14783.38,11,0.00,162617.18,'Sem rentenção na fonte',0,'ISENTO','M00','M00 - Regime Simplificado',0,'Regime Simplificado',123,219,1,1,'2024-08-21 14:37:39','2024-08-21 14:37:39'),(170,'ZKTECO BOTAO DE SAIDA/INTERRUPTOR EX-802',4869.07,11,0.00,53559.77,'Sem rentenção na fonte',0,'ISENTO','M00','M00 - Regime Simplificado',0,'Regime Simplificado',123,218,1,1,'2024-08-21 14:37:39','2024-08-21 14:37:39'),(171,'UDA CARREGADOR 12V2A UDA-C02A-N1',3729.56,1,0.00,3729.56,'Sem rentenção na fonte',0,'ISENTO','M00','M00 - Regime Simplificado',0,'Regime Simplificado',123,217,1,1,'2024-08-21 14:37:39','2024-08-21 14:37:39'),(172,'ZKTECO SUPORTE DA FECHADURA MAGNETICA LM-2805-U',10951.97,6,0.00,65711.82,'Sem rentenção na fonte',0,'ISENTO','M00','M00 - Regime Simplificado',0,'Regime Simplificado',123,216,1,1,'2024-08-21 14:37:39','2024-08-21 14:37:39'),(173,'ZKTECO SUPORTE PARA FECHADURA LM-2802 E LM-2805 LMB280L + LMB280Z',49919.70,7,0.00,349437.90,'Sem rentenção na fonte',0,'ISENTO','M00','M00 - Regime Simplificado',0,'Regime Simplificado',123,215,1,1,'2024-08-21 14:37:39','2024-08-21 14:37:39'),(174,'ZKTECO FECHADURA MAGNÉTICA LM-2805',62364.50,13,0.00,810738.50,'Sem rentenção na fonte',0,'ISENTO','M00','M00 - Regime Simplificado',0,'Regime Simplificado',123,149,1,1,'2024-08-21 14:37:39','2024-08-21 14:37:39'),(175,'HIKV LEITOR DE CARTAO E IMP. DIGITAL DS-K1201MF',164596.17,16,0.00,2633538.72,'Sem rentenção na fonte',0,'ISENTO','M00','M00 - Regime Simplificado',0,'Regime Simplificado',123,213,1,1,'2024-08-21 14:37:39','2024-08-21 14:37:39'),(176,'HIKV CONTROLE DE ACESSO DS-K2602T',319429.44,8,0.00,2555435.52,'Sem rentenção na fonte',0,'ISENTO','M00','M00 - Regime Simplificado',0,'Regime Simplificado',123,212,1,1,'2024-08-21 14:37:39','2024-08-21 14:37:39'),(177,'LICENÇA MENSAL DE OUTUMBRO',10000.00,1,0.00,10000.00,'Sem rentenção na fonte',0,'ISENTO','M00','M00 - Regime Simplificado',0,'Regime Simplificado',124,10,1,1,'2024-08-22 11:01:18','2024-08-22 11:01:18'),(178,'LICENÇA MENSAL DE SETEMBRO',10000.00,1,0.00,10000.00,'Sem rentenção na fonte',0,'ISENTO','M00','M00 - Regime Simplificado',0,'Regime Simplificado',124,9,1,1,'2024-08-22 11:01:18','2024-08-22 11:01:18'),(179,'LICENÇA MENSAL DE AGOSTO',10000.00,1,0.00,10000.00,'Sem rentenção na fonte',0,'ISENTO','M00','M00 - Regime Simplificado',0,'Regime Simplificado',124,8,1,1,'2024-08-22 11:01:18','2024-08-22 11:01:18'),(180,'Pagamento da comissão de 15%/Software de faturação',18000.00,1,0.00,18000.00,'Sem rentenção na fonte',0,'ISENTO','M00','M00 - Regime Simplificado',0,'Regime Simplificado',125,277,1,1,'2024-08-27 12:18:39','2024-08-27 12:18:39'),(181,'LICENÇA MENSAL DE SETEMBRO',10000.00,1,0.00,10000.00,'Sem rentenção na fonte',0,'ISENTO','M00','M00 - Regime Simplificado',0,'Regime Simplificado',126,9,1,1,'2024-09-05 06:49:21','2024-09-05 06:49:21'),(182,'LICENÇA MENSAL DE OUTUMBRO',10000.00,1,0.00,10000.00,'Sem rentenção na fonte',0,'ISENTO','M00','M00 - Regime Simplificado',0,'Regime Simplificado',126,10,1,1,'2024-09-05 06:49:21','2024-09-05 06:49:21'),(183,'LICENÇA MENSAL DE NOVEMBRO',10000.00,1,0.00,10000.00,'Sem rentenção na fonte',0,'ISENTO','M00','M00 - Regime Simplificado',0,'Regime Simplificado',126,11,1,1,'2024-09-05 06:49:21','2024-09-05 06:49:21'),(184,'Software de Gestão Escolar',4000000.00,1,0.00,4000000.00,'Sem rentenção na fonte',0,'ISENTO','M00','M00 - Regime Simplificado',0,'Regime Simplificado',127,292,1,1,'2024-09-11 05:41:49','2024-09-11 05:41:49'),(185,'Software de Gestão Escolar',4000000.00,1,0.00,4000000.00,'Sem rentenção na fonte',0,'ISENTO','M00','M00 - Regime Simplificado',0,'Regime Simplificado',128,292,1,1,'2024-09-11 05:42:36','2024-09-11 05:42:36'),(186,'Chatbot',1700000.00,1,0.00,1700000.00,'Sem rentenção na fonte',0,'ISENTO','M00','M00 - Regime Simplificado',0,'Regime Simplificado',129,293,1,1,'2024-09-11 05:43:04','2024-09-11 05:43:04'),(187,'Licença de Dezembro-Website',35000.00,1,0.00,35000.00,'Sem rentenção na fonte',0,'ISENTO','M00','M00 - Regime Simplificado',0,'Regime Simplificado',130,301,1,1,'2024-09-30 11:35:40','2024-09-30 11:35:40'),(188,'Licença de Novembro-Website',35000.00,1,0.00,35000.00,'Sem rentenção na fonte',0,'ISENTO','M00','M00 - Regime Simplificado',0,'Regime Simplificado',130,300,1,1,'2024-09-30 11:35:40','2024-09-30 11:35:40'),(189,'Licença de Outubro-Website',35000.00,1,0.00,35000.00,'Sem rentenção na fonte',0,'ISENTO','M00','M00 - Regime Simplificado',0,'Regime Simplificado',130,299,1,1,'2024-09-30 11:35:40','2024-09-30 11:35:40'),(190,'Licença de Setembro-Website',35000.00,1,0.00,35000.00,'Sem rentenção na fonte',0,'ISENTO','M00','M00 - Regime Simplificado',0,'Regime Simplificado',130,298,1,1,'2024-09-30 11:35:40','2024-09-30 11:35:40'),(191,'LICENÇA MENSAL DE OUTUMBRO',23000.00,1,0.00,23000.00,'Sem rentenção na fonte',0,'ISENTO','M00','M00 - Regime Simplificado',0,'Regime Simplificado',131,35,1,1,'2024-09-30 12:03:21','2024-09-30 12:03:21'),(192,'LICENÇA MENSAL DE SETEMBRO',15000.00,1,0.00,15000.00,'Sem rentenção na fonte',0,'ISENTO','M00','M00 - Regime Simplificado',0,'Regime Simplificado',131,22,1,1,'2024-09-30 12:03:21','2024-09-30 12:03:21'),(193,'LICENÇA MENSAL DE AGOSTO',15000.00,1,0.00,15000.00,'Sem rentenção na fonte',0,'ISENTO','M00','M00 - Regime Simplificado',0,'Regime Simplificado',131,21,1,1,'2024-09-30 12:03:21','2024-09-30 12:03:21'),(194,'LICENÇA MENSAL DE OUTUMBRO',15000.00,1,0.00,15000.00,'Sem rentenção na fonte',0,'ISENTO','M00','M00 - Regime Simplificado',0,'Regime Simplificado',132,23,1,1,'2024-09-30 12:06:02','2024-09-30 12:06:02'),(195,'LICENÇA MENSAL DE SETEMBRO',15000.00,1,0.00,15000.00,'Sem rentenção na fonte',0,'ISENTO','M00','M00 - Regime Simplificado',0,'Regime Simplificado',132,22,1,1,'2024-09-30 12:06:02','2024-09-30 12:06:02'),(196,'LICENÇA MENSAL DE AGOSTO',15000.00,1,0.00,15000.00,'Sem rentenção na fonte',0,'ISENTO','M00','M00 - Regime Simplificado',0,'Regime Simplificado',132,21,1,1,'2024-09-30 12:06:02','2024-09-30 12:06:02'),(197,'LICENÇA MENSAL DE DEZEMBRO',10000.00,1,0.00,10000.00,'Sem rentenção na fonte',0,'ISENTO','M00','M00 - Regime Simplificado',0,'Regime Simplificado',133,12,1,1,'2024-10-03 09:13:36','2024-10-03 09:13:36'),(198,'LICENÇA MENSAL DE NOVEMBRO',10000.00,1,0.00,10000.00,'Sem rentenção na fonte',0,'ISENTO','M00','M00 - Regime Simplificado',0,'Regime Simplificado',133,11,1,1,'2024-10-03 09:13:36','2024-10-03 09:13:36'),(199,'LICENÇA MENSAL DE OUTUMBRO',10000.00,1,0.00,10000.00,'Sem rentenção na fonte',0,'ISENTO','M00','M00 - Regime Simplificado',0,'Regime Simplificado',133,10,1,1,'2024-10-03 09:13:36','2024-10-03 09:13:36'),(200,'Licença de outubro para o sistema de desporto',450000.00,1,0.00,450000.00,'Sem rentenção na fonte',0,'ISENTO','M00','M00 - Regime Simplificado',0,'Regime Simplificado',134,302,1,1,'2024-10-03 14:01:31','2024-10-03 14:01:31'),(201,'Licença mensal Soft. de RH',30000.00,1,0.00,30000.00,'Sem rentenção na fonte',0,'ISENTO','M00','M00 - Regime Simplificado',0,'Regime Simplificado',135,297,1,1,'2024-10-17 09:16:50','2024-10-17 09:16:50'),(202,'Licença mensal Soft. de Gestão e faturação',10000.00,1,0.00,10000.00,'Sem rentenção na fonte',0,'ISENTO','M00','M00 - Regime Simplificado',0,'Regime Simplificado',135,295,1,1,'2024-10-17 09:16:51','2024-10-17 09:16:51'),(203,'Licença mensal Soft. de Gestão e faturação',10000.00,1,0.00,10000.00,'Sem rentenção na fonte',0,'ISENTO','M00','M00 - Regime Simplificado',0,'Regime Simplificado',136,295,1,1,'2024-10-21 10:20:49','2024-10-21 10:20:49'),(204,'Licença mensal Soft. de RH',30000.00,1,0.00,30000.00,'Sem rentenção na fonte',0,'ISENTO','M00','M00 - Regime Simplificado',0,'Regime Simplificado',137,297,1,1,'2024-10-23 07:50:51','2024-10-23 07:50:51'),(205,'Licença de Dezembro-Website',60000.00,1,0.00,60000.00,'Rentenção na fonte 6.5%',6.5,'ISENTO','M00','M00 - Regime Simplificado',0,'Regime Simplificado',138,308,1,2,'2024-10-30 09:22:50','2024-10-30 09:22:50'),(206,'Licença de Novembro-Website',60000.00,1,0.00,60000.00,'Rentenção na fonte 6.5%',6.5,'ISENTO','M00','M00 - Regime Simplificado',0,'Regime Simplificado',138,307,1,2,'2024-10-30 09:22:50','2024-10-30 09:22:50'),(207,'Licença Trimestral de Website(Novembro, Dezembro e Janeiro)',35000.00,3,0.00,105000.00,'Sem rentenção na fonte',0,'ISENTO','M00','M00 - Regime Simplificado',0,'Regime Simplificado',139,309,1,1,'2024-11-06 09:24:38','2024-11-06 09:24:38'),(208,'Formação de Atendimento ao Público',120000.00,6,0.00,720000.00,'Sem rentenção na fonte',0,'ISENTO','M00','M00 - Regime Simplificado',0,'Regime Simplificado',140,310,1,1,'2024-11-06 13:35:36','2024-11-06 13:35:36'),(209,'Deslocação/Formação Atentimento ao Público',100000.00,1,0.00,100000.00,'Sem rentenção na fonte',0,'ISENTO','M00','M00 - Regime Simplificado',0,'Regime Simplificado',140,311,1,1,'2024-11-06 13:35:36','2024-11-06 13:35:36'),(210,'Deslocação/Formação de Pacote Microssoft 365',100000.00,1,0.00,100000.00,'Sem rentenção na fonte',0,'ISENTO','M00','M00 - Regime Simplificado',0,'Regime Simplificado',140,313,1,1,'2024-11-06 13:35:37','2024-11-06 13:35:37'),(211,'Formação Pacote Microsoft 365',203000.00,6,0.00,1218000.00,'Sem rentenção na fonte',0,'ISENTO','M00','M00 - Regime Simplificado',0,'Regime Simplificado',140,312,1,1,'2024-11-06 13:35:37','2024-11-06 13:35:37'),(212,'Licença de 9 Meses de Web Site',35000.00,9,0.00,315000.00,'Sem rentenção na fonte',0,'ISENTO','M00','M00 - Regime Simplificado',0,'Regime Simplificado',141,314,1,1,'2024-11-06 14:19:53','2024-11-06 14:19:53'),(213,'Licença Trimestral de Website(Novembro, Dezembro e Janeiro)',35000.00,3,0.00,105000.00,'Sem rentenção na fonte',0,'ISENTO','M00','M00 - Regime Simplificado',0,'Regime Simplificado',142,309,1,1,'2024-11-06 14:20:25','2024-11-06 14:20:25'),(214,'Formação de Atendimento ao Público',120000.00,6,0.00,720000.00,'Sem rentenção na fonte',0,'ISENTO','M00','M00 - Regime Simplificado',0,'Regime Simplificado',143,310,1,1,'2024-11-06 14:24:08','2024-11-06 14:24:08'),(215,'Formação Pacote Microsoft 365',203000.00,6,0.00,1218000.00,'Sem rentenção na fonte',0,'ISENTO','M00','M00 - Regime Simplificado',0,'Regime Simplificado',143,312,1,1,'2024-11-06 14:24:08','2024-11-06 14:24:08');
/*!40000 ALTER TABLE `items` ENABLE KEYS */;
UNLOCK TABLES;

--
-- Table structure for table `migrations`
--

DROP TABLE IF EXISTS `migrations`;
/*!40101 SET @saved_cs_client     = @@character_set_client */;
/*!40101 SET character_set_client = utf8 */;
CREATE TABLE `migrations` (
  `id` int(10) unsigned NOT NULL AUTO_INCREMENT,
  `migration` varchar(191) NOT NULL,
  `batch` int(11) NOT NULL,
  PRIMARY KEY (`id`)
) ENGINE=InnoDB AUTO_INCREMENT=49 DEFAULT CHARSET=utf8mb4 COLLATE=utf8mb4_unicode_ci;
/*!40101 SET character_set_client = @saved_cs_client */;

--
-- Dumping data for table `migrations`
--

LOCK TABLES `migrations` WRITE;
/*!40000 ALTER TABLE `migrations` DISABLE KEYS */;
INSERT INTO `migrations` VALUES (1,'2014_10_11_000000_create_departamentos_table',1),(2,'2014_10_12_000000_create_enderecos_table',1),(3,'2014_10_12_000000_create_users_table',1),(4,'2014_10_12_100000_create_password_resets_table',1),(5,'2019_08_19_000000_create_failed_jobs_table',1),(6,'2020_08_10_110404_create_contactos_table',1),(7,'2021_01_06_173930_create_tipos_table',1),(8,'2021_01_06_173931_create_categorias_table',1),(9,'2021_01_06_173932_create_impostos_table',1),(10,'2021_01_06_173933_create_fornecedors_table',1),(11,'2021_01_06_173934_create_retencaos_table',1),(12,'2021_01_06_173952_create_artigos_table',1),(13,'2021_07_19_095646_create_clientes_table',1),(14,'2021_07_19_201615_create_empresas_table',1),(15,'2021_08_13_100920_create_formas_pagamentos_table',1),(16,'2021_08_13_100921_create_moedas_table',1),(17,'2021_08_13_100926_create_facturas_table',1),(18,'2021_08_27_084347_create_modo_pagamentos_table',1),(19,'2021_08_30_183409_create_items_table',1),(20,'2021_09_01_075243_create_proformas_table',1),(21,'2021_09_01_075439_create_item_proformas_table',1),(22,'2021_09_01_075937_create_series_table',1),(23,'2021_09_03_132534_create_armazems_table',1),(24,'2021_09_15_130302_create_stocks_table',1),(25,'2021_09_19_125720_create_item_stocks_table',1),(26,'2021_09_20_082519_create_recibos_table',1),(27,'2021_09_20_082623_create_factura_recibos_table',1),(28,'2021_09_20_082635_create_item_factura_recibos_table',1),(29,'2021_09_28_131912_create_motivo_anulacaos_table',1),(30,'2021_09_28_131912_create_tipo_motivo_anulacaos_table',1),(31,'2021_12_22_125550_create_bugs_table',1),(32,'2022_01_23_103308_create_fabricantes_table',1),(33,'2022_01_23_151610_create_condicoes_pagamentos_table',1),(34,'2022_01_25_091808_bancos',1),(35,'2022_02_09_131420_create_permission_tables',1),(36,'2022_09_08_110345_create_nota_creditos_table',1),(37,'2022_09_08_110451_create_nota_debitos_table',1),(38,'2022_09_08_110636_create_item_nota_creditos_table',1),(39,'2022_09_08_110646_create_item_nota_debitos_table',1),(40,'2022_09_11_162939_create_guia_transportes_table',1),(41,'2022_09_11_162954_create_item_guia_transportes_table',1),(42,'2022_09_11_163007_create_guia_remessas_table',1),(43,'2022_09_11_163023_create_item_guia_remessas_table',1),(44,'2022_09_21_140425_create_agts_table',1),(45,'2023_01_23_155122_create_tax_tables_table',1),(46,'2023_01_23_155225_create_saft_audits_table',1),(47,'2023_03_31_105051_create_pais_table',1),(48,'2023_05_07_190801_create_safts_table',1);
/*!40000 ALTER TABLE `migrations` ENABLE KEYS */;
UNLOCK TABLES;

--
-- Table structure for table `model_has_permissions`
--

DROP TABLE IF EXISTS `model_has_permissions`;
/*!40101 SET @saved_cs_client     = @@character_set_client */;
/*!40101 SET character_set_client = utf8 */;
CREATE TABLE `model_has_permissions` (
  `permission_id` bigint(20) unsigned NOT NULL,
  `model_type` varchar(191) NOT NULL,
  `model_id` bigint(20) unsigned NOT NULL,
  PRIMARY KEY (`permission_id`,`model_id`,`model_type`),
  KEY `model_has_permissions_model_id_model_type_index` (`model_id`,`model_type`),
  CONSTRAINT `model_has_permissions_permission_id_foreign` FOREIGN KEY (`permission_id`) REFERENCES `permissions` (`id`) ON DELETE CASCADE
) ENGINE=InnoDB DEFAULT CHARSET=utf8mb4 COLLATE=utf8mb4_unicode_ci;
/*!40101 SET character_set_client = @saved_cs_client */;

--
-- Dumping data for table `model_has_permissions`
--

LOCK TABLES `model_has_permissions` WRITE;
/*!40000 ALTER TABLE `model_has_permissions` DISABLE KEYS */;
/*!40000 ALTER TABLE `model_has_permissions` ENABLE KEYS */;
UNLOCK TABLES;

--
-- Table structure for table `model_has_roles`
--

DROP TABLE IF EXISTS `model_has_roles`;
/*!40101 SET @saved_cs_client     = @@character_set_client */;
/*!40101 SET character_set_client = utf8 */;
CREATE TABLE `model_has_roles` (
  `role_id` bigint(20) unsigned NOT NULL,
  `model_type` varchar(191) NOT NULL,
  `model_id` bigint(20) unsigned NOT NULL,
  PRIMARY KEY (`role_id`,`model_id`,`model_type`),
  KEY `model_has_roles_model_id_model_type_index` (`model_id`,`model_type`),
  CONSTRAINT `model_has_roles_role_id_foreign` FOREIGN KEY (`role_id`) REFERENCES `roles` (`id`) ON DELETE CASCADE
) ENGINE=InnoDB DEFAULT CHARSET=utf8mb4 COLLATE=utf8mb4_unicode_ci;
/*!40101 SET character_set_client = @saved_cs_client */;

--
-- Dumping data for table `model_has_roles`
--

LOCK TABLES `model_has_roles` WRITE;
/*!40000 ALTER TABLE `model_has_roles` DISABLE KEYS */;
INSERT INTO `model_has_roles` VALUES (1,'App\\User',1),(3,'App\\User',2);
/*!40000 ALTER TABLE `model_has_roles` ENABLE KEYS */;
UNLOCK TABLES;

--
-- Table structure for table `modo_pagamentos`
--

DROP TABLE IF EXISTS `modo_pagamentos`;
/*!40101 SET @saved_cs_client     = @@character_set_client */;
/*!40101 SET character_set_client = utf8 */;
CREATE TABLE `modo_pagamentos` (
  `id` bigint(20) unsigned NOT NULL AUTO_INCREMENT,
  `designacao` varchar(191) DEFAULT NULL,
  `created_at` timestamp NULL DEFAULT NULL,
  `updated_at` timestamp NULL DEFAULT NULL,
  PRIMARY KEY (`id`)
) ENGINE=InnoDB AUTO_INCREMENT=4 DEFAULT CHARSET=utf8mb4 COLLATE=utf8mb4_unicode_ci;
/*!40101 SET character_set_client = @saved_cs_client */;

--
-- Dumping data for table `modo_pagamentos`
--

LOCK TABLES `modo_pagamentos` WRITE;
/*!40000 ALTER TABLE `modo_pagamentos` DISABLE KEYS */;
INSERT INTO `modo_pagamentos` VALUES (1,'Cheque',NULL,NULL),(2,'Numerário',NULL,NULL),(3,'Transferência Bancária',NULL,NULL);
/*!40000 ALTER TABLE `modo_pagamentos` ENABLE KEYS */;
UNLOCK TABLES;

--
-- Table structure for table `moedas`
--

DROP TABLE IF EXISTS `moedas`;
/*!40101 SET @saved_cs_client     = @@character_set_client */;
/*!40101 SET character_set_client = utf8 */;
CREATE TABLE `moedas` (
  `id` bigint(20) unsigned NOT NULL AUTO_INCREMENT,
  `designacao` varchar(191) DEFAULT NULL,
  `created_at` timestamp NULL DEFAULT NULL,
  `updated_at` timestamp NULL DEFAULT NULL,
  PRIMARY KEY (`id`)
) ENGINE=InnoDB AUTO_INCREMENT=3 DEFAULT CHARSET=utf8mb4 COLLATE=utf8mb4_unicode_ci;
/*!40101 SET character_set_client = @saved_cs_client */;

--
-- Dumping data for table `moedas`
--

LOCK TABLES `moedas` WRITE;
/*!40000 ALTER TABLE `moedas` DISABLE KEYS */;
INSERT INTO `moedas` VALUES (1,'Kwanza',NULL,NULL),(2,'Dollar',NULL,NULL);
/*!40000 ALTER TABLE `moedas` ENABLE KEYS */;
UNLOCK TABLES;

--
-- Table structure for table `motivo_anulacaos`
--

DROP TABLE IF EXISTS `motivo_anulacaos`;
/*!40101 SET @saved_cs_client     = @@character_set_client */;
/*!40101 SET character_set_client = utf8 */;
CREATE TABLE `motivo_anulacaos` (
  `id` bigint(20) unsigned NOT NULL AUTO_INCREMENT,
  `codigo` varchar(191) DEFAULT NULL,
  `designacao` varchar(191) DEFAULT NULL,
  `descricao` varchar(191) DEFAULT NULL,
  `status` tinyint(1) DEFAULT NULL,
  `created_at` timestamp NULL DEFAULT NULL,
  `updated_at` timestamp NULL DEFAULT NULL,
  PRIMARY KEY (`id`)
) ENGINE=InnoDB AUTO_INCREMENT=3 DEFAULT CHARSET=utf8mb4 COLLATE=utf8mb4_unicode_ci;
/*!40101 SET character_set_client = @saved_cs_client */;

--
-- Dumping data for table `motivo_anulacaos`
--

LOCK TABLES `motivo_anulacaos` WRITE;
/*!40000 ALTER TABLE `motivo_anulacaos` DISABLE KEYS */;
INSERT INTO `motivo_anulacaos` VALUES (1,'0001','Anulação','',1,NULL,NULL),(2,'0002','Rectificação','',1,NULL,NULL);
/*!40000 ALTER TABLE `motivo_anulacaos` ENABLE KEYS */;
UNLOCK TABLES;

--
-- Table structure for table `nota_creditos`
--

DROP TABLE IF EXISTS `nota_creditos`;
/*!40101 SET @saved_cs_client     = @@character_set_client */;
/*!40101 SET character_set_client = utf8 */;
CREATE TABLE `nota_creditos` (
  `id` bigint(20) unsigned NOT NULL AUTO_INCREMENT,
  `numero` varchar(191) DEFAULT NULL,
  `cliente_id` bigint(20) unsigned DEFAULT NULL,
  `cliente_nome` varchar(191) DEFAULT NULL,
  `contribuinte` varchar(191) DEFAULT NULL,
  `endereco` varchar(191) DEFAULT NULL,
  `data` datetime DEFAULT NULL,
  `data_vencimento` datetime DEFAULT NULL,
  `formapagamento_id` bigint(20) unsigned DEFAULT NULL,
  `moeda_id` bigint(20) unsigned DEFAULT NULL,
  `utilizador_id` bigint(20) unsigned DEFAULT NULL,
  `utilizador_nome` varchar(191) DEFAULT NULL,
  `observacao` text DEFAULT NULL,
  `subtotal` double(8,2) DEFAULT NULL,
  `desconto` double(8,2) DEFAULT NULL,
  `imposto` double(8,2) DEFAULT NULL,
  `retencao` double(8,2) DEFAULT NULL,
  `total` double(8,2) DEFAULT NULL,
  `hash` text DEFAULT NULL,
  `status` tinyint(1) DEFAULT NULL,
  `documento_id` int(11) DEFAULT NULL,
  `documento_numero` varchar(191) DEFAULT NULL,
  `motivo_anulacao_id` bigint(20) unsigned DEFAULT NULL,
  `motivo_anulacao_designacao` varchar(191) DEFAULT NULL,
  `tipo_motivo_anulacao_id` bigint(20) unsigned DEFAULT NULL,
  `tipo_motivo_anulacao_designacao` varchar(191) DEFAULT NULL,
  `created_at` timestamp NULL DEFAULT NULL,
  `updated_at` timestamp NULL DEFAULT NULL,
  PRIMARY KEY (`id`),
  KEY `nota_creditos_motivo_anulacao_id_foreign` (`motivo_anulacao_id`),
  KEY `nota_creditos_tipo_motivo_anulacao_id_foreign` (`tipo_motivo_anulacao_id`),
  KEY `nota_creditos_cliente_id_foreign` (`cliente_id`),
  KEY `nota_creditos_formapagamento_id_foreign` (`formapagamento_id`),
  KEY `nota_creditos_moeda_id_foreign` (`moeda_id`),
  KEY `nota_creditos_utilizador_id_foreign` (`utilizador_id`),
  CONSTRAINT `nota_creditos_cliente_id_foreign` FOREIGN KEY (`cliente_id`) REFERENCES `clientes` (`id`) ON DELETE NO ACTION ON UPDATE CASCADE,
  CONSTRAINT `nota_creditos_formapagamento_id_foreign` FOREIGN KEY (`formapagamento_id`) REFERENCES `formas_pagamentos` (`id`) ON DELETE NO ACTION ON UPDATE CASCADE,
  CONSTRAINT `nota_creditos_moeda_id_foreign` FOREIGN KEY (`moeda_id`) REFERENCES `moedas` (`id`) ON DELETE NO ACTION ON UPDATE CASCADE,
  CONSTRAINT `nota_creditos_motivo_anulacao_id_foreign` FOREIGN KEY (`motivo_anulacao_id`) REFERENCES `motivo_anulacaos` (`id`) ON DELETE NO ACTION ON UPDATE CASCADE,
  CONSTRAINT `nota_creditos_tipo_motivo_anulacao_id_foreign` FOREIGN KEY (`tipo_motivo_anulacao_id`) REFERENCES `tipo_motivo_anulacaos` (`id`) ON DELETE NO ACTION ON UPDATE CASCADE,
  CONSTRAINT `nota_creditos_utilizador_id_foreign` FOREIGN KEY (`utilizador_id`) REFERENCES `users` (`id`) ON DELETE NO ACTION ON UPDATE CASCADE
) ENGINE=InnoDB AUTO_INCREMENT=7 DEFAULT CHARSET=utf8mb4 COLLATE=utf8mb4_unicode_ci;
/*!40101 SET character_set_client = @saved_cs_client */;

--
-- Dumping data for table `nota_creditos`
--

LOCK TABLES `nota_creditos` WRITE;
/*!40000 ALTER TABLE `nota_creditos` DISABLE KEYS */;
INSERT INTO `nota_creditos` VALUES (1,'NC 2024/1',46,'ZENTRAL, LDA','500 004 9964','Luanda','2024-02-06 00:00:00','2024-02-06 00:00:00',1,1,1,'Hilquias Chitazo',NULL,347175.00,0.00,0.00,0.00,347175.00,'MIICXAIBAAKBgQC4dcYScJrnD1xCbBAlSwQN80TYmlMhC1q3fqyL0y2ygQOmtKKYJkDDp/bx0F7ZJ4psVDAmJ1PC2SlHfVPtSZrsVTIf/OlWMsrkLQ+bSf2vJuzUgDagZ/htowIn3io6myiY+Ehq9vDjCd65XV/Hq2sDZoksXMpQU8kQoIF4P2oJqwIDAQABAoGBAJdMauHXIQdjDv6gWoHsTPAQWKj9tC/He2pE6cxqs/HVZqRHR5Ja1gZl7',1,46,'FR /46',1,'Anulação',5,'Erro no (s) preço (s)','2024-02-06 15:49:14','2024-02-06 15:49:14'),(2,'NC 2024/2',66,'SUCESSO DA VIDA COMERCIO GERAL & PRESTAÇÃO DE SERVIÇOS, LDA','123','FTU','2024-03-25 00:00:00','2024-03-25 00:00:00',1,1,1,'Hilquias Chitazo',NULL,23000.00,0.00,0.00,0.00,23000.00,'MIICXAIBAAKBgQC4dcYScJrnD1xCbBAlSwQN80TYmlMhC1q3fqyL0y2ygQOmtKKYJkDDp/bx0F7ZJ4psVDAmJ1PC2SlHfVPtSZrsVTIf/OlWMsrkLQ+bSf2vJuzUgDagZ/htowIn3io6myiY+Ehq9vDjCd65XV/Hq2sDZoksXMpQU8kQoIF4P2oJqwIDAQABAoGBAJdMauHXIQdjDv6gWoHsTPAQWKj9tC/He2pE6cxqs/HVZqRHR5Ja1gZl7',1,57,'FR 2024/57',1,'Anulação',1,'Ausência de desconto na fatura','2024-03-25 13:11:16','2024-03-25 13:11:16'),(3,'NC 2024/3',1,'Consumidor Final','Consumidor Final','Martires do Kifangondo, Casa nº 11, Rua  1','2024-03-27 00:00:00','2024-03-27 00:00:00',1,1,1,'Hilquias Chitazo',NULL,100000.00,0.00,0.00,0.00,100000.00,'MIICXAIBAAKBgQC4dcYScJrnD1xCbBAlSwQN80TYmlMhC1q3fqyL0y2ygQOmtKKYJkDDp/bx0F7ZJ4psVDAmJ1PC2SlHfVPtSZrsVTIf/OlWMsrkLQ+bSf2vJuzUgDagZ/htowIn3io6myiY+Ehq9vDjCd65XV/Hq2sDZoksXMpQU8kQoIF4P2oJqwIDAQABAoGBAJdMauHXIQdjDv6gWoHsTPAQWKj9tC/He2pE6cxqs/HVZqRHR5Ja1gZl7',1,54,'FR 2024/54',1,'Anulação',1,'Ausência de desconto na fatura','2024-03-27 08:30:12','2024-03-27 08:30:12'),(4,'NC 2024/4',48,'Chitali comercial Lda','5000489522','Huambo','2024-05-17 00:00:00','2024-05-17 00:00:00',1,1,1,'Hilquias Chitazo',NULL,45000.00,0.00,0.00,0.00,45000.00,'MIICXAIBAAKBgQC4dcYScJrnD1xCbBAlSwQN80TYmlMhC1q3fqyL0y2ygQOmtKKYJkDDp/bx0F7ZJ4psVDAmJ1PC2SlHfVPtSZrsVTIf/OlWMsrkLQ+bSf2vJuzUgDagZ/htowIn3io6myiY+Ehq9vDjCd65XV/Hq2sDZoksXMpQU8kQoIF4P2oJqwIDAQABAoGBAJdMauHXIQdjDv6gWoHsTPAQWKj9tC/He2pE6cxqs/HVZqRHR5Ja1gZl7',1,75,'FT 2024/75',1,'Anulação',3,'Erro na entidade','2024-05-17 09:36:23','2024-05-17 09:36:23'),(5,'NC 2024/5',114,'NAK ENERGY OLI & GAS, LDA','5417145078','Rua Américo Boa Vida nº 142. Ingombotas, Luanda','2024-09-04 00:00:00','2024-09-04 00:00:00',1,1,1,'Angelina de Sousa',NULL,350000.00,0.00,0.00,0.00,350000.00,'MIICXAIBAAKBgQC4dcYScJrnD1xCbBAlSwQN80TYmlMhC1q3fqyL0y2ygQOmtKKYJkDDp/bx0F7ZJ4psVDAmJ1PC2SlHfVPtSZrsVTIf/OlWMsrkLQ+bSf2vJuzUgDagZ/htowIn3io6myiY+Ehq9vDjCd65XV/Hq2sDZoksXMpQU8kQoIF4P2oJqwIDAQABAoGBAJdMauHXIQdjDv6gWoHsTPAQWKj9tC/He2pE6cxqs/HVZqRHR5Ja1gZl7',1,85,'FR 2024/85',1,'Anulação',4,'Erros nas quantidades / preços','2024-09-04 11:31:38','2024-09-04 11:31:38'),(6,'NC 2024/6',87,'Big Bro Entertainment','009468873LA040','Muinicípio do Kilamba Kiaxe-Golf2','2024-10-08 00:00:00','2024-10-08 00:00:00',2,1,1,'Angelina de Sousa',NULL,245000.00,0.00,0.00,0.00,245000.00,'MIICXAIBAAKBgQC4dcYScJrnD1xCbBAlSwQN80TYmlMhC1q3fqyL0y2ygQOmtKKYJkDDp/bx0F7ZJ4psVDAmJ1PC2SlHfVPtSZrsVTIf/OlWMsrkLQ+bSf2vJuzUgDagZ/htowIn3io6myiY+Ehq9vDjCd65XV/Hq2sDZoksXMpQU8kQoIF4P2oJqwIDAQABAoGBAJdMauHXIQdjDv6gWoHsTPAQWKj9tC/He2pE6cxqs/HVZqRHR5Ja1gZl7',1,99,'FT 2024/99',2,'Rectificação',5,'Erro no (s) preço (s)','2024-10-08 09:30:38','2024-10-08 09:30:38');
/*!40000 ALTER TABLE `nota_creditos` ENABLE KEYS */;
UNLOCK TABLES;

--
-- Table structure for table `nota_debitos`
--

DROP TABLE IF EXISTS `nota_debitos`;
/*!40101 SET @saved_cs_client     = @@character_set_client */;
/*!40101 SET character_set_client = utf8 */;
CREATE TABLE `nota_debitos` (
  `id` bigint(20) unsigned NOT NULL AUTO_INCREMENT,
  `numero` varchar(191) DEFAULT NULL,
  `cliente_id` bigint(20) unsigned DEFAULT NULL,
  `cliente_nome` varchar(191) DEFAULT NULL,
  `contribuinte` varchar(191) DEFAULT NULL,
  `endereco` varchar(191) DEFAULT NULL,
  `data` datetime DEFAULT NULL,
  `data_vencimento` datetime DEFAULT NULL,
  `formapagamento_id` bigint(20) unsigned DEFAULT NULL,
  `moeda_id` bigint(20) unsigned DEFAULT NULL,
  `utilizador_id` bigint(20) unsigned DEFAULT NULL,
  `utilizador_nome` varchar(191) DEFAULT NULL,
  `observacao` text DEFAULT NULL,
  `subtotal` double(8,2) DEFAULT NULL,
  `desconto` double(8,2) DEFAULT NULL,
  `imposto` double(8,2) DEFAULT NULL,
  `retencao` double(8,2) DEFAULT NULL,
  `total` double(8,2) DEFAULT NULL,
  `hash` text DEFAULT NULL,
  `status` tinyint(1) DEFAULT NULL,
  `created_at` timestamp NULL DEFAULT NULL,
  `updated_at` timestamp NULL DEFAULT NULL,
  PRIMARY KEY (`id`),
  KEY `nota_debitos_cliente_id_foreign` (`cliente_id`),
  KEY `nota_debitos_formapagamento_id_foreign` (`formapagamento_id`),
  KEY `nota_debitos_moeda_id_foreign` (`moeda_id`),
  KEY `nota_debitos_utilizador_id_foreign` (`utilizador_id`),
  CONSTRAINT `nota_debitos_cliente_id_foreign` FOREIGN KEY (`cliente_id`) REFERENCES `clientes` (`id`) ON DELETE NO ACTION ON UPDATE CASCADE,
  CONSTRAINT `nota_debitos_formapagamento_id_foreign` FOREIGN KEY (`formapagamento_id`) REFERENCES `formas_pagamentos` (`id`) ON DELETE NO ACTION ON UPDATE CASCADE,
  CONSTRAINT `nota_debitos_moeda_id_foreign` FOREIGN KEY (`moeda_id`) REFERENCES `moedas` (`id`) ON DELETE NO ACTION ON UPDATE CASCADE,
  CONSTRAINT `nota_debitos_utilizador_id_foreign` FOREIGN KEY (`utilizador_id`) REFERENCES `users` (`id`) ON DELETE NO ACTION ON UPDATE CASCADE
) ENGINE=InnoDB AUTO_INCREMENT=2 DEFAULT CHARSET=utf8mb4 COLLATE=utf8mb4_unicode_ci;
/*!40101 SET character_set_client = @saved_cs_client */;

--
-- Dumping data for table `nota_debitos`
--

LOCK TABLES `nota_debitos` WRITE;
/*!40000 ALTER TABLE `nota_debitos` DISABLE KEYS */;
INSERT INTO `nota_debitos` VALUES (1,'ND 2024/1',63,'Tomas Manuel','0072500045','Luanda','2024-03-06 00:00:00','2024-03-06 00:00:00',1,1,1,'Hilquias Chitazo',NULL,694350.00,0.00,0.00,0.00,694350.00,'MIICXAIBAAKBgQC4dcYScJrnD1xCbBAlSwQN80TYmlMhC1q3fqyL0y2ygQOmtKKYJkDDp/bx0F7ZJ4psVDAmJ1PC2SlHfVPtSZrsVTIf/OlWMsrkLQ+bSf2vJuzUgDagZ/htowIn3io6myiY+Ehq9vDjCd65XV/Hq2sDZoksXMpQU8kQoIF4P2oJqwIDAQABAoGBAJdMauHXIQdjDv6gWoHsTPAQWKj9tC/He2pE6cxqs/HVZqRHR5Ja1gZl7',1,'2024-03-06 08:29:22','2024-03-06 08:29:22');
/*!40000 ALTER TABLE `nota_debitos` ENABLE KEYS */;
UNLOCK TABLES;

--
-- Table structure for table `pais`
--

DROP TABLE IF EXISTS `pais`;
/*!40101 SET @saved_cs_client     = @@character_set_client */;
/*!40101 SET character_set_client = utf8 */;
CREATE TABLE `pais` (
  `id` bigint(20) unsigned NOT NULL AUTO_INCREMENT,
  `designacao` varchar(191) DEFAULT NULL,
  `sigla` varchar(191) DEFAULT NULL,
  `status` tinyint(1) DEFAULT NULL,
  `created_at` timestamp NULL DEFAULT NULL,
  `updated_at` timestamp NULL DEFAULT NULL,
  PRIMARY KEY (`id`)
) ENGINE=InnoDB AUTO_INCREMENT=3 DEFAULT CHARSET=utf8mb4 COLLATE=utf8mb4_unicode_ci;
/*!40101 SET character_set_client = @saved_cs_client */;

--
-- Dumping data for table `pais`
--

LOCK TABLES `pais` WRITE;
/*!40000 ALTER TABLE `pais` DISABLE KEYS */;
INSERT INTO `pais` VALUES (1,'Angola','AO',1,NULL,NULL),(2,'Portugal','PT',1,NULL,NULL);
/*!40000 ALTER TABLE `pais` ENABLE KEYS */;
UNLOCK TABLES;

--
-- Table structure for table `password_resets`
--

DROP TABLE IF EXISTS `password_resets`;
/*!40101 SET @saved_cs_client     = @@character_set_client */;
/*!40101 SET character_set_client = utf8 */;
CREATE TABLE `password_resets` (
  `email` varchar(191) NOT NULL,
  `token` varchar(191) NOT NULL,
  `created_at` timestamp NULL DEFAULT NULL,
  KEY `password_resets_email_index` (`email`)
) ENGINE=InnoDB DEFAULT CHARSET=utf8mb4 COLLATE=utf8mb4_unicode_ci;
/*!40101 SET character_set_client = @saved_cs_client */;

--
-- Dumping data for table `password_resets`
--

LOCK TABLES `password_resets` WRITE;
/*!40000 ALTER TABLE `password_resets` DISABLE KEYS */;
/*!40000 ALTER TABLE `password_resets` ENABLE KEYS */;
UNLOCK TABLES;

--
-- Table structure for table `permissions`
--

DROP TABLE IF EXISTS `permissions`;
/*!40101 SET @saved_cs_client     = @@character_set_client */;
/*!40101 SET character_set_client = utf8 */;
CREATE TABLE `permissions` (
  `id` bigint(20) unsigned NOT NULL AUTO_INCREMENT,
  `name` varchar(191) NOT NULL,
  `guard_name` varchar(191) NOT NULL,
  `created_at` timestamp NULL DEFAULT NULL,
  `updated_at` timestamp NULL DEFAULT NULL,
  PRIMARY KEY (`id`),
  UNIQUE KEY `permissions_name_guard_name_unique` (`name`,`guard_name`)
) ENGINE=InnoDB AUTO_INCREMENT=9 DEFAULT CHARSET=utf8mb4 COLLATE=utf8mb4_unicode_ci;
/*!40101 SET character_set_client = @saved_cs_client */;

--
-- Dumping data for table `permissions`
--

LOCK TABLES `permissions` WRITE;
/*!40000 ALTER TABLE `permissions` DISABLE KEYS */;
INSERT INTO `permissions` VALUES (1,'pos','web',NULL,NULL),(2,'painel','web',NULL,NULL),(3,'artigo','web',NULL,NULL),(4,'cliente','web',NULL,NULL),(5,'documento','web',NULL,NULL),(6,'relatorio','web',NULL,NULL),(7,'configuracoes','web',NULL,NULL),(8,'receita_despesa','web','2023-07-20 00:11:47','2023-07-20 00:11:47');
/*!40000 ALTER TABLE `permissions` ENABLE KEYS */;
UNLOCK TABLES;

--
-- Table structure for table `proformas`
--

DROP TABLE IF EXISTS `proformas`;
/*!40101 SET @saved_cs_client     = @@character_set_client */;
/*!40101 SET character_set_client = utf8 */;
CREATE TABLE `proformas` (
  `id` bigint(20) unsigned NOT NULL AUTO_INCREMENT,
  `numero` varchar(191) DEFAULT NULL,
  `cliente_id` bigint(20) unsigned DEFAULT NULL,
  `cliente_nome` varchar(191) DEFAULT NULL,
  `contribuinte` varchar(191) DEFAULT NULL,
  `endereco` varchar(191) DEFAULT NULL,
  `data` datetime DEFAULT NULL,
  `data_vencimento` datetime DEFAULT NULL,
  `formapagamento_id` bigint(20) unsigned DEFAULT NULL,
  `moeda_id` bigint(20) unsigned DEFAULT NULL,
  `utilizador_id` bigint(20) unsigned DEFAULT NULL,
  `utilizador_nome` varchar(191) DEFAULT NULL,
  `observacao` text DEFAULT NULL,
  `subtotal` double(30,2) DEFAULT NULL,
  `desconto` double(30,2) DEFAULT NULL,
  `imposto` double(8,2) DEFAULT NULL,
  `retencao` double(8,2) DEFAULT NULL,
  `total` double(30,2) DEFAULT NULL,
  `hash` text DEFAULT NULL,
  `status` tinyint(1) DEFAULT NULL,
  `is_factura` tinyint(1) DEFAULT NULL,
  `created_at` timestamp NULL DEFAULT NULL,
  `updated_at` timestamp NULL DEFAULT NULL,
  PRIMARY KEY (`id`),
  KEY `proformas_cliente_id_foreign` (`cliente_id`),
  KEY `proformas_formapagamento_id_foreign` (`formapagamento_id`),
  KEY `proformas_moeda_id_foreign` (`moeda_id`),
  KEY `proformas_utilizador_id_foreign` (`utilizador_id`),
  CONSTRAINT `proformas_cliente_id_foreign` FOREIGN KEY (`cliente_id`) REFERENCES `clientes` (`id`) ON DELETE NO ACTION ON UPDATE CASCADE,
  CONSTRAINT `proformas_formapagamento_id_foreign` FOREIGN KEY (`formapagamento_id`) REFERENCES `formas_pagamentos` (`id`) ON DELETE NO ACTION ON UPDATE CASCADE,
  CONSTRAINT `proformas_moeda_id_foreign` FOREIGN KEY (`moeda_id`) REFERENCES `moedas` (`id`) ON DELETE NO ACTION ON UPDATE CASCADE,
  CONSTRAINT `proformas_utilizador_id_foreign` FOREIGN KEY (`utilizador_id`) REFERENCES `users` (`id`) ON DELETE NO ACTION ON UPDATE CASCADE
) ENGINE=InnoDB AUTO_INCREMENT=172 DEFAULT CHARSET=utf8mb4 COLLATE=utf8mb4_unicode_ci;
/*!40101 SET character_set_client = @saved_cs_client */;

--
-- Dumping data for table `proformas`
--

LOCK TABLES `proformas` WRITE;
/*!40000 ALTER TABLE `proformas` DISABLE KEYS */;
INSERT INTO `proformas` VALUES (1,'PP 2023/1',2,'PRECIOSA & SILVA, LDA','5417426288','FTU','2023-07-05 00:00:00','2023-10-05 00:00:00',2,1,1,'Administrador',NULL,10000.00,0.00,0.00,0.00,10000.00,'MIICXAIBAAKBgQC4dcYScJrnD1xCbBAlSwQN80TYmlMhC1q3fqyL0y2ygQOmtKKYJkDDp/bx0F7ZJ4psVDAmJ1PC2SlHfVPtSZrsVTIf/OlWMsrkLQ+bSf2vJuzUgDagZ/htowIn3io6myiY+Ehq9vDjCd65XV/Hq2sDZoksXMpQU8kQoIF4P2oJqwIDAQABAoGBAJdMauHXIQdjDv6gWoHsTPAQWKj9tC/He2pE6cxqs/HVZqRHR5Ja1gZl7',1,0,'2023-07-05 13:32:58','2023-07-21 12:24:23'),(2,'PP 2023/2',6,'SUCESSO DA VIDA COMERCIO GERAL & PRESTAÇÃO DE SERVIÇOS, LDA','5001457195','estalagem-mirú','2023-07-05 00:00:00','2023-07-10 00:00:00',2,1,1,'Administrador',NULL,10000.00,0.00,0.00,0.00,10000.00,'MIICXAIBAAKBgQC4dcYScJrnD1xCbBAlSwQN80TYmlMhC1q3fqyL0y2ygQOmtKKYJkDDp/bx0F7ZJ4psVDAmJ1PC2SlHfVPtSZrsVTIf/OlWMsrkLQ+bSf2vJuzUgDagZ/htowIn3io6myiY+Ehq9vDjCd65XV/Hq2sDZoksXMpQU8kQoIF4P2oJqwIDAQABAoGBAJdMauHXIQdjDv6gWoHsTPAQWKj9tC/He2pE6cxqs/HVZqRHR5Ja1gZl7',1,1,'2023-07-05 13:36:34','2023-07-05 13:36:34'),(3,'PP 2023/3',4,'Melo TE E Filhos-Comércio A Grosso E Retalho,Lda','5417663077','PRAÇA DA MADEIRA- ESTRADA DO CALEMBA 2','2023-07-05 00:00:00','2023-07-10 00:00:00',2,1,1,'Administrador',NULL,25000.00,0.00,0.00,0.00,25000.00,'MIICXAIBAAKBgQC4dcYScJrnD1xCbBAlSwQN80TYmlMhC1q3fqyL0y2ygQOmtKKYJkDDp/bx0F7ZJ4psVDAmJ1PC2SlHfVPtSZrsVTIf/OlWMsrkLQ+bSf2vJuzUgDagZ/htowIn3io6myiY+Ehq9vDjCd65XV/Hq2sDZoksXMpQU8kQoIF4P2oJqwIDAQABAoGBAJdMauHXIQdjDv6gWoHsTPAQWKj9tC/He2pE6cxqs/HVZqRHR5Ja1gZl7',1,0,'2023-07-05 13:38:03','2023-07-21 12:25:11'),(4,'PP 2023/4',10,'CHURASCO DA AVÓ MILÚ','5484074312','JARDIN DE ROSAS','2023-07-05 00:00:00','2023-07-05 00:00:00',2,1,1,'Administrador',NULL,15000.00,0.00,0.00,0.00,15000.00,'MIICXAIBAAKBgQC4dcYScJrnD1xCbBAlSwQN80TYmlMhC1q3fqyL0y2ygQOmtKKYJkDDp/bx0F7ZJ4psVDAmJ1PC2SlHfVPtSZrsVTIf/OlWMsrkLQ+bSf2vJuzUgDagZ/htowIn3io6myiY+Ehq9vDjCd65XV/Hq2sDZoksXMpQU8kQoIF4P2oJqwIDAQABAoGBAJdMauHXIQdjDv6gWoHsTPAQWKj9tC/He2pE6cxqs/HVZqRHR5Ja1gZl7',1,0,'2023-07-05 13:39:00','2023-07-21 12:23:43'),(5,'PP 2023/5',11,'Kafunga Ghet','123','LUANDA','2023-07-05 00:00:00','2023-07-10 00:00:00',2,1,1,'Administrador',NULL,10000.00,0.00,0.00,0.00,10000.00,'MIICXAIBAAKBgQC4dcYScJrnD1xCbBAlSwQN80TYmlMhC1q3fqyL0y2ygQOmtKKYJkDDp/bx0F7ZJ4psVDAmJ1PC2SlHfVPtSZrsVTIf/OlWMsrkLQ+bSf2vJuzUgDagZ/htowIn3io6myiY+Ehq9vDjCd65XV/Hq2sDZoksXMpQU8kQoIF4P2oJqwIDAQABAoGBAJdMauHXIQdjDv6gWoHsTPAQWKj9tC/He2pE6cxqs/HVZqRHR5Ja1gZl7',1,0,'2023-07-05 13:40:36','2023-07-21 12:25:49'),(6,'PP 2023/6',13,'JOANA CAXALA-CENTRO MEDICO','5000426644','LUANDA','2023-07-05 00:00:00','2023-07-10 00:00:00',2,1,1,'Administrador',NULL,10000.00,0.00,0.00,0.00,10000.00,'MIICXAIBAAKBgQC4dcYScJrnD1xCbBAlSwQN80TYmlMhC1q3fqyL0y2ygQOmtKKYJkDDp/bx0F7ZJ4psVDAmJ1PC2SlHfVPtSZrsVTIf/OlWMsrkLQ+bSf2vJuzUgDagZ/htowIn3io6myiY+Ehq9vDjCd65XV/Hq2sDZoksXMpQU8kQoIF4P2oJqwIDAQABAoGBAJdMauHXIQdjDv6gWoHsTPAQWKj9tC/He2pE6cxqs/HVZqRHR5Ja1gZl7',1,0,'2023-07-05 13:47:59','2023-07-21 12:22:57'),(7,'PP 2023/7',9,'Consultório Natural Fonte De Vida','5000668397','morro bento','2023-07-05 00:00:00','2023-07-05 00:00:00',2,1,1,'Administrador',NULL,24166.00,0.00,0.00,0.00,24166.00,'MIICXAIBAAKBgQC4dcYScJrnD1xCbBAlSwQN80TYmlMhC1q3fqyL0y2ygQOmtKKYJkDDp/bx0F7ZJ4psVDAmJ1PC2SlHfVPtSZrsVTIf/OlWMsrkLQ+bSf2vJuzUgDagZ/htowIn3io6myiY+Ehq9vDjCd65XV/Hq2sDZoksXMpQU8kQoIF4P2oJqwIDAQABAoGBAJdMauHXIQdjDv6gWoHsTPAQWKj9tC/He2pE6cxqs/HVZqRHR5Ja1gZl7',1,0,'2023-07-05 13:49:59','2023-07-21 12:19:58'),(8,'PP 2023/8',14,'K.BIT FARMA','5000828742','FTU','2023-07-05 00:00:00','2023-07-05 00:00:00',2,1,1,'Administrador',NULL,10000.00,0.00,0.00,0.00,10000.00,'MIICXAIBAAKBgQC4dcYScJrnD1xCbBAlSwQN80TYmlMhC1q3fqyL0y2ygQOmtKKYJkDDp/bx0F7ZJ4psVDAmJ1PC2SlHfVPtSZrsVTIf/OlWMsrkLQ+bSf2vJuzUgDagZ/htowIn3io6myiY+Ehq9vDjCd65XV/Hq2sDZoksXMpQU8kQoIF4P2oJqwIDAQABAoGBAJdMauHXIQdjDv6gWoHsTPAQWKj9tC/He2pE6cxqs/HVZqRHR5Ja1gZl7',1,1,'2023-07-05 13:51:32','2023-07-05 13:51:32'),(9,'PP 2023/9',15,'K.Pembele-INDÚSTRIA Lda','5484025940','KILAMBA','2023-07-05 00:00:00','2023-07-10 00:00:00',2,1,1,'Administrador',NULL,25000.00,0.00,0.00,0.00,25000.00,'MIICXAIBAAKBgQC4dcYScJrnD1xCbBAlSwQN80TYmlMhC1q3fqyL0y2ygQOmtKKYJkDDp/bx0F7ZJ4psVDAmJ1PC2SlHfVPtSZrsVTIf/OlWMsrkLQ+bSf2vJuzUgDagZ/htowIn3io6myiY+Ehq9vDjCd65XV/Hq2sDZoksXMpQU8kQoIF4P2oJqwIDAQABAoGBAJdMauHXIQdjDv6gWoHsTPAQWKj9tC/He2pE6cxqs/HVZqRHR5Ja1gZl7',1,0,'2023-07-05 13:55:11','2023-07-21 12:18:52'),(10,'PP 2023/10',17,'COMPLEXO ESCOLAR PRIVADO TARIMBA','9999999999','ZANGO','2023-07-27 00:00:00','2023-08-05 00:00:00',2,1,1,'ATOMO  TECNOLOGIAS & SISTEMA',NULL,25000.00,0.00,0.00,0.00,25000.00,'MIICXAIBAAKBgQC4dcYScJrnD1xCbBAlSwQN80TYmlMhC1q3fqyL0y2ygQOmtKKYJkDDp/bx0F7ZJ4psVDAmJ1PC2SlHfVPtSZrsVTIf/OlWMsrkLQ+bSf2vJuzUgDagZ/htowIn3io6myiY+Ehq9vDjCd65XV/Hq2sDZoksXMpQU8kQoIF4P2oJqwIDAQABAoGBAJdMauHXIQdjDv6gWoHsTPAQWKj9tC/He2pE6cxqs/HVZqRHR5Ja1gZl7',1,1,'2023-07-27 09:03:47','2023-07-27 09:03:47'),(11,'PP 2023/11',18,'COMPLEXO ESCOLAR PRIVADO JINGA SARA','9999999','BELAS','2023-08-01 00:00:00','2023-08-07 00:00:00',2,1,1,'ATOMO  TECNOLOGIAS & SISTEMA',NULL,25000.00,0.00,0.00,0.00,25000.00,'MIICXAIBAAKBgQC4dcYScJrnD1xCbBAlSwQN80TYmlMhC1q3fqyL0y2ygQOmtKKYJkDDp/bx0F7ZJ4psVDAmJ1PC2SlHfVPtSZrsVTIf/OlWMsrkLQ+bSf2vJuzUgDagZ/htowIn3io6myiY+Ehq9vDjCd65XV/Hq2sDZoksXMpQU8kQoIF4P2oJqwIDAQABAoGBAJdMauHXIQdjDv6gWoHsTPAQWKj9tC/He2pE6cxqs/HVZqRHR5Ja1gZl7',1,1,'2023-08-01 09:40:10','2023-08-01 09:40:10'),(12,'PP 2023/12',1,'Consumidor Final','Consumidor Final','Martires do Kifangondo, Casa nº 11, Rua  1','2023-08-02 00:00:00','2023-08-09 00:00:00',1,1,1,'ATOMO  TECNOLOGIAS & SISTEMA','ATOMO TECNOLOGIAS & INOVAÇÃO\nJuntos tornamos a sua empresa mais tecnológica e inovadora.',25000.00,0.00,0.00,0.00,25000.00,'MIICXAIBAAKBgQC4dcYScJrnD1xCbBAlSwQN80TYmlMhC1q3fqyL0y2ygQOmtKKYJkDDp/bx0F7ZJ4psVDAmJ1PC2SlHfVPtSZrsVTIf/OlWMsrkLQ+bSf2vJuzUgDagZ/htowIn3io6myiY+Ehq9vDjCd65XV/Hq2sDZoksXMpQU8kQoIF4P2oJqwIDAQABAoGBAJdMauHXIQdjDv6gWoHsTPAQWKj9tC/He2pE6cxqs/HVZqRHR5Ja1gZl7',1,1,'2023-08-02 14:25:12','2023-08-02 14:25:12'),(13,'PP 2023/13',19,'ADLYSSAL, LDA','5417535460','CAPALANGA, HOTEL LILAS','2023-08-02 00:00:00','2023-08-02 00:00:00',2,1,1,'ATOMO  TECNOLOGIAS & SISTEMA','ATOMO TECNOLOGIAS & INOVAÇÃO\nJuntos tornamos a sua empresa mais tecnológica e inovadora',25000.00,0.00,0.00,0.00,25000.00,'MIICXAIBAAKBgQC4dcYScJrnD1xCbBAlSwQN80TYmlMhC1q3fqyL0y2ygQOmtKKYJkDDp/bx0F7ZJ4psVDAmJ1PC2SlHfVPtSZrsVTIf/OlWMsrkLQ+bSf2vJuzUgDagZ/htowIn3io6myiY+Ehq9vDjCd65XV/Hq2sDZoksXMpQU8kQoIF4P2oJqwIDAQABAoGBAJdMauHXIQdjDv6gWoHsTPAQWKj9tC/He2pE6cxqs/HVZqRHR5Ja1gZl7',1,1,'2023-08-02 14:27:51','2023-08-02 14:27:51'),(14,'PP 2023/14',20,'BECLAMAN EMPRENDIMENTO E PRESTAÇÃO E SERVIÇO(COLÉGIO CULTUS)','5417626562','PATRIOTA-ALCACIOAS','2023-08-04 00:00:00','2023-08-10 00:00:00',2,1,1,'Hilquias Chitazo',NULL,27000.00,0.00,0.00,0.00,27000.00,'MIICXAIBAAKBgQC4dcYScJrnD1xCbBAlSwQN80TYmlMhC1q3fqyL0y2ygQOmtKKYJkDDp/bx0F7ZJ4psVDAmJ1PC2SlHfVPtSZrsVTIf/OlWMsrkLQ+bSf2vJuzUgDagZ/htowIn3io6myiY+Ehq9vDjCd65XV/Hq2sDZoksXMpQU8kQoIF4P2oJqwIDAQABAoGBAJdMauHXIQdjDv6gWoHsTPAQWKj9tC/He2pE6cxqs/HVZqRHR5Ja1gZl7',1,0,'2023-08-04 16:11:34','2023-08-08 09:05:50'),(15,'PP 2023/15',21,'INSTITUTO TÉCNICO PRIVADO DE SAÚDE VICTOR MATEUS HUAMBO','2121024999','HUAMBO','2023-08-04 00:00:00','2023-08-11 00:00:00',2,1,1,'Hilquias Chitazo',NULL,27000.00,0.00,0.00,0.00,27000.00,'MIICXAIBAAKBgQC4dcYScJrnD1xCbBAlSwQN80TYmlMhC1q3fqyL0y2ygQOmtKKYJkDDp/bx0F7ZJ4psVDAmJ1PC2SlHfVPtSZrsVTIf/OlWMsrkLQ+bSf2vJuzUgDagZ/htowIn3io6myiY+Ehq9vDjCd65XV/Hq2sDZoksXMpQU8kQoIF4P2oJqwIDAQABAoGBAJdMauHXIQdjDv6gWoHsTPAQWKj9tC/He2pE6cxqs/HVZqRHR5Ja1gZl7',1,1,'2023-08-04 16:12:24','2023-08-04 16:12:24'),(16,'PP 2023/16',2,'PRECIOSA & SILVA, LDA','5417426288','FTU','2023-08-07 00:00:00','2023-08-07 00:00:00',2,1,1,'Hilquias Chitazo',NULL,10000.00,0.00,0.00,0.00,10000.00,'MIICXAIBAAKBgQC4dcYScJrnD1xCbBAlSwQN80TYmlMhC1q3fqyL0y2ygQOmtKKYJkDDp/bx0F7ZJ4psVDAmJ1PC2SlHfVPtSZrsVTIf/OlWMsrkLQ+bSf2vJuzUgDagZ/htowIn3io6myiY+Ehq9vDjCd65XV/Hq2sDZoksXMpQU8kQoIF4P2oJqwIDAQABAoGBAJdMauHXIQdjDv6gWoHsTPAQWKj9tC/He2pE6cxqs/HVZqRHR5Ja1gZl7',1,0,'2023-08-07 14:50:55','2023-08-09 14:16:53'),(17,'PP 2023/17',3,'GRUPO MF & F NEGÓCIOS, LDA(COMPLEXO ESCOLAR ESTRELA DOURADA)','5417275735','RAMIRO KM30','2023-08-07 00:00:00','2023-08-07 00:00:00',2,1,1,'Hilquias Chitazo',NULL,10000.00,0.00,0.00,0.00,10000.00,'MIICXAIBAAKBgQC4dcYScJrnD1xCbBAlSwQN80TYmlMhC1q3fqyL0y2ygQOmtKKYJkDDp/bx0F7ZJ4psVDAmJ1PC2SlHfVPtSZrsVTIf/OlWMsrkLQ+bSf2vJuzUgDagZ/htowIn3io6myiY+Ehq9vDjCd65XV/Hq2sDZoksXMpQU8kQoIF4P2oJqwIDAQABAoGBAJdMauHXIQdjDv6gWoHsTPAQWKj9tC/He2pE6cxqs/HVZqRHR5Ja1gZl7',1,1,'2023-08-07 14:51:37','2023-08-07 14:51:37'),(18,'PP 2023/18',4,'Melo TE E Filhos-Comércio A Grosso E Retalho,Lda','5417663077','PRAÇA DA MADEIRA- ESTRADA DO CALEMBA 2','2023-08-07 00:00:00','2023-08-07 00:00:00',2,1,1,'Hilquias Chitazo',NULL,10000.00,0.00,0.00,0.00,10000.00,'MIICXAIBAAKBgQC4dcYScJrnD1xCbBAlSwQN80TYmlMhC1q3fqyL0y2ygQOmtKKYJkDDp/bx0F7ZJ4psVDAmJ1PC2SlHfVPtSZrsVTIf/OlWMsrkLQ+bSf2vJuzUgDagZ/htowIn3io6myiY+Ehq9vDjCd65XV/Hq2sDZoksXMpQU8kQoIF4P2oJqwIDAQABAoGBAJdMauHXIQdjDv6gWoHsTPAQWKj9tC/He2pE6cxqs/HVZqRHR5Ja1gZl7',1,1,'2023-08-07 14:52:31','2023-08-07 14:52:31'),(19,'PP 2023/19',5,'I.M.T.P De Saúde Silva E Águas','5417061891','estalagem-praça nova','2023-08-07 00:00:00','2023-08-07 00:00:00',2,1,1,'Hilquias Chitazo',NULL,10000.00,0.00,0.00,0.00,10000.00,'MIICXAIBAAKBgQC4dcYScJrnD1xCbBAlSwQN80TYmlMhC1q3fqyL0y2ygQOmtKKYJkDDp/bx0F7ZJ4psVDAmJ1PC2SlHfVPtSZrsVTIf/OlWMsrkLQ+bSf2vJuzUgDagZ/htowIn3io6myiY+Ehq9vDjCd65XV/Hq2sDZoksXMpQU8kQoIF4P2oJqwIDAQABAoGBAJdMauHXIQdjDv6gWoHsTPAQWKj9tC/He2pE6cxqs/HVZqRHR5Ja1gZl7',1,1,'2023-08-07 14:53:13','2023-08-07 14:53:13'),(20,'PP 2023/19',5,'I.M.T.P De Saúde Silva E Águas','5417061891','estalagem-praça nova','2023-08-07 00:00:00','2023-08-07 00:00:00',2,1,1,'Hilquias Chitazo',NULL,10000.00,0.00,0.00,0.00,10000.00,'MIICXAIBAAKBgQC4dcYScJrnD1xCbBAlSwQN80TYmlMhC1q3fqyL0y2ygQOmtKKYJkDDp/bx0F7ZJ4psVDAmJ1PC2SlHfVPtSZrsVTIf/OlWMsrkLQ+bSf2vJuzUgDagZ/htowIn3io6myiY+Ehq9vDjCd65XV/Hq2sDZoksXMpQU8kQoIF4P2oJqwIDAQABAoGBAJdMauHXIQdjDv6gWoHsTPAQWKj9tC/He2pE6cxqs/HVZqRHR5Ja1gZl7',1,1,'2023-08-07 14:53:13','2023-08-07 14:53:13'),(21,'PP 2023/21',6,'SUCESSO DA VIDA COMERCIO GERAL & PRESTAÇÃO DE SERVIÇOS, LDA','5001457195','estalagem-mirú','2023-08-07 00:00:00','2023-08-07 00:00:00',2,1,1,'Hilquias Chitazo',NULL,10000.00,0.00,0.00,0.00,10000.00,'MIICXAIBAAKBgQC4dcYScJrnD1xCbBAlSwQN80TYmlMhC1q3fqyL0y2ygQOmtKKYJkDDp/bx0F7ZJ4psVDAmJ1PC2SlHfVPtSZrsVTIf/OlWMsrkLQ+bSf2vJuzUgDagZ/htowIn3io6myiY+Ehq9vDjCd65XV/Hq2sDZoksXMpQU8kQoIF4P2oJqwIDAQABAoGBAJdMauHXIQdjDv6gWoHsTPAQWKj9tC/He2pE6cxqs/HVZqRHR5Ja1gZl7',1,1,'2023-08-07 14:53:55','2023-08-07 14:53:55'),(22,'PP 2023/22',5,'I.M.T.P De Saúde Silva E Águas','5417061891','estalagem-praça nova','2023-08-07 00:00:00','2023-08-07 00:00:00',2,1,1,'Hilquias Chitazo',NULL,25000.00,0.00,0.00,0.00,25000.00,'MIICXAIBAAKBgQC4dcYScJrnD1xCbBAlSwQN80TYmlMhC1q3fqyL0y2ygQOmtKKYJkDDp/bx0F7ZJ4psVDAmJ1PC2SlHfVPtSZrsVTIf/OlWMsrkLQ+bSf2vJuzUgDagZ/htowIn3io6myiY+Ehq9vDjCd65XV/Hq2sDZoksXMpQU8kQoIF4P2oJqwIDAQABAoGBAJdMauHXIQdjDv6gWoHsTPAQWKj9tC/He2pE6cxqs/HVZqRHR5Ja1gZl7',1,1,'2023-08-07 15:02:02','2023-08-07 15:02:02'),(23,'PP 2023/23',10,'CHURASCO DA AVÓ MILÚ','5484074312','JARDIN DE ROSAS','2023-08-07 00:00:00','2023-08-07 00:00:00',2,1,1,'Hilquias Chitazo',NULL,15000.00,0.00,0.00,0.00,15000.00,'MIICXAIBAAKBgQC4dcYScJrnD1xCbBAlSwQN80TYmlMhC1q3fqyL0y2ygQOmtKKYJkDDp/bx0F7ZJ4psVDAmJ1PC2SlHfVPtSZrsVTIf/OlWMsrkLQ+bSf2vJuzUgDagZ/htowIn3io6myiY+Ehq9vDjCd65XV/Hq2sDZoksXMpQU8kQoIF4P2oJqwIDAQABAoGBAJdMauHXIQdjDv6gWoHsTPAQWKj9tC/He2pE6cxqs/HVZqRHR5Ja1gZl7',1,1,'2023-08-07 15:03:01','2023-08-07 15:03:01'),(24,'PP 2023/24',3,'GRUPO MF & F NEGÓCIOS, LDA(COMPLEXO ESCOLAR ESTRELA DOURADA)','5417275735','RAMIRO KM30','2023-08-07 00:00:00','2023-08-07 00:00:00',2,1,1,'Hilquias Chitazo',NULL,23000.00,0.00,0.00,0.00,23000.00,'MIICXAIBAAKBgQC4dcYScJrnD1xCbBAlSwQN80TYmlMhC1q3fqyL0y2ygQOmtKKYJkDDp/bx0F7ZJ4psVDAmJ1PC2SlHfVPtSZrsVTIf/OlWMsrkLQ+bSf2vJuzUgDagZ/htowIn3io6myiY+Ehq9vDjCd65XV/Hq2sDZoksXMpQU8kQoIF4P2oJqwIDAQABAoGBAJdMauHXIQdjDv6gWoHsTPAQWKj9tC/He2pE6cxqs/HVZqRHR5Ja1gZl7',1,1,'2023-08-07 15:05:04','2023-08-07 15:05:04'),(25,'PP 2023/25',5,'I.M.T.P De Saúde Silva E Águas','5417061891','estalagem-praça nova','2023-08-08 00:00:00','2023-08-17 00:00:00',2,1,1,'Hilquias Chitazo',NULL,25000.00,0.00,0.00,0.00,25000.00,'MIICXAIBAAKBgQC4dcYScJrnD1xCbBAlSwQN80TYmlMhC1q3fqyL0y2ygQOmtKKYJkDDp/bx0F7ZJ4psVDAmJ1PC2SlHfVPtSZrsVTIf/OlWMsrkLQ+bSf2vJuzUgDagZ/htowIn3io6myiY+Ehq9vDjCd65XV/Hq2sDZoksXMpQU8kQoIF4P2oJqwIDAQABAoGBAJdMauHXIQdjDv6gWoHsTPAQWKj9tC/He2pE6cxqs/HVZqRHR5Ja1gZl7',1,1,'2023-08-08 10:02:58','2023-08-08 10:02:58'),(26,'PP 2023/26',4,'Melo TE E Filhos-Comércio A Grosso E Retalho,Lda','5417663077','PRAÇA DA MADEIRA- ESTRADA DO CALEMBA 2','2023-08-08 00:00:00','2023-08-10 00:00:00',2,1,1,'Hilquias Chitazo',NULL,25000.00,0.00,0.00,0.00,25000.00,'MIICXAIBAAKBgQC4dcYScJrnD1xCbBAlSwQN80TYmlMhC1q3fqyL0y2ygQOmtKKYJkDDp/bx0F7ZJ4psVDAmJ1PC2SlHfVPtSZrsVTIf/OlWMsrkLQ+bSf2vJuzUgDagZ/htowIn3io6myiY+Ehq9vDjCd65XV/Hq2sDZoksXMpQU8kQoIF4P2oJqwIDAQABAoGBAJdMauHXIQdjDv6gWoHsTPAQWKj9tC/He2pE6cxqs/HVZqRHR5Ja1gZl7',1,1,'2023-08-08 10:06:55','2023-08-08 10:06:55'),(27,'PP 2023/27',22,'CENTRO MÉDICO FUPA MANA E FILHOS','99999999','LUANDA-PRIMEIRO DE MAIO','2023-08-08 00:00:00','2023-08-08 00:00:00',2,1,1,'Hilquias Chitazo','MÓDULOS: RECEPÇÃO, CONSULTÓRIOS MÉDICOS E LABORATÓRIO.',24166.00,0.00,0.00,0.00,24166.00,'MIICXAIBAAKBgQC4dcYScJrnD1xCbBAlSwQN80TYmlMhC1q3fqyL0y2ygQOmtKKYJkDDp/bx0F7ZJ4psVDAmJ1PC2SlHfVPtSZrsVTIf/OlWMsrkLQ+bSf2vJuzUgDagZ/htowIn3io6myiY+Ehq9vDjCd65XV/Hq2sDZoksXMpQU8kQoIF4P2oJqwIDAQABAoGBAJdMauHXIQdjDv6gWoHsTPAQWKj9tC/He2pE6cxqs/HVZqRHR5Ja1gZl7',1,1,'2023-08-08 14:25:09','2023-08-08 14:25:09'),(28,'PP 2023/28',23,'CLÍNICA ROSYMED','9999999999','PATRIOTA-ALCACIOAS','2023-08-09 00:00:00','2023-08-16 00:00:00',2,1,1,'Hilquias Chitazo',NULL,60000.00,0.00,0.00,0.00,60000.00,'MIICXAIBAAKBgQC4dcYScJrnD1xCbBAlSwQN80TYmlMhC1q3fqyL0y2ygQOmtKKYJkDDp/bx0F7ZJ4psVDAmJ1PC2SlHfVPtSZrsVTIf/OlWMsrkLQ+bSf2vJuzUgDagZ/htowIn3io6myiY+Ehq9vDjCd65XV/Hq2sDZoksXMpQU8kQoIF4P2oJqwIDAQABAoGBAJdMauHXIQdjDv6gWoHsTPAQWKj9tC/He2pE6cxqs/HVZqRHR5Ja1gZl7',1,1,'2023-08-09 15:06:30','2023-08-09 15:06:30'),(29,'PP 2023/29',25,'Centro Médico Tecas e Filhos','999999999','Golf 2','2023-08-14 00:00:00','2023-08-14 00:00:00',2,1,1,'Hilquias Chitazo','Módulos: Recepção, Consultório Médico, Laboratório.',24166.00,0.00,0.00,0.00,24166.00,'MIICXAIBAAKBgQC4dcYScJrnD1xCbBAlSwQN80TYmlMhC1q3fqyL0y2ygQOmtKKYJkDDp/bx0F7ZJ4psVDAmJ1PC2SlHfVPtSZrsVTIf/OlWMsrkLQ+bSf2vJuzUgDagZ/htowIn3io6myiY+Ehq9vDjCd65XV/Hq2sDZoksXMpQU8kQoIF4P2oJqwIDAQABAoGBAJdMauHXIQdjDv6gWoHsTPAQWKj9tC/He2pE6cxqs/HVZqRHR5Ja1gZl7',1,1,'2023-08-14 12:38:26','2023-08-14 12:38:26'),(30,'PP 2023/30',5,'I.M.T.P De Saúde Silva E Águas','5417061891','estalagem-praça nova','2023-08-15 00:00:00','2023-08-17 00:00:00',2,1,1,'Hilquias Chitazo',NULL,25000.00,0.00,0.00,0.00,25000.00,'MIICXAIBAAKBgQC4dcYScJrnD1xCbBAlSwQN80TYmlMhC1q3fqyL0y2ygQOmtKKYJkDDp/bx0F7ZJ4psVDAmJ1PC2SlHfVPtSZrsVTIf/OlWMsrkLQ+bSf2vJuzUgDagZ/htowIn3io6myiY+Ehq9vDjCd65XV/Hq2sDZoksXMpQU8kQoIF4P2oJqwIDAQABAoGBAJdMauHXIQdjDv6gWoHsTPAQWKj9tC/He2pE6cxqs/HVZqRHR5Ja1gZl7',1,0,'2023-08-15 11:02:12','2023-08-29 13:05:27'),(31,'PP 2023/31',9,'Consultório Natural Fonte De Vida','5000668397','morro bento','2023-08-22 00:00:00','2023-08-22 00:00:00',2,1,1,'Hilquias Chitazo',NULL,120830.00,0.00,0.00,0.00,120830.00,'MIICXAIBAAKBgQC4dcYScJrnD1xCbBAlSwQN80TYmlMhC1q3fqyL0y2ygQOmtKKYJkDDp/bx0F7ZJ4psVDAmJ1PC2SlHfVPtSZrsVTIf/OlWMsrkLQ+bSf2vJuzUgDagZ/htowIn3io6myiY+Ehq9vDjCd65XV/Hq2sDZoksXMpQU8kQoIF4P2oJqwIDAQABAoGBAJdMauHXIQdjDv6gWoHsTPAQWKj9tC/He2pE6cxqs/HVZqRHR5Ja1gZl7',1,1,'2023-08-22 15:36:38','2023-08-22 15:36:38'),(32,'PP 2023/32',3,'GRUPO MF & F NEGÓCIOS, LDA(COMPLEXO ESCOLAR ESTRELA DOURADA)','5417275735','RAMIRO KM30','2023-09-08 00:00:00','2023-09-18 00:00:00',2,1,1,'Hilquias Chitazo',NULL,23000.00,0.00,0.00,0.00,23000.00,'MIICXAIBAAKBgQC4dcYScJrnD1xCbBAlSwQN80TYmlMhC1q3fqyL0y2ygQOmtKKYJkDDp/bx0F7ZJ4psVDAmJ1PC2SlHfVPtSZrsVTIf/OlWMsrkLQ+bSf2vJuzUgDagZ/htowIn3io6myiY+Ehq9vDjCd65XV/Hq2sDZoksXMpQU8kQoIF4P2oJqwIDAQABAoGBAJdMauHXIQdjDv6gWoHsTPAQWKj9tC/He2pE6cxqs/HVZqRHR5Ja1gZl7',1,1,'2023-09-08 13:00:26','2023-09-08 13:00:26'),(33,'PP 2023/33',5,'I.M.T.P De Saúde Silva E Águas','5417061891','estalagem-praça nova','2023-09-08 00:00:00','2023-09-18 00:00:00',2,1,1,'Hilquias Chitazo',NULL,25000.00,0.00,0.00,0.00,25000.00,'MIICXAIBAAKBgQC4dcYScJrnD1xCbBAlSwQN80TYmlMhC1q3fqyL0y2ygQOmtKKYJkDDp/bx0F7ZJ4psVDAmJ1PC2SlHfVPtSZrsVTIf/OlWMsrkLQ+bSf2vJuzUgDagZ/htowIn3io6myiY+Ehq9vDjCd65XV/Hq2sDZoksXMpQU8kQoIF4P2oJqwIDAQABAoGBAJdMauHXIQdjDv6gWoHsTPAQWKj9tC/He2pE6cxqs/HVZqRHR5Ja1gZl7',1,1,'2023-09-08 13:01:22','2023-09-08 13:01:22'),(34,'PP 2023/34',6,'SUCESSO DA VIDA COMERCIO GERAL & PRESTAÇÃO DE SERVIÇOS, LDA','5001457195','estalagem-mirú','2023-09-08 00:00:00','2023-09-11 00:00:00',2,1,1,'Hilquias Chitazo',NULL,10000.00,0.00,0.00,0.00,10000.00,'MIICXAIBAAKBgQC4dcYScJrnD1xCbBAlSwQN80TYmlMhC1q3fqyL0y2ygQOmtKKYJkDDp/bx0F7ZJ4psVDAmJ1PC2SlHfVPtSZrsVTIf/OlWMsrkLQ+bSf2vJuzUgDagZ/htowIn3io6myiY+Ehq9vDjCd65XV/Hq2sDZoksXMpQU8kQoIF4P2oJqwIDAQABAoGBAJdMauHXIQdjDv6gWoHsTPAQWKj9tC/He2pE6cxqs/HVZqRHR5Ja1gZl7',1,1,'2023-09-08 13:02:10','2023-09-08 13:02:10'),(35,'PP 2023/35',9,'Consultório Natural Fonte De Vida','5000668397','morro bento','2023-09-08 00:00:00','2023-09-15 00:00:00',2,1,1,'Hilquias Chitazo',NULL,24166.00,0.00,0.00,0.00,24166.00,'MIICXAIBAAKBgQC4dcYScJrnD1xCbBAlSwQN80TYmlMhC1q3fqyL0y2ygQOmtKKYJkDDp/bx0F7ZJ4psVDAmJ1PC2SlHfVPtSZrsVTIf/OlWMsrkLQ+bSf2vJuzUgDagZ/htowIn3io6myiY+Ehq9vDjCd65XV/Hq2sDZoksXMpQU8kQoIF4P2oJqwIDAQABAoGBAJdMauHXIQdjDv6gWoHsTPAQWKj9tC/He2pE6cxqs/HVZqRHR5Ja1gZl7',1,1,'2023-09-08 13:03:41','2023-09-08 13:03:41'),(36,'PP 2023/36',11,'Kafunga Ghet','123','LUANDA','2023-09-08 00:00:00','2023-09-10 00:00:00',2,1,1,'Hilquias Chitazo',NULL,10000.00,0.00,0.00,0.00,10000.00,'MIICXAIBAAKBgQC4dcYScJrnD1xCbBAlSwQN80TYmlMhC1q3fqyL0y2ygQOmtKKYJkDDp/bx0F7ZJ4psVDAmJ1PC2SlHfVPtSZrsVTIf/OlWMsrkLQ+bSf2vJuzUgDagZ/htowIn3io6myiY+Ehq9vDjCd65XV/Hq2sDZoksXMpQU8kQoIF4P2oJqwIDAQABAoGBAJdMauHXIQdjDv6gWoHsTPAQWKj9tC/He2pE6cxqs/HVZqRHR5Ja1gZl7',1,1,'2023-09-08 13:04:48','2023-09-08 13:04:48'),(37,'PP 2023/37',15,'K.Pembele-INDÚSTRIA Lda','5484025940','KILAMBA','2023-09-08 00:00:00','2023-09-11 00:00:00',2,1,1,'Hilquias Chitazo',NULL,25000.00,0.00,0.00,0.00,25000.00,'MIICXAIBAAKBgQC4dcYScJrnD1xCbBAlSwQN80TYmlMhC1q3fqyL0y2ygQOmtKKYJkDDp/bx0F7ZJ4psVDAmJ1PC2SlHfVPtSZrsVTIf/OlWMsrkLQ+bSf2vJuzUgDagZ/htowIn3io6myiY+Ehq9vDjCd65XV/Hq2sDZoksXMpQU8kQoIF4P2oJqwIDAQABAoGBAJdMauHXIQdjDv6gWoHsTPAQWKj9tC/He2pE6cxqs/HVZqRHR5Ja1gZl7',1,1,'2023-09-08 13:06:35','2023-09-08 13:06:35'),(38,'PP 2023/38',21,'INSTITUTO TÉCNICO PRIVADO DE SAÚDE VICTOR MATEUS HUAMBO','2121024999','HUAMBO','2023-09-08 00:00:00','2023-09-10 00:00:00',2,1,1,'Hilquias Chitazo',NULL,25000.00,0.00,0.00,0.00,25000.00,'MIICXAIBAAKBgQC4dcYScJrnD1xCbBAlSwQN80TYmlMhC1q3fqyL0y2ygQOmtKKYJkDDp/bx0F7ZJ4psVDAmJ1PC2SlHfVPtSZrsVTIf/OlWMsrkLQ+bSf2vJuzUgDagZ/htowIn3io6myiY+Ehq9vDjCd65XV/Hq2sDZoksXMpQU8kQoIF4P2oJqwIDAQABAoGBAJdMauHXIQdjDv6gWoHsTPAQWKj9tC/He2pE6cxqs/HVZqRHR5Ja1gZl7',1,1,'2023-09-08 13:09:25','2023-09-08 13:09:25'),(39,'PP 2023/39',16,'COMPLEXO ESCOLAR PRIVADO IDEAL','2405068087','KIMBALISTA','2023-09-08 00:00:00','2023-09-15 00:00:00',2,1,1,'Hilquias Chitazo',NULL,23000.00,0.00,0.00,0.00,23000.00,'MIICXAIBAAKBgQC4dcYScJrnD1xCbBAlSwQN80TYmlMhC1q3fqyL0y2ygQOmtKKYJkDDp/bx0F7ZJ4psVDAmJ1PC2SlHfVPtSZrsVTIf/OlWMsrkLQ+bSf2vJuzUgDagZ/htowIn3io6myiY+Ehq9vDjCd65XV/Hq2sDZoksXMpQU8kQoIF4P2oJqwIDAQABAoGBAJdMauHXIQdjDv6gWoHsTPAQWKj9tC/He2pE6cxqs/HVZqRHR5Ja1gZl7',1,1,'2023-09-08 13:10:41','2023-09-08 13:10:41'),(40,'PP 2023/40',20,'BECLAMAN EMPRENDIMENTO E PRESTAÇÃO E SERVIÇO(COLÉGIO CULTUS)','5417626562','PATRIOTA-ALCACIOAS','2023-09-08 00:00:00','2023-09-15 00:00:00',2,1,1,'Hilquias Chitazo',NULL,27000.00,0.00,0.00,0.00,27000.00,'MIICXAIBAAKBgQC4dcYScJrnD1xCbBAlSwQN80TYmlMhC1q3fqyL0y2ygQOmtKKYJkDDp/bx0F7ZJ4psVDAmJ1PC2SlHfVPtSZrsVTIf/OlWMsrkLQ+bSf2vJuzUgDagZ/htowIn3io6myiY+Ehq9vDjCd65XV/Hq2sDZoksXMpQU8kQoIF4P2oJqwIDAQABAoGBAJdMauHXIQdjDv6gWoHsTPAQWKj9tC/He2pE6cxqs/HVZqRHR5Ja1gZl7',1,1,'2023-09-08 13:22:53','2023-09-08 13:22:53'),(41,'PP 2023/41',27,'XANK-COMÉRCIO E PRESTAÇÃO DE SERVIÇOS, (SU), LDA','5000658316','KINAXIXI','2023-09-14 00:00:00','2023-09-14 00:00:00',2,1,1,'Hilquias Chitazo',NULL,30000.00,0.00,0.00,0.00,30000.00,'MIICXAIBAAKBgQC4dcYScJrnD1xCbBAlSwQN80TYmlMhC1q3fqyL0y2ygQOmtKKYJkDDp/bx0F7ZJ4psVDAmJ1PC2SlHfVPtSZrsVTIf/OlWMsrkLQ+bSf2vJuzUgDagZ/htowIn3io6myiY+Ehq9vDjCd65XV/Hq2sDZoksXMpQU8kQoIF4P2oJqwIDAQABAoGBAJdMauHXIQdjDv6gWoHsTPAQWKj9tC/He2pE6cxqs/HVZqRHR5Ja1gZl7',1,1,'2023-09-14 09:27:59','2023-09-14 09:27:59'),(42,'PP 2023/42',28,'COMERCIO E PRESTAÇÃO DE SERVIÇOS (SU), LDA LEANDRO DOS SANTOS','5001202332','PATRIOTA-ALCACIOAS','2023-10-11 00:00:00','2023-10-11 00:00:00',2,1,1,'Hilquias Chitazo',NULL,27000.00,0.00,0.00,0.00,27000.00,'MIICXAIBAAKBgQC4dcYScJrnD1xCbBAlSwQN80TYmlMhC1q3fqyL0y2ygQOmtKKYJkDDp/bx0F7ZJ4psVDAmJ1PC2SlHfVPtSZrsVTIf/OlWMsrkLQ+bSf2vJuzUgDagZ/htowIn3io6myiY+Ehq9vDjCd65XV/Hq2sDZoksXMpQU8kQoIF4P2oJqwIDAQABAoGBAJdMauHXIQdjDv6gWoHsTPAQWKj9tC/He2pE6cxqs/HVZqRHR5Ja1gZl7',1,1,'2023-10-11 11:57:06','2023-10-11 11:57:06'),(43,'PP 2023/43',28,'COMERCIO E PRESTAÇÃO DE SERVIÇOS (SU), LDA LEANDRO DOS SANTOS','5001202332','PATRIOTA-ALCACIOAS','2023-10-11 00:00:00','2023-10-11 00:00:00',2,1,1,'Hilquias Chitazo',NULL,300000.00,0.00,0.00,0.00,300000.00,'MIICXAIBAAKBgQC4dcYScJrnD1xCbBAlSwQN80TYmlMhC1q3fqyL0y2ygQOmtKKYJkDDp/bx0F7ZJ4psVDAmJ1PC2SlHfVPtSZrsVTIf/OlWMsrkLQ+bSf2vJuzUgDagZ/htowIn3io6myiY+Ehq9vDjCd65XV/Hq2sDZoksXMpQU8kQoIF4P2oJqwIDAQABAoGBAJdMauHXIQdjDv6gWoHsTPAQWKj9tC/He2pE6cxqs/HVZqRHR5Ja1gZl7',1,1,'2023-10-11 12:08:21','2023-10-11 12:08:21'),(44,'PP 2023/44',29,'ASSOCIAÇAO DE ACTORES SOCIAIS CHAVE DE SABER ANGOLA(AACSA)','5001484591','Rua Praceta, Lourenço Mendes Da Conceição casa s/n:Município da Ingombota-Luanda/Angola','2023-10-17 00:00:00','2023-10-19 00:00:00',2,1,1,'Hilquias Chitazo',NULL,30000.00,0.00,0.00,0.00,30000.00,'MIICXAIBAAKBgQC4dcYScJrnD1xCbBAlSwQN80TYmlMhC1q3fqyL0y2ygQOmtKKYJkDDp/bx0F7ZJ4psVDAmJ1PC2SlHfVPtSZrsVTIf/OlWMsrkLQ+bSf2vJuzUgDagZ/htowIn3io6myiY+Ehq9vDjCd65XV/Hq2sDZoksXMpQU8kQoIF4P2oJqwIDAQABAoGBAJdMauHXIQdjDv6gWoHsTPAQWKj9tC/He2pE6cxqs/HVZqRHR5Ja1gZl7',1,1,'2023-10-17 23:18:49','2023-10-17 23:18:49'),(45,'PP 2023/45',32,'Alfa Limitada  AC','009124324LA042','Luanda','2023-10-25 00:00:00','2023-10-25 00:00:00',2,1,1,'Hilquias Chitazo',NULL,15000.00,0.00,0.00,0.00,15000.00,'MIICXAIBAAKBgQC4dcYScJrnD1xCbBAlSwQN80TYmlMhC1q3fqyL0y2ygQOmtKKYJkDDp/bx0F7ZJ4psVDAmJ1PC2SlHfVPtSZrsVTIf/OlWMsrkLQ+bSf2vJuzUgDagZ/htowIn3io6myiY+Ehq9vDjCd65XV/Hq2sDZoksXMpQU8kQoIF4P2oJqwIDAQABAoGBAJdMauHXIQdjDv6gWoHsTPAQWKj9tC/He2pE6cxqs/HVZqRHR5Ja1gZl7',1,1,'2023-10-25 12:04:00','2023-10-25 12:04:00'),(46,'PP 2023/46',32,'Alfa Limitada  AC','009124324LA042','Luanda','2023-10-25 00:00:00','2023-10-25 00:00:00',2,1,1,'Hilquias Chitazo',NULL,15000.00,0.00,0.00,0.00,15000.00,'MIICXAIBAAKBgQC4dcYScJrnD1xCbBAlSwQN80TYmlMhC1q3fqyL0y2ygQOmtKKYJkDDp/bx0F7ZJ4psVDAmJ1PC2SlHfVPtSZrsVTIf/OlWMsrkLQ+bSf2vJuzUgDagZ/htowIn3io6myiY+Ehq9vDjCd65XV/Hq2sDZoksXMpQU8kQoIF4P2oJqwIDAQABAoGBAJdMauHXIQdjDv6gWoHsTPAQWKj9tC/He2pE6cxqs/HVZqRHR5Ja1gZl7',1,1,'2023-10-25 12:04:56','2023-10-25 12:04:56'),(47,'PP 2023/47',33,'Soluções EC-Prestação de Serviços','5001328875','Luanda','2023-10-25 00:00:00','2023-10-25 00:00:00',2,1,1,'Hilquias Chitazo',NULL,750000.00,0.00,0.00,0.00,750000.00,'MIICXAIBAAKBgQC4dcYScJrnD1xCbBAlSwQN80TYmlMhC1q3fqyL0y2ygQOmtKKYJkDDp/bx0F7ZJ4psVDAmJ1PC2SlHfVPtSZrsVTIf/OlWMsrkLQ+bSf2vJuzUgDagZ/htowIn3io6myiY+Ehq9vDjCd65XV/Hq2sDZoksXMpQU8kQoIF4P2oJqwIDAQABAoGBAJdMauHXIQdjDv6gWoHsTPAQWKj9tC/He2pE6cxqs/HVZqRHR5Ja1gZl7',1,1,'2023-10-25 12:18:49','2023-10-25 12:18:49'),(48,'PP 2023/48',5,'I.M.T.P De Saúde Silva E Águas','5417061891','estalagem-praça nova','2023-11-08 00:00:00','2023-11-08 00:00:00',2,1,1,'Hilquias Chitazo',NULL,25000.00,0.00,0.00,0.00,25000.00,'MIICXAIBAAKBgQC4dcYScJrnD1xCbBAlSwQN80TYmlMhC1q3fqyL0y2ygQOmtKKYJkDDp/bx0F7ZJ4psVDAmJ1PC2SlHfVPtSZrsVTIf/OlWMsrkLQ+bSf2vJuzUgDagZ/htowIn3io6myiY+Ehq9vDjCd65XV/Hq2sDZoksXMpQU8kQoIF4P2oJqwIDAQABAoGBAJdMauHXIQdjDv6gWoHsTPAQWKj9tC/He2pE6cxqs/HVZqRHR5Ja1gZl7',1,1,'2023-11-08 09:09:32','2023-11-08 09:09:32'),(49,'PP 2023/49',2,'PRECIOSA & SILVA, LDA','5417426288','FTU','2023-11-08 00:00:00','2023-11-08 00:00:00',1,1,1,'Hilquias Chitazo',NULL,10000.00,0.00,0.00,0.00,10000.00,'MIICXAIBAAKBgQC4dcYScJrnD1xCbBAlSwQN80TYmlMhC1q3fqyL0y2ygQOmtKKYJkDDp/bx0F7ZJ4psVDAmJ1PC2SlHfVPtSZrsVTIf/OlWMsrkLQ+bSf2vJuzUgDagZ/htowIn3io6myiY+Ehq9vDjCd65XV/Hq2sDZoksXMpQU8kQoIF4P2oJqwIDAQABAoGBAJdMauHXIQdjDv6gWoHsTPAQWKj9tC/He2pE6cxqs/HVZqRHR5Ja1gZl7',1,1,'2023-11-08 09:10:31','2023-11-08 09:10:31'),(50,'PP 2023/50',20,'BECLAMAN EMPRENDIMENTO E PRESTAÇÃO E SERVIÇO(COLÉGIO CULTUS)','5417626562','PATRIOTA-ALCACIOAS','2023-11-08 00:00:00','2023-11-08 00:00:00',2,1,1,'Hilquias Chitazo',NULL,27000.00,0.00,0.00,0.00,27000.00,'MIICXAIBAAKBgQC4dcYScJrnD1xCbBAlSwQN80TYmlMhC1q3fqyL0y2ygQOmtKKYJkDDp/bx0F7ZJ4psVDAmJ1PC2SlHfVPtSZrsVTIf/OlWMsrkLQ+bSf2vJuzUgDagZ/htowIn3io6myiY+Ehq9vDjCd65XV/Hq2sDZoksXMpQU8kQoIF4P2oJqwIDAQABAoGBAJdMauHXIQdjDv6gWoHsTPAQWKj9tC/He2pE6cxqs/HVZqRHR5Ja1gZl7',1,1,'2023-11-08 09:12:17','2023-11-08 09:12:17'),(51,'PP 2023/51',34,'Centro infantil o cantinho da Purezinha','9999999999','Viana','2023-11-13 00:00:00','2023-11-13 00:00:00',2,1,1,'Hilquias Chitazo',NULL,30000.00,0.00,0.00,0.00,30000.00,'MIICXAIBAAKBgQC4dcYScJrnD1xCbBAlSwQN80TYmlMhC1q3fqyL0y2ygQOmtKKYJkDDp/bx0F7ZJ4psVDAmJ1PC2SlHfVPtSZrsVTIf/OlWMsrkLQ+bSf2vJuzUgDagZ/htowIn3io6myiY+Ehq9vDjCd65XV/Hq2sDZoksXMpQU8kQoIF4P2oJqwIDAQABAoGBAJdMauHXIQdjDv6gWoHsTPAQWKj9tC/He2pE6cxqs/HVZqRHR5Ja1gZl7',1,1,'2023-11-13 07:48:14','2023-11-13 07:48:14'),(52,'PP 2023/52',1,'Consumidor Final','Consumidor Final','Martires do Kifangondo, Casa nº 11, Rua  1','2023-11-16 00:00:00','2023-11-23 00:00:00',2,1,1,'Hilquias Chitazo',NULL,30000.00,0.00,0.00,0.00,30000.00,'MIICXAIBAAKBgQC4dcYScJrnD1xCbBAlSwQN80TYmlMhC1q3fqyL0y2ygQOmtKKYJkDDp/bx0F7ZJ4psVDAmJ1PC2SlHfVPtSZrsVTIf/OlWMsrkLQ+bSf2vJuzUgDagZ/htowIn3io6myiY+Ehq9vDjCd65XV/Hq2sDZoksXMpQU8kQoIF4P2oJqwIDAQABAoGBAJdMauHXIQdjDv6gWoHsTPAQWKj9tC/He2pE6cxqs/HVZqRHR5Ja1gZl7',1,1,'2023-11-16 10:27:25','2023-11-16 10:27:25'),(53,'PP 2023/52',35,'Completo Escolar Privado Massoneka','000027462BO024','shopret do palanca','2023-11-16 00:00:00','2023-11-23 00:00:00',2,1,1,'Hilquias Chitazo',NULL,30000.00,0.00,0.00,0.00,30000.00,'MIICXAIBAAKBgQC4dcYScJrnD1xCbBAlSwQN80TYmlMhC1q3fqyL0y2ygQOmtKKYJkDDp/bx0F7ZJ4psVDAmJ1PC2SlHfVPtSZrsVTIf/OlWMsrkLQ+bSf2vJuzUgDagZ/htowIn3io6myiY+Ehq9vDjCd65XV/Hq2sDZoksXMpQU8kQoIF4P2oJqwIDAQABAoGBAJdMauHXIQdjDv6gWoHsTPAQWKj9tC/He2pE6cxqs/HVZqRHR5Ja1gZl7',1,1,'2023-11-16 10:28:03','2023-11-16 10:28:03'),(54,'PP 2023/54',36,'Clínica Alfavida','5000139777','Viana-ZAngo','2023-11-16 00:00:00','2023-11-18 00:00:00',2,1,1,'Hilquias Chitazo','Módulos: Recepção, Laboratório, Consultório Médico',45000.00,0.00,0.00,0.00,45000.00,'MIICXAIBAAKBgQC4dcYScJrnD1xCbBAlSwQN80TYmlMhC1q3fqyL0y2ygQOmtKKYJkDDp/bx0F7ZJ4psVDAmJ1PC2SlHfVPtSZrsVTIf/OlWMsrkLQ+bSf2vJuzUgDagZ/htowIn3io6myiY+Ehq9vDjCd65XV/Hq2sDZoksXMpQU8kQoIF4P2oJqwIDAQABAoGBAJdMauHXIQdjDv6gWoHsTPAQWKj9tC/He2pE6cxqs/HVZqRHR5Ja1gZl7',1,1,'2023-11-16 14:32:44','2023-11-16 14:32:44'),(55,'PP 2023/55',36,'Clínica Alfavida','5000139777','Viana-ZAngo','2023-11-16 00:00:00','2023-11-16 00:00:00',2,1,1,'Hilquias Chitazo','Módulos: Recepção, Laboratório, Consultório Médico, Enfermagem, Gestão de Estoque , Gestão de Documentos.',75000.00,0.00,0.00,0.00,75000.00,'MIICXAIBAAKBgQC4dcYScJrnD1xCbBAlSwQN80TYmlMhC1q3fqyL0y2ygQOmtKKYJkDDp/bx0F7ZJ4psVDAmJ1PC2SlHfVPtSZrsVTIf/OlWMsrkLQ+bSf2vJuzUgDagZ/htowIn3io6myiY+Ehq9vDjCd65XV/Hq2sDZoksXMpQU8kQoIF4P2oJqwIDAQABAoGBAJdMauHXIQdjDv6gWoHsTPAQWKj9tC/He2pE6cxqs/HVZqRHR5Ja1gZl7',1,1,'2023-11-16 14:36:54','2023-11-16 14:36:54'),(56,'PP 2023/56',36,'Clínica Alfavida','5000139777','Viana-ZAngo','2023-11-16 00:00:00','2023-11-16 00:00:00',2,1,1,'Hilquias Chitazo','Módulos: Recepção, Laboratório, Consultório Médico, Enfermagem, Gestão de Estoque , Gestão de Documentos, Farmácia , Tesouraria.',125000.00,0.00,0.00,0.00,125000.00,'MIICXAIBAAKBgQC4dcYScJrnD1xCbBAlSwQN80TYmlMhC1q3fqyL0y2ygQOmtKKYJkDDp/bx0F7ZJ4psVDAmJ1PC2SlHfVPtSZrsVTIf/OlWMsrkLQ+bSf2vJuzUgDagZ/htowIn3io6myiY+Ehq9vDjCd65XV/Hq2sDZoksXMpQU8kQoIF4P2oJqwIDAQABAoGBAJdMauHXIQdjDv6gWoHsTPAQWKj9tC/He2pE6cxqs/HVZqRHR5Ja1gZl7',1,1,'2023-11-16 14:38:03','2023-11-16 14:38:03'),(57,'PP 2023/57',36,'Clínica Alfavida','5000139777','Viana-ZAngo','2023-11-16 00:00:00','2023-11-16 00:00:00',2,1,1,'Hilquias Chitazo','Módulos: Recepção, Laboratório, Consultório Médico, Enfermagem, Gestão de Estoque , Gestão de Documentos, Farmácia , Tesouraria, Contabilidade e Gestão de Recursos Humanos',250000.00,0.00,0.00,0.00,250000.00,'MIICXAIBAAKBgQC4dcYScJrnD1xCbBAlSwQN80TYmlMhC1q3fqyL0y2ygQOmtKKYJkDDp/bx0F7ZJ4psVDAmJ1PC2SlHfVPtSZrsVTIf/OlWMsrkLQ+bSf2vJuzUgDagZ/htowIn3io6myiY+Ehq9vDjCd65XV/Hq2sDZoksXMpQU8kQoIF4P2oJqwIDAQABAoGBAJdMauHXIQdjDv6gWoHsTPAQWKj9tC/He2pE6cxqs/HVZqRHR5Ja1gZl7',1,1,'2023-11-16 14:40:37','2023-11-16 14:40:37'),(58,'PP 2023/58',36,'Clínica Alfavida','5000139777','Viana-ZAngo','2023-11-16 00:00:00','2023-11-16 00:00:00',2,1,1,'Hilquias Chitazo',NULL,10000.00,0.00,0.00,0.00,10000.00,'MIICXAIBAAKBgQC4dcYScJrnD1xCbBAlSwQN80TYmlMhC1q3fqyL0y2ygQOmtKKYJkDDp/bx0F7ZJ4psVDAmJ1PC2SlHfVPtSZrsVTIf/OlWMsrkLQ+bSf2vJuzUgDagZ/htowIn3io6myiY+Ehq9vDjCd65XV/Hq2sDZoksXMpQU8kQoIF4P2oJqwIDAQABAoGBAJdMauHXIQdjDv6gWoHsTPAQWKj9tC/He2pE6cxqs/HVZqRHR5Ja1gZl7',1,1,'2023-11-16 15:00:51','2023-11-16 15:00:51'),(59,'PP 2023/59',37,'Merdibana, Ldq','9999999999','Hhj','2023-11-20 00:00:00','2023-11-20 00:00:00',2,1,1,'Hilquias Chitazo',NULL,35000.00,0.00,0.00,0.00,35000.00,'MIICXAIBAAKBgQC4dcYScJrnD1xCbBAlSwQN80TYmlMhC1q3fqyL0y2ygQOmtKKYJkDDp/bx0F7ZJ4psVDAmJ1PC2SlHfVPtSZrsVTIf/OlWMsrkLQ+bSf2vJuzUgDagZ/htowIn3io6myiY+Ehq9vDjCd65XV/Hq2sDZoksXMpQU8kQoIF4P2oJqwIDAQABAoGBAJdMauHXIQdjDv6gWoHsTPAQWKj9tC/He2pE6cxqs/HVZqRHR5Ja1gZl7',1,1,'2023-11-20 07:49:29','2023-11-20 07:49:29'),(60,'PP 2023/60',38,'Colégio Humbertico','999999999','Morro Bento','2023-11-21 00:00:00','2023-11-27 00:00:00',2,1,1,'Hilquias Chitazo',NULL,30000.00,0.00,0.00,0.00,30000.00,'MIICXAIBAAKBgQC4dcYScJrnD1xCbBAlSwQN80TYmlMhC1q3fqyL0y2ygQOmtKKYJkDDp/bx0F7ZJ4psVDAmJ1PC2SlHfVPtSZrsVTIf/OlWMsrkLQ+bSf2vJuzUgDagZ/htowIn3io6myiY+Ehq9vDjCd65XV/Hq2sDZoksXMpQU8kQoIF4P2oJqwIDAQABAoGBAJdMauHXIQdjDv6gWoHsTPAQWKj9tC/He2pE6cxqs/HVZqRHR5Ja1gZl7',1,1,'2023-11-21 16:44:49','2023-11-21 16:44:49'),(61,'PP 2023/61',1,'Consumidor Final','Consumidor Final','Martires do Kifangondo, Casa nº 11, Rua  1','2023-11-24 00:00:00','2023-11-24 00:00:00',1,1,1,'Hilquias Chitazo',NULL,20000.00,0.00,0.00,0.00,20000.00,'MIICXAIBAAKBgQC4dcYScJrnD1xCbBAlSwQN80TYmlMhC1q3fqyL0y2ygQOmtKKYJkDDp/bx0F7ZJ4psVDAmJ1PC2SlHfVPtSZrsVTIf/OlWMsrkLQ+bSf2vJuzUgDagZ/htowIn3io6myiY+Ehq9vDjCd65XV/Hq2sDZoksXMpQU8kQoIF4P2oJqwIDAQABAoGBAJdMauHXIQdjDv6gWoHsTPAQWKj9tC/He2pE6cxqs/HVZqRHR5Ja1gZl7',1,1,'2023-11-24 14:26:01','2023-11-24 14:26:01'),(62,'PP 2023/62',39,'Auto Control - Centro Automotivo Comércio e Serviços, Lda.','5000416355','Rua Direita do BFA x Quifica, s/n - Benfica','2023-12-01 00:00:00','2023-12-01 00:00:00',1,1,1,'Hilquias Chitazo',NULL,46800.00,0.00,0.00,0.00,46800.00,'MIICXAIBAAKBgQC4dcYScJrnD1xCbBAlSwQN80TYmlMhC1q3fqyL0y2ygQOmtKKYJkDDp/bx0F7ZJ4psVDAmJ1PC2SlHfVPtSZrsVTIf/OlWMsrkLQ+bSf2vJuzUgDagZ/htowIn3io6myiY+Ehq9vDjCd65XV/Hq2sDZoksXMpQU8kQoIF4P2oJqwIDAQABAoGBAJdMauHXIQdjDv6gWoHsTPAQWKj9tC/He2pE6cxqs/HVZqRHR5Ja1gZl7',1,1,'2023-12-01 09:25:03','2023-12-01 09:25:03'),(63,'PP 2023/63',1,'Consumidor Final','Consumidor Final','Martires do Kifangondo, Casa nº 11, Rua  1','2023-12-01 00:00:00','2023-12-01 00:00:00',1,1,1,'Hilquias Chitazo',NULL,10000.00,0.00,0.00,0.00,10000.00,'MIICXAIBAAKBgQC4dcYScJrnD1xCbBAlSwQN80TYmlMhC1q3fqyL0y2ygQOmtKKYJkDDp/bx0F7ZJ4psVDAmJ1PC2SlHfVPtSZrsVTIf/OlWMsrkLQ+bSf2vJuzUgDagZ/htowIn3io6myiY+Ehq9vDjCd65XV/Hq2sDZoksXMpQU8kQoIF4P2oJqwIDAQABAoGBAJdMauHXIQdjDv6gWoHsTPAQWKj9tC/He2pE6cxqs/HVZqRHR5Ja1gZl7',1,1,'2023-12-01 14:15:47','2023-12-01 14:15:47'),(64,'PP 2023/64',40,'Data Cloud – Contabilidade Digital, Lda','5000611247','Talatona','2023-12-01 00:00:00','2023-12-01 00:00:00',2,1,1,'Hilquias Chitazo',NULL,35000.00,0.00,0.00,0.00,35000.00,'MIICXAIBAAKBgQC4dcYScJrnD1xCbBAlSwQN80TYmlMhC1q3fqyL0y2ygQOmtKKYJkDDp/bx0F7ZJ4psVDAmJ1PC2SlHfVPtSZrsVTIf/OlWMsrkLQ+bSf2vJuzUgDagZ/htowIn3io6myiY+Ehq9vDjCd65XV/Hq2sDZoksXMpQU8kQoIF4P2oJqwIDAQABAoGBAJdMauHXIQdjDv6gWoHsTPAQWKj9tC/He2pE6cxqs/HVZqRHR5Ja1gZl7',1,1,'2023-12-01 15:20:43','2023-12-01 15:20:43'),(65,'PP 2023/65',40,'Data Cloud – Contabilidade Digital, Lda','5000611247','Talatona','2023-12-01 00:00:00','2023-12-01 00:00:00',1,1,1,'Hilquias Chitazo',NULL,30000.00,0.00,0.00,0.00,30000.00,'MIICXAIBAAKBgQC4dcYScJrnD1xCbBAlSwQN80TYmlMhC1q3fqyL0y2ygQOmtKKYJkDDp/bx0F7ZJ4psVDAmJ1PC2SlHfVPtSZrsVTIf/OlWMsrkLQ+bSf2vJuzUgDagZ/htowIn3io6myiY+Ehq9vDjCd65XV/Hq2sDZoksXMpQU8kQoIF4P2oJqwIDAQABAoGBAJdMauHXIQdjDv6gWoHsTPAQWKj9tC/He2pE6cxqs/HVZqRHR5Ja1gZl7',1,1,'2023-12-01 15:53:13','2023-12-01 15:53:13'),(66,'PP 2023/66',41,'Timóteo Ulika Su Lda','NIF 5417306770','Rua Direita da Sonangalp, qd-101, Km14-A, Viana','2023-12-07 00:00:00','2023-12-07 00:00:00',1,1,1,'Hilquias Chitazo',NULL,48000.00,12000.00,0.00,0.00,36000.00,'MIICXAIBAAKBgQC4dcYScJrnD1xCbBAlSwQN80TYmlMhC1q3fqyL0y2ygQOmtKKYJkDDp/bx0F7ZJ4psVDAmJ1PC2SlHfVPtSZrsVTIf/OlWMsrkLQ+bSf2vJuzUgDagZ/htowIn3io6myiY+Ehq9vDjCd65XV/Hq2sDZoksXMpQU8kQoIF4P2oJqwIDAQABAoGBAJdMauHXIQdjDv6gWoHsTPAQWKj9tC/He2pE6cxqs/HVZqRHR5Ja1gZl7',1,1,'2023-12-07 17:47:52','2023-12-07 17:47:52'),(67,'PP 2023/67',41,'Timóteo Ulika Su Lda','NIF 5417306770','Rua Direita da Sonangalp, qd-101, Km14-A, Viana','2023-12-07 00:00:00','2023-12-07 00:00:00',1,1,1,'Hilquias Chitazo',NULL,51000.00,9000.00,0.00,0.00,42000.00,'MIICXAIBAAKBgQC4dcYScJrnD1xCbBAlSwQN80TYmlMhC1q3fqyL0y2ygQOmtKKYJkDDp/bx0F7ZJ4psVDAmJ1PC2SlHfVPtSZrsVTIf/OlWMsrkLQ+bSf2vJuzUgDagZ/htowIn3io6myiY+Ehq9vDjCd65XV/Hq2sDZoksXMpQU8kQoIF4P2oJqwIDAQABAoGBAJdMauHXIQdjDv6gWoHsTPAQWKj9tC/He2pE6cxqs/HVZqRHR5Ja1gZl7',1,1,'2023-12-07 17:51:21','2023-12-07 17:51:21'),(68,'PP 2023/68',42,'Colégio Albert Einstein','5401043481','Vila Da Gamek','2023-12-08 00:00:00','2023-12-08 00:00:00',2,1,1,'Hilquias Chitazo',NULL,700000.00,0.00,0.00,0.00,700000.00,'MIICXAIBAAKBgQC4dcYScJrnD1xCbBAlSwQN80TYmlMhC1q3fqyL0y2ygQOmtKKYJkDDp/bx0F7ZJ4psVDAmJ1PC2SlHfVPtSZrsVTIf/OlWMsrkLQ+bSf2vJuzUgDagZ/htowIn3io6myiY+Ehq9vDjCd65XV/Hq2sDZoksXMpQU8kQoIF4P2oJqwIDAQABAoGBAJdMauHXIQdjDv6gWoHsTPAQWKj9tC/He2pE6cxqs/HVZqRHR5Ja1gZl7',1,1,'2023-12-08 13:17:09','2023-12-08 13:17:09'),(69,'PP 2023/69',2,'PRECIOSA & SILVA, LDA','5417426288','FTU','2023-12-14 00:00:00','2023-12-14 00:00:00',2,1,1,'Hilquias Chitazo',NULL,10000.00,0.00,0.00,0.00,10000.00,'MIICXAIBAAKBgQC4dcYScJrnD1xCbBAlSwQN80TYmlMhC1q3fqyL0y2ygQOmtKKYJkDDp/bx0F7ZJ4psVDAmJ1PC2SlHfVPtSZrsVTIf/OlWMsrkLQ+bSf2vJuzUgDagZ/htowIn3io6myiY+Ehq9vDjCd65XV/Hq2sDZoksXMpQU8kQoIF4P2oJqwIDAQABAoGBAJdMauHXIQdjDv6gWoHsTPAQWKj9tC/He2pE6cxqs/HVZqRHR5Ja1gZl7',1,1,'2023-12-14 12:58:52','2023-12-14 12:58:52'),(70,'PP 2023/70',43,'COLÉGIO PADOM','000207404ZE036','Cacuacu','2023-12-16 00:00:00','2023-12-27 00:00:00',1,1,1,'Hilquias Chitazo',NULL,45000.00,0.00,0.00,0.00,45000.00,'MIICXAIBAAKBgQC4dcYScJrnD1xCbBAlSwQN80TYmlMhC1q3fqyL0y2ygQOmtKKYJkDDp/bx0F7ZJ4psVDAmJ1PC2SlHfVPtSZrsVTIf/OlWMsrkLQ+bSf2vJuzUgDagZ/htowIn3io6myiY+Ehq9vDjCd65XV/Hq2sDZoksXMpQU8kQoIF4P2oJqwIDAQABAoGBAJdMauHXIQdjDv6gWoHsTPAQWKj9tC/He2pE6cxqs/HVZqRHR5Ja1gZl7',1,1,'2023-12-16 13:15:56','2023-12-16 13:15:56'),(71,'PP 2023/71',43,'COLÉGIO PADOM','000207404ZE036','Cacuacu','2023-12-16 00:00:00','2023-12-16 00:00:00',1,1,1,'Hilquias Chitazo',NULL,65000.00,0.00,0.00,0.00,65000.00,'MIICXAIBAAKBgQC4dcYScJrnD1xCbBAlSwQN80TYmlMhC1q3fqyL0y2ygQOmtKKYJkDDp/bx0F7ZJ4psVDAmJ1PC2SlHfVPtSZrsVTIf/OlWMsrkLQ+bSf2vJuzUgDagZ/htowIn3io6myiY+Ehq9vDjCd65XV/Hq2sDZoksXMpQU8kQoIF4P2oJqwIDAQABAoGBAJdMauHXIQdjDv6gWoHsTPAQWKj9tC/He2pE6cxqs/HVZqRHR5Ja1gZl7',1,1,'2023-12-16 13:20:49','2023-12-16 13:20:49'),(72,'PP 2023/72',44,'Agrishow Angola Comércio Geral, Lda','5417368547','Cacuaco-Kifangondo','2023-12-21 00:00:00','2023-12-21 00:00:00',2,1,1,'Hilquias Chitazo',NULL,30000.00,0.00,0.00,0.00,30000.00,'MIICXAIBAAKBgQC4dcYScJrnD1xCbBAlSwQN80TYmlMhC1q3fqyL0y2ygQOmtKKYJkDDp/bx0F7ZJ4psVDAmJ1PC2SlHfVPtSZrsVTIf/OlWMsrkLQ+bSf2vJuzUgDagZ/htowIn3io6myiY+Ehq9vDjCd65XV/Hq2sDZoksXMpQU8kQoIF4P2oJqwIDAQABAoGBAJdMauHXIQdjDv6gWoHsTPAQWKj9tC/He2pE6cxqs/HVZqRHR5Ja1gZl7',1,1,'2023-12-21 09:57:35','2023-12-21 09:57:35'),(73,'PP 2023/73',41,'Timóteo Ulika Su Lda','NIF 5417306770','Rua Direita da Sonangalp, qd-101, Km14-A, Viana','2023-12-21 00:00:00','2023-12-21 00:00:00',1,1,1,'Hilquias Chitazo',NULL,42000.00,0.00,0.00,0.00,42000.00,'MIICXAIBAAKBgQC4dcYScJrnD1xCbBAlSwQN80TYmlMhC1q3fqyL0y2ygQOmtKKYJkDDp/bx0F7ZJ4psVDAmJ1PC2SlHfVPtSZrsVTIf/OlWMsrkLQ+bSf2vJuzUgDagZ/htowIn3io6myiY+Ehq9vDjCd65XV/Hq2sDZoksXMpQU8kQoIF4P2oJqwIDAQABAoGBAJdMauHXIQdjDv6gWoHsTPAQWKj9tC/He2pE6cxqs/HVZqRHR5Ja1gZl7',1,1,'2023-12-21 17:12:10','2023-12-21 17:12:10'),(74,'PP 2023/74',45,'FerRB','00786599KS046','sumbe','2024-01-16 00:00:00','2024-01-20 00:00:00',2,1,1,'Hilquias Chitazo',NULL,395000.00,0.00,0.00,0.00,395000.00,'MIICXAIBAAKBgQC4dcYScJrnD1xCbBAlSwQN80TYmlMhC1q3fqyL0y2ygQOmtKKYJkDDp/bx0F7ZJ4psVDAmJ1PC2SlHfVPtSZrsVTIf/OlWMsrkLQ+bSf2vJuzUgDagZ/htowIn3io6myiY+Ehq9vDjCd65XV/Hq2sDZoksXMpQU8kQoIF4P2oJqwIDAQABAoGBAJdMauHXIQdjDv6gWoHsTPAQWKj9tC/He2pE6cxqs/HVZqRHR5Ja1gZl7',1,1,'2024-01-16 09:33:25','2024-01-16 09:33:25'),(75,'PP /75',47,'Ndua  Prestação de Serviços e Segurança Privada','5000399345',NULL,'2024-01-22 00:00:00','2024-01-22 00:00:00',1,1,1,'Hilquias Chitazo','O pagamento será feito em duas prestações, sendo cada 195 000, 00 kz.',390000.00,0.00,0.00,0.00,390000.00,'MIICXAIBAAKBgQC4dcYScJrnD1xCbBAlSwQN80TYmlMhC1q3fqyL0y2ygQOmtKKYJkDDp/bx0F7ZJ4psVDAmJ1PC2SlHfVPtSZrsVTIf/OlWMsrkLQ+bSf2vJuzUgDagZ/htowIn3io6myiY+Ehq9vDjCd65XV/Hq2sDZoksXMpQU8kQoIF4P2oJqwIDAQABAoGBAJdMauHXIQdjDv6gWoHsTPAQWKj9tC/He2pE6cxqs/HVZqRHR5Ja1gZl7',1,1,'2024-01-22 07:59:06','2024-01-22 07:59:06'),(76,'PP /76',48,'Chitali comercial Lda','5000489522','Huambo','2024-01-22 00:00:00','2024-01-30 00:00:00',2,1,1,'Hilquias Chitazo',NULL,443300.00,61700.00,0.00,0.00,381600.00,'MIICXAIBAAKBgQC4dcYScJrnD1xCbBAlSwQN80TYmlMhC1q3fqyL0y2ygQOmtKKYJkDDp/bx0F7ZJ4psVDAmJ1PC2SlHfVPtSZrsVTIf/OlWMsrkLQ+bSf2vJuzUgDagZ/htowIn3io6myiY+Ehq9vDjCd65XV/Hq2sDZoksXMpQU8kQoIF4P2oJqwIDAQABAoGBAJdMauHXIQdjDv6gWoHsTPAQWKj9tC/He2pE6cxqs/HVZqRHR5Ja1gZl7',1,1,'2024-01-22 12:36:53','2024-01-22 12:36:53'),(77,'PP /77',48,'Chitali comercial Lda','5000489522','Huambo','2024-01-22 00:00:00','2024-01-30 00:00:00',2,1,1,'Hilquias Chitazo',NULL,458300.00,61700.00,0.00,0.00,396600.00,'MIICXAIBAAKBgQC4dcYScJrnD1xCbBAlSwQN80TYmlMhC1q3fqyL0y2ygQOmtKKYJkDDp/bx0F7ZJ4psVDAmJ1PC2SlHfVPtSZrsVTIf/OlWMsrkLQ+bSf2vJuzUgDagZ/htowIn3io6myiY+Ehq9vDjCd65XV/Hq2sDZoksXMpQU8kQoIF4P2oJqwIDAQABAoGBAJdMauHXIQdjDv6gWoHsTPAQWKj9tC/He2pE6cxqs/HVZqRHR5Ja1gZl7',1,1,'2024-01-22 12:39:03','2024-01-22 12:39:03'),(78,'PP /78',49,'Clinica Amada','99999999',NULL,'2024-01-22 00:00:00','2024-01-22 00:00:00',2,1,1,'Hilquias Chitazo','Módulos\n-Recepção\n-Triagem\n-Laboratório\n-Consultório Médico',45000.00,0.00,0.00,0.00,45000.00,'MIICXAIBAAKBgQC4dcYScJrnD1xCbBAlSwQN80TYmlMhC1q3fqyL0y2ygQOmtKKYJkDDp/bx0F7ZJ4psVDAmJ1PC2SlHfVPtSZrsVTIf/OlWMsrkLQ+bSf2vJuzUgDagZ/htowIn3io6myiY+Ehq9vDjCd65XV/Hq2sDZoksXMpQU8kQoIF4P2oJqwIDAQABAoGBAJdMauHXIQdjDv6gWoHsTPAQWKj9tC/He2pE6cxqs/HVZqRHR5Ja1gZl7',1,1,'2024-01-22 16:09:00','2024-01-22 16:09:00'),(79,'PP /79',49,'Clinica Amada','99999999',NULL,'2024-01-22 00:00:00','2024-01-22 00:00:00',1,1,1,'Hilquias Chitazo','Módulos\n-Recepção\n-Triagem\n-Laboratório\n-Consultório Médico\n-Farmácia',75000.00,0.00,0.00,0.00,75000.00,'MIICXAIBAAKBgQC4dcYScJrnD1xCbBAlSwQN80TYmlMhC1q3fqyL0y2ygQOmtKKYJkDDp/bx0F7ZJ4psVDAmJ1PC2SlHfVPtSZrsVTIf/OlWMsrkLQ+bSf2vJuzUgDagZ/htowIn3io6myiY+Ehq9vDjCd65XV/Hq2sDZoksXMpQU8kQoIF4P2oJqwIDAQABAoGBAJdMauHXIQdjDv6gWoHsTPAQWKj9tC/He2pE6cxqs/HVZqRHR5Ja1gZl7',1,1,'2024-01-22 16:14:29','2024-01-22 16:14:29'),(80,'PP /80',50,'MSCLA','99999999',NULL,'2024-01-24 00:00:00','2024-01-05 00:00:00',1,1,1,'Hilquias Chitazo','Referente ao pagamento Trimestral, ou seja Fevereiro, Março e Abril.',45000.00,0.00,0.00,0.00,45000.00,'MIICXAIBAAKBgQC4dcYScJrnD1xCbBAlSwQN80TYmlMhC1q3fqyL0y2ygQOmtKKYJkDDp/bx0F7ZJ4psVDAmJ1PC2SlHfVPtSZrsVTIf/OlWMsrkLQ+bSf2vJuzUgDagZ/htowIn3io6myiY+Ehq9vDjCd65XV/Hq2sDZoksXMpQU8kQoIF4P2oJqwIDAQABAoGBAJdMauHXIQdjDv6gWoHsTPAQWKj9tC/He2pE6cxqs/HVZqRHR5Ja1gZl7',1,1,'2024-01-24 08:11:45','2024-01-24 08:11:45'),(81,'PP /81',51,'Buena Ficha e Filhos, Lda','5301038761',NULL,'2024-01-24 00:00:00','2024-01-24 00:00:00',2,1,1,'Hilquias Chitazo','Pagamento Simestral',90000.00,0.00,0.00,0.00,90000.00,'MIICXAIBAAKBgQC4dcYScJrnD1xCbBAlSwQN80TYmlMhC1q3fqyL0y2ygQOmtKKYJkDDp/bx0F7ZJ4psVDAmJ1PC2SlHfVPtSZrsVTIf/OlWMsrkLQ+bSf2vJuzUgDagZ/htowIn3io6myiY+Ehq9vDjCd65XV/Hq2sDZoksXMpQU8kQoIF4P2oJqwIDAQABAoGBAJdMauHXIQdjDv6gWoHsTPAQWKj9tC/He2pE6cxqs/HVZqRHR5Ja1gZl7',1,1,'2024-01-24 09:26:33','2024-01-24 09:26:33'),(82,'PP /82',52,'Centro Médico Saúde é Vida','5480016628',NULL,'2024-01-25 00:00:00','2024-01-25 00:00:00',2,1,1,'Hilquias Chitazo','Módulos:\n-Recepção\n-Triagem\n-Consultório Médico\n-Laboratório',45000.00,0.00,0.00,0.00,45000.00,'MIICXAIBAAKBgQC4dcYScJrnD1xCbBAlSwQN80TYmlMhC1q3fqyL0y2ygQOmtKKYJkDDp/bx0F7ZJ4psVDAmJ1PC2SlHfVPtSZrsVTIf/OlWMsrkLQ+bSf2vJuzUgDagZ/htowIn3io6myiY+Ehq9vDjCd65XV/Hq2sDZoksXMpQU8kQoIF4P2oJqwIDAQABAoGBAJdMauHXIQdjDv6gWoHsTPAQWKj9tC/He2pE6cxqs/HVZqRHR5Ja1gZl7',1,1,'2024-01-25 13:39:50','2024-01-25 13:39:50'),(83,'PP /83',52,'Centro Médico Saúde é Vida','5480016628',NULL,'2024-01-25 00:00:00','2024-01-25 00:00:00',2,1,1,'Hilquias Chitazo','Módulos:\n-Recepção\n-Triagem\n-Consultório Médico\n-Laboratório\n-Farmácia',75000.00,0.00,0.00,0.00,75000.00,'MIICXAIBAAKBgQC4dcYScJrnD1xCbBAlSwQN80TYmlMhC1q3fqyL0y2ygQOmtKKYJkDDp/bx0F7ZJ4psVDAmJ1PC2SlHfVPtSZrsVTIf/OlWMsrkLQ+bSf2vJuzUgDagZ/htowIn3io6myiY+Ehq9vDjCd65XV/Hq2sDZoksXMpQU8kQoIF4P2oJqwIDAQABAoGBAJdMauHXIQdjDv6gWoHsTPAQWKj9tC/He2pE6cxqs/HVZqRHR5Ja1gZl7',1,1,'2024-01-25 13:40:46','2024-01-25 13:40:46'),(84,'PP 2024/84',55,'Clinica Nobreza','5417400769',NULL,'2024-02-02 00:00:00','2024-02-02 00:00:00',1,1,1,'Hilquias Chitazo',NULL,350000.00,0.00,0.00,0.00,350000.00,'MIICXAIBAAKBgQC4dcYScJrnD1xCbBAlSwQN80TYmlMhC1q3fqyL0y2ygQOmtKKYJkDDp/bx0F7ZJ4psVDAmJ1PC2SlHfVPtSZrsVTIf/OlWMsrkLQ+bSf2vJuzUgDagZ/htowIn3io6myiY+Ehq9vDjCd65XV/Hq2sDZoksXMpQU8kQoIF4P2oJqwIDAQABAoGBAJdMauHXIQdjDv6gWoHsTPAQWKj9tC/He2pE6cxqs/HVZqRHR5Ja1gZl7',1,1,'2024-02-02 14:06:04','2024-02-02 14:06:04'),(85,'PP 2024/85',54,'Farmácia Nobreza','2402329670',NULL,'2024-02-02 00:00:00','2024-02-02 00:00:00',1,1,1,'Hilquias Chitazo',NULL,180000.00,0.00,0.00,0.00,180000.00,'MIICXAIBAAKBgQC4dcYScJrnD1xCbBAlSwQN80TYmlMhC1q3fqyL0y2ygQOmtKKYJkDDp/bx0F7ZJ4psVDAmJ1PC2SlHfVPtSZrsVTIf/OlWMsrkLQ+bSf2vJuzUgDagZ/htowIn3io6myiY+Ehq9vDjCd65XV/Hq2sDZoksXMpQU8kQoIF4P2oJqwIDAQABAoGBAJdMauHXIQdjDv6gWoHsTPAQWKj9tC/He2pE6cxqs/HVZqRHR5Ja1gZl7',1,1,'2024-02-02 14:08:12','2024-02-02 14:08:12'),(86,'PP 2024/86',1,'Consumidor Final','Consumidor Final','Martires do Kifangondo, Casa nº 11, Rua  1','2024-02-07 00:00:00','2024-02-07 00:00:00',1,1,1,'Hilquias Chitazo',NULL,395000.00,0.00,0.00,0.00,395000.00,'MIICXAIBAAKBgQC4dcYScJrnD1xCbBAlSwQN80TYmlMhC1q3fqyL0y2ygQOmtKKYJkDDp/bx0F7ZJ4psVDAmJ1PC2SlHfVPtSZrsVTIf/OlWMsrkLQ+bSf2vJuzUgDagZ/htowIn3io6myiY+Ehq9vDjCd65XV/Hq2sDZoksXMpQU8kQoIF4P2oJqwIDAQABAoGBAJdMauHXIQdjDv6gWoHsTPAQWKj9tC/He2pE6cxqs/HVZqRHR5Ja1gZl7',1,1,'2024-02-07 12:02:34','2024-02-07 12:02:34'),(87,'PP 2024/86',48,'Chitali comercial Lda','5000489522','Huambo','2024-02-07 00:00:00','2024-02-07 00:00:00',1,1,1,'Hilquias Chitazo',NULL,395000.00,0.00,0.00,0.00,395000.00,'MIICXAIBAAKBgQC4dcYScJrnD1xCbBAlSwQN80TYmlMhC1q3fqyL0y2ygQOmtKKYJkDDp/bx0F7ZJ4psVDAmJ1PC2SlHfVPtSZrsVTIf/OlWMsrkLQ+bSf2vJuzUgDagZ/htowIn3io6myiY+Ehq9vDjCd65XV/Hq2sDZoksXMpQU8kQoIF4P2oJqwIDAQABAoGBAJdMauHXIQdjDv6gWoHsTPAQWKj9tC/He2pE6cxqs/HVZqRHR5Ja1gZl7',1,1,'2024-02-07 12:02:57','2024-02-07 12:02:57'),(88,'PP 2024/88',58,'Complexo Escolar Privado Nzungu Sagrada','5080000619',NULL,'2024-02-09 00:00:00','2024-02-09 00:00:00',2,1,1,'Hilquias Chitazo','O Sistema Contém as seguintes áreas :\n1-Secretaria\n2~Área Pedagógica \n3-Área Finaceira\n\nA Licença anual é 360 000 , 00 kz.',30000.00,0.00,0.00,0.00,30000.00,'MIICXAIBAAKBgQC4dcYScJrnD1xCbBAlSwQN80TYmlMhC1q3fqyL0y2ygQOmtKKYJkDDp/bx0F7ZJ4psVDAmJ1PC2SlHfVPtSZrsVTIf/OlWMsrkLQ+bSf2vJuzUgDagZ/htowIn3io6myiY+Ehq9vDjCd65XV/Hq2sDZoksXMpQU8kQoIF4P2oJqwIDAQABAoGBAJdMauHXIQdjDv6gWoHsTPAQWKj9tC/He2pE6cxqs/HVZqRHR5Ja1gZl7',1,1,'2024-02-09 16:54:28','2024-02-09 16:54:28'),(89,'PP 2024/89',60,'Basiaelia, Lda','5417270946',NULL,'2024-02-15 00:00:00','2024-02-15 00:00:00',2,1,1,'Hilquias Chitazo',NULL,30000.00,0.00,0.00,0.00,30000.00,'MIICXAIBAAKBgQC4dcYScJrnD1xCbBAlSwQN80TYmlMhC1q3fqyL0y2ygQOmtKKYJkDDp/bx0F7ZJ4psVDAmJ1PC2SlHfVPtSZrsVTIf/OlWMsrkLQ+bSf2vJuzUgDagZ/htowIn3io6myiY+Ehq9vDjCd65XV/Hq2sDZoksXMpQU8kQoIF4P2oJqwIDAQABAoGBAJdMauHXIQdjDv6gWoHsTPAQWKj9tC/He2pE6cxqs/HVZqRHR5Ja1gZl7',1,1,'2024-02-15 12:13:07','2024-02-15 12:13:07'),(90,'PP 2024/90',63,'Tomas Manuel','0072500045','Luanda','2024-03-06 00:00:00','2024-03-06 00:00:00',2,1,1,'Hilquias Chitazo',NULL,750000.00,0.00,0.00,0.00,750000.00,'MIICXAIBAAKBgQC4dcYScJrnD1xCbBAlSwQN80TYmlMhC1q3fqyL0y2ygQOmtKKYJkDDp/bx0F7ZJ4psVDAmJ1PC2SlHfVPtSZrsVTIf/OlWMsrkLQ+bSf2vJuzUgDagZ/htowIn3io6myiY+Ehq9vDjCd65XV/Hq2sDZoksXMpQU8kQoIF4P2oJqwIDAQABAoGBAJdMauHXIQdjDv6gWoHsTPAQWKj9tC/He2pE6cxqs/HVZqRHR5Ja1gZl7',1,0,'2024-03-06 08:25:24','2024-03-06 08:25:52'),(91,'PP 2024/91',2,'PRECIOSA & SILVA, LDA','5417426288','FTU','2024-03-06 00:00:00','2024-03-06 00:00:00',2,1,1,'Hilquias Chitazo','gfdhlfhldhglhgkhghhhjksljljn',30000.00,0.00,0.00,0.00,30000.00,'MIICXAIBAAKBgQC4dcYScJrnD1xCbBAlSwQN80TYmlMhC1q3fqyL0y2ygQOmtKKYJkDDp/bx0F7ZJ4psVDAmJ1PC2SlHfVPtSZrsVTIf/OlWMsrkLQ+bSf2vJuzUgDagZ/htowIn3io6myiY+Ehq9vDjCd65XV/Hq2sDZoksXMpQU8kQoIF4P2oJqwIDAQABAoGBAJdMauHXIQdjDv6gWoHsTPAQWKj9tC/He2pE6cxqs/HVZqRHR5Ja1gZl7',1,0,'2024-03-06 08:47:22','2024-03-06 08:48:53'),(92,'PP 2024/92',64,'Massive Dynamic, Projetos, Instalações Técnicas e Avac, Lda.','5420000253',NULL,'2024-03-07 00:00:00','2024-03-07 00:00:00',2,1,1,'Hilquias Chitazo','Esse é o pacote básico.\nPode ser paga até 2 prestações.',350000.00,0.00,0.00,0.00,350000.00,'MIICXAIBAAKBgQC4dcYScJrnD1xCbBAlSwQN80TYmlMhC1q3fqyL0y2ygQOmtKKYJkDDp/bx0F7ZJ4psVDAmJ1PC2SlHfVPtSZrsVTIf/OlWMsrkLQ+bSf2vJuzUgDagZ/htowIn3io6myiY+Ehq9vDjCd65XV/Hq2sDZoksXMpQU8kQoIF4P2oJqwIDAQABAoGBAJdMauHXIQdjDv6gWoHsTPAQWKj9tC/He2pE6cxqs/HVZqRHR5Ja1gZl7',1,1,'2024-03-07 09:33:52','2024-03-07 09:33:52'),(93,'PP 2024/93',65,'INSTITUTO MEDIO DE TECNOLOGIA, LINGUAS, CULTURAS E CIENCIAS, LDA.','5000428515','Futungo','2024-03-21 00:00:00','2024-03-21 00:00:00',2,1,1,'Hilquias Chitazo',NULL,44000.00,0.00,0.00,0.00,44000.00,'MIICXAIBAAKBgQC4dcYScJrnD1xCbBAlSwQN80TYmlMhC1q3fqyL0y2ygQOmtKKYJkDDp/bx0F7ZJ4psVDAmJ1PC2SlHfVPtSZrsVTIf/OlWMsrkLQ+bSf2vJuzUgDagZ/htowIn3io6myiY+Ehq9vDjCd65XV/Hq2sDZoksXMpQU8kQoIF4P2oJqwIDAQABAoGBAJdMauHXIQdjDv6gWoHsTPAQWKj9tC/He2pE6cxqs/HVZqRHR5Ja1gZl7',1,1,'2024-03-21 07:43:44','2024-03-21 07:43:44'),(94,'PP 2024/94',67,'GRUPO BRAÇOS E FILHOS,','5417001066','11 DE NOVEMBRO','2024-03-23 00:00:00','2024-03-23 00:00:00',2,1,1,'Hilquias Chitazo',NULL,88500.00,0.00,0.00,0.00,88500.00,'MIICXAIBAAKBgQC4dcYScJrnD1xCbBAlSwQN80TYmlMhC1q3fqyL0y2ygQOmtKKYJkDDp/bx0F7ZJ4psVDAmJ1PC2SlHfVPtSZrsVTIf/OlWMsrkLQ+bSf2vJuzUgDagZ/htowIn3io6myiY+Ehq9vDjCd65XV/Hq2sDZoksXMpQU8kQoIF4P2oJqwIDAQABAoGBAJdMauHXIQdjDv6gWoHsTPAQWKj9tC/He2pE6cxqs/HVZqRHR5Ja1gZl7',1,1,'2024-03-23 16:22:58','2024-03-23 16:22:58'),(95,'PP 2024/95',69,'DUPLAS DMP INVESTMENT, LD','5417421839','ZONA VERDE 3 AV LUCIO LARA RUA 53 PORTA 1, CABOLOMBO','2024-04-12 00:00:00','2024-04-12 00:00:00',2,1,1,'Hilquias Chitazo','A Átomo Tecnologia e Inovação vai confirgurar o Servidor sem fornecimento de nenhuma hardware ou software',900000.00,0.00,0.00,0.00,900000.00,'MIICXAIBAAKBgQC4dcYScJrnD1xCbBAlSwQN80TYmlMhC1q3fqyL0y2ygQOmtKKYJkDDp/bx0F7ZJ4psVDAmJ1PC2SlHfVPtSZrsVTIf/OlWMsrkLQ+bSf2vJuzUgDagZ/htowIn3io6myiY+Ehq9vDjCd65XV/Hq2sDZoksXMpQU8kQoIF4P2oJqwIDAQABAoGBAJdMauHXIQdjDv6gWoHsTPAQWKj9tC/He2pE6cxqs/HVZqRHR5Ja1gZl7',1,1,'2024-04-12 09:27:15','2024-04-12 09:27:15'),(96,'PP 2024/96',70,'Cooperativa Agro-pecuária Cambambe Ex-Militar Do Seles, R.L','5001352792','PATRIOTA-ALCACIOAS','2024-04-13 00:00:00','2024-04-13 00:00:00',2,1,1,'Hilquias Chitazo',NULL,750000.00,0.00,0.00,0.00,750000.00,'MIICXAIBAAKBgQC4dcYScJrnD1xCbBAlSwQN80TYmlMhC1q3fqyL0y2ygQOmtKKYJkDDp/bx0F7ZJ4psVDAmJ1PC2SlHfVPtSZrsVTIf/OlWMsrkLQ+bSf2vJuzUgDagZ/htowIn3io6myiY+Ehq9vDjCd65XV/Hq2sDZoksXMpQU8kQoIF4P2oJqwIDAQABAoGBAJdMauHXIQdjDv6gWoHsTPAQWKj9tC/He2pE6cxqs/HVZqRHR5Ja1gZl7',1,1,'2024-04-13 12:27:47','2024-04-13 12:27:47'),(97,'PP 2024/97',1,'Consumidor Final','Consumidor Final','Martires do Kifangondo, Casa nº 11, Rua  1','2024-04-15 00:00:00','2024-04-15 00:00:00',1,1,1,'Hilquias Chitazo',NULL,10000.00,0.00,0.00,0.00,10000.00,'MIICXAIBAAKBgQC4dcYScJrnD1xCbBAlSwQN80TYmlMhC1q3fqyL0y2ygQOmtKKYJkDDp/bx0F7ZJ4psVDAmJ1PC2SlHfVPtSZrsVTIf/OlWMsrkLQ+bSf2vJuzUgDagZ/htowIn3io6myiY+Ehq9vDjCd65XV/Hq2sDZoksXMpQU8kQoIF4P2oJqwIDAQABAoGBAJdMauHXIQdjDv6gWoHsTPAQWKj9tC/He2pE6cxqs/HVZqRHR5Ja1gZl7',1,1,'2024-04-15 08:52:59','2024-04-15 08:52:59'),(98,'PP 2024/98',70,'Cooperativa Agro-pecuária Cambambe Ex-Militar Do Seles, R.L','5001352792','PATRIOTA-ALCACIOAS','2024-04-15 00:00:00','2024-04-15 00:00:00',2,1,1,'Hilquias Chitazo',NULL,6545000.00,0.00,0.00,0.00,6545000.00,'MIICXAIBAAKBgQC4dcYScJrnD1xCbBAlSwQN80TYmlMhC1q3fqyL0y2ygQOmtKKYJkDDp/bx0F7ZJ4psVDAmJ1PC2SlHfVPtSZrsVTIf/OlWMsrkLQ+bSf2vJuzUgDagZ/htowIn3io6myiY+Ehq9vDjCd65XV/Hq2sDZoksXMpQU8kQoIF4P2oJqwIDAQABAoGBAJdMauHXIQdjDv6gWoHsTPAQWKj9tC/He2pE6cxqs/HVZqRHR5Ja1gZl7',1,1,'2024-04-15 08:57:20','2024-04-15 08:57:20'),(99,'PP 2024/98',70,'Cooperativa Agro-pecuária Cambambe Ex-Militar Do Seles, R.L','5001352792','PATRIOTA-ALCACIOAS','2024-04-15 00:00:00','2024-04-15 00:00:00',2,1,1,'Hilquias Chitazo',NULL,6545000.00,0.00,0.00,0.00,6545000.00,'MIICXAIBAAKBgQC4dcYScJrnD1xCbBAlSwQN80TYmlMhC1q3fqyL0y2ygQOmtKKYJkDDp/bx0F7ZJ4psVDAmJ1PC2SlHfVPtSZrsVTIf/OlWMsrkLQ+bSf2vJuzUgDagZ/htowIn3io6myiY+Ehq9vDjCd65XV/Hq2sDZoksXMpQU8kQoIF4P2oJqwIDAQABAoGBAJdMauHXIQdjDv6gWoHsTPAQWKj9tC/He2pE6cxqs/HVZqRHR5Ja1gZl7',1,1,'2024-04-15 08:57:22','2024-04-15 08:57:22'),(100,'PP 2024/98',70,'Cooperativa Agro-pecuária Cambambe Ex-Militar Do Seles, R.L','5001352792','PATRIOTA-ALCACIOAS','2024-04-15 00:00:00','2024-04-15 00:00:00',2,1,1,'Hilquias Chitazo',NULL,6545000.00,0.00,0.00,0.00,6545000.00,'MIICXAIBAAKBgQC4dcYScJrnD1xCbBAlSwQN80TYmlMhC1q3fqyL0y2ygQOmtKKYJkDDp/bx0F7ZJ4psVDAmJ1PC2SlHfVPtSZrsVTIf/OlWMsrkLQ+bSf2vJuzUgDagZ/htowIn3io6myiY+Ehq9vDjCd65XV/Hq2sDZoksXMpQU8kQoIF4P2oJqwIDAQABAoGBAJdMauHXIQdjDv6gWoHsTPAQWKj9tC/He2pE6cxqs/HVZqRHR5Ja1gZl7',1,1,'2024-04-15 08:57:22','2024-04-15 08:57:22'),(101,'PP 2024/98',70,'Cooperativa Agro-pecuária Cambambe Ex-Militar Do Seles, R.L','5001352792','PATRIOTA-ALCACIOAS','2024-04-15 00:00:00','2024-04-15 00:00:00',2,1,1,'Hilquias Chitazo',NULL,6545000.00,0.00,0.00,0.00,6545000.00,'MIICXAIBAAKBgQC4dcYScJrnD1xCbBAlSwQN80TYmlMhC1q3fqyL0y2ygQOmtKKYJkDDp/bx0F7ZJ4psVDAmJ1PC2SlHfVPtSZrsVTIf/OlWMsrkLQ+bSf2vJuzUgDagZ/htowIn3io6myiY+Ehq9vDjCd65XV/Hq2sDZoksXMpQU8kQoIF4P2oJqwIDAQABAoGBAJdMauHXIQdjDv6gWoHsTPAQWKj9tC/He2pE6cxqs/HVZqRHR5Ja1gZl7',1,1,'2024-04-15 08:57:23','2024-04-15 08:57:23'),(102,'PP 2024/98',70,'Cooperativa Agro-pecuária Cambambe Ex-Militar Do Seles, R.L','5001352792','PATRIOTA-ALCACIOAS','2024-04-15 00:00:00','2024-04-15 00:00:00',2,1,1,'Hilquias Chitazo',NULL,6545000.00,0.00,0.00,0.00,6545000.00,'MIICXAIBAAKBgQC4dcYScJrnD1xCbBAlSwQN80TYmlMhC1q3fqyL0y2ygQOmtKKYJkDDp/bx0F7ZJ4psVDAmJ1PC2SlHfVPtSZrsVTIf/OlWMsrkLQ+bSf2vJuzUgDagZ/htowIn3io6myiY+Ehq9vDjCd65XV/Hq2sDZoksXMpQU8kQoIF4P2oJqwIDAQABAoGBAJdMauHXIQdjDv6gWoHsTPAQWKj9tC/He2pE6cxqs/HVZqRHR5Ja1gZl7',1,1,'2024-04-15 08:57:23','2024-04-15 08:57:23'),(103,'PP 2024/98',70,'Cooperativa Agro-pecuária Cambambe Ex-Militar Do Seles, R.L','5001352792','PATRIOTA-ALCACIOAS','2024-04-15 00:00:00','2024-04-15 00:00:00',2,1,1,'Hilquias Chitazo',NULL,6545000.00,0.00,0.00,0.00,6545000.00,'MIICXAIBAAKBgQC4dcYScJrnD1xCbBAlSwQN80TYmlMhC1q3fqyL0y2ygQOmtKKYJkDDp/bx0F7ZJ4psVDAmJ1PC2SlHfVPtSZrsVTIf/OlWMsrkLQ+bSf2vJuzUgDagZ/htowIn3io6myiY+Ehq9vDjCd65XV/Hq2sDZoksXMpQU8kQoIF4P2oJqwIDAQABAoGBAJdMauHXIQdjDv6gWoHsTPAQWKj9tC/He2pE6cxqs/HVZqRHR5Ja1gZl7',1,1,'2024-04-15 08:57:23','2024-04-15 08:57:23'),(104,'PP 2024/98',70,'Cooperativa Agro-pecuária Cambambe Ex-Militar Do Seles, R.L','5001352792','PATRIOTA-ALCACIOAS','2024-04-15 00:00:00','2024-04-15 00:00:00',2,1,1,'Hilquias Chitazo',NULL,6545000.00,0.00,0.00,0.00,6545000.00,'MIICXAIBAAKBgQC4dcYScJrnD1xCbBAlSwQN80TYmlMhC1q3fqyL0y2ygQOmtKKYJkDDp/bx0F7ZJ4psVDAmJ1PC2SlHfVPtSZrsVTIf/OlWMsrkLQ+bSf2vJuzUgDagZ/htowIn3io6myiY+Ehq9vDjCd65XV/Hq2sDZoksXMpQU8kQoIF4P2oJqwIDAQABAoGBAJdMauHXIQdjDv6gWoHsTPAQWKj9tC/He2pE6cxqs/HVZqRHR5Ja1gZl7',1,1,'2024-04-15 09:00:14','2024-04-15 09:00:14'),(105,'PP 2024/105',72,'NGUENDALELIE COMERCIO E EDUCAÇÃO','5000098060','Luanda','2024-04-19 00:00:00','2024-04-19 00:00:00',2,1,1,'Hilquias Chitazo',NULL,42000.00,0.00,0.00,0.00,42000.00,'MIICXAIBAAKBgQC4dcYScJrnD1xCbBAlSwQN80TYmlMhC1q3fqyL0y2ygQOmtKKYJkDDp/bx0F7ZJ4psVDAmJ1PC2SlHfVPtSZrsVTIf/OlWMsrkLQ+bSf2vJuzUgDagZ/htowIn3io6myiY+Ehq9vDjCd65XV/Hq2sDZoksXMpQU8kQoIF4P2oJqwIDAQABAoGBAJdMauHXIQdjDv6gWoHsTPAQWKj9tC/He2pE6cxqs/HVZqRHR5Ja1gZl7',1,1,'2024-04-19 15:43:55','2024-04-19 15:43:55'),(106,'PP 2024/106',75,'Vila Chilala','999','Calumbo','2024-05-06 00:00:00','2024-05-06 00:00:00',2,1,1,'Hilquias Chitazo',NULL,300000.00,0.00,0.00,0.00,300000.00,'MIICXAIBAAKBgQC4dcYScJrnD1xCbBAlSwQN80TYmlMhC1q3fqyL0y2ygQOmtKKYJkDDp/bx0F7ZJ4psVDAmJ1PC2SlHfVPtSZrsVTIf/OlWMsrkLQ+bSf2vJuzUgDagZ/htowIn3io6myiY+Ehq9vDjCd65XV/Hq2sDZoksXMpQU8kQoIF4P2oJqwIDAQABAoGBAJdMauHXIQdjDv6gWoHsTPAQWKj9tC/He2pE6cxqs/HVZqRHR5Ja1gZl7',1,0,'2024-05-06 10:40:27','2024-05-06 10:40:39'),(107,'PP 2024/107',76,'Organizações Milfred, Lda','5417033553','Luanda-Maianga','2024-05-07 00:00:00','2024-05-07 00:00:00',2,1,1,'Hilquias Chitazo','O desenvolvimento do website será em 30 dias, com demostração semanal.\n\nA Segunda pretação será 125 000,00 kz\nA Terceira pretação será 100 000,00 kz',100000.00,0.00,0.00,0.00,100000.00,'MIICXAIBAAKBgQC4dcYScJrnD1xCbBAlSwQN80TYmlMhC1q3fqyL0y2ygQOmtKKYJkDDp/bx0F7ZJ4psVDAmJ1PC2SlHfVPtSZrsVTIf/OlWMsrkLQ+bSf2vJuzUgDagZ/htowIn3io6myiY+Ehq9vDjCd65XV/Hq2sDZoksXMpQU8kQoIF4P2oJqwIDAQABAoGBAJdMauHXIQdjDv6gWoHsTPAQWKj9tC/He2pE6cxqs/HVZqRHR5Ja1gZl7',1,1,'2024-05-07 11:51:52','2024-05-07 11:51:52'),(108,'PP 2024/108',77,'ECO-ESTUDA COMIGO - COMÉRCIO E SERVIÇOS, LDA','5001720619','Luanda','2024-05-14 00:00:00','2024-05-14 00:00:00',2,1,1,'Hilquias Chitazo','O mesmo valor pode ser paga em até 3 prestações.',2700000.00,0.00,0.00,0.00,2700000.00,'MIICXAIBAAKBgQC4dcYScJrnD1xCbBAlSwQN80TYmlMhC1q3fqyL0y2ygQOmtKKYJkDDp/bx0F7ZJ4psVDAmJ1PC2SlHfVPtSZrsVTIf/OlWMsrkLQ+bSf2vJuzUgDagZ/htowIn3io6myiY+Ehq9vDjCd65XV/Hq2sDZoksXMpQU8kQoIF4P2oJqwIDAQABAoGBAJdMauHXIQdjDv6gWoHsTPAQWKj9tC/He2pE6cxqs/HVZqRHR5Ja1gZl7',1,1,'2024-05-14 12:43:41','2024-05-14 12:43:41'),(109,'PP 2024/109',79,'Centro Médico Saúde É Vida','5480016628','Urbanização Nova Vida. Rua, 174, Edifício E139.','2024-05-27 00:00:00','2024-05-27 00:00:00',2,1,1,'Hilquias Chitazo',NULL,45000.00,0.00,0.00,0.00,45000.00,'MIICXAIBAAKBgQC4dcYScJrnD1xCbBAlSwQN80TYmlMhC1q3fqyL0y2ygQOmtKKYJkDDp/bx0F7ZJ4psVDAmJ1PC2SlHfVPtSZrsVTIf/OlWMsrkLQ+bSf2vJuzUgDagZ/htowIn3io6myiY+Ehq9vDjCd65XV/Hq2sDZoksXMpQU8kQoIF4P2oJqwIDAQABAoGBAJdMauHXIQdjDv6gWoHsTPAQWKj9tC/He2pE6cxqs/HVZqRHR5Ja1gZl7',1,1,'2024-05-27 11:02:14','2024-05-27 11:02:14'),(110,'PP 2024/110',79,'Centro Médico Saúde É Vida','5480016628','Urbanização Nova Vida. Rua, 174, Edifício E139.','2024-05-27 00:00:00','2024-05-27 00:00:00',2,1,1,'Hilquias Chitazo',NULL,540000.00,0.00,0.00,0.00,540000.00,'MIICXAIBAAKBgQC4dcYScJrnD1xCbBAlSwQN80TYmlMhC1q3fqyL0y2ygQOmtKKYJkDDp/bx0F7ZJ4psVDAmJ1PC2SlHfVPtSZrsVTIf/OlWMsrkLQ+bSf2vJuzUgDagZ/htowIn3io6myiY+Ehq9vDjCd65XV/Hq2sDZoksXMpQU8kQoIF4P2oJqwIDAQABAoGBAJdMauHXIQdjDv6gWoHsTPAQWKj9tC/He2pE6cxqs/HVZqRHR5Ja1gZl7',1,1,'2024-05-27 13:58:19','2024-05-27 13:58:19'),(111,'PP 2024/110',79,'Centro Médico Saúde É Vida','5480016628','Urbanização Nova Vida. Rua, 174, Edifício E139.','2024-05-27 00:00:00','2024-05-27 00:00:00',2,1,1,'Hilquias Chitazo',NULL,540000.00,0.00,0.00,0.00,540000.00,'MIICXAIBAAKBgQC4dcYScJrnD1xCbBAlSwQN80TYmlMhC1q3fqyL0y2ygQOmtKKYJkDDp/bx0F7ZJ4psVDAmJ1PC2SlHfVPtSZrsVTIf/OlWMsrkLQ+bSf2vJuzUgDagZ/htowIn3io6myiY+Ehq9vDjCd65XV/Hq2sDZoksXMpQU8kQoIF4P2oJqwIDAQABAoGBAJdMauHXIQdjDv6gWoHsTPAQWKj9tC/He2pE6cxqs/HVZqRHR5Ja1gZl7',1,1,'2024-05-27 13:58:19','2024-05-27 13:58:19'),(112,'PP 2024/112',81,'P.M Neves  Comérci Geral SU, Lda','5000638579','Av. 1º Congresso do MPLA 7/9 , 2º Andar, Porta C','2024-05-28 00:00:00','2024-05-28 00:00:00',2,1,1,'Hilquias Chitazo',NULL,7106420.72,0.00,994898.90,0.00,8101319.62,'MIICXAIBAAKBgQC4dcYScJrnD1xCbBAlSwQN80TYmlMhC1q3fqyL0y2ygQOmtKKYJkDDp/bx0F7ZJ4psVDAmJ1PC2SlHfVPtSZrsVTIf/OlWMsrkLQ+bSf2vJuzUgDagZ/htowIn3io6myiY+Ehq9vDjCd65XV/Hq2sDZoksXMpQU8kQoIF4P2oJqwIDAQABAoGBAJdMauHXIQdjDv6gWoHsTPAQWKj9tC/He2pE6cxqs/HVZqRHR5Ja1gZl7',1,1,'2024-05-28 11:07:03','2024-05-28 11:07:03'),(113,'PP 2024/113',79,'Centro Médico Saúde É Vida','5480016628','Urbanização Nova Vida. Rua, 174, Edifício E139.','2024-05-28 00:00:00','2024-05-28 00:00:00',2,1,1,'Hilquias Chitazo',NULL,10000.00,0.00,0.00,0.00,10000.00,'MIICXAIBAAKBgQC4dcYScJrnD1xCbBAlSwQN80TYmlMhC1q3fqyL0y2ygQOmtKKYJkDDp/bx0F7ZJ4psVDAmJ1PC2SlHfVPtSZrsVTIf/OlWMsrkLQ+bSf2vJuzUgDagZ/htowIn3io6myiY+Ehq9vDjCd65XV/Hq2sDZoksXMpQU8kQoIF4P2oJqwIDAQABAoGBAJdMauHXIQdjDv6gWoHsTPAQWKj9tC/He2pE6cxqs/HVZqRHR5Ja1gZl7',1,0,'2024-05-28 11:09:06','2024-05-30 14:06:58'),(114,'PP 2024/114',9,'Consultório Natural Fonte De Vida','5000668397','morro bento','2024-05-30 00:00:00','2024-07-30 00:00:00',2,1,1,'Hilquias Chitazo',NULL,48332.00,0.00,0.00,0.00,48332.00,'MIICXAIBAAKBgQC4dcYScJrnD1xCbBAlSwQN80TYmlMhC1q3fqyL0y2ygQOmtKKYJkDDp/bx0F7ZJ4psVDAmJ1PC2SlHfVPtSZrsVTIf/OlWMsrkLQ+bSf2vJuzUgDagZ/htowIn3io6myiY+Ehq9vDjCd65XV/Hq2sDZoksXMpQU8kQoIF4P2oJqwIDAQABAoGBAJdMauHXIQdjDv6gWoHsTPAQWKj9tC/He2pE6cxqs/HVZqRHR5Ja1gZl7',1,0,'2024-05-30 11:36:09','2024-05-30 11:36:23'),(115,'PP 2024/115',85,'Black Bull','5000037141','Via Expressa Benfica, Mercado Abastecedor - Zona Verde','2024-06-26 00:00:00','2024-07-01 00:00:00',2,1,1,'Hilquias Chitazo',NULL,4200000.00,0.00,588000.00,0.00,4788000.00,'MIICXAIBAAKBgQC4dcYScJrnD1xCbBAlSwQN80TYmlMhC1q3fqyL0y2ygQOmtKKYJkDDp/bx0F7ZJ4psVDAmJ1PC2SlHfVPtSZrsVTIf/OlWMsrkLQ+bSf2vJuzUgDagZ/htowIn3io6myiY+Ehq9vDjCd65XV/Hq2sDZoksXMpQU8kQoIF4P2oJqwIDAQABAoGBAJdMauHXIQdjDv6gWoHsTPAQWKj9tC/He2pE6cxqs/HVZqRHR5Ja1gZl7',1,1,'2024-06-26 07:20:33','2024-06-26 07:20:33'),(116,'PP 2024/116',85,'Black Bull','5000037141','Via Expressa Benfica, Mercado Abastecedor - Zona Verde','2024-06-26 00:00:00','2024-07-01 00:00:00',2,1,1,'Hilquias Chitazo',NULL,42400.00,0.00,0.00,0.00,42400.00,'MIICXAIBAAKBgQC4dcYScJrnD1xCbBAlSwQN80TYmlMhC1q3fqyL0y2ygQOmtKKYJkDDp/bx0F7ZJ4psVDAmJ1PC2SlHfVPtSZrsVTIf/OlWMsrkLQ+bSf2vJuzUgDagZ/htowIn3io6myiY+Ehq9vDjCd65XV/Hq2sDZoksXMpQU8kQoIF4P2oJqwIDAQABAoGBAJdMauHXIQdjDv6gWoHsTPAQWKj9tC/He2pE6cxqs/HVZqRHR5Ja1gZl7',1,1,'2024-06-26 07:21:37','2024-06-26 07:21:37'),(117,'PP 2024/116',85,'Black Bull','5000037141','Via Expressa Benfica, Mercado Abastecedor - Zona Verde','2024-06-26 00:00:00','2024-07-01 00:00:00',2,1,1,'Hilquias Chitazo',NULL,593600.00,0.00,0.00,0.00,593600.00,'MIICXAIBAAKBgQC4dcYScJrnD1xCbBAlSwQN80TYmlMhC1q3fqyL0y2ygQOmtKKYJkDDp/bx0F7ZJ4psVDAmJ1PC2SlHfVPtSZrsVTIf/OlWMsrkLQ+bSf2vJuzUgDagZ/htowIn3io6myiY+Ehq9vDjCd65XV/Hq2sDZoksXMpQU8kQoIF4P2oJqwIDAQABAoGBAJdMauHXIQdjDv6gWoHsTPAQWKj9tC/He2pE6cxqs/HVZqRHR5Ja1gZl7',1,1,'2024-06-26 07:22:02','2024-06-26 07:22:02'),(118,'PP 2024/118',85,'Black Bull','5000037141','Via Expressa Benfica, Mercado Abastecedor - Zona Verde','2024-06-26 00:00:00','2024-06-26 00:00:00',2,1,1,'Hilquias Chitazo',NULL,4793600.00,0.00,588000.00,0.00,5381600.00,'MIICXAIBAAKBgQC4dcYScJrnD1xCbBAlSwQN80TYmlMhC1q3fqyL0y2ygQOmtKKYJkDDp/bx0F7ZJ4psVDAmJ1PC2SlHfVPtSZrsVTIf/OlWMsrkLQ+bSf2vJuzUgDagZ/htowIn3io6myiY+Ehq9vDjCd65XV/Hq2sDZoksXMpQU8kQoIF4P2oJqwIDAQABAoGBAJdMauHXIQdjDv6gWoHsTPAQWKj9tC/He2pE6cxqs/HVZqRHR5Ja1gZl7',1,1,'2024-06-26 07:22:58','2024-06-26 07:22:58'),(119,'PP 2024/119',85,'Black Bull','5000037141','Via Expressa Benfica, Mercado Abastecedor - Zona Verde','2024-06-26 00:00:00','2024-07-01 00:00:00',2,1,1,'Hilquias Chitazo',NULL,4242400.00,0.00,588000.00,0.00,4830400.00,'MIICXAIBAAKBgQC4dcYScJrnD1xCbBAlSwQN80TYmlMhC1q3fqyL0y2ygQOmtKKYJkDDp/bx0F7ZJ4psVDAmJ1PC2SlHfVPtSZrsVTIf/OlWMsrkLQ+bSf2vJuzUgDagZ/htowIn3io6myiY+Ehq9vDjCd65XV/Hq2sDZoksXMpQU8kQoIF4P2oJqwIDAQABAoGBAJdMauHXIQdjDv6gWoHsTPAQWKj9tC/He2pE6cxqs/HVZqRHR5Ja1gZl7',1,1,'2024-06-26 07:23:51','2024-06-26 07:23:51'),(120,'PP 2024/120',85,'Black Bull','5000037141','Via Expressa Benfica, Mercado Abastecedor - Zona Verde','2024-06-26 00:00:00','2024-07-01 00:00:00',2,1,1,'Hilquias Chitazo',NULL,4793600.00,0.00,588000.00,0.00,5381600.00,'MIICXAIBAAKBgQC4dcYScJrnD1xCbBAlSwQN80TYmlMhC1q3fqyL0y2ygQOmtKKYJkDDp/bx0F7ZJ4psVDAmJ1PC2SlHfVPtSZrsVTIf/OlWMsrkLQ+bSf2vJuzUgDagZ/htowIn3io6myiY+Ehq9vDjCd65XV/Hq2sDZoksXMpQU8kQoIF4P2oJqwIDAQABAoGBAJdMauHXIQdjDv6gWoHsTPAQWKj9tC/He2pE6cxqs/HVZqRHR5Ja1gZl7',1,1,'2024-06-26 07:41:56','2024-06-26 07:41:56'),(121,'PP 2024/121',85,'Black Bull','5000037141','Via Expressa Benfica, Mercado Abastecedor - Zona Verde','2024-06-26 00:00:00','2024-07-01 00:00:00',2,1,1,'Hilquias Chitazo',NULL,4793600.00,0.00,588000.00,0.00,5381600.00,'MIICXAIBAAKBgQC4dcYScJrnD1xCbBAlSwQN80TYmlMhC1q3fqyL0y2ygQOmtKKYJkDDp/bx0F7ZJ4psVDAmJ1PC2SlHfVPtSZrsVTIf/OlWMsrkLQ+bSf2vJuzUgDagZ/htowIn3io6myiY+Ehq9vDjCd65XV/Hq2sDZoksXMpQU8kQoIF4P2oJqwIDAQABAoGBAJdMauHXIQdjDv6gWoHsTPAQWKj9tC/He2pE6cxqs/HVZqRHR5Ja1gZl7',1,1,'2024-06-26 07:42:39','2024-06-26 07:42:39'),(122,'PP 2024/122',85,'Black Bull','5000037141','Via Expressa Benfica, Mercado Abastecedor - Zona Verde','2024-06-26 00:00:00','2024-07-01 00:00:00',2,1,1,'Hilquias Chitazo',NULL,4793600.00,0.00,588000.00,0.00,5381600.00,'MIICXAIBAAKBgQC4dcYScJrnD1xCbBAlSwQN80TYmlMhC1q3fqyL0y2ygQOmtKKYJkDDp/bx0F7ZJ4psVDAmJ1PC2SlHfVPtSZrsVTIf/OlWMsrkLQ+bSf2vJuzUgDagZ/htowIn3io6myiY+Ehq9vDjCd65XV/Hq2sDZoksXMpQU8kQoIF4P2oJqwIDAQABAoGBAJdMauHXIQdjDv6gWoHsTPAQWKj9tC/He2pE6cxqs/HVZqRHR5Ja1gZl7',1,1,'2024-06-26 07:44:59','2024-06-26 07:44:59'),(123,'PP 2024/123',85,'Black Bull','5000037141','Via Expressa Benfica, Mercado Abastecedor - Zona Verde','2024-06-26 00:00:00','2024-07-01 00:00:00',2,1,1,'Hilquias Chitazo',NULL,5633600.00,0.00,588000.00,0.00,6221600.00,'MIICXAIBAAKBgQC4dcYScJrnD1xCbBAlSwQN80TYmlMhC1q3fqyL0y2ygQOmtKKYJkDDp/bx0F7ZJ4psVDAmJ1PC2SlHfVPtSZrsVTIf/OlWMsrkLQ+bSf2vJuzUgDagZ/htowIn3io6myiY+Ehq9vDjCd65XV/Hq2sDZoksXMpQU8kQoIF4P2oJqwIDAQABAoGBAJdMauHXIQdjDv6gWoHsTPAQWKj9tC/He2pE6cxqs/HVZqRHR5Ja1gZl7',1,1,'2024-06-26 08:24:34','2024-06-26 08:24:34'),(124,'PP 2024/124',85,'Black Bull','5000037141','Via Expressa Benfica, Mercado Abastecedor - Zona Verde','2024-06-26 00:00:00','2024-07-01 00:00:00',2,1,1,'Hilquias Chitazo',NULL,5600000.00,0.00,0.00,0.00,5600000.00,'MIICXAIBAAKBgQC4dcYScJrnD1xCbBAlSwQN80TYmlMhC1q3fqyL0y2ygQOmtKKYJkDDp/bx0F7ZJ4psVDAmJ1PC2SlHfVPtSZrsVTIf/OlWMsrkLQ+bSf2vJuzUgDagZ/htowIn3io6myiY+Ehq9vDjCd65XV/Hq2sDZoksXMpQU8kQoIF4P2oJqwIDAQABAoGBAJdMauHXIQdjDv6gWoHsTPAQWKj9tC/He2pE6cxqs/HVZqRHR5Ja1gZl7',1,1,'2024-06-26 11:01:23','2024-06-26 11:01:23'),(125,'PP 2024/125',86,'AFRIZONA PRESTAÇÃO DE SERVIÇOS','5000421162','MORRO BENTO RUA DOS GENERAIS','2024-06-26 00:00:00','2024-06-26 00:00:00',2,1,1,'Hilquias Chitazo','Refere-se a fornecimento de torniquete e controlo biometrico\nDeve-se observar as referencias tecnicas informadas na proforma, pois, podem não ser passiveis de troca ou não existir outros modelos disponiveis.\nPagamento 100% na adjudicação. Prazo de entrega : O torniquete pode ter um prazo de até 6 semanas',21806440.87,0.00,0.00,0.00,21806440.87,'MIICXAIBAAKBgQC4dcYScJrnD1xCbBAlSwQN80TYmlMhC1q3fqyL0y2ygQOmtKKYJkDDp/bx0F7ZJ4psVDAmJ1PC2SlHfVPtSZrsVTIf/OlWMsrkLQ+bSf2vJuzUgDagZ/htowIn3io6myiY+Ehq9vDjCd65XV/Hq2sDZoksXMpQU8kQoIF4P2oJqwIDAQABAoGBAJdMauHXIQdjDv6gWoHsTPAQWKj9tC/He2pE6cxqs/HVZqRHR5Ja1gZl7',1,1,'2024-06-26 15:45:40','2024-06-26 15:45:40'),(126,'PP 2024/126',85,'Black Bull','5000037141','Via Expressa Benfica, Mercado Abastecedor - Zona Verde','2024-06-26 00:00:00','2024-07-01 00:00:00',2,1,1,'Hilquias Chitazo',NULL,7721600.00,0.00,0.00,0.00,7721600.00,'MIICXAIBAAKBgQC4dcYScJrnD1xCbBAlSwQN80TYmlMhC1q3fqyL0y2ygQOmtKKYJkDDp/bx0F7ZJ4psVDAmJ1PC2SlHfVPtSZrsVTIf/OlWMsrkLQ+bSf2vJuzUgDagZ/htowIn3io6myiY+Ehq9vDjCd65XV/Hq2sDZoksXMpQU8kQoIF4P2oJqwIDAQABAoGBAJdMauHXIQdjDv6gWoHsTPAQWKj9tC/He2pE6cxqs/HVZqRHR5Ja1gZl7',1,1,'2024-06-26 15:50:55','2024-06-26 15:50:55'),(127,'PP 2024/127',85,'Black Bull','5000037141','Via Expressa Benfica, Mercado Abastecedor - Zona Verde','2024-06-27 00:00:00','2024-07-01 00:00:00',1,1,1,'Hilquias Chitazo',NULL,313019.96,0.00,0.00,0.00,313019.96,'MIICXAIBAAKBgQC4dcYScJrnD1xCbBAlSwQN80TYmlMhC1q3fqyL0y2ygQOmtKKYJkDDp/bx0F7ZJ4psVDAmJ1PC2SlHfVPtSZrsVTIf/OlWMsrkLQ+bSf2vJuzUgDagZ/htowIn3io6myiY+Ehq9vDjCd65XV/Hq2sDZoksXMpQU8kQoIF4P2oJqwIDAQABAoGBAJdMauHXIQdjDv6gWoHsTPAQWKj9tC/He2pE6cxqs/HVZqRHR5Ja1gZl7',1,1,'2024-06-27 17:33:53','2024-06-27 17:33:53'),(128,'PP 2024/128',88,'Lookgreen SA','999999999','Luanda','2024-07-08 00:00:00','2024-07-08 00:00:00',2,1,1,'Hilquias Chitazo','Licença Anual-Software de Faturação :  190 000,00 kz( desconto de 6,8%)\nLicença Anual de Software de RH : 460 000, 00 kz( desconto de 4,1%)',57000.00,0.00,0.00,0.00,57000.00,'MIICXAIBAAKBgQC4dcYScJrnD1xCbBAlSwQN80TYmlMhC1q3fqyL0y2ygQOmtKKYJkDDp/bx0F7ZJ4psVDAmJ1PC2SlHfVPtSZrsVTIf/OlWMsrkLQ+bSf2vJuzUgDagZ/htowIn3io6myiY+Ehq9vDjCd65XV/Hq2sDZoksXMpQU8kQoIF4P2oJqwIDAQABAoGBAJdMauHXIQdjDv6gWoHsTPAQWKj9tC/He2pE6cxqs/HVZqRHR5Ja1gZl7',1,1,'2024-07-08 16:22:53','2024-07-08 16:22:53'),(129,'PP 2024/129',88,'Lookgreen SA','999999999','Luanda','2024-07-08 00:00:00','2024-07-08 00:00:00',2,1,1,'Hilquias Chitazo','A partir do segundo ano a licença mensal reduz para 292 787,00 kz.',2791326.00,0.00,0.00,0.00,2791326.00,'MIICXAIBAAKBgQC4dcYScJrnD1xCbBAlSwQN80TYmlMhC1q3fqyL0y2ygQOmtKKYJkDDp/bx0F7ZJ4psVDAmJ1PC2SlHfVPtSZrsVTIf/OlWMsrkLQ+bSf2vJuzUgDagZ/htowIn3io6myiY+Ehq9vDjCd65XV/Hq2sDZoksXMpQU8kQoIF4P2oJqwIDAQABAoGBAJdMauHXIQdjDv6gWoHsTPAQWKj9tC/He2pE6cxqs/HVZqRHR5Ja1gZl7',1,1,'2024-07-08 16:34:33','2024-07-08 16:34:33'),(130,'PP 2024/130',88,'Lookgreen SA','999999999','Luanda','2024-07-08 00:00:00','2024-07-08 00:00:00',2,1,1,'Hilquias Chitazo','A partir do segundo ano a licença Anual do Soft. Primavera reduz para 292 787,00 kz.',2791326.00,0.00,0.00,0.00,2791326.00,'MIICXAIBAAKBgQC4dcYScJrnD1xCbBAlSwQN80TYmlMhC1q3fqyL0y2ygQOmtKKYJkDDp/bx0F7ZJ4psVDAmJ1PC2SlHfVPtSZrsVTIf/OlWMsrkLQ+bSf2vJuzUgDagZ/htowIn3io6myiY+Ehq9vDjCd65XV/Hq2sDZoksXMpQU8kQoIF4P2oJqwIDAQABAoGBAJdMauHXIQdjDv6gWoHsTPAQWKj9tC/He2pE6cxqs/HVZqRHR5Ja1gZl7',1,1,'2024-07-08 16:36:52','2024-07-08 16:36:52'),(131,'PP 2024/131',89,'Alex Nvuama comércio e prestação de serviços','5001322788','Holanda','2024-07-09 00:00:00','2024-07-09 00:00:00',2,1,1,'Hilquias Chitazo',NULL,35000.00,0.00,0.00,0.00,35000.00,'MIICXAIBAAKBgQC4dcYScJrnD1xCbBAlSwQN80TYmlMhC1q3fqyL0y2ygQOmtKKYJkDDp/bx0F7ZJ4psVDAmJ1PC2SlHfVPtSZrsVTIf/OlWMsrkLQ+bSf2vJuzUgDagZ/htowIn3io6myiY+Ehq9vDjCd65XV/Hq2sDZoksXMpQU8kQoIF4P2oJqwIDAQABAoGBAJdMauHXIQdjDv6gWoHsTPAQWKj9tC/He2pE6cxqs/HVZqRHR5Ja1gZl7',1,1,'2024-07-09 11:36:16','2024-07-09 11:36:16'),(132,'PP 2024/132',89,'Alex Nvuama comércio e prestação de serviços','5001322788','Holanda','2024-07-09 00:00:00','2024-07-09 00:00:00',2,1,1,'Hilquias Chitazo',NULL,60000.00,0.00,0.00,0.00,60000.00,'MIICXAIBAAKBgQC4dcYScJrnD1xCbBAlSwQN80TYmlMhC1q3fqyL0y2ygQOmtKKYJkDDp/bx0F7ZJ4psVDAmJ1PC2SlHfVPtSZrsVTIf/OlWMsrkLQ+bSf2vJuzUgDagZ/htowIn3io6myiY+Ehq9vDjCd65XV/Hq2sDZoksXMpQU8kQoIF4P2oJqwIDAQABAoGBAJdMauHXIQdjDv6gWoHsTPAQWKj9tC/He2pE6cxqs/HVZqRHR5Ja1gZl7',1,1,'2024-07-09 11:49:06','2024-07-09 11:49:06'),(133,'PP 2024/133',36,'Clínica Alfavida','5000139777','Viana-ZAngo','2024-07-11 00:00:00','2024-07-11 00:00:00',2,1,1,'Hilquias Chitazo',NULL,45000.00,0.00,0.00,0.00,45000.00,'MIICXAIBAAKBgQC4dcYScJrnD1xCbBAlSwQN80TYmlMhC1q3fqyL0y2ygQOmtKKYJkDDp/bx0F7ZJ4psVDAmJ1PC2SlHfVPtSZrsVTIf/OlWMsrkLQ+bSf2vJuzUgDagZ/htowIn3io6myiY+Ehq9vDjCd65XV/Hq2sDZoksXMpQU8kQoIF4P2oJqwIDAQABAoGBAJdMauHXIQdjDv6gWoHsTPAQWKj9tC/He2pE6cxqs/HVZqRHR5Ja1gZl7',1,1,'2024-07-11 16:33:33','2024-07-11 16:33:33'),(134,'PP 2024/134',36,'Clínica Alfavida','5000139777','Viana-ZAngo','2024-07-11 00:00:00','2024-07-11 00:00:00',2,1,1,'Hilquias Chitazo','Soft Clinico com Faturação.',60000.00,0.00,0.00,0.00,60000.00,'MIICXAIBAAKBgQC4dcYScJrnD1xCbBAlSwQN80TYmlMhC1q3fqyL0y2ygQOmtKKYJkDDp/bx0F7ZJ4psVDAmJ1PC2SlHfVPtSZrsVTIf/OlWMsrkLQ+bSf2vJuzUgDagZ/htowIn3io6myiY+Ehq9vDjCd65XV/Hq2sDZoksXMpQU8kQoIF4P2oJqwIDAQABAoGBAJdMauHXIQdjDv6gWoHsTPAQWKj9tC/He2pE6cxqs/HVZqRHR5Ja1gZl7',1,1,'2024-07-11 16:35:07','2024-07-11 16:35:07'),(135,'PP 2024/135',92,'ERIC SOUSA PROJECTOS E FISCALIZAÇÃO LDA','5000249459','Morro Bento, Igreja Universal, Junto ao nosso Centro','2024-07-17 00:00:00','2024-07-17 00:00:00',2,1,1,'Hilquias Chitazo',NULL,15000.00,0.00,0.00,0.00,15000.00,'MIICXAIBAAKBgQC4dcYScJrnD1xCbBAlSwQN80TYmlMhC1q3fqyL0y2ygQOmtKKYJkDDp/bx0F7ZJ4psVDAmJ1PC2SlHfVPtSZrsVTIf/OlWMsrkLQ+bSf2vJuzUgDagZ/htowIn3io6myiY+Ehq9vDjCd65XV/Hq2sDZoksXMpQU8kQoIF4P2oJqwIDAQABAoGBAJdMauHXIQdjDv6gWoHsTPAQWKj9tC/He2pE6cxqs/HVZqRHR5Ja1gZl7',1,0,'2024-07-17 14:23:42','2024-07-26 15:26:10'),(136,'PP 2024/136',23,'CLÍNICA ROSYMED','9999999999','Luanda','2024-07-19 00:00:00','2024-07-19 00:00:00',2,1,1,'Hilquias Chitazo',NULL,45000.00,0.00,0.00,0.00,45000.00,'MIICXAIBAAKBgQC4dcYScJrnD1xCbBAlSwQN80TYmlMhC1q3fqyL0y2ygQOmtKKYJkDDp/bx0F7ZJ4psVDAmJ1PC2SlHfVPtSZrsVTIf/OlWMsrkLQ+bSf2vJuzUgDagZ/htowIn3io6myiY+Ehq9vDjCd65XV/Hq2sDZoksXMpQU8kQoIF4P2oJqwIDAQABAoGBAJdMauHXIQdjDv6gWoHsTPAQWKj9tC/He2pE6cxqs/HVZqRHR5Ja1gZl7',1,1,'2024-07-19 09:29:42','2024-07-19 09:29:42'),(137,'PP 2024/137',23,'CLÍNICA ROSYMED','5417029815','Luanda','2024-07-19 00:00:00','2024-07-19 00:00:00',2,1,1,'Hilquias Chitazo','-Este pacote contém 5 utilizadores.\n-Para cada um utilizador a mais acrescenta-se 15% na licença trimestral.\n-Para funcionalidade que a Clínica Rosymed queira acrescer no sistema terá seu custo.',135000.00,0.00,0.00,0.00,135000.00,'MIICXAIBAAKBgQC4dcYScJrnD1xCbBAlSwQN80TYmlMhC1q3fqyL0y2ygQOmtKKYJkDDp/bx0F7ZJ4psVDAmJ1PC2SlHfVPtSZrsVTIf/OlWMsrkLQ+bSf2vJuzUgDagZ/htowIn3io6myiY+Ehq9vDjCd65XV/Hq2sDZoksXMpQU8kQoIF4P2oJqwIDAQABAoGBAJdMauHXIQdjDv6gWoHsTPAQWKj9tC/He2pE6cxqs/HVZqRHR5Ja1gZl7',1,1,'2024-07-19 09:53:58','2024-07-19 09:53:58'),(138,'PP 2024/138',23,'CLÍNICA ROSYMED','5417029815','Luanda','2024-07-19 00:00:00','2024-07-19 00:00:00',2,1,1,'Hilquias Chitazo','Para a integração do Primavera com o nosso sistema Clinico-Hospitalar são 40hs. Cada hora 110 250,00 kz.',4410000.00,0.00,0.00,0.00,4410000.00,'MIICXAIBAAKBgQC4dcYScJrnD1xCbBAlSwQN80TYmlMhC1q3fqyL0y2ygQOmtKKYJkDDp/bx0F7ZJ4psVDAmJ1PC2SlHfVPtSZrsVTIf/OlWMsrkLQ+bSf2vJuzUgDagZ/htowIn3io6myiY+Ehq9vDjCd65XV/Hq2sDZoksXMpQU8kQoIF4P2oJqwIDAQABAoGBAJdMauHXIQdjDv6gWoHsTPAQWKj9tC/He2pE6cxqs/HVZqRHR5Ja1gZl7',1,1,'2024-07-19 09:55:42','2024-07-19 09:55:42'),(139,'PP 2024/139',93,'Organizações Manuel Kassule Lda','5417251194','Luanda','2024-07-23 00:00:00','2024-07-23 00:00:00',2,1,1,'Hilquias Chitazo',NULL,17000.00,0.00,0.00,0.00,17000.00,'MIICXAIBAAKBgQC4dcYScJrnD1xCbBAlSwQN80TYmlMhC1q3fqyL0y2ygQOmtKKYJkDDp/bx0F7ZJ4psVDAmJ1PC2SlHfVPtSZrsVTIf/OlWMsrkLQ+bSf2vJuzUgDagZ/htowIn3io6myiY+Ehq9vDjCd65XV/Hq2sDZoksXMpQU8kQoIF4P2oJqwIDAQABAoGBAJdMauHXIQdjDv6gWoHsTPAQWKj9tC/He2pE6cxqs/HVZqRHR5Ja1gZl7',1,1,'2024-07-23 10:37:27','2024-07-23 10:37:27'),(140,'PP 2024/140',94,'Rádio Prenda','5480022776','Luanda','2024-07-23 00:00:00','2024-07-23 00:00:00',2,1,1,'Hilquias Chitazo',NULL,51000.00,0.00,0.00,0.00,51000.00,'MIICXAIBAAKBgQC4dcYScJrnD1xCbBAlSwQN80TYmlMhC1q3fqyL0y2ygQOmtKKYJkDDp/bx0F7ZJ4psVDAmJ1PC2SlHfVPtSZrsVTIf/OlWMsrkLQ+bSf2vJuzUgDagZ/htowIn3io6myiY+Ehq9vDjCd65XV/Hq2sDZoksXMpQU8kQoIF4P2oJqwIDAQABAoGBAJdMauHXIQdjDv6gWoHsTPAQWKj9tC/He2pE6cxqs/HVZqRHR5Ja1gZl7',1,1,'2024-07-23 11:12:27','2024-07-23 11:12:27'),(141,'PP 2024/141',94,'Rádio Prenda','5480022776','Luanda','2024-07-23 00:00:00','2024-07-23 00:00:00',2,1,1,'Hilquias Chitazo',NULL,40000.00,0.00,0.00,0.00,40000.00,'MIICXAIBAAKBgQC4dcYScJrnD1xCbBAlSwQN80TYmlMhC1q3fqyL0y2ygQOmtKKYJkDDp/bx0F7ZJ4psVDAmJ1PC2SlHfVPtSZrsVTIf/OlWMsrkLQ+bSf2vJuzUgDagZ/htowIn3io6myiY+Ehq9vDjCd65XV/Hq2sDZoksXMpQU8kQoIF4P2oJqwIDAQABAoGBAJdMauHXIQdjDv6gWoHsTPAQWKj9tC/He2pE6cxqs/HVZqRHR5Ja1gZl7',1,1,'2024-07-23 11:15:25','2024-07-23 11:15:25'),(142,'PP 2024/142',95,'Terazone- prestação de serviços, LDa','5000023345','Rotunda do camama, sentido Projecto Nova Vida','2024-07-24 00:00:00','2024-07-24 00:00:00',2,1,1,'Hilquias Chitazo',NULL,17000.00,0.00,0.00,0.00,17000.00,'MIICXAIBAAKBgQC4dcYScJrnD1xCbBAlSwQN80TYmlMhC1q3fqyL0y2ygQOmtKKYJkDDp/bx0F7ZJ4psVDAmJ1PC2SlHfVPtSZrsVTIf/OlWMsrkLQ+bSf2vJuzUgDagZ/htowIn3io6myiY+Ehq9vDjCd65XV/Hq2sDZoksXMpQU8kQoIF4P2oJqwIDAQABAoGBAJdMauHXIQdjDv6gWoHsTPAQWKj9tC/He2pE6cxqs/HVZqRHR5Ja1gZl7',1,1,'2024-07-24 07:47:33','2024-07-24 07:47:33'),(143,'PP 2024/143',97,'Centro Hospitalar Alice Piedade','5000507091','Benfica-Dona Xepa','2024-08-07 00:00:00','2024-08-07 00:00:00',2,1,1,'Hilquias Chitazo','Nesta campanha o cliente não paga a instalação e a formação.\nEsta é a licença mensal. o pagamento é trimestral.',39000.00,0.00,0.00,0.00,39000.00,'MIICXAIBAAKBgQC4dcYScJrnD1xCbBAlSwQN80TYmlMhC1q3fqyL0y2ygQOmtKKYJkDDp/bx0F7ZJ4psVDAmJ1PC2SlHfVPtSZrsVTIf/OlWMsrkLQ+bSf2vJuzUgDagZ/htowIn3io6myiY+Ehq9vDjCd65XV/Hq2sDZoksXMpQU8kQoIF4P2oJqwIDAQABAoGBAJdMauHXIQdjDv6gWoHsTPAQWKj9tC/He2pE6cxqs/HVZqRHR5Ja1gZl7',1,1,'2024-08-07 11:31:20','2024-08-07 11:31:20'),(144,'PP 2024/144',97,'Centro Hospitalar Alice Piedade','5000507091','Benfica-Dona Xepa','2024-08-07 00:00:00','2024-08-07 00:00:00',2,1,1,'Hilquias Chitazo','Nesta campanha o cliente não paga a instalação e a formação.\nEste pacote contém a parte clínica, a faturação e relatórios.\nEsta é a licença mensal. O pagamento é trimestral.',49000.00,0.00,0.00,0.00,49000.00,'MIICXAIBAAKBgQC4dcYScJrnD1xCbBAlSwQN80TYmlMhC1q3fqyL0y2ygQOmtKKYJkDDp/bx0F7ZJ4psVDAmJ1PC2SlHfVPtSZrsVTIf/OlWMsrkLQ+bSf2vJuzUgDagZ/htowIn3io6myiY+Ehq9vDjCd65XV/Hq2sDZoksXMpQU8kQoIF4P2oJqwIDAQABAoGBAJdMauHXIQdjDv6gWoHsTPAQWKj9tC/He2pE6cxqs/HVZqRHR5Ja1gZl7',1,1,'2024-08-07 11:32:54','2024-08-07 11:32:54'),(145,'PP 2024/145',98,'EXECUTIVOS,LDA','5001593749','Kilamba','2024-08-08 00:00:00','2024-08-08 00:00:00',2,1,1,'Angelina de Sousa',NULL,30000.00,0.00,0.00,0.00,30000.00,'MIICXAIBAAKBgQC4dcYScJrnD1xCbBAlSwQN80TYmlMhC1q3fqyL0y2ygQOmtKKYJkDDp/bx0F7ZJ4psVDAmJ1PC2SlHfVPtSZrsVTIf/OlWMsrkLQ+bSf2vJuzUgDagZ/htowIn3io6myiY+Ehq9vDjCd65XV/Hq2sDZoksXMpQU8kQoIF4P2oJqwIDAQABAoGBAJdMauHXIQdjDv6gWoHsTPAQWKj9tC/He2pE6cxqs/HVZqRHR5Ja1gZl7',1,1,'2024-08-08 09:53:19','2024-08-08 09:53:19'),(146,'PP 2024/146',102,'AGRIUM CORPORATION, LDA','5417357804','Belas','2024-08-13 00:00:00','2024-08-13 00:00:00',2,1,1,'Angelina de Sousa','Pode ser paga simestral(175 000,00)  ou trimestralmente (87 500,00) .',350000.00,0.00,0.00,0.00,350000.00,'MIICXAIBAAKBgQC4dcYScJrnD1xCbBAlSwQN80TYmlMhC1q3fqyL0y2ygQOmtKKYJkDDp/bx0F7ZJ4psVDAmJ1PC2SlHfVPtSZrsVTIf/OlWMsrkLQ+bSf2vJuzUgDagZ/htowIn3io6myiY+Ehq9vDjCd65XV/Hq2sDZoksXMpQU8kQoIF4P2oJqwIDAQABAoGBAJdMauHXIQdjDv6gWoHsTPAQWKj9tC/He2pE6cxqs/HVZqRHR5Ja1gZl7',1,1,'2024-08-13 09:27:54','2024-08-13 09:27:54'),(147,'PP 2024/147',102,'AGRIUM CORPORATION, LDA','5417357804','Belas','2024-08-13 00:00:00','2024-08-13 00:00:00',2,1,1,'Angelina de Sousa',NULL,150000.00,0.00,0.00,0.00,150000.00,'MIICXAIBAAKBgQC4dcYScJrnD1xCbBAlSwQN80TYmlMhC1q3fqyL0y2ygQOmtKKYJkDDp/bx0F7ZJ4psVDAmJ1PC2SlHfVPtSZrsVTIf/OlWMsrkLQ+bSf2vJuzUgDagZ/htowIn3io6myiY+Ehq9vDjCd65XV/Hq2sDZoksXMpQU8kQoIF4P2oJqwIDAQABAoGBAJdMauHXIQdjDv6gWoHsTPAQWKj9tC/He2pE6cxqs/HVZqRHR5Ja1gZl7',1,1,'2024-08-13 09:28:35','2024-08-13 09:28:35'),(148,'PP 2024/148',102,'AGRIUM CORPORATION, LDA','5417357804','Belas','2024-08-13 00:00:00','2024-08-13 00:00:00',2,1,1,'Angelina de Sousa','Fez-se desconto de 5 mil kz.',85000.00,0.00,0.00,0.00,85000.00,'MIICXAIBAAKBgQC4dcYScJrnD1xCbBAlSwQN80TYmlMhC1q3fqyL0y2ygQOmtKKYJkDDp/bx0F7ZJ4psVDAmJ1PC2SlHfVPtSZrsVTIf/OlWMsrkLQ+bSf2vJuzUgDagZ/htowIn3io6myiY+Ehq9vDjCd65XV/Hq2sDZoksXMpQU8kQoIF4P2oJqwIDAQABAoGBAJdMauHXIQdjDv6gWoHsTPAQWKj9tC/He2pE6cxqs/HVZqRHR5Ja1gZl7',1,1,'2024-08-13 09:29:25','2024-08-13 09:29:25'),(149,'PP 2024/149',103,'B.Perdigão Comercial LDA','5000221090','Bié','2024-08-14 00:00:00','2024-08-14 00:00:00',2,1,1,'Angelina de Sousa',NULL,10000.00,0.00,0.00,0.00,10000.00,'MIICXAIBAAKBgQC4dcYScJrnD1xCbBAlSwQN80TYmlMhC1q3fqyL0y2ygQOmtKKYJkDDp/bx0F7ZJ4psVDAmJ1PC2SlHfVPtSZrsVTIf/OlWMsrkLQ+bSf2vJuzUgDagZ/htowIn3io6myiY+Ehq9vDjCd65XV/Hq2sDZoksXMpQU8kQoIF4P2oJqwIDAQABAoGBAJdMauHXIQdjDv6gWoHsTPAQWKj9tC/He2pE6cxqs/HVZqRHR5Ja1gZl7',1,1,'2024-08-14 07:48:51','2024-08-14 07:48:51'),(150,'PP 2024/150',99,'SCHELLMAN COMERCIO E PRESTAÇÃO DE SERVIÇOS, LDA','5001458035','BAIRRO INGOMBOTA INGOMBOTA - LUANDA / AO','2024-08-16 00:00:00','2024-08-16 00:00:00',2,1,1,'Angelina de Sousa',NULL,22396344.87,0.00,0.00,0.00,22396344.87,'MIICXAIBAAKBgQC4dcYScJrnD1xCbBAlSwQN80TYmlMhC1q3fqyL0y2ygQOmtKKYJkDDp/bx0F7ZJ4psVDAmJ1PC2SlHfVPtSZrsVTIf/OlWMsrkLQ+bSf2vJuzUgDagZ/htowIn3io6myiY+Ehq9vDjCd65XV/Hq2sDZoksXMpQU8kQoIF4P2oJqwIDAQABAoGBAJdMauHXIQdjDv6gWoHsTPAQWKj9tC/He2pE6cxqs/HVZqRHR5Ja1gZl7',1,0,'2024-08-16 11:59:08','2024-08-21 14:37:39'),(151,'PP 2024/151',106,'SUSHI SUKI- Prestação de serviço e comércio Geral, LDA','5000735116','Luanda','2024-08-19 00:00:00','2024-08-22 00:00:00',2,1,1,'Angelina de Sousa',NULL,10000.00,0.00,0.00,0.00,10000.00,'MIICXAIBAAKBgQC4dcYScJrnD1xCbBAlSwQN80TYmlMhC1q3fqyL0y2ygQOmtKKYJkDDp/bx0F7ZJ4psVDAmJ1PC2SlHfVPtSZrsVTIf/OlWMsrkLQ+bSf2vJuzUgDagZ/htowIn3io6myiY+Ehq9vDjCd65XV/Hq2sDZoksXMpQU8kQoIF4P2oJqwIDAQABAoGBAJdMauHXIQdjDv6gWoHsTPAQWKj9tC/He2pE6cxqs/HVZqRHR5Ja1gZl7',1,1,'2024-08-19 12:37:37','2024-08-19 12:37:37'),(152,'PP 2024/152',106,'SUSHI SUKI- Prestação de serviço e comércio Geral, LDA','5000735116','Luanda','2024-08-21 00:00:00','2024-08-21 00:00:00',2,1,1,'Angelina de Sousa',NULL,6773032.61,0.00,0.00,0.00,6773032.61,'MIICXAIBAAKBgQC4dcYScJrnD1xCbBAlSwQN80TYmlMhC1q3fqyL0y2ygQOmtKKYJkDDp/bx0F7ZJ4psVDAmJ1PC2SlHfVPtSZrsVTIf/OlWMsrkLQ+bSf2vJuzUgDagZ/htowIn3io6myiY+Ehq9vDjCd65XV/Hq2sDZoksXMpQU8kQoIF4P2oJqwIDAQABAoGBAJdMauHXIQdjDv6gWoHsTPAQWKj9tC/He2pE6cxqs/HVZqRHR5Ja1gZl7',1,1,'2024-08-21 09:52:49','2024-08-21 09:52:49'),(153,'PP 2024/153',99,'SCHELLMAN COMERCIO E PRESTAÇÃO DE SERVIÇOS, LDA','5001458035','BAIRRO INGOMBOTA INGOMBOTA - LUANDA / AO','2024-08-21 00:00:00','2024-08-21 00:00:00',2,1,1,'Angelina de Sousa',NULL,6773032.61,0.00,0.00,0.00,6773032.61,'MIICXAIBAAKBgQC4dcYScJrnD1xCbBAlSwQN80TYmlMhC1q3fqyL0y2ygQOmtKKYJkDDp/bx0F7ZJ4psVDAmJ1PC2SlHfVPtSZrsVTIf/OlWMsrkLQ+bSf2vJuzUgDagZ/htowIn3io6myiY+Ehq9vDjCd65XV/Hq2sDZoksXMpQU8kQoIF4P2oJqwIDAQABAoGBAJdMauHXIQdjDv6gWoHsTPAQWKj9tC/He2pE6cxqs/HVZqRHR5Ja1gZl7',1,1,'2024-08-21 11:15:50','2024-08-21 11:15:50'),(154,'PP 2024/154',109,'Mariscos & Pescado','004963124LA045','Luanda','2024-08-21 00:00:00','2024-08-21 00:00:00',2,1,1,'Angelina de Sousa',NULL,30000.00,0.00,0.00,0.00,30000.00,'MIICXAIBAAKBgQC4dcYScJrnD1xCbBAlSwQN80TYmlMhC1q3fqyL0y2ygQOmtKKYJkDDp/bx0F7ZJ4psVDAmJ1PC2SlHfVPtSZrsVTIf/OlWMsrkLQ+bSf2vJuzUgDagZ/htowIn3io6myiY+Ehq9vDjCd65XV/Hq2sDZoksXMpQU8kQoIF4P2oJqwIDAQABAoGBAJdMauHXIQdjDv6gWoHsTPAQWKj9tC/He2pE6cxqs/HVZqRHR5Ja1gZl7',1,0,'2024-08-21 15:35:29','2024-08-22 11:01:18'),(155,'PP 2024/155',106,'SUSHI SUKI- Prestação de serviço e comércio Geral, LDA','5000735116','Luanda','2024-08-22 00:00:00','2024-08-22 00:00:00',1,1,1,'Angelina de Sousa',NULL,30000.00,0.00,0.00,0.00,30000.00,'MIICXAIBAAKBgQC4dcYScJrnD1xCbBAlSwQN80TYmlMhC1q3fqyL0y2ygQOmtKKYJkDDp/bx0F7ZJ4psVDAmJ1PC2SlHfVPtSZrsVTIf/OlWMsrkLQ+bSf2vJuzUgDagZ/htowIn3io6myiY+Ehq9vDjCd65XV/Hq2sDZoksXMpQU8kQoIF4P2oJqwIDAQABAoGBAJdMauHXIQdjDv6gWoHsTPAQWKj9tC/He2pE6cxqs/HVZqRHR5Ja1gZl7',1,1,'2024-08-22 10:56:55','2024-08-22 10:56:55'),(156,'PP 2024/156',111,'Diniz Oficinas Multimarcas, Lda','5000570265','Luanda','2024-08-23 00:00:00','2024-08-23 00:00:00',2,1,1,'Angelina de Sousa',NULL,120000.00,0.00,0.00,0.00,120000.00,'MIICXAIBAAKBgQC4dcYScJrnD1xCbBAlSwQN80TYmlMhC1q3fqyL0y2ygQOmtKKYJkDDp/bx0F7ZJ4psVDAmJ1PC2SlHfVPtSZrsVTIf/OlWMsrkLQ+bSf2vJuzUgDagZ/htowIn3io6myiY+Ehq9vDjCd65XV/Hq2sDZoksXMpQU8kQoIF4P2oJqwIDAQABAoGBAJdMauHXIQdjDv6gWoHsTPAQWKj9tC/He2pE6cxqs/HVZqRHR5Ja1gZl7',1,1,'2024-08-23 08:56:47','2024-08-23 08:56:47'),(157,'PP 2024/157',1,'Consumidor Final','Consumidor Final','Talatona-Bomba dos Mirantes, Edificio da Suave-2º andar','2024-09-02 00:00:00','2024-09-02 00:00:00',2,1,1,'Angelina de Sousa',NULL,2150000.00,0.00,0.00,0.00,2150000.00,'MIICXAIBAAKBgQC4dcYScJrnD1xCbBAlSwQN80TYmlMhC1q3fqyL0y2ygQOmtKKYJkDDp/bx0F7ZJ4psVDAmJ1PC2SlHfVPtSZrsVTIf/OlWMsrkLQ+bSf2vJuzUgDagZ/htowIn3io6myiY+Ehq9vDjCd65XV/Hq2sDZoksXMpQU8kQoIF4P2oJqwIDAQABAoGBAJdMauHXIQdjDv6gWoHsTPAQWKj9tC/He2pE6cxqs/HVZqRHR5Ja1gZl7',1,1,'2024-09-02 12:19:01','2024-09-02 12:19:01'),(158,'PP 2024/158',113,'Complexo escolar privado wayanda','00249438HA031','Luanda','2024-09-03 00:00:00','2024-09-03 00:00:00',2,1,1,'Angelina de Sousa',NULL,168000.00,0.00,0.00,0.00,168000.00,'MIICXAIBAAKBgQC4dcYScJrnD1xCbBAlSwQN80TYmlMhC1q3fqyL0y2ygQOmtKKYJkDDp/bx0F7ZJ4psVDAmJ1PC2SlHfVPtSZrsVTIf/OlWMsrkLQ+bSf2vJuzUgDagZ/htowIn3io6myiY+Ehq9vDjCd65XV/Hq2sDZoksXMpQU8kQoIF4P2oJqwIDAQABAoGBAJdMauHXIQdjDv6gWoHsTPAQWKj9tC/He2pE6cxqs/HVZqRHR5Ja1gZl7',1,1,'2024-09-03 07:11:53','2024-09-03 07:11:53'),(159,'PP 2024/159',7,'Organozaçôes Biluca E Filhos','5402160023','avó kumbi','2024-09-05 00:00:00','2024-09-05 00:00:00',2,1,1,'Angelina de Sousa',NULL,10000.00,0.00,0.00,0.00,10000.00,'MIICXAIBAAKBgQC4dcYScJrnD1xCbBAlSwQN80TYmlMhC1q3fqyL0y2ygQOmtKKYJkDDp/bx0F7ZJ4psVDAmJ1PC2SlHfVPtSZrsVTIf/OlWMsrkLQ+bSf2vJuzUgDagZ/htowIn3io6myiY+Ehq9vDjCd65XV/Hq2sDZoksXMpQU8kQoIF4P2oJqwIDAQABAoGBAJdMauHXIQdjDv6gWoHsTPAQWKj9tC/He2pE6cxqs/HVZqRHR5Ja1gZl7',1,1,'2024-09-05 07:45:32','2024-09-05 07:45:32'),(160,'PP 2024/160',116,'QG KONSTRUKTION, GMBH-SUCURSALL ANGOLA','5417683477','Bela Business Park-Edf. Bengo-Sala 314','2024-09-06 00:00:00','2024-09-10 00:00:00',2,1,1,'Angelina de Sousa',NULL,2300000.00,0.00,0.00,0.00,2300000.00,'MIICXAIBAAKBgQC4dcYScJrnD1xCbBAlSwQN80TYmlMhC1q3fqyL0y2ygQOmtKKYJkDDp/bx0F7ZJ4psVDAmJ1PC2SlHfVPtSZrsVTIf/OlWMsrkLQ+bSf2vJuzUgDagZ/htowIn3io6myiY+Ehq9vDjCd65XV/Hq2sDZoksXMpQU8kQoIF4P2oJqwIDAQABAoGBAJdMauHXIQdjDv6gWoHsTPAQWKj9tC/He2pE6cxqs/HVZqRHR5Ja1gZl7',1,1,'2024-09-06 07:49:59','2024-09-06 07:49:59'),(161,'PP 2024/161',117,'Vanilson Marcelino','999999999','Luanda','2024-09-06 00:00:00','2024-09-06 00:00:00',2,1,1,'Angelina de Sousa','Para cada módulo formação tem duraçã de 7 dias úteis.\nO custo da deslocação e estadia só se aplica se aforma ção for no local do cliente.\nRequisitos: Computador com o módulo que quer fazer formação , bloco de notas, caneta, noções básicas de contabilidade.',260000.00,0.00,0.00,0.00,260000.00,'MIICXAIBAAKBgQC4dcYScJrnD1xCbBAlSwQN80TYmlMhC1q3fqyL0y2ygQOmtKKYJkDDp/bx0F7ZJ4psVDAmJ1PC2SlHfVPtSZrsVTIf/OlWMsrkLQ+bSf2vJuzUgDagZ/htowIn3io6myiY+Ehq9vDjCd65XV/Hq2sDZoksXMpQU8kQoIF4P2oJqwIDAQABAoGBAJdMauHXIQdjDv6gWoHsTPAQWKj9tC/He2pE6cxqs/HVZqRHR5Ja1gZl7',1,1,'2024-09-06 13:32:54','2024-09-06 13:32:54'),(162,'PP 2024/162',118,'Resilience 360','5000820520','Luanda','2024-09-13 00:00:00','2024-09-13 00:00:00',2,1,1,'Angelina de Sousa',NULL,40000.00,0.00,0.00,0.00,40000.00,'MIICXAIBAAKBgQC4dcYScJrnD1xCbBAlSwQN80TYmlMhC1q3fqyL0y2ygQOmtKKYJkDDp/bx0F7ZJ4psVDAmJ1PC2SlHfVPtSZrsVTIf/OlWMsrkLQ+bSf2vJuzUgDagZ/htowIn3io6myiY+Ehq9vDjCd65XV/Hq2sDZoksXMpQU8kQoIF4P2oJqwIDAQABAoGBAJdMauHXIQdjDv6gWoHsTPAQWKj9tC/He2pE6cxqs/HVZqRHR5Ja1gZl7',1,1,'2024-09-13 08:44:51','2024-09-13 08:44:51'),(163,'PP 2024/163',119,'C.PROVIDER-COMERCIO GERAL,LDA','5000652415','Luanda','2024-09-13 00:00:00','2024-09-13 00:00:00',2,1,1,'Angelina de Sousa',NULL,40000.00,0.00,0.00,0.00,40000.00,'MIICXAIBAAKBgQC4dcYScJrnD1xCbBAlSwQN80TYmlMhC1q3fqyL0y2ygQOmtKKYJkDDp/bx0F7ZJ4psVDAmJ1PC2SlHfVPtSZrsVTIf/OlWMsrkLQ+bSf2vJuzUgDagZ/htowIn3io6myiY+Ehq9vDjCd65XV/Hq2sDZoksXMpQU8kQoIF4P2oJqwIDAQABAoGBAJdMauHXIQdjDv6gWoHsTPAQWKj9tC/He2pE6cxqs/HVZqRHR5Ja1gZl7',1,1,'2024-09-13 13:05:34','2024-09-13 13:05:34'),(164,'PP 2024/164',1,'Consumidor Final','Consumidor Final','Talatona-Bomba dos Mirantes, Edificio da Suave-2º andar','2024-09-25 00:00:00','2024-09-25 00:00:00',2,1,1,'Angelina de Sousa',NULL,30000.00,0.00,0.00,0.00,30000.00,'MIICXAIBAAKBgQC4dcYScJrnD1xCbBAlSwQN80TYmlMhC1q3fqyL0y2ygQOmtKKYJkDDp/bx0F7ZJ4psVDAmJ1PC2SlHfVPtSZrsVTIf/OlWMsrkLQ+bSf2vJuzUgDagZ/htowIn3io6myiY+Ehq9vDjCd65XV/Hq2sDZoksXMpQU8kQoIF4P2oJqwIDAQABAoGBAJdMauHXIQdjDv6gWoHsTPAQWKj9tC/He2pE6cxqs/HVZqRHR5Ja1gZl7',1,1,'2024-09-25 13:35:22','2024-09-25 13:35:22'),(165,'PP 2024/165',122,'Kessenge e Irmãos, Lda','5000807990','Luanda-Angola','2024-10-07 00:00:00','2024-10-07 00:00:00',2,1,1,'Angelina de Sousa',NULL,28000.00,0.00,0.00,0.00,28000.00,'MIICXAIBAAKBgQC4dcYScJrnD1xCbBAlSwQN80TYmlMhC1q3fqyL0y2ygQOmtKKYJkDDp/bx0F7ZJ4psVDAmJ1PC2SlHfVPtSZrsVTIf/OlWMsrkLQ+bSf2vJuzUgDagZ/htowIn3io6myiY+Ehq9vDjCd65XV/Hq2sDZoksXMpQU8kQoIF4P2oJqwIDAQABAoGBAJdMauHXIQdjDv6gWoHsTPAQWKj9tC/He2pE6cxqs/HVZqRHR5Ja1gZl7',1,1,'2024-10-07 16:52:53','2024-10-07 16:52:53'),(166,'PP 2024/166',122,'Kessenge e Irmãos, Lda','5000807990','Luanda-Angola','2024-10-07 00:00:00','2024-10-07 00:00:00',1,1,1,'Angelina de Sousa',NULL,84000.00,0.00,0.00,0.00,84000.00,'MIICXAIBAAKBgQC4dcYScJrnD1xCbBAlSwQN80TYmlMhC1q3fqyL0y2ygQOmtKKYJkDDp/bx0F7ZJ4psVDAmJ1PC2SlHfVPtSZrsVTIf/OlWMsrkLQ+bSf2vJuzUgDagZ/htowIn3io6myiY+Ehq9vDjCd65XV/Hq2sDZoksXMpQU8kQoIF4P2oJqwIDAQABAoGBAJdMauHXIQdjDv6gWoHsTPAQWKj9tC/He2pE6cxqs/HVZqRHR5Ja1gZl7',1,1,'2024-10-07 16:56:10','2024-10-07 16:56:10'),(167,'PP 2024/167',122,'Kessenge e Irmãos, Lda','5000807990','Luanda-Angola','2024-10-07 00:00:00','2024-10-07 00:00:00',1,1,1,'Angelina de Sousa',NULL,168000.00,0.00,0.00,0.00,168000.00,'MIICXAIBAAKBgQC4dcYScJrnD1xCbBAlSwQN80TYmlMhC1q3fqyL0y2ygQOmtKKYJkDDp/bx0F7ZJ4psVDAmJ1PC2SlHfVPtSZrsVTIf/OlWMsrkLQ+bSf2vJuzUgDagZ/htowIn3io6myiY+Ehq9vDjCd65XV/Hq2sDZoksXMpQU8kQoIF4P2oJqwIDAQABAoGBAJdMauHXIQdjDv6gWoHsTPAQWKj9tC/He2pE6cxqs/HVZqRHR5Ja1gZl7',1,1,'2024-10-07 16:58:28','2024-10-07 16:58:28'),(168,'PP 2024/168',123,'Ponto Star','5000537314','Luanda','2024-10-08 00:00:00','2024-10-08 00:00:00',2,1,1,'Angelina de Sousa',NULL,30000.00,0.00,0.00,0.00,30000.00,'MIICXAIBAAKBgQC4dcYScJrnD1xCbBAlSwQN80TYmlMhC1q3fqyL0y2ygQOmtKKYJkDDp/bx0F7ZJ4psVDAmJ1PC2SlHfVPtSZrsVTIf/OlWMsrkLQ+bSf2vJuzUgDagZ/htowIn3io6myiY+Ehq9vDjCd65XV/Hq2sDZoksXMpQU8kQoIF4P2oJqwIDAQABAoGBAJdMauHXIQdjDv6gWoHsTPAQWKj9tC/He2pE6cxqs/HVZqRHR5Ja1gZl7',1,1,'2024-10-08 09:01:14','2024-10-08 09:01:14'),(169,'PP 2024/169',125,'Bumbar Prestação de Serviços LDA','5403104240','Luanda-Angola','2024-10-21 00:00:00','2024-10-21 00:00:00',2,1,1,'Angelina de Sousa',NULL,1300000.00,0.00,0.00,84500.00,1215500.00,'MIICXAIBAAKBgQC4dcYScJrnD1xCbBAlSwQN80TYmlMhC1q3fqyL0y2ygQOmtKKYJkDDp/bx0F7ZJ4psVDAmJ1PC2SlHfVPtSZrsVTIf/OlWMsrkLQ+bSf2vJuzUgDagZ/htowIn3io6myiY+Ehq9vDjCd65XV/Hq2sDZoksXMpQU8kQoIF4P2oJqwIDAQABAoGBAJdMauHXIQdjDv6gWoHsTPAQWKj9tC/He2pE6cxqs/HVZqRHR5Ja1gZl7',1,1,'2024-10-21 09:07:26','2024-10-21 09:07:26'),(170,'PP 2024/170',116,'QG KONSTRUKTION, GMBH-SUCURSALL ANGOLA','5417683477','Bela Business Park-Edf. Bengo-Sala 314','2024-10-21 00:00:00','2024-10-21 00:00:00',2,1,1,'Angelina de Sousa',NULL,800000.00,0.00,0.00,0.00,800000.00,'MIICXAIBAAKBgQC4dcYScJrnD1xCbBAlSwQN80TYmlMhC1q3fqyL0y2ygQOmtKKYJkDDp/bx0F7ZJ4psVDAmJ1PC2SlHfVPtSZrsVTIf/OlWMsrkLQ+bSf2vJuzUgDagZ/htowIn3io6myiY+Ehq9vDjCd65XV/Hq2sDZoksXMpQU8kQoIF4P2oJqwIDAQABAoGBAJdMauHXIQdjDv6gWoHsTPAQWKj9tC/He2pE6cxqs/HVZqRHR5Ja1gZl7',1,1,'2024-10-21 14:15:48','2024-10-21 14:15:48'),(171,'PP 2024/171',125,'Bumbar Prestação de Serviços LDA','5403104240','Luanda-Angola','2024-10-22 00:00:00','2024-10-22 00:00:00',2,1,1,'Angelina de Sousa',NULL,1300000.00,0.00,0.00,0.00,1300000.00,'MIICXAIBAAKBgQC4dcYScJrnD1xCbBAlSwQN80TYmlMhC1q3fqyL0y2ygQOmtKKYJkDDp/bx0F7ZJ4psVDAmJ1PC2SlHfVPtSZrsVTIf/OlWMsrkLQ+bSf2vJuzUgDagZ/htowIn3io6myiY+Ehq9vDjCd65XV/Hq2sDZoksXMpQU8kQoIF4P2oJqwIDAQABAoGBAJdMauHXIQdjDv6gWoHsTPAQWKj9tC/He2pE6cxqs/HVZqRHR5Ja1gZl7',1,1,'2024-10-22 11:20:15','2024-10-22 11:20:15');
/*!40000 ALTER TABLE `proformas` ENABLE KEYS */;
UNLOCK TABLES;

--
-- Table structure for table `receita_despesas`
--

DROP TABLE IF EXISTS `receita_despesas`;
/*!40101 SET @saved_cs_client     = @@character_set_client */;
/*!40101 SET character_set_client = utf8 */;
CREATE TABLE `receita_despesas` (
  `id` bigint(20) unsigned NOT NULL AUTO_INCREMENT,
  `codigo` varchar(191) DEFAULT NULL,
  `designacao` varchar(191) DEFAULT NULL,
  `tipo` int(11) DEFAULT NULL,
  `total` double(8,2) DEFAULT NULL,
  `data` datetime DEFAULT NULL,
  `descricao` varchar(191) DEFAULT NULL,
  `created_at` timestamp NULL DEFAULT NULL,
  `updated_at` timestamp NULL DEFAULT NULL,
  PRIMARY KEY (`id`)
) ENGINE=InnoDB AUTO_INCREMENT=15 DEFAULT CHARSET=utf8mb4 COLLATE=utf8mb4_unicode_ci;
/*!40101 SET character_set_client = @saved_cs_client */;

--
-- Dumping data for table `receita_despesas`
--

LOCK TABLES `receita_despesas` WRITE;
/*!40000 ALTER TABLE `receita_despesas` DISABLE KEYS */;
INSERT INTO `receita_despesas` VALUES (3,'0003','Saldo para o pessoal',2,800.00,'2023-07-18 00:00:00',NULL,'2023-07-21 12:07:04','2023-07-21 12:07:04'),(4,'0002','Saldo para o pessoal',2,8000.00,'2023-07-03 00:00:00',NULL,'2023-07-21 12:11:19','2023-07-21 12:11:19'),(5,'0003','Saldo para o pessoal',2,900.00,'2023-07-07 00:00:00',NULL,'2023-07-21 12:12:51','2023-07-21 12:12:51'),(6,'0004','Saldo para o pessoal',2,800.00,'2023-07-17 00:00:00',NULL,'2023-07-21 12:14:31','2023-07-21 12:14:31'),(7,'0005','Saldo para o pessoal',2,800.00,'2023-07-21 00:00:00',NULL,'2023-07-21 12:15:52','2023-07-21 12:35:09'),(8,'0006','táxi para Valdemiro',2,500.00,'2023-07-19 00:00:00',NULL,'2023-07-21 12:17:12','2023-07-21 12:34:49'),(9,'0007','Receitas de licenças',1,143332.00,'2023-07-21 00:00:00',NULL,'2023-07-21 15:43:24','2023-07-21 15:43:24'),(10,'0008','SALDO  INICIAL',1,831704.48,'2023-07-30 00:00:00',NULL,'2023-08-01 17:16:26','2023-08-01 17:16:26'),(11,'0009','PAGAMENTO DO PESSOAL',2,158000.00,'2023-08-01 00:00:00',NULL,'2023-08-01 17:29:48','2023-08-01 17:32:35'),(12,'0010','valor para viagem',2,500000.00,'2023-10-18 00:00:00',NULL,'2023-10-18 11:20:55','2023-10-18 11:20:55'),(13,'0011','compra',2,100000.00,'2023-10-18 00:00:00','kkkkkkkkkkk','2023-10-18 13:40:01','2023-10-18 13:40:01'),(14,'0012','yango par Edvania',2,6000.00,'2024-01-24 00:00:00','Para apresentar o Sistema clinico na clinica Paulo e paula.','2024-01-24 13:01:30','2024-01-24 13:01:30');
/*!40000 ALTER TABLE `receita_despesas` ENABLE KEYS */;
UNLOCK TABLES;

--
-- Table structure for table `recibos`
--

DROP TABLE IF EXISTS `recibos`;
/*!40101 SET @saved_cs_client     = @@character_set_client */;
/*!40101 SET character_set_client = utf8 */;
CREATE TABLE `recibos` (
  `id` bigint(20) unsigned NOT NULL AUTO_INCREMENT,
  `numero` varchar(191) DEFAULT NULL,
  `cliente_id` bigint(20) unsigned DEFAULT NULL,
  `cliente_nome` varchar(191) DEFAULT NULL,
  `contribuinte` varchar(191) DEFAULT NULL,
  `endereco` varchar(191) DEFAULT NULL,
  `data` datetime DEFAULT NULL,
  `data_vencimento` datetime DEFAULT NULL,
  `formapagamento_id` bigint(20) unsigned DEFAULT NULL,
  `moeda_id` bigint(20) unsigned DEFAULT NULL,
  `utilizador_id` bigint(20) unsigned DEFAULT NULL,
  `utilizador_nome` varchar(191) DEFAULT NULL,
  `observacao` text DEFAULT NULL,
  `subtotal` double(8,2) DEFAULT NULL,
  `desconto` double(8,2) DEFAULT NULL,
  `imposto` double(8,2) DEFAULT NULL,
  `retencao` double(8,2) DEFAULT NULL,
  `total` double(8,2) DEFAULT NULL,
  `hash` text DEFAULT NULL,
  `status` tinyint(1) DEFAULT NULL,
  `numero_documento` varchar(191) DEFAULT NULL,
  `data_documento` datetime DEFAULT NULL,
  `total_pendente` double(8,2) DEFAULT NULL,
  `valor_pago` double(8,2) DEFAULT NULL,
  `ficheiro` varchar(191) DEFAULT NULL,
  `data_ficheiro` datetime DEFAULT NULL,
  `retencao_taxa` double(8,2) DEFAULT NULL,
  `factura_id` bigint(20) unsigned DEFAULT NULL,
  `created_at` timestamp NULL DEFAULT NULL,
  `updated_at` timestamp NULL DEFAULT NULL,
  PRIMARY KEY (`id`),
  KEY `recibos_factura_id_foreign` (`factura_id`),
  KEY `recibos_cliente_id_foreign` (`cliente_id`),
  KEY `recibos_formapagamento_id_foreign` (`formapagamento_id`),
  KEY `recibos_moeda_id_foreign` (`moeda_id`),
  KEY `recibos_utilizador_id_foreign` (`utilizador_id`),
  CONSTRAINT `recibos_cliente_id_foreign` FOREIGN KEY (`cliente_id`) REFERENCES `clientes` (`id`) ON DELETE NO ACTION ON UPDATE CASCADE,
  CONSTRAINT `recibos_factura_id_foreign` FOREIGN KEY (`factura_id`) REFERENCES `facturas` (`id`) ON DELETE NO ACTION ON UPDATE CASCADE,
  CONSTRAINT `recibos_formapagamento_id_foreign` FOREIGN KEY (`formapagamento_id`) REFERENCES `formas_pagamentos` (`id`) ON DELETE NO ACTION ON UPDATE CASCADE,
  CONSTRAINT `recibos_moeda_id_foreign` FOREIGN KEY (`moeda_id`) REFERENCES `moedas` (`id`) ON DELETE NO ACTION ON UPDATE CASCADE,
  CONSTRAINT `recibos_utilizador_id_foreign` FOREIGN KEY (`utilizador_id`) REFERENCES `users` (`id`) ON DELETE NO ACTION ON UPDATE CASCADE
) ENGINE=InnoDB AUTO_INCREMENT=42 DEFAULT CHARSET=utf8mb4 COLLATE=utf8mb4_unicode_ci;
/*!40101 SET character_set_client = @saved_cs_client */;

--
-- Dumping data for table `recibos`
--

LOCK TABLES `recibos` WRITE;
/*!40000 ALTER TABLE `recibos` DISABLE KEYS */;
INSERT INTO `recibos` VALUES (1,'RC 2023/1',41,'Timóteo Ulika Su Lda','NIF 5417306770','Rua Direita da Sonangalp, qd-101, Km14-A, Viana','2024-01-04 00:00:00','2024-01-04 00:00:00',2,1,1,'Hilquias Chitazo',NULL,42000.00,0.00,0.00,0.00,42000.00,'MIICXAIBAAKBgQC4dcYScJrnD1xCbBAlSwQN80TYmlMhC1q3fqyL0y2ygQOmtKKYJkDDp/bx0F7ZJ4psVDAmJ1PC2SlHfVPtSZrsVTIf/OlWMsrkLQ+bSf2vJuzUgDagZ/htowIn3io6myiY+Ehq9vDjCd65XV/Hq2sDZoksXMpQU8kQoIF4P2oJqwIDAQABAoGBAJdMauHXIQdjDv6gWoHsTPAQWKj9tC/He2pE6cxqs/HVZqRHR5Ja1gZl7',1,'FT 2023/53','2023-12-21 00:00:00',42000.00,0.00,'1704356222.jpg','2024-01-04 00:00:00',0.00,53,'2024-01-04 08:17:02','2024-01-04 08:17:02'),(2,'RC /2',1,'Consumidor Final','Consumidor Final','Martires do Kifangondo, Casa nº 11, Rua  1','2024-01-26 00:00:00','2024-01-26 00:00:00',1,1,1,'Hilquias Chitazo',NULL,10000.00,0.00,0.00,0.00,10000.00,'MIICXAIBAAKBgQC4dcYScJrnD1xCbBAlSwQN80TYmlMhC1q3fqyL0y2ygQOmtKKYJkDDp/bx0F7ZJ4psVDAmJ1PC2SlHfVPtSZrsVTIf/OlWMsrkLQ+bSf2vJuzUgDagZ/htowIn3io6myiY+Ehq9vDjCd65XV/Hq2sDZoksXMpQU8kQoIF4P2oJqwIDAQABAoGBAJdMauHXIQdjDv6gWoHsTPAQWKj9tC/He2pE6cxqs/HVZqRHR5Ja1gZl7',1,'FT /58','2024-01-26 00:00:00',10000.00,5000.00,'null.png','2024-01-26 00:00:00',0.00,58,'2024-01-26 17:59:37','2024-01-26 17:59:37'),(3,'RC /3',1,'Consumidor Final','Consumidor Final','Martires do Kifangondo, Casa nº 11, Rua  1','2024-01-26 00:00:00','2024-01-26 00:00:00',1,1,1,'Hilquias Chitazo',NULL,10000.00,0.00,0.00,0.00,10000.00,'MIICXAIBAAKBgQC4dcYScJrnD1xCbBAlSwQN80TYmlMhC1q3fqyL0y2ygQOmtKKYJkDDp/bx0F7ZJ4psVDAmJ1PC2SlHfVPtSZrsVTIf/OlWMsrkLQ+bSf2vJuzUgDagZ/htowIn3io6myiY+Ehq9vDjCd65XV/Hq2sDZoksXMpQU8kQoIF4P2oJqwIDAQABAoGBAJdMauHXIQdjDv6gWoHsTPAQWKj9tC/He2pE6cxqs/HVZqRHR5Ja1gZl7',1,'FT /58','2024-01-26 00:00:00',5000.00,2000.00,'null.png','2024-01-26 00:00:00',0.00,58,'2024-01-26 18:01:43','2024-01-26 18:01:43'),(4,'RC 2024/4',1,'Consumidor Final','Consumidor Final','Martires do Kifangondo, Casa nº 11, Rua  1','2024-02-06 00:00:00','2024-02-06 00:00:00',1,1,1,'Hilquias Chitazo',NULL,10000.00,0.00,0.00,0.00,10000.00,'MIICXAIBAAKBgQC4dcYScJrnD1xCbBAlSwQN80TYmlMhC1q3fqyL0y2ygQOmtKKYJkDDp/bx0F7ZJ4psVDAmJ1PC2SlHfVPtSZrsVTIf/OlWMsrkLQ+bSf2vJuzUgDagZ/htowIn3io6myiY+Ehq9vDjCd65XV/Hq2sDZoksXMpQU8kQoIF4P2oJqwIDAQABAoGBAJdMauHXIQdjDv6gWoHsTPAQWKj9tC/He2pE6cxqs/HVZqRHR5Ja1gZl7',1,'FT /58','2024-01-26 00:00:00',3000.00,1000.00,'null.png','2024-02-06 00:00:00',0.00,58,'2024-02-06 14:56:34','2024-02-06 14:56:34'),(5,'RC 2024/5',1,'Consumidor Final','Consumidor Final','Martires do Kifangondo, Casa nº 11, Rua  1','2024-02-06 00:00:00','2024-02-06 00:00:00',1,1,1,'Hilquias Chitazo',NULL,900000.00,0.00,0.00,0.00,900000.00,'MIICXAIBAAKBgQC4dcYScJrnD1xCbBAlSwQN80TYmlMhC1q3fqyL0y2ygQOmtKKYJkDDp/bx0F7ZJ4psVDAmJ1PC2SlHfVPtSZrsVTIf/OlWMsrkLQ+bSf2vJuzUgDagZ/htowIn3io6myiY+Ehq9vDjCd65XV/Hq2sDZoksXMpQU8kQoIF4P2oJqwIDAQABAoGBAJdMauHXIQdjDv6gWoHsTPAQWKj9tC/He2pE6cxqs/HVZqRHR5Ja1gZl7',1,'FT 2024/59','2024-02-06 00:00:00',900000.00,100000.00,'null.png','2024-02-06 00:00:00',0.00,59,'2024-02-06 15:00:50','2024-02-06 15:00:50'),(6,'RC 2024/6',56,'Novo Cliente',NULL,NULL,'2024-02-06 00:00:00','2024-02-06 00:00:00',1,1,1,'Hilquias Chitazo',NULL,720000.00,0.00,0.00,0.00,720000.00,'MIICXAIBAAKBgQC4dcYScJrnD1xCbBAlSwQN80TYmlMhC1q3fqyL0y2ygQOmtKKYJkDDp/bx0F7ZJ4psVDAmJ1PC2SlHfVPtSZrsVTIf/OlWMsrkLQ+bSf2vJuzUgDagZ/htowIn3io6myiY+Ehq9vDjCd65XV/Hq2sDZoksXMpQU8kQoIF4P2oJqwIDAQABAoGBAJdMauHXIQdjDv6gWoHsTPAQWKj9tC/He2pE6cxqs/HVZqRHR5Ja1gZl7',1,'FT 2024/60','2024-02-06 00:00:00',720000.00,100000.00,'null.png','2024-02-06 00:00:00',0.00,60,'2024-02-06 15:05:16','2024-02-06 15:05:16'),(7,'RC 2024/7',56,'Novo Cliente',NULL,NULL,'2024-02-06 00:00:00','2024-02-06 00:00:00',1,1,1,'Hilquias Chitazo',NULL,720000.00,0.00,0.00,0.00,720000.00,'MIICXAIBAAKBgQC4dcYScJrnD1xCbBAlSwQN80TYmlMhC1q3fqyL0y2ygQOmtKKYJkDDp/bx0F7ZJ4psVDAmJ1PC2SlHfVPtSZrsVTIf/OlWMsrkLQ+bSf2vJuzUgDagZ/htowIn3io6myiY+Ehq9vDjCd65XV/Hq2sDZoksXMpQU8kQoIF4P2oJqwIDAQABAoGBAJdMauHXIQdjDv6gWoHsTPAQWKj9tC/He2pE6cxqs/HVZqRHR5Ja1gZl7',1,'FT 2024/60','2024-02-06 00:00:00',620000.00,100000.00,'null.png','2024-02-06 00:00:00',0.00,60,'2024-02-06 15:08:19','2024-02-06 15:08:19'),(8,'RC 2024/8',62,'Teste','5000658316',NULL,'2024-03-01 00:00:00','2024-03-01 00:00:00',1,1,1,'Hilquias Chitazo',NULL,100000.00,0.00,0.00,0.00,100000.00,'MIICXAIBAAKBgQC4dcYScJrnD1xCbBAlSwQN80TYmlMhC1q3fqyL0y2ygQOmtKKYJkDDp/bx0F7ZJ4psVDAmJ1PC2SlHfVPtSZrsVTIf/OlWMsrkLQ+bSf2vJuzUgDagZ/htowIn3io6myiY+Ehq9vDjCd65XV/Hq2sDZoksXMpQU8kQoIF4P2oJqwIDAQABAoGBAJdMauHXIQdjDv6gWoHsTPAQWKj9tC/He2pE6cxqs/HVZqRHR5Ja1gZl7',1,'FT 2024/66','2024-03-01 00:00:00',100000.00,100000.00,'null.png','2024-03-01 00:00:00',0.00,66,'2024-03-01 15:53:59','2024-03-01 15:53:59'),(9,'RC 2024/9',63,'Tomas Manuel','0072500045','Luanda','2024-03-06 00:00:00','2024-03-06 00:00:00',1,1,1,'Hilquias Chitazo',NULL,750000.00,0.00,0.00,0.00,750000.00,'MIICXAIBAAKBgQC4dcYScJrnD1xCbBAlSwQN80TYmlMhC1q3fqyL0y2ygQOmtKKYJkDDp/bx0F7ZJ4psVDAmJ1PC2SlHfVPtSZrsVTIf/OlWMsrkLQ+bSf2vJuzUgDagZ/htowIn3io6myiY+Ehq9vDjCd65XV/Hq2sDZoksXMpQU8kQoIF4P2oJqwIDAQABAoGBAJdMauHXIQdjDv6gWoHsTPAQWKj9tC/He2pE6cxqs/HVZqRHR5Ja1gZl7',1,'FT 2024/67','2024-03-06 00:00:00',750000.00,660.00,'null.png','2024-03-06 00:00:00',6.50,67,'2024-03-06 08:27:27','2024-03-06 08:27:27'),(10,'RC 2024/10',2,'PRECIOSA & SILVA, LDA','5417426288','FTU','2024-03-06 00:00:00','2024-03-06 00:00:00',1,1,1,'Hilquias Chitazo',NULL,30000.00,0.00,0.00,0.00,30000.00,'MIICXAIBAAKBgQC4dcYScJrnD1xCbBAlSwQN80TYmlMhC1q3fqyL0y2ygQOmtKKYJkDDp/bx0F7ZJ4psVDAmJ1PC2SlHfVPtSZrsVTIf/OlWMsrkLQ+bSf2vJuzUgDagZ/htowIn3io6myiY+Ehq9vDjCd65XV/Hq2sDZoksXMpQU8kQoIF4P2oJqwIDAQABAoGBAJdMauHXIQdjDv6gWoHsTPAQWKj9tC/He2pE6cxqs/HVZqRHR5Ja1gZl7',1,'FT 2024/68','2024-03-06 00:00:00',30000.00,10000.00,'null.png','2024-03-06 00:00:00',0.00,68,'2024-03-06 08:49:37','2024-03-06 08:49:37'),(11,'RC 2024/11',1,'Consumidor Final','Consumidor Final','Martires do Kifangondo, Casa nº 11, Rua  1','2024-03-12 00:00:00','2024-03-12 00:00:00',2,1,1,'Hilquias Chitazo',NULL,10000.00,0.00,0.00,0.00,10000.00,'MIICXAIBAAKBgQC4dcYScJrnD1xCbBAlSwQN80TYmlMhC1q3fqyL0y2ygQOmtKKYJkDDp/bx0F7ZJ4psVDAmJ1PC2SlHfVPtSZrsVTIf/OlWMsrkLQ+bSf2vJuzUgDagZ/htowIn3io6myiY+Ehq9vDjCd65XV/Hq2sDZoksXMpQU8kQoIF4P2oJqwIDAQABAoGBAJdMauHXIQdjDv6gWoHsTPAQWKj9tC/He2pE6cxqs/HVZqRHR5Ja1gZl7',1,'FT 2024/69','2024-03-12 00:00:00',10000.00,5000.00,'null.png','2024-03-12 00:00:00',0.00,69,'2024-03-12 09:19:21','2024-03-12 09:19:21'),(12,'RC 2024/12',71,'Nova Geração','5417650030','Luanda','2024-04-18 00:00:00','2024-04-18 00:00:00',2,1,1,'Hilquias Chitazo',NULL,230000.00,0.00,0.00,0.00,230000.00,'MIICXAIBAAKBgQC4dcYScJrnD1xCbBAlSwQN80TYmlMhC1q3fqyL0y2ygQOmtKKYJkDDp/bx0F7ZJ4psVDAmJ1PC2SlHfVPtSZrsVTIf/OlWMsrkLQ+bSf2vJuzUgDagZ/htowIn3io6myiY+Ehq9vDjCd65XV/Hq2sDZoksXMpQU8kQoIF4P2oJqwIDAQABAoGBAJdMauHXIQdjDv6gWoHsTPAQWKj9tC/He2pE6cxqs/HVZqRHR5Ja1gZl7',1,'FT 2024/71','2024-04-18 00:00:00',230000.00,115000.00,'null.png','2024-04-18 00:00:00',0.00,71,'2024-04-18 16:43:27','2024-04-18 16:43:27'),(13,'RC 2024/13',48,'Chitali comercial Lda','5000489522','Huambo','2024-05-06 00:00:00','2024-05-06 00:00:00',2,1,1,'Hilquias Chitazo',NULL,250000.00,0.00,0.00,0.00,250000.00,'MIICXAIBAAKBgQC4dcYScJrnD1xCbBAlSwQN80TYmlMhC1q3fqyL0y2ygQOmtKKYJkDDp/bx0F7ZJ4psVDAmJ1PC2SlHfVPtSZrsVTIf/OlWMsrkLQ+bSf2vJuzUgDagZ/htowIn3io6myiY+Ehq9vDjCd65XV/Hq2sDZoksXMpQU8kQoIF4P2oJqwIDAQABAoGBAJdMauHXIQdjDv6gWoHsTPAQWKj9tC/He2pE6cxqs/HVZqRHR5Ja1gZl7',1,'FT 2024/74','2024-05-02 00:00:00',250000.00,200000.00,'null.png','2024-05-06 00:00:00',0.00,74,'2024-05-06 09:36:48','2024-05-06 09:36:48'),(14,'RC 2024/14',75,'Vila Chilala','999','Calumbo','2024-05-06 00:00:00','2024-05-06 00:00:00',1,1,1,'Hilquias Chitazo',NULL,300000.00,0.00,0.00,0.00,300000.00,'MIICXAIBAAKBgQC4dcYScJrnD1xCbBAlSwQN80TYmlMhC1q3fqyL0y2ygQOmtKKYJkDDp/bx0F7ZJ4psVDAmJ1PC2SlHfVPtSZrsVTIf/OlWMsrkLQ+bSf2vJuzUgDagZ/htowIn3io6myiY+Ehq9vDjCd65XV/Hq2sDZoksXMpQU8kQoIF4P2oJqwIDAQABAoGBAJdMauHXIQdjDv6gWoHsTPAQWKj9tC/He2pE6cxqs/HVZqRHR5Ja1gZl7',1,'FT 2024/76','2024-05-06 00:00:00',300000.00,75000.00,'null.png','2024-05-06 00:00:00',0.00,76,'2024-05-06 10:41:06','2024-05-06 10:41:06'),(15,'RC 2024/15',5,'I.M.T.P De Saúde Silva E Águas','5417061891','estalagem-praça nova','2024-05-22 00:00:00','2024-05-22 00:00:00',2,1,1,'Hilquias Chitazo',NULL,25000.00,0.00,0.00,0.00,25000.00,'MIICXAIBAAKBgQC4dcYScJrnD1xCbBAlSwQN80TYmlMhC1q3fqyL0y2ygQOmtKKYJkDDp/bx0F7ZJ4psVDAmJ1PC2SlHfVPtSZrsVTIf/OlWMsrkLQ+bSf2vJuzUgDagZ/htowIn3io6myiY+Ehq9vDjCd65XV/Hq2sDZoksXMpQU8kQoIF4P2oJqwIDAQABAoGBAJdMauHXIQdjDv6gWoHsTPAQWKj9tC/He2pE6cxqs/HVZqRHR5Ja1gZl7',1,'FT 2024/81','2024-05-06 00:00:00',25000.00,25000.00,'null.png','2024-05-22 00:00:00',0.00,81,'2024-05-22 08:07:28','2024-05-22 08:07:28'),(16,'RC 2024/16',20,'BECLAMAN EMPRENDIMENTO E PRESTAÇÃO E SERVIÇO(COLÉGIO CULTUS)','5417626562','PATRIOTA-ALCACIOAS','2024-05-22 00:00:00','2024-05-22 00:00:00',2,1,1,'Hilquias Chitazo',NULL,54000.00,0.00,0.00,0.00,54000.00,'MIICXAIBAAKBgQC4dcYScJrnD1xCbBAlSwQN80TYmlMhC1q3fqyL0y2ygQOmtKKYJkDDp/bx0F7ZJ4psVDAmJ1PC2SlHfVPtSZrsVTIf/OlWMsrkLQ+bSf2vJuzUgDagZ/htowIn3io6myiY+Ehq9vDjCd65XV/Hq2sDZoksXMpQU8kQoIF4P2oJqwIDAQABAoGBAJdMauHXIQdjDv6gWoHsTPAQWKj9tC/He2pE6cxqs/HVZqRHR5Ja1gZl7',1,'FT 2024/83','2024-05-13 00:00:00',54000.00,27000.00,'null.png','2024-05-22 00:00:00',0.00,83,'2024-05-22 08:46:57','2024-05-22 08:46:57'),(17,'RC 2024/17',60,'Basiaelia, Lda','5417270946',NULL,'2024-05-27 00:00:00','2024-05-27 00:00:00',2,1,1,'Hilquias Chitazo',NULL,48000.00,0.00,0.00,0.00,48000.00,'MIICXAIBAAKBgQC4dcYScJrnD1xCbBAlSwQN80TYmlMhC1q3fqyL0y2ygQOmtKKYJkDDp/bx0F7ZJ4psVDAmJ1PC2SlHfVPtSZrsVTIf/OlWMsrkLQ+bSf2vJuzUgDagZ/htowIn3io6myiY+Ehq9vDjCd65XV/Hq2sDZoksXMpQU8kQoIF4P2oJqwIDAQABAoGBAJdMauHXIQdjDv6gWoHsTPAQWKj9tC/He2pE6cxqs/HVZqRHR5Ja1gZl7',1,'FT 2024/82','2024-05-06 00:00:00',48000.00,48000.00,'null.png','2024-05-27 00:00:00',0.00,82,'2024-05-27 10:22:26','2024-05-27 10:22:26'),(18,'RC 2024/18',80,'OA Delcio Recicláveis & Indústria Lda','5000425940','Luanda','2024-05-28 00:00:00','2024-05-28 00:00:00',2,1,1,'Hilquias Chitazo',NULL,35000.00,0.00,0.00,0.00,35000.00,'MIICXAIBAAKBgQC4dcYScJrnD1xCbBAlSwQN80TYmlMhC1q3fqyL0y2ygQOmtKKYJkDDp/bx0F7ZJ4psVDAmJ1PC2SlHfVPtSZrsVTIf/OlWMsrkLQ+bSf2vJuzUgDagZ/htowIn3io6myiY+Ehq9vDjCd65XV/Hq2sDZoksXMpQU8kQoIF4P2oJqwIDAQABAoGBAJdMauHXIQdjDv6gWoHsTPAQWKj9tC/He2pE6cxqs/HVZqRHR5Ja1gZl7',1,'FT 2024/86','2024-05-27 00:00:00',35000.00,35000.00,'null.png','2024-05-28 00:00:00',0.00,86,'2024-05-28 15:56:14','2024-05-28 15:56:14'),(19,'RC 2024/19',9,'Consultório Natural Fonte De Vida','5000668397','morro bento','2024-05-30 00:00:00','2024-05-30 00:00:00',2,1,1,'Hilquias Chitazo',NULL,48332.00,0.00,0.00,0.00,48332.00,'MIICXAIBAAKBgQC4dcYScJrnD1xCbBAlSwQN80TYmlMhC1q3fqyL0y2ygQOmtKKYJkDDp/bx0F7ZJ4psVDAmJ1PC2SlHfVPtSZrsVTIf/OlWMsrkLQ+bSf2vJuzUgDagZ/htowIn3io6myiY+Ehq9vDjCd65XV/Hq2sDZoksXMpQU8kQoIF4P2oJqwIDAQABAoGBAJdMauHXIQdjDv6gWoHsTPAQWKj9tC/He2pE6cxqs/HVZqRHR5Ja1gZl7',1,'FT 2024/88','2024-05-30 00:00:00',48332.00,49000.00,'null.png','2024-05-30 00:00:00',0.00,88,'2024-05-30 11:36:46','2024-05-30 11:36:46'),(20,'RC 2024/20',79,'Centro Médico Saúde É Vida','5480016628','Urbanização Nova Vida. Rua, 174, Edifício E139.','2024-05-30 00:00:00','2024-05-30 00:00:00',2,1,1,'Hilquias Chitazo',NULL,10000.00,0.00,0.00,0.00,10000.00,'MIICXAIBAAKBgQC4dcYScJrnD1xCbBAlSwQN80TYmlMhC1q3fqyL0y2ygQOmtKKYJkDDp/bx0F7ZJ4psVDAmJ1PC2SlHfVPtSZrsVTIf/OlWMsrkLQ+bSf2vJuzUgDagZ/htowIn3io6myiY+Ehq9vDjCd65XV/Hq2sDZoksXMpQU8kQoIF4P2oJqwIDAQABAoGBAJdMauHXIQdjDv6gWoHsTPAQWKj9tC/He2pE6cxqs/HVZqRHR5Ja1gZl7',1,'FT 2024/89','2024-05-30 00:00:00',10000.00,10000.00,'null.png','2024-05-30 00:00:00',0.00,89,'2024-05-30 14:07:12','2024-05-30 14:07:12'),(21,'RC 2024/21',82,'Eunice Capricho, Lda','5484011019','Luanda','2024-05-31 00:00:00','2024-05-31 00:00:00',2,1,1,'Hilquias Chitazo',NULL,35000.00,0.00,0.00,0.00,35000.00,'MIICXAIBAAKBgQC4dcYScJrnD1xCbBAlSwQN80TYmlMhC1q3fqyL0y2ygQOmtKKYJkDDp/bx0F7ZJ4psVDAmJ1PC2SlHfVPtSZrsVTIf/OlWMsrkLQ+bSf2vJuzUgDagZ/htowIn3io6myiY+Ehq9vDjCd65XV/Hq2sDZoksXMpQU8kQoIF4P2oJqwIDAQABAoGBAJdMauHXIQdjDv6gWoHsTPAQWKj9tC/He2pE6cxqs/HVZqRHR5Ja1gZl7',1,'FT 2024/87','2024-05-28 00:00:00',35000.00,35000.00,'null.png','2024-05-31 00:00:00',0.00,87,'2024-05-31 11:35:23','2024-05-31 11:35:23'),(22,'RC 2024/22',73,'Imparcial Mediação de Seguros','5001620215','Largo do Atlético, Prédio 45 - 3º Apt.1, Município da Ingombota – Coqueiros','2024-06-06 00:00:00','2024-06-06 00:00:00',2,1,1,'Hilquias Chitazo',NULL,105000.00,0.00,0.00,0.00,105000.00,'MIICXAIBAAKBgQC4dcYScJrnD1xCbBAlSwQN80TYmlMhC1q3fqyL0y2ygQOmtKKYJkDDp/bx0F7ZJ4psVDAmJ1PC2SlHfVPtSZrsVTIf/OlWMsrkLQ+bSf2vJuzUgDagZ/htowIn3io6myiY+Ehq9vDjCd65XV/Hq2sDZoksXMpQU8kQoIF4P2oJqwIDAQABAoGBAJdMauHXIQdjDv6gWoHsTPAQWKj9tC/He2pE6cxqs/HVZqRHR5Ja1gZl7',1,'FT 2024/72','2024-05-02 00:00:00',105000.00,0.00,'null.png','2024-05-16 00:00:00',6.50,73,'2024-06-06 07:42:46','2024-06-06 07:42:46'),(23,'RC 2024/23',7,'Organozaçôes Biluca E Filhos','5402160023','avó kumbi','2024-06-10 00:00:00','2024-06-10 00:00:00',2,1,1,'Hilquias Chitazo',NULL,10000.00,0.00,0.00,0.00,10000.00,'MIICXAIBAAKBgQC4dcYScJrnD1xCbBAlSwQN80TYmlMhC1q3fqyL0y2ygQOmtKKYJkDDp/bx0F7ZJ4psVDAmJ1PC2SlHfVPtSZrsVTIf/OlWMsrkLQ+bSf2vJuzUgDagZ/htowIn3io6myiY+Ehq9vDjCd65XV/Hq2sDZoksXMpQU8kQoIF4P2oJqwIDAQABAoGBAJdMauHXIQdjDv6gWoHsTPAQWKj9tC/He2pE6cxqs/HVZqRHR5Ja1gZl7',1,'FT 2024/91','2024-06-05 00:00:00',10000.00,10000.00,'null.png','2024-06-10 00:00:00',0.00,91,'2024-06-10 12:41:23','2024-06-10 12:41:23'),(24,'RC 2024/24',60,'Basiaelia, Lda','5417270946',NULL,'2024-06-13 00:00:00','2024-06-13 00:00:00',2,1,1,'Hilquias Chitazo',NULL,48000.00,0.00,0.00,0.00,48000.00,'MIICXAIBAAKBgQC4dcYScJrnD1xCbBAlSwQN80TYmlMhC1q3fqyL0y2ygQOmtKKYJkDDp/bx0F7ZJ4psVDAmJ1PC2SlHfVPtSZrsVTIf/OlWMsrkLQ+bSf2vJuzUgDagZ/htowIn3io6myiY+Ehq9vDjCd65XV/Hq2sDZoksXMpQU8kQoIF4P2oJqwIDAQABAoGBAJdMauHXIQdjDv6gWoHsTPAQWKj9tC/He2pE6cxqs/HVZqRHR5Ja1gZl7',1,'FT 2024/96','2024-06-05 00:00:00',48000.00,48000.00,'null.png','2024-06-13 00:00:00',0.00,96,'2024-06-13 06:14:50','2024-06-13 06:14:50'),(25,'RC 2024/25',15,'K.Pembele-INDÚSTRIA Lda','5484025940','KILAMBA','2024-06-14 00:00:00','2024-06-14 00:00:00',2,1,1,'Hilquias Chitazo',NULL,25000.00,0.00,0.00,0.00,25000.00,'MIICXAIBAAKBgQC4dcYScJrnD1xCbBAlSwQN80TYmlMhC1q3fqyL0y2ygQOmtKKYJkDDp/bx0F7ZJ4psVDAmJ1PC2SlHfVPtSZrsVTIf/OlWMsrkLQ+bSf2vJuzUgDagZ/htowIn3io6myiY+Ehq9vDjCd65XV/Hq2sDZoksXMpQU8kQoIF4P2oJqwIDAQABAoGBAJdMauHXIQdjDv6gWoHsTPAQWKj9tC/He2pE6cxqs/HVZqRHR5Ja1gZl7',1,'FT 2024/77','2024-05-06 00:00:00',25000.00,0.00,'null.png','2024-06-13 00:00:00',0.00,77,'2024-06-14 11:08:45','2024-06-14 11:08:45'),(26,'RC 2024/26',5,'I.M.T.P De Saúde Silva E Águas','5417061891','estalagem-praça nova','2024-06-28 00:00:00','2024-06-28 00:00:00',2,1,1,'Hilquias Chitazo',NULL,25000.00,0.00,0.00,0.00,25000.00,'MIICXAIBAAKBgQC4dcYScJrnD1xCbBAlSwQN80TYmlMhC1q3fqyL0y2ygQOmtKKYJkDDp/bx0F7ZJ4psVDAmJ1PC2SlHfVPtSZrsVTIf/OlWMsrkLQ+bSf2vJuzUgDagZ/htowIn3io6myiY+Ehq9vDjCd65XV/Hq2sDZoksXMpQU8kQoIF4P2oJqwIDAQABAoGBAJdMauHXIQdjDv6gWoHsTPAQWKj9tC/He2pE6cxqs/HVZqRHR5Ja1gZl7',1,'FT 2024/94','2024-06-05 00:00:00',25000.00,25000.00,'null.png','2024-06-28 00:00:00',0.00,94,'2024-06-28 11:53:02','2024-06-28 11:53:02'),(27,'RC 2024/27',6,'SUCESSO DA VIDA COMERCIO GERAL & PRESTAÇÃO DE SERVIÇOS, LDA','5001457195','estalagem-mirú','2024-07-15 00:00:00','2024-07-15 00:00:00',2,1,1,'Hilquias Chitazo',NULL,10000.00,0.00,0.00,0.00,10000.00,'MIICXAIBAAKBgQC4dcYScJrnD1xCbBAlSwQN80TYmlMhC1q3fqyL0y2ygQOmtKKYJkDDp/bx0F7ZJ4psVDAmJ1PC2SlHfVPtSZrsVTIf/OlWMsrkLQ+bSf2vJuzUgDagZ/htowIn3io6myiY+Ehq9vDjCd65XV/Hq2sDZoksXMpQU8kQoIF4P2oJqwIDAQABAoGBAJdMauHXIQdjDv6gWoHsTPAQWKj9tC/He2pE6cxqs/HVZqRHR5Ja1gZl7',1,'FT 2024/103','2024-07-08 00:00:00',10000.00,10000.00,'null.png','2024-07-15 00:00:00',0.00,103,'2024-07-15 12:01:14','2024-07-15 12:01:14'),(28,'RC 2024/28',41,'Timóteo Ulika Su Lda','NIF 5417306770','Rua Direita da Sonangalp, qd-101, Km14-A, Viana','2024-07-16 00:00:00','2024-07-16 00:00:00',2,1,1,'Hilquias Chitazo',NULL,42000.00,0.00,0.00,0.00,42000.00,'MIICXAIBAAKBgQC4dcYScJrnD1xCbBAlSwQN80TYmlMhC1q3fqyL0y2ygQOmtKKYJkDDp/bx0F7ZJ4psVDAmJ1PC2SlHfVPtSZrsVTIf/OlWMsrkLQ+bSf2vJuzUgDagZ/htowIn3io6myiY+Ehq9vDjCd65XV/Hq2sDZoksXMpQU8kQoIF4P2oJqwIDAQABAoGBAJdMauHXIQdjDv6gWoHsTPAQWKj9tC/He2pE6cxqs/HVZqRHR5Ja1gZl7',1,'FT 2024/102','2024-07-08 00:00:00',42000.00,42000.00,'null.png','2024-07-16 00:00:00',0.00,102,'2024-07-16 12:59:53','2024-07-16 12:59:53'),(29,'RC 2024/29',91,'SALO.TT-PRESTAÇÃO DE SERVIÇOS, LDA','5000913626','Rainha Ginga, Casa Nº Proximo ao Hotel EPIC SANA, eDIFICIO DA TER BEERS','2024-07-17 00:00:00','2024-07-17 00:00:00',2,1,1,'Hilquias Chitazo',NULL,64000.00,0.00,0.00,4160.00,59840.00,'MIICXAIBAAKBgQC4dcYScJrnD1xCbBAlSwQN80TYmlMhC1q3fqyL0y2ygQOmtKKYJkDDp/bx0F7ZJ4psVDAmJ1PC2SlHfVPtSZrsVTIf/OlWMsrkLQ+bSf2vJuzUgDagZ/htowIn3io6myiY+Ehq9vDjCd65XV/Hq2sDZoksXMpQU8kQoIF4P2oJqwIDAQABAoGBAJdMauHXIQdjDv6gWoHsTPAQWKj9tC/He2pE6cxqs/HVZqRHR5Ja1gZl7',1,'FT 2024/108','2024-07-17 00:00:00',59840.00,59840.00,'null.png','2024-07-17 00:00:00',6.50,108,'2024-07-17 15:59:27','2024-07-17 15:59:27'),(30,'RC 2024/30',91,'SALO.TT-PRESTAÇÃO DE SERVIÇOS, LDA','5000913626','Rainha Ginga, Casa Nº Proximo ao Hotel EPIC SANA, eDIFICIO DA TER BEERS','2024-07-17 00:00:00','2024-07-17 00:00:00',2,1,1,'Hilquias Chitazo',NULL,64000.00,0.00,0.00,4160.00,59840.00,'MIICXAIBAAKBgQC4dcYScJrnD1xCbBAlSwQN80TYmlMhC1q3fqyL0y2ygQOmtKKYJkDDp/bx0F7ZJ4psVDAmJ1PC2SlHfVPtSZrsVTIf/OlWMsrkLQ+bSf2vJuzUgDagZ/htowIn3io6myiY+Ehq9vDjCd65XV/Hq2sDZoksXMpQU8kQoIF4P2oJqwIDAQABAoGBAJdMauHXIQdjDv6gWoHsTPAQWKj9tC/He2pE6cxqs/HVZqRHR5Ja1gZl7',1,'FT 2024/108','2024-07-17 00:00:00',0.00,59840.00,'null.png','2024-07-17 00:00:00',6.50,108,'2024-07-17 16:01:30','2024-07-17 16:01:30'),(31,'RC 2024/31',60,'Basiaelia, Lda','5417270946',NULL,'2024-07-19 00:00:00','2024-07-19 00:00:00',2,1,1,'Hilquias Chitazo',NULL,48000.00,0.00,0.00,0.00,48000.00,'MIICXAIBAAKBgQC4dcYScJrnD1xCbBAlSwQN80TYmlMhC1q3fqyL0y2ygQOmtKKYJkDDp/bx0F7ZJ4psVDAmJ1PC2SlHfVPtSZrsVTIf/OlWMsrkLQ+bSf2vJuzUgDagZ/htowIn3io6myiY+Ehq9vDjCd65XV/Hq2sDZoksXMpQU8kQoIF4P2oJqwIDAQABAoGBAJdMauHXIQdjDv6gWoHsTPAQWKj9tC/He2pE6cxqs/HVZqRHR5Ja1gZl7',1,'FT 2024/106','2024-07-08 00:00:00',48000.00,48000.00,'null.png','2024-07-19 00:00:00',0.00,106,'2024-07-19 14:07:40','2024-07-19 14:07:40'),(32,'RC 2024/32',87,'Big Bro Entertainment','009468873LA040','Muinicípio do Kilamba Kiaxe-Golf2','2024-07-23 00:00:00','2024-07-23 00:00:00',2,1,1,'Hilquias Chitazo','O modo de pagamento da licença anual do domínio é Pré-pago no valor de 245.000,00. Que serão feitos com as seguintes prestações, conforme detalhado abaixo:\n1. Primeira Prestação: 33% do valor total, a ser pago no início do projeto. 2. Segunda Prestação: 67% do valor total, a ser pago até  a conclusão do website.',245000.00,0.00,0.00,0.00,245000.00,'MIICXAIBAAKBgQC4dcYScJrnD1xCbBAlSwQN80TYmlMhC1q3fqyL0y2ygQOmtKKYJkDDp/bx0F7ZJ4psVDAmJ1PC2SlHfVPtSZrsVTIf/OlWMsrkLQ+bSf2vJuzUgDagZ/htowIn3io6myiY+Ehq9vDjCd65XV/Hq2sDZoksXMpQU8kQoIF4P2oJqwIDAQABAoGBAJdMauHXIQdjDv6gWoHsTPAQWKj9tC/He2pE6cxqs/HVZqRHR5Ja1gZl7',1,'FT 2024/99','2024-06-28 00:00:00',245000.00,80000.00,'null.png','2024-06-30 00:00:00',0.00,99,'2024-07-23 10:47:41','2024-07-23 10:47:41'),(33,'RC 2024/33',92,'ERIC SOUSA PROJECTOS E FISCALIZAÇÃO LDA','5000249459','Morro Bento, Igreja Universal, Junto ao nosso Centro','2024-07-26 00:00:00','2024-07-26 00:00:00',1,1,1,'Hilquias Chitazo',NULL,15000.00,0.00,0.00,0.00,15000.00,'MIICXAIBAAKBgQC4dcYScJrnD1xCbBAlSwQN80TYmlMhC1q3fqyL0y2ygQOmtKKYJkDDp/bx0F7ZJ4psVDAmJ1PC2SlHfVPtSZrsVTIf/OlWMsrkLQ+bSf2vJuzUgDagZ/htowIn3io6myiY+Ehq9vDjCd65XV/Hq2sDZoksXMpQU8kQoIF4P2oJqwIDAQABAoGBAJdMauHXIQdjDv6gWoHsTPAQWKj9tC/He2pE6cxqs/HVZqRHR5Ja1gZl7',1,'FT 2024/110','2024-07-26 00:00:00',15000.00,15000.00,'null.png','2024-07-26 00:00:00',0.00,110,'2024-07-26 15:26:34','2024-07-26 15:26:34'),(34,'RC 2024/34',87,'Big Bro Entertainment','009468873LA040','Muinicípio do Kilamba Kiaxe-Golf2','2024-08-06 00:00:00','2024-08-06 00:00:00',2,1,1,'Hilquias Chitazo','O modo de pagamento da licença anual do domínio é Pré-pago no valor de 245.000,00. Que serão feitos com as seguintes prestações, conforme detalhado abaixo:\n1. Primeira Prestação: 33% do valor total, a ser pago no início do projeto. 2. Segunda Prestação: 67% do valor total, a ser pago até  a conclusão do website.',245000.00,0.00,0.00,0.00,245000.00,'MIICXAIBAAKBgQC4dcYScJrnD1xCbBAlSwQN80TYmlMhC1q3fqyL0y2ygQOmtKKYJkDDp/bx0F7ZJ4psVDAmJ1PC2SlHfVPtSZrsVTIf/OlWMsrkLQ+bSf2vJuzUgDagZ/htowIn3io6myiY+Ehq9vDjCd65XV/Hq2sDZoksXMpQU8kQoIF4P2oJqwIDAQABAoGBAJdMauHXIQdjDv6gWoHsTPAQWKj9tC/He2pE6cxqs/HVZqRHR5Ja1gZl7',1,'FT 2024/99','2024-06-28 00:00:00',165000.00,42500.00,'null.png','2024-08-06 00:00:00',0.00,99,'2024-08-06 12:42:45','2024-08-06 12:42:45'),(35,'RC 2024/35',41,'Timóteo Ulika Su Lda','NIF 5417306770','Rua Direita da Sonangalp, qd-101, Km14-A, Viana','2024-08-15 00:00:00','2024-08-15 00:00:00',2,1,1,'Angelina de Sousa',NULL,42000.00,0.00,0.00,0.00,42000.00,'MIICXAIBAAKBgQC4dcYScJrnD1xCbBAlSwQN80TYmlMhC1q3fqyL0y2ygQOmtKKYJkDDp/bx0F7ZJ4psVDAmJ1PC2SlHfVPtSZrsVTIf/OlWMsrkLQ+bSf2vJuzUgDagZ/htowIn3io6myiY+Ehq9vDjCd65XV/Hq2sDZoksXMpQU8kQoIF4P2oJqwIDAQABAoGBAJdMauHXIQdjDv6gWoHsTPAQWKj9tC/He2pE6cxqs/HVZqRHR5Ja1gZl7',1,'FT 2024/114','2024-08-08 00:00:00',42000.00,42000.00,'null.png','2024-08-15 00:00:00',0.00,114,'2024-08-15 07:51:29','2024-08-15 07:51:29'),(36,'RC 2024/36',100,'COLÉGIO KALABO INTERNACIONAL','5001058312','VILA NZOJE YAMI RUA 3 CASA Nª39','2024-08-16 00:00:00','2024-08-16 00:00:00',2,1,1,'Angelina de Sousa',NULL,165000.00,0.00,0.00,0.00,165000.00,'MIICXAIBAAKBgQC4dcYScJrnD1xCbBAlSwQN80TYmlMhC1q3fqyL0y2ygQOmtKKYJkDDp/bx0F7ZJ4psVDAmJ1PC2SlHfVPtSZrsVTIf/OlWMsrkLQ+bSf2vJuzUgDagZ/htowIn3io6myiY+Ehq9vDjCd65XV/Hq2sDZoksXMpQU8kQoIF4P2oJqwIDAQABAoGBAJdMauHXIQdjDv6gWoHsTPAQWKj9tC/He2pE6cxqs/HVZqRHR5Ja1gZl7',1,'FT 2024/119','2024-08-14 00:00:00',165000.00,60000.00,'null.png','2024-08-16 00:00:00',0.00,119,'2024-08-16 10:17:21','2024-08-16 10:17:21'),(37,'RC 2024/37',101,'INAMA - RS, LDA','5417117455','Desportiva, Bairro Nelito Soares, Edíficio, Casa nº 12/B','2024-08-21 00:00:00','2024-08-21 00:00:00',2,1,1,'Angelina de Sousa',NULL,900000.00,0.00,0.00,0.00,900000.00,'MIICXAIBAAKBgQC4dcYScJrnD1xCbBAlSwQN80TYmlMhC1q3fqyL0y2ygQOmtKKYJkDDp/bx0F7ZJ4psVDAmJ1PC2SlHfVPtSZrsVTIf/OlWMsrkLQ+bSf2vJuzUgDagZ/htowIn3io6myiY+Ehq9vDjCd65XV/Hq2sDZoksXMpQU8kQoIF4P2oJqwIDAQABAoGBAJdMauHXIQdjDv6gWoHsTPAQWKj9tC/He2pE6cxqs/HVZqRHR5Ja1gZl7',1,'FT 2024/118','2024-08-12 00:00:00',900000.00,450000.00,'null.png','2024-08-21 00:00:00',0.00,118,'2024-08-21 15:20:10','2024-08-21 15:20:10'),(38,'RC 2024/38',109,'Mariscos & Pescado','004963124LA045','Luanda','2024-08-22 00:00:00','2024-08-22 00:00:00',2,1,1,'Angelina de Sousa',NULL,30000.00,0.00,0.00,0.00,30000.00,'MIICXAIBAAKBgQC4dcYScJrnD1xCbBAlSwQN80TYmlMhC1q3fqyL0y2ygQOmtKKYJkDDp/bx0F7ZJ4psVDAmJ1PC2SlHfVPtSZrsVTIf/OlWMsrkLQ+bSf2vJuzUgDagZ/htowIn3io6myiY+Ehq9vDjCd65XV/Hq2sDZoksXMpQU8kQoIF4P2oJqwIDAQABAoGBAJdMauHXIQdjDv6gWoHsTPAQWKj9tC/He2pE6cxqs/HVZqRHR5Ja1gZl7',1,'FT 2024/124','2024-08-22 00:00:00',30000.00,30000.00,'null.png','2024-08-22 00:00:00',0.00,124,'2024-08-22 11:02:03','2024-08-22 11:02:03'),(39,'RC 2024/39',87,'Big Bro Entertainment','009468873LA040','Muinicípio do Kilamba Kiaxe-Golf2','2024-10-08 00:00:00','2024-10-08 00:00:00',2,1,1,'Angelina de Sousa','O modo de pagamento da licença anual do domínio é Pré-pago no valor de 245.000,00. Que serão feitos com as seguintes prestações, conforme detalhado abaixo:\n1. Primeira Prestação: 33% do valor total, a ser pago no início do projeto. 2. Segunda Prestação: 67% do valor total, a ser pago até  a conclusão do website.',245000.00,0.00,0.00,0.00,245000.00,'MIICXAIBAAKBgQC4dcYScJrnD1xCbBAlSwQN80TYmlMhC1q3fqyL0y2ygQOmtKKYJkDDp/bx0F7ZJ4psVDAmJ1PC2SlHfVPtSZrsVTIf/OlWMsrkLQ+bSf2vJuzUgDagZ/htowIn3io6myiY+Ehq9vDjCd65XV/Hq2sDZoksXMpQU8kQoIF4P2oJqwIDAQABAoGBAJdMauHXIQdjDv6gWoHsTPAQWKj9tC/He2pE6cxqs/HVZqRHR5Ja1gZl7',1,'FT 2024/99','2024-06-28 00:00:00',122500.00,100.00,'null.png','2024-10-08 00:00:00',0.00,99,'2024-10-08 09:26:17','2024-10-08 09:26:17'),(40,'RC 2024/40',91,'SALO.TT-PRESTAÇÃO DE SERVIÇOS, LDA','5000913626','Rainha Ginga, Casa Nº Proximo ao Hotel EPIC SANA, eDIFICIO DA TER BEERS','2024-10-30 00:00:00','2024-10-30 00:00:00',2,1,1,'Angelina de Sousa',NULL,120000.00,0.00,0.00,7800.00,112200.00,'MIICXAIBAAKBgQC4dcYScJrnD1xCbBAlSwQN80TYmlMhC1q3fqyL0y2ygQOmtKKYJkDDp/bx0F7ZJ4psVDAmJ1PC2SlHfVPtSZrsVTIf/OlWMsrkLQ+bSf2vJuzUgDagZ/htowIn3io6myiY+Ehq9vDjCd65XV/Hq2sDZoksXMpQU8kQoIF4P2oJqwIDAQABAoGBAJdMauHXIQdjDv6gWoHsTPAQWKj9tC/He2pE6cxqs/HVZqRHR5Ja1gZl7',1,'FT 2024/138','2024-10-30 00:00:00',112200.00,112200.00,'null.png','2024-10-30 00:00:00',6.50,138,'2024-10-30 15:47:52','2024-10-30 15:47:52'),(41,'RC 2024/41',114,'NAK ENERGY OLI & GAS, LDA','5417145078','Rua Américo Boa Vida nº 142. Ingombotas, Luanda','2024-11-07 00:00:00','2024-11-07 00:00:00',2,1,1,'Angelina de Sousa',NULL,105000.00,0.00,0.00,0.00,105000.00,'MIICXAIBAAKBgQC4dcYScJrnD1xCbBAlSwQN80TYmlMhC1q3fqyL0y2ygQOmtKKYJkDDp/bx0F7ZJ4psVDAmJ1PC2SlHfVPtSZrsVTIf/OlWMsrkLQ+bSf2vJuzUgDagZ/htowIn3io6myiY+Ehq9vDjCd65XV/Hq2sDZoksXMpQU8kQoIF4P2oJqwIDAQABAoGBAJdMauHXIQdjDv6gWoHsTPAQWKj9tC/He2pE6cxqs/HVZqRHR5Ja1gZl7',1,'FT 2024/139','2024-11-06 00:00:00',105000.00,105000.00,'null.png','2024-11-07 00:00:00',0.00,139,'2024-11-07 15:10:16','2024-11-07 15:10:16');
/*!40000 ALTER TABLE `recibos` ENABLE KEYS */;
UNLOCK TABLES;

--
-- Table structure for table `retencaos`
--

DROP TABLE IF EXISTS `retencaos`;
/*!40101 SET @saved_cs_client     = @@character_set_client */;
/*!40101 SET character_set_client = utf8 */;
CREATE TABLE `retencaos` (
  `id` bigint(20) unsigned NOT NULL AUTO_INCREMENT,
  `designacao` varchar(191) DEFAULT NULL,
  `taxa` varchar(191) DEFAULT NULL,
  `status` tinyint(1) DEFAULT NULL,
  `created_at` timestamp NULL DEFAULT NULL,
  `updated_at` timestamp NULL DEFAULT NULL,
  PRIMARY KEY (`id`)
) ENGINE=InnoDB AUTO_INCREMENT=3 DEFAULT CHARSET=utf8mb4 COLLATE=utf8mb4_unicode_ci;
/*!40101 SET character_set_client = @saved_cs_client */;

--
-- Dumping data for table `retencaos`
--

LOCK TABLES `retencaos` WRITE;
/*!40000 ALTER TABLE `retencaos` DISABLE KEYS */;
INSERT INTO `retencaos` VALUES (1,'Sem rentenção na fonte','0',1,NULL,NULL),(2,'Rentenção na fonte 6.5%','6.5',1,NULL,NULL);
/*!40000 ALTER TABLE `retencaos` ENABLE KEYS */;
UNLOCK TABLES;

--
-- Table structure for table `role_has_permissions`
--

DROP TABLE IF EXISTS `role_has_permissions`;
/*!40101 SET @saved_cs_client     = @@character_set_client */;
/*!40101 SET character_set_client = utf8 */;
CREATE TABLE `role_has_permissions` (
  `permission_id` bigint(20) unsigned NOT NULL,
  `role_id` bigint(20) unsigned NOT NULL,
  PRIMARY KEY (`permission_id`,`role_id`),
  KEY `role_has_permissions_role_id_foreign` (`role_id`),
  CONSTRAINT `role_has_permissions_permission_id_foreign` FOREIGN KEY (`permission_id`) REFERENCES `permissions` (`id`) ON DELETE CASCADE,
  CONSTRAINT `role_has_permissions_role_id_foreign` FOREIGN KEY (`role_id`) REFERENCES `roles` (`id`) ON DELETE CASCADE
) ENGINE=InnoDB DEFAULT CHARSET=utf8mb4 COLLATE=utf8mb4_unicode_ci;
/*!40101 SET character_set_client = @saved_cs_client */;

--
-- Dumping data for table `role_has_permissions`
--

LOCK TABLES `role_has_permissions` WRITE;
/*!40000 ALTER TABLE `role_has_permissions` DISABLE KEYS */;
INSERT INTO `role_has_permissions` VALUES (1,1),(1,2),(1,3),(1,4),(2,1),(2,2),(2,3),(3,1),(3,2),(3,3),(4,1),(4,2),(4,3),(5,1),(5,2),(5,3),(6,1),(6,2),(7,1),(8,1);
/*!40000 ALTER TABLE `role_has_permissions` ENABLE KEYS */;
UNLOCK TABLES;

--
-- Table structure for table `roles`
--

DROP TABLE IF EXISTS `roles`;
/*!40101 SET @saved_cs_client     = @@character_set_client */;
/*!40101 SET character_set_client = utf8 */;
CREATE TABLE `roles` (
  `id` bigint(20) unsigned NOT NULL AUTO_INCREMENT,
  `name` varchar(191) NOT NULL,
  `guard_name` varchar(191) NOT NULL,
  `created_at` timestamp NULL DEFAULT NULL,
  `updated_at` timestamp NULL DEFAULT NULL,
  PRIMARY KEY (`id`),
  UNIQUE KEY `roles_name_guard_name_unique` (`name`,`guard_name`)
) ENGINE=InnoDB AUTO_INCREMENT=6 DEFAULT CHARSET=utf8mb4 COLLATE=utf8mb4_unicode_ci;
/*!40101 SET character_set_client = @saved_cs_client */;

--
-- Dumping data for table `roles`
--

LOCK TABLES `roles` WRITE;
/*!40000 ALTER TABLE `roles` DISABLE KEYS */;
INSERT INTO `roles` VALUES (1,'Administrador','web',NULL,NULL),(2,'Gestor','web',NULL,NULL),(3,'Operador','web',NULL,NULL),(4,'Operador POS','web',NULL,NULL),(5,'teste e','web','2023-11-17 15:17:31','2023-11-17 15:18:01');
/*!40000 ALTER TABLE `roles` ENABLE KEYS */;
UNLOCK TABLES;

--
-- Table structure for table `saft_audits`
--

DROP TABLE IF EXISTS `saft_audits`;
/*!40101 SET @saved_cs_client     = @@character_set_client */;
/*!40101 SET character_set_client = utf8 */;
CREATE TABLE `saft_audits` (
  `id` bigint(20) unsigned NOT NULL AUTO_INCREMENT,
  `audit_file_version` varchar(191) DEFAULT NULL,
  `company_id` varchar(191) DEFAULT NULL,
  `tax_registration_number` varchar(191) DEFAULT NULL,
  `tax_accounting_basis` varchar(191) DEFAULT NULL,
  `created_at` timestamp NULL DEFAULT NULL,
  `updated_at` timestamp NULL DEFAULT NULL,
  PRIMARY KEY (`id`)
) ENGINE=InnoDB AUTO_INCREMENT=2 DEFAULT CHARSET=utf8mb4 COLLATE=utf8mb4_unicode_ci;
/*!40101 SET character_set_client = @saved_cs_client */;

--
-- Dumping data for table `saft_audits`
--

LOCK TABLES `saft_audits` WRITE;
/*!40000 ALTER TABLE `saft_audits` DISABLE KEYS */;
INSERT INTO `saft_audits` VALUES (1,'1.01_01','000000000','5000213438','F',NULL,NULL);
/*!40000 ALTER TABLE `saft_audits` ENABLE KEYS */;
UNLOCK TABLES;

--
-- Table structure for table `safts`
--

DROP TABLE IF EXISTS `safts`;
/*!40101 SET @saved_cs_client     = @@character_set_client */;
/*!40101 SET character_set_client = utf8 */;
CREATE TABLE `safts` (
  `id` bigint(20) unsigned NOT NULL AUTO_INCREMENT,
  `filename` varchar(191) NOT NULL,
  `created_at` timestamp NULL DEFAULT NULL,
  `updated_at` timestamp NULL DEFAULT NULL,
  PRIMARY KEY (`id`)
) ENGINE=InnoDB AUTO_INCREMENT=7 DEFAULT CHARSET=utf8mb4 COLLATE=utf8mb4_unicode_ci;
/*!40101 SET character_set_client = @saved_cs_client */;

--
-- Dumping data for table `safts`
--

LOCK TABLES `safts` WRITE;
/*!40000 ALTER TABLE `safts` DISABLE KEYS */;
INSERT INTO `safts` VALUES (1,'SAFT_AO_20230813135327.xml','2023-08-13 13:53:27','2023-08-13 13:53:27'),(2,'SAFT_AO_20240216170259.xml','2024-02-16 17:02:59','2024-02-16 17:02:59'),(3,'SAFT_AO_20240319121721.xml','2024-03-19 12:17:21','2024-03-19 12:17:21'),(4,'SAFT_AO_20240325072501.xml','2024-03-25 07:25:01','2024-03-25 07:25:01'),(5,'SAFT_AO_20240506114516.xml','2024-05-06 09:45:16','2024-05-06 09:45:16'),(6,'SAFT_AO_20240617123522.xml','2024-06-17 10:35:22','2024-06-17 10:35:22');
/*!40000 ALTER TABLE `safts` ENABLE KEYS */;
UNLOCK TABLES;

--
-- Table structure for table `series`
--

DROP TABLE IF EXISTS `series`;
/*!40101 SET @saved_cs_client     = @@character_set_client */;
/*!40101 SET character_set_client = utf8 */;
CREATE TABLE `series` (
  `id` bigint(20) unsigned NOT NULL AUTO_INCREMENT,
  `codigo` varchar(191) DEFAULT NULL,
  `designacao` varchar(191) DEFAULT NULL,
  `tipo` varchar(191) DEFAULT NULL,
  `descricao` varchar(191) DEFAULT NULL,
  `status` tinyint(1) DEFAULT NULL,
  `created_at` timestamp NULL DEFAULT NULL,
  `updated_at` timestamp NULL DEFAULT NULL,
  PRIMARY KEY (`id`)
) ENGINE=InnoDB AUTO_INCREMENT=11 DEFAULT CHARSET=utf8mb4 COLLATE=utf8mb4_unicode_ci;
/*!40101 SET character_set_client = @saved_cs_client */;

--
-- Dumping data for table `series`
--

LOCK TABLES `series` WRITE;
/*!40000 ALTER TABLE `series` DISABLE KEYS */;
INSERT INTO `series` VALUES (1,'0001','PP 2024','proforma','MINE,\' said the.',1,NULL,NULL),(2,'0002','FT 2024','factura','Alice, \'and.',1,NULL,NULL),(3,'0003','FR 2024','factura-recibo','SOMEBODY ought to.',1,NULL,NULL),(4,'0004','RC 2024','recibo','Alice, that she.',1,NULL,NULL),(5,'0005','NC 2024','nota-credito','But said.',1,NULL,NULL),(6,'0006','ND 2024','nota-debito','Shall I try the.',1,NULL,NULL),(7,'0007','GT 2024','guia-transporte','Alice replied.',1,NULL,NULL),(8,'0008','GR 2024','guia-remessa','CHAPTER X. The.',1,NULL,NULL),(9,'0009','SC 2024','stock','DOTH THE LITTLE.',1,NULL,NULL),(10,'00010','RD 2024','receita-despesa',NULL,NULL,NULL,NULL);
/*!40000 ALTER TABLE `series` ENABLE KEYS */;
UNLOCK TABLES;

--
-- Table structure for table `stocks`
--

DROP TABLE IF EXISTS `stocks`;
/*!40101 SET @saved_cs_client     = @@character_set_client */;
/*!40101 SET character_set_client = utf8 */;
CREATE TABLE `stocks` (
  `id` bigint(20) unsigned NOT NULL AUTO_INCREMENT,
  `data` date DEFAULT NULL,
  `serie` varchar(191) DEFAULT NULL,
  `numero` varchar(191) DEFAULT NULL,
  `ref_doc` varchar(191) DEFAULT NULL,
  `armazem` varchar(191) DEFAULT NULL,
  `fornecedor_nome` varchar(191) DEFAULT NULL,
  `endereco` varchar(191) DEFAULT NULL,
  `descricao` varchar(191) DEFAULT NULL,
  `status` tinyint(1) DEFAULT NULL,
  `fornecedor_id` bigint(20) unsigned DEFAULT NULL,
  `created_at` timestamp NULL DEFAULT NULL,
  `updated_at` timestamp NULL DEFAULT NULL,
  PRIMARY KEY (`id`),
  KEY `stocks_fornecedor_id_foreign` (`fornecedor_id`),
  CONSTRAINT `stocks_fornecedor_id_foreign` FOREIGN KEY (`fornecedor_id`) REFERENCES `fornecedors` (`id`) ON DELETE NO ACTION
) ENGINE=InnoDB AUTO_INCREMENT=20 DEFAULT CHARSET=utf8mb4 COLLATE=utf8mb4_unicode_ci;
/*!40101 SET character_set_client = @saved_cs_client */;

--
-- Dumping data for table `stocks`
--

LOCK TABLES `stocks` WRITE;
/*!40000 ALTER TABLE `stocks` DISABLE KEYS */;
INSERT INTO `stocks` VALUES (1,'2023-07-18','SC 2023','0001',NULL,'Sede','Diverso',NULL,NULL,1,1,'2023-07-18 15:17:27','2023-07-18 15:17:27'),(2,'2023-08-08','SC 2023','0002',NULL,'Sede','Diverso',NULL,NULL,1,1,'2023-08-08 09:25:56','2023-08-08 09:25:56'),(3,'2023-10-17','SC 2023','0003',NULL,'Sede','Diverso',NULL,NULL,1,1,'2023-10-17 23:16:18','2023-10-17 23:16:18'),(4,'2023-10-17','SC 2023','0003',NULL,'Sede','Diverso',NULL,NULL,1,1,'2023-10-17 23:16:19','2023-10-17 23:16:19'),(7,'2023-10-18','SC 2023','0005',NULL,'Sede','Diverso',NULL,NULL,1,1,'2023-10-18 13:26:17','2023-10-18 13:26:17'),(8,'2023-12-01','SC 2023','0006',NULL,'Sede','Diverso',NULL,NULL,1,1,'2023-12-01 14:08:27','2023-12-01 14:08:27'),(9,'2024-01-11','SC 2023','0007',NULL,'Sede','Diverso',NULL,NULL,1,1,'2024-01-11 09:58:08','2024-01-11 09:58:08'),(10,'2024-01-24','SC','0008',NULL,'Sede','Diverso',NULL,NULL,1,1,'2024-01-24 09:35:02','2024-01-24 09:35:02'),(11,'2024-01-24','SC','0009',NULL,'Sede','Diverso',NULL,NULL,1,1,'2024-01-24 12:51:55','2024-01-24 12:51:55'),(12,'2024-02-09','SC 2024','0010',NULL,'Sede','Diverso',NULL,NULL,1,1,'2024-02-09 12:27:33','2024-02-09 12:27:33'),(13,'2024-04-13','SC 2024','0011',NULL,'Sede','Diverso',NULL,NULL,1,1,'2024-04-13 12:46:17','2024-04-13 12:46:17'),(14,'2024-04-13','SC 2024','0011',NULL,'Sede','Diverso',NULL,NULL,1,1,'2024-04-13 12:46:17','2024-04-13 12:46:17'),(15,'2024-04-13','SC 2024','0011',NULL,'Sede','Diverso',NULL,NULL,1,1,'2024-04-13 12:46:18','2024-04-13 12:46:18'),(16,'2024-04-13','SC 2024','0011',NULL,'Sede','Diverso',NULL,NULL,1,1,'2024-04-13 12:46:18','2024-04-13 12:46:18'),(17,'2024-04-13','SC 2024','0011',NULL,'Sede','Diverso',NULL,NULL,1,1,'2024-04-13 12:46:20','2024-04-13 12:46:20'),(18,'2024-04-13','SC 2024','0011',NULL,'Sede','Diverso',NULL,NULL,1,1,'2024-04-13 12:46:40','2024-04-13 12:46:40'),(19,'2024-04-13','SC 2024','0011',NULL,'Sede','Diverso',NULL,NULL,1,1,'2024-04-13 12:46:40','2024-04-13 12:46:40');
/*!40000 ALTER TABLE `stocks` ENABLE KEYS */;
UNLOCK TABLES;

--
-- Table structure for table `tax_tables`
--

DROP TABLE IF EXISTS `tax_tables`;
/*!40101 SET @saved_cs_client     = @@character_set_client */;
/*!40101 SET character_set_client = utf8 */;
CREATE TABLE `tax_tables` (
  `id` bigint(20) unsigned NOT NULL AUTO_INCREMENT,
  `tax_type` varchar(191) DEFAULT NULL,
  `tax_code` varchar(191) DEFAULT NULL,
  `description` text DEFAULT NULL,
  `tax_percentage` varchar(191) DEFAULT NULL,
  `created_at` timestamp NULL DEFAULT NULL,
  `updated_at` timestamp NULL DEFAULT NULL,
  PRIMARY KEY (`id`)
) ENGINE=InnoDB AUTO_INCREMENT=2 DEFAULT CHARSET=utf8mb4 COLLATE=utf8mb4_unicode_ci;
/*!40101 SET character_set_client = @saved_cs_client */;

--
-- Dumping data for table `tax_tables`
--

LOCK TABLES `tax_tables` WRITE;
/*!40000 ALTER TABLE `tax_tables` DISABLE KEYS */;
INSERT INTO `tax_tables` VALUES (1,'IVA','ISE','IVA - Isento','0.00',NULL,NULL);
/*!40000 ALTER TABLE `tax_tables` ENABLE KEYS */;
UNLOCK TABLES;

--
-- Table structure for table `tipo_motivo_anulacaos`
--

DROP TABLE IF EXISTS `tipo_motivo_anulacaos`;
/*!40101 SET @saved_cs_client     = @@character_set_client */;
/*!40101 SET character_set_client = utf8 */;
CREATE TABLE `tipo_motivo_anulacaos` (
  `id` bigint(20) unsigned NOT NULL AUTO_INCREMENT,
  `codigo` varchar(191) DEFAULT NULL,
  `designacao` varchar(191) DEFAULT NULL,
  `descricao` varchar(191) DEFAULT NULL,
  `status` tinyint(1) DEFAULT NULL,
  `created_at` timestamp NULL DEFAULT NULL,
  `updated_at` timestamp NULL DEFAULT NULL,
  PRIMARY KEY (`id`)
) ENGINE=InnoDB AUTO_INCREMENT=8 DEFAULT CHARSET=utf8mb4 COLLATE=utf8mb4_unicode_ci;
/*!40101 SET character_set_client = @saved_cs_client */;

--
-- Dumping data for table `tipo_motivo_anulacaos`
--

LOCK TABLES `tipo_motivo_anulacaos` WRITE;
/*!40000 ALTER TABLE `tipo_motivo_anulacaos` DISABLE KEYS */;
INSERT INTO `tipo_motivo_anulacaos` VALUES (1,'0001','Ausência de desconto na fatura','',1,NULL,NULL),(2,'0002','Devolução dos artigos','',1,NULL,NULL),(3,'0003','Erro na entidade','',1,NULL,NULL),(4,'0004','Erros nas quantidades / preços','',1,NULL,NULL),(5,'0005','Erro no (s) preço (s)','',1,NULL,NULL),(6,'0006','Produto / serviço rejeitado','',1,NULL,NULL),(7,'0007','Rutura de stock','',1,NULL,NULL);
/*!40000 ALTER TABLE `tipo_motivo_anulacaos` ENABLE KEYS */;
UNLOCK TABLES;

--
-- Table structure for table `tipos`
--

DROP TABLE IF EXISTS `tipos`;
/*!40101 SET @saved_cs_client     = @@character_set_client */;
/*!40101 SET character_set_client = utf8 */;
CREATE TABLE `tipos` (
  `id` bigint(20) unsigned NOT NULL AUTO_INCREMENT,
  `codigo` varchar(191) DEFAULT NULL,
  `designacao` varchar(191) DEFAULT NULL,
  `descricao` varchar(191) DEFAULT NULL,
  `status` tinyint(1) DEFAULT NULL,
  `created_at` timestamp NULL DEFAULT NULL,
  `updated_at` timestamp NULL DEFAULT NULL,
  PRIMARY KEY (`id`)
) ENGINE=InnoDB AUTO_INCREMENT=3 DEFAULT CHARSET=utf8mb4 COLLATE=utf8mb4_unicode_ci;
/*!40101 SET character_set_client = @saved_cs_client */;

--
-- Dumping data for table `tipos`
--

LOCK TABLES `tipos` WRITE;
/*!40000 ALTER TABLE `tipos` DISABLE KEYS */;
INSERT INTO `tipos` VALUES (1,'P','Produto','Produtos',1,NULL,NULL),(2,'S','Serviços','Serviços',1,NULL,NULL);
/*!40000 ALTER TABLE `tipos` ENABLE KEYS */;
UNLOCK TABLES;

--
-- Table structure for table `users`
--

DROP TABLE IF EXISTS `users`;
/*!40101 SET @saved_cs_client     = @@character_set_client */;
/*!40101 SET character_set_client = utf8 */;
CREATE TABLE `users` (
  `id` bigint(20) unsigned NOT NULL AUTO_INCREMENT,
  `nome` varchar(191) NOT NULL,
  `email` varchar(191) NOT NULL,
  `departamento_id` bigint(20) unsigned DEFAULT NULL,
  `password` varchar(191) DEFAULT NULL,
  `foto` varchar(191) DEFAULT NULL,
  `status` tinyint(1) DEFAULT NULL,
  `reset_password` tinyint(1) DEFAULT NULL,
  `remember_token` varchar(100) DEFAULT NULL,
  `created_at` timestamp NULL DEFAULT NULL,
  `updated_at` timestamp NULL DEFAULT NULL,
  PRIMARY KEY (`id`),
  UNIQUE KEY `users_email_unique` (`email`),
  KEY `users_departamento_id_foreign` (`departamento_id`),
  CONSTRAINT `users_departamento_id_foreign` FOREIGN KEY (`departamento_id`) REFERENCES `departamentos` (`id`) ON DELETE CASCADE
) ENGINE=InnoDB AUTO_INCREMENT=3 DEFAULT CHARSET=utf8mb4 COLLATE=utf8mb4_unicode_ci;
/*!40101 SET character_set_client = @saved_cs_client */;

--
-- Dumping data for table `users`
--

LOCK TABLES `users` WRITE;
/*!40000 ALTER TABLE `users` DISABLE KEYS */;
INSERT INTO `users` VALUES (1,'Angelina de Sousa','admin@admin.com',1,'$2y$10$ZOdRG1/aqGJydj1lXpEQUuBTdaZB2Tp9VHoyOZJbBr9lIzumUUtJa','default.jpg',1,0,NULL,NULL,'2024-08-07 15:50:40'),(2,'GONÇALVES NHANGA CANGUIA','goncalves@gmail.com',3,'$2y$10$XhJxHj8Rxv7kwLfInOxOD.3nHDo25d3r2NSGqsCQfeXyjNzaKEzFa','default.jpg',1,0,NULL,'2024-02-23 08:03:21','2024-02-23 08:05:57');
/*!40000 ALTER TABLE `users` ENABLE KEYS */;
UNLOCK TABLES;
/*!40103 SET TIME_ZONE=@OLD_TIME_ZONE */;

/*!40101 SET SQL_MODE=@OLD_SQL_MODE */;
/*!40014 SET FOREIGN_KEY_CHECKS=@OLD_FOREIGN_KEY_CHECKS */;
/*!40014 SET UNIQUE_CHECKS=@OLD_UNIQUE_CHECKS */;
/*!40101 SET CHARACTER_SET_CLIENT=@OLD_CHARACTER_SET_CLIENT */;
/*!40101 SET CHARACTER_SET_RESULTS=@OLD_CHARACTER_SET_RESULTS */;
/*!40101 SET COLLATION_CONNECTION=@OLD_COLLATION_CONNECTION */;
/*!40111 SET SQL_NOTES=@OLD_SQL_NOTES */;

-- Dump completed on 2024-12-03 21:50:14
