-- MySQL dump 10.19  Distrib 10.3.39-MariaDB, for debian-linux-gnu (x86_64)
--
-- Host: localhost    Database: rh_app
-- ------------------------------------------------------
-- Server version	10.3.39-MariaDB-0ubuntu0.20.04.2

/*!40101 SET @OLD_CHARACTER_SET_CLIENT=@@CHARACTER_SET_CLIENT */;
/*!40101 SET @OLD_CHARACTER_SET_RESULTS=@@CHARACTER_SET_RESULTS */;
/*!40101 SET @OLD_COLLATION_CONNECTION=@@COLLATION_CONNECTION */;
/*!40101 SET NAMES utf8mb4 */;
/*!40103 SET @OLD_TIME_ZONE=@@TIME_ZONE */;
/*!40103 SET TIME_ZONE='+00:00' */;
/*!40014 SET @OLD_UNIQUE_CHECKS=@@UNIQUE_CHECKS, UNIQUE_CHECKS=0 */;
/*!40014 SET @OLD_FOREIGN_KEY_CHECKS=@@FOREIGN_KEY_CHECKS, FOREIGN_KEY_CHECKS=0 */;
/*!40101 SET @OLD_SQL_MODE=@@SQL_MODE, SQL_MODE='NO_AUTO_VALUE_ON_ZERO' */;
/*!40111 SET @OLD_SQL_NOTES=@@SQL_NOTES, SQL_NOTES=0 */;

--
-- Table structure for table `attendances`
--

DROP TABLE IF EXISTS `attendances`;
/*!40101 SET @saved_cs_client     = @@character_set_client */;
/*!40101 SET character_set_client = utf8 */;
CREATE TABLE `attendances` (
  `id` bigint(20) unsigned NOT NULL AUTO_INCREMENT,
  `companie_id` bigint(20) unsigned NOT NULL,
  `employee_id` bigint(20) unsigned DEFAULT NULL,
  `user_id` bigint(20) unsigned DEFAULT NULL,
  `employee_name` varchar(255) DEFAULT NULL,
  `user_name` varchar(255) DEFAULT NULL,
  `entryTime` varchar(255) NOT NULL,
  `exitTime` varchar(255) NOT NULL,
  `entryPause` varchar(255) NOT NULL,
  `exitPause` varchar(255) NOT NULL,
  `created_at` timestamp NULL DEFAULT NULL,
  `updated_at` timestamp NULL DEFAULT NULL,
  PRIMARY KEY (`id`)
) ENGINE=InnoDB AUTO_INCREMENT=12 DEFAULT CHARSET=utf8mb4 COLLATE=utf8mb4_unicode_ci;
/*!40101 SET character_set_client = @saved_cs_client */;

--
-- Dumping data for table `attendances`
--

LOCK TABLES `attendances` WRITE;
/*!40000 ALTER TABLE `attendances` DISABLE KEYS */;
INSERT INTO `attendances` VALUES (1,1,1,1,'Ulima Constantino','Geronsio Quetas','18:12','20:11','17:13','22:11','2024-08-12 14:11:42','2024-08-12 14:11:42'),(3,1,2,1,'Gonçalves Nhanga','Usuario','14:58','20:58','16:58','17:01','2024-08-16 11:58:45','2024-08-16 11:58:45'),(4,1,2,1,'Gonçalves Nhanga','Usuario','16:23','16:22','16:23','18:22','2024-08-18 12:22:51','2024-08-18 12:22:51'),(5,1,3,1,'Mondinho Periquito','Usuario','11:00','16:00','14:00','14:20','2024-08-19 08:45:42','2024-08-19 08:45:42'),(6,1,1,8,'Toma','Constantino Ulima','17:23','19:23','16:29','18:18','2024-08-30 13:23:18','2024-08-30 13:23:18'),(7,11,6,15,'OTINIEL FRANCISCO MIVO','Otiniel Mivo','08:00','17:00','12:00','13:00','2024-09-25 09:52:26','2024-09-25 09:52:26'),(8,17,9,22,'Aristides Bento Camboa Filipe Chingolo','Aristides Chingolo','08:15','17:00','13:00','14:00','2024-10-07 16:28:29','2024-10-07 16:28:29'),(9,20,15,25,'PASCOAL SAMUEL MUCONGO NGOLA','Pascoal Ngola','08:00','16:00','13:00','14:00','2024-10-17 14:46:21','2024-10-17 14:46:21'),(10,22,58,27,'AMUINENDE JOAO PINTO','Carlos Gazola','07:00','18:00','12:30','14:00','2024-11-07 10:22:30','2024-11-07 10:22:30'),(11,22,59,27,'MARIO KOMBA VELA','Carlos Gazola','07:00','18:00','12:30','14:00','2024-11-07 10:24:59','2024-11-07 10:24:59');
/*!40000 ALTER TABLE `attendances` ENABLE KEYS */;
UNLOCK TABLES;

--
-- Table structure for table `banks`
--

DROP TABLE IF EXISTS `banks`;
/*!40101 SET @saved_cs_client     = @@character_set_client */;
/*!40101 SET character_set_client = utf8 */;
CREATE TABLE `banks` (
  `id` bigint(20) unsigned NOT NULL AUTO_INCREMENT,
  `companie_id` bigint(20) unsigned NOT NULL,
  `iban` varchar(255) NOT NULL,
  `designation` varchar(255) NOT NULL,
  `account` varchar(255) NOT NULL,
  `swift_code` varchar(255) DEFAULT NULL,
  `created_at` timestamp NULL DEFAULT NULL,
  `updated_at` timestamp NULL DEFAULT NULL,
  PRIMARY KEY (`id`)
) ENGINE=InnoDB DEFAULT CHARSET=utf8mb4 COLLATE=utf8mb4_unicode_ci;
/*!40101 SET character_set_client = @saved_cs_client */;

--
-- Dumping data for table `banks`
--

LOCK TABLES `banks` WRITE;
/*!40000 ALTER TABLE `banks` DISABLE KEYS */;
/*!40000 ALTER TABLE `banks` ENABLE KEYS */;
UNLOCK TABLES;

--
-- Table structure for table `coins`
--

DROP TABLE IF EXISTS `coins`;
/*!40101 SET @saved_cs_client     = @@character_set_client */;
/*!40101 SET character_set_client = utf8 */;
CREATE TABLE `coins` (
  `id` bigint(20) unsigned NOT NULL AUTO_INCREMENT,
  `companie_id` bigint(20) unsigned NOT NULL,
  `designation` varchar(255) NOT NULL,
  `status` enum('0','1') DEFAULT '1' COMMENT 'status: 0=>disabled, 1=>enabled',
  `created_at` timestamp NULL DEFAULT NULL,
  `updated_at` timestamp NULL DEFAULT NULL,
  PRIMARY KEY (`id`)
) ENGINE=InnoDB AUTO_INCREMENT=30 DEFAULT CHARSET=utf8mb4 COLLATE=utf8mb4_unicode_ci;
/*!40101 SET character_set_client = @saved_cs_client */;

--
-- Dumping data for table `coins`
--

LOCK TABLES `coins` WRITE;
/*!40000 ALTER TABLE `coins` DISABLE KEYS */;
INSERT INTO `coins` VALUES (1,1,'AOA','1','2024-08-12 07:29:02','2024-08-12 07:29:02'),(2,2,'AOA','1','2024-08-12 07:34:14','2024-08-12 07:34:14'),(4,4,'AOA','1','2024-08-26 08:52:10','2024-08-26 08:52:10'),(5,5,'AOA','1','2024-08-30 14:24:52','2024-08-30 14:24:52'),(6,6,'AOA','1','2024-08-30 14:28:23','2024-08-30 14:28:23'),(7,7,'AOA','1','2024-09-04 09:55:33','2024-09-04 09:55:33'),(8,8,'AOA','1','2024-09-04 10:01:40','2024-09-04 10:01:40'),(9,9,'AOA','1','2024-09-04 10:05:25','2024-09-04 10:05:25'),(10,10,'AOA','1','2024-09-04 10:07:58','2024-09-04 10:07:58'),(11,11,'AOA','1','2024-09-25 09:29:49','2024-09-25 09:29:49'),(12,12,'AOA','1','2024-09-25 12:39:59','2024-09-25 12:39:59'),(13,12,'Kwanzas','1','2024-09-25 13:41:42','2024-09-25 13:41:42'),(14,13,'AOA','1','2024-09-25 15:39:56','2024-09-25 15:39:56'),(15,14,'AOA','1','2024-09-27 23:19:34','2024-09-27 23:19:34'),(16,15,'AOA','1','2024-10-02 10:55:16','2024-10-02 10:55:16'),(17,16,'AOA','1','2024-10-02 18:34:33','2024-10-02 18:34:33'),(18,17,'AOA','1','2024-10-07 16:24:14','2024-10-07 16:24:14'),(19,18,'AOA','1','2024-10-09 20:37:43','2024-10-09 20:37:43'),(20,19,'AOA','1','2024-10-15 11:29:27','2024-10-15 11:29:27'),(21,20,'AOA','1','2024-10-15 16:12:11','2024-10-15 16:12:11'),(22,21,'AOA','1','2024-10-16 04:09:59','2024-10-16 04:09:59'),(23,22,'AOA','1','2024-10-16 08:25:05','2024-10-16 08:25:05'),(24,23,'AOA','1','2024-10-16 08:26:25','2024-10-16 08:26:25'),(25,24,'AOA','1','2024-10-16 08:30:59','2024-10-16 08:30:59'),(26,25,'AOA','1','2024-10-17 10:56:40','2024-10-17 10:56:40'),(27,26,'AOA','1','2024-10-17 12:19:16','2024-10-17 12:19:16'),(28,27,'AOA','1','2024-10-17 14:31:28','2024-10-17 14:31:28'),(29,28,'AOA','1','2024-10-30 07:12:58','2024-10-30 07:12:58');
/*!40000 ALTER TABLE `coins` ENABLE KEYS */;
UNLOCK TABLES;

--
-- Table structure for table `companies`
--

DROP TABLE IF EXISTS `companies`;
/*!40101 SET @saved_cs_client     = @@character_set_client */;
/*!40101 SET character_set_client = utf8 */;
CREATE TABLE `companies` (
  `id` bigint(20) unsigned NOT NULL AUTO_INCREMENT,
  `designation` varchar(255) NOT NULL,
  `identity` varchar(255) NOT NULL,
  `email` varchar(255) DEFAULT NULL,
  `logo` text DEFAULT NULL,
  `contact` varchar(255) DEFAULT NULL,
  `representative_name` varchar(255) DEFAULT NULL,
  `city` varchar(255) DEFAULT NULL,
  `address` varchar(255) DEFAULT NULL,
  `site_url` varchar(255) DEFAULT NULL,
  `general_manager` varchar(255) DEFAULT NULL,
  `provincial_manager` varchar(255) DEFAULT NULL,
  `municipal_manager` varchar(255) DEFAULT NULL,
  `status` enum('0','1') NOT NULL DEFAULT '1' COMMENT 'status: 0=>disabled, 1=>enabled',
  `created_at` timestamp NULL DEFAULT NULL,
  `updated_at` timestamp NULL DEFAULT NULL,
  `dateIssure` date DEFAULT NULL,
  `dateDue` date DEFAULT NULL,
  PRIMARY KEY (`id`),
  UNIQUE KEY `companies_designation_unique` (`designation`),
  UNIQUE KEY `companies_identity_unique` (`identity`),
  UNIQUE KEY `companies_email_unique` (`email`)
) ENGINE=InnoDB AUTO_INCREMENT=29 DEFAULT CHARSET=utf8mb4 COLLATE=utf8mb4_unicode_ci;
/*!40101 SET character_set_client = @saved_cs_client */;

--
-- Dumping data for table `companies`
--

LOCK TABLES `companies` WRITE;
/*!40000 ALTER TABLE `companies` DISABLE KEYS */;
INSERT INTO `companies` VALUES (1,'Átomo Tecnologia e Inovação','500000100','geral@atomo.co.ao',NULL,NULL,NULL,NULL,NULL,NULL,NULL,NULL,NULL,'1','2024-08-12 07:29:01','2024-08-30 14:23:44','2024-08-12','2034-08-31'),(2,'SAGEUB','5001102451','geral@sageub.net',NULL,NULL,NULL,NULL,NULL,NULL,NULL,NULL,NULL,'1','2024-08-12 07:34:13','2024-08-14 13:08:47','2024-08-12','2024-08-18'),(3,'Teste Comercial','1234568795','costaulima97@gmail.com',NULL,NULL,NULL,NULL,NULL,NULL,NULL,NULL,NULL,'1','2024-08-14 15:00:56','2024-08-14 15:00:56','2024-08-14','2024-08-22'),(4,'C.PROVIDER, LDA','5000652415','jcorreiagm@cprovider.net',NULL,NULL,NULL,NULL,NULL,NULL,NULL,NULL,NULL,'1','2024-08-26 08:52:08','2024-08-26 08:52:08','2024-08-26','2024-09-03'),(5,'GRUPO CO','5001919423','geral.groupoco@gmail.com',NULL,NULL,NULL,NULL,NULL,NULL,NULL,NULL,NULL,'1','2024-08-30 14:24:51','2024-08-30 14:24:51','2024-08-30','2024-09-07'),(6,'GRUPO MA','5001919422','grupoco.comercial@gmail.com',NULL,NULL,NULL,NULL,NULL,NULL,NULL,NULL,NULL,'1','2024-08-30 14:28:22','2024-08-30 14:28:22','2024-08-30','2024-09-07'),(7,'Jose','95987462','antonio.baptista@atomo.co.ao',NULL,'929916942',NULL,NULL,NULL,NULL,NULL,NULL,NULL,'1','2024-09-04 09:55:32','2024-09-04 09:55:32','2024-09-04','2024-09-11'),(8,'AtomoLima','0578512369810','constantinoul7@gmail.com',NULL,'929916942',NULL,NULL,NULL,NULL,NULL,NULL,NULL,'1','2024-09-04 10:01:39','2024-09-04 10:01:39','2024-09-04','2024-09-11'),(9,'AtomoLimas','05785123698','constantinoul@gmail.com',NULL,'929916942',NULL,NULL,NULL,NULL,NULL,NULL,NULL,'1','2024-09-04 10:05:23','2024-09-04 10:05:23','2024-09-04','2024-09-11'),(10,'AtmoLimas','0785123698','consantinoul@gmail.com',NULL,'929916942',NULL,NULL,NULL,NULL,NULL,NULL,NULL,'1','2024-09-04 10:07:56','2024-09-04 10:07:56','2024-09-04','2024-09-11'),(11,'UNIKAMBAS -SOLUÇÕES TECNOLOGICAS','5000907537','unikambas@gmail.com',NULL,'932098814','Otiniel Mivo',NULL,NULL,NULL,NULL,NULL,NULL,'1','2024-09-25 09:29:47','2024-09-25 09:29:47','2024-09-25','2024-10-02'),(12,'Banduenga piscinas, Lda','5001392298','claudiomanuelbunga04@gmail.com',NULL,'927429399','Claúdio Bunga',NULL,NULL,NULL,NULL,NULL,NULL,'1','2024-09-25 12:39:57','2024-09-25 12:39:57','2024-09-25','2024-10-02'),(13,'Eva','006432180KS048','manueldomingos7890@gmail.com',NULL,'123456','Domingos Manuel',NULL,NULL,NULL,NULL,NULL,NULL,'1','2024-09-25 15:39:55','2024-09-25 15:39:55','2024-09-25','2024-10-02'),(14,'Ponto Star','5000537314','nelsonandrebomba@gmail.com',NULL,'922810410','Nelson Francisco',NULL,NULL,NULL,NULL,NULL,NULL,'1','2024-09-27 23:19:32','2024-09-27 23:19:32','2024-09-28','2024-10-05'),(15,'Rivs Comercio e Serviços','5000013552','Geral.rivs.lda@gmail.com',NULL,'925387374','Maria Sebastiao',NULL,NULL,NULL,NULL,NULL,NULL,'1','2024-10-02 10:55:13','2024-10-02 10:55:13','2024-10-02','2024-10-09'),(16,'7voltas su lda','5417430226','7voltas.servicos@gmail.com',NULL,'924209670','Vlaudimiro Pequenino',NULL,NULL,NULL,NULL,NULL,NULL,'1','2024-10-02 18:34:30','2024-10-02 18:34:30','2024-10-02','2024-10-09'),(17,'Kessenge & Irmãos, Lda','5000798990','arichingolo71@hotmail.com',NULL,'928299926','Aristides Chingolo',NULL,NULL,NULL,NULL,NULL,NULL,'1','2024-10-07 16:24:13','2024-10-07 16:24:13','2024-10-07','2024-10-14'),(18,'Atomo Log','123456789','herlander00@gmail.com',NULL,'+5548991272859','Herlander',NULL,NULL,NULL,NULL,NULL,NULL,'1','2024-10-09 20:37:41','2024-10-09 20:37:41','2024-10-09','2024-10-16'),(19,'teste','912893289','osvaldogui744@gmail.com',NULL,'930649899','gui',NULL,NULL,NULL,NULL,NULL,NULL,'1','2024-10-15 11:29:25','2024-10-15 11:29:25','2024-10-15','2024-10-22'),(20,'D&S, Lda','5402126054','pascoalngola@gmail.com','1002183115.jpg','923897683','Pascoal Ngola',NULL,NULL,NULL,NULL,NULL,NULL,'1','2024-10-15 16:12:09','2024-10-17 16:08:12','2024-10-15','2024-10-22'),(21,'ANJ Express','5001977725','nelsonmorais250@gmail.com',NULL,'945513331','Nelson João',NULL,NULL,NULL,NULL,NULL,NULL,'1','2024-10-16 04:09:57','2024-10-16 04:09:57','2024-10-16','2024-10-23'),(22,'CARMARGIB LDA','5000723932','carmargib2022@gmail.com',NULL,'923471030','Carlos Gazola',NULL,NULL,NULL,NULL,NULL,NULL,'1','2024-10-16 08:25:04','2024-10-16 08:25:04','2024-10-16','2024-10-23'),(23,'AIPA INOVARE','5001603113','aipainovare863@gmail.com',NULL,'945467173','Samuel Paxe',NULL,NULL,NULL,NULL,NULL,NULL,'1','2024-10-16 08:26:24','2024-10-16 08:26:24','2024-10-16','2024-10-23'),(24,'Exe. Mining Eventos','5403104240','chelseaganga.bumbar@gmail.com',NULL,'9025078563','Sebastião Panzo',NULL,NULL,NULL,NULL,NULL,NULL,'1','2024-10-16 08:30:58','2024-10-16 08:30:58','2024-10-16','2024-10-23'),(25,'Oryzon Angola','5417579165','nmonteirinho401@gmail.com',NULL,'922284853','José Monteiro',NULL,NULL,NULL,NULL,NULL,NULL,'1','2024-10-17 10:56:38','2024-10-17 10:56:38','2024-10-17','2024-10-24'),(26,'Atomo','006327756la045','valdieldstyfler@gmail.com',NULL,'931522309','Geroncio',NULL,NULL,NULL,NULL,NULL,NULL,'1','2024-10-17 12:19:14','2024-10-17 12:19:14','2024-10-17','2024-10-24'),(27,'Fs.palanca','5000759422','sampaiopalanca46@gmail.com',NULL,'923372956','Francisco Palanca',NULL,NULL,NULL,NULL,NULL,NULL,'1','2024-10-17 14:31:27','2024-10-17 14:31:27','2024-10-17','2024-10-24'),(28,'PJM Service Lda','5417016128','pjmservicelda@gmail.com',NULL,'923439126','Paulo Fernandes',NULL,NULL,NULL,NULL,NULL,NULL,'1','2024-10-30 07:12:58','2024-10-30 07:12:58','2024-10-30','2024-11-06');
/*!40000 ALTER TABLE `companies` ENABLE KEYS */;
UNLOCK TABLES;

--
-- Table structure for table `departaments`
--

DROP TABLE IF EXISTS `departaments`;
/*!40101 SET @saved_cs_client     = @@character_set_client */;
/*!40101 SET character_set_client = utf8 */;
CREATE TABLE `departaments` (
  `id` bigint(20) unsigned NOT NULL AUTO_INCREMENT,
  `companie_id` bigint(20) unsigned NOT NULL,
  `designation` varchar(255) NOT NULL,
  `status` enum('0','1') NOT NULL DEFAULT '1' COMMENT 'status: 0=>disabled, 1=>enabled',
  `created_at` timestamp NULL DEFAULT NULL,
  `updated_at` timestamp NULL DEFAULT NULL,
  PRIMARY KEY (`id`)
) ENGINE=InnoDB AUTO_INCREMENT=180 DEFAULT CHARSET=utf8mb4 COLLATE=utf8mb4_unicode_ci;
/*!40101 SET character_set_client = @saved_cs_client */;

--
-- Dumping data for table `departaments`
--

LOCK TABLES `departaments` WRITE;
/*!40000 ALTER TABLE `departaments` DISABLE KEYS */;
INSERT INTO `departaments` VALUES (1,1,'Administrativo','1','2024-08-12 07:29:02','2024-08-12 07:29:02'),(2,1,'Recursos Humanos','1','2024-08-12 07:29:02','2024-08-12 07:29:02'),(3,1,'Financeiro','1','2024-08-12 07:29:02','2024-08-12 07:29:02'),(4,1,'Marketing','1','2024-08-12 07:29:02','2024-08-12 07:29:02'),(5,1,'Vendas','1','2024-08-12 07:29:02','2024-08-12 07:29:02'),(6,1,'Tecnologia da Informação','1','2024-08-12 07:29:02','2024-08-12 07:29:02'),(7,2,'Administrativo','1','2024-08-12 07:34:14','2024-08-12 07:34:14'),(11,2,'Marketing','1','2024-08-12 07:34:14','2024-08-12 07:34:14'),(12,2,'Tecnologia da Informação','1','2024-08-12 07:34:14','2024-08-12 07:34:14'),(19,4,'Administrativo','1','2024-08-26 08:52:09','2024-08-26 08:52:09'),(20,4,'Recursos Humanos','1','2024-08-26 08:52:09','2024-08-26 08:52:09'),(21,4,'Financeiro','1','2024-08-26 08:52:09','2024-08-26 08:52:09'),(22,4,'Marketing','1','2024-08-26 08:52:09','2024-08-26 08:52:09'),(23,4,'Vendas','1','2024-08-26 08:52:10','2024-08-26 08:52:10'),(24,4,'Tecnologia da Informação','1','2024-08-26 08:52:10','2024-08-26 08:52:10'),(25,5,'Administrativo','1','2024-08-30 14:24:52','2024-08-30 14:24:52'),(26,5,'Recursos Humanos','1','2024-08-30 14:24:52','2024-08-30 14:24:52'),(27,5,'Financeiro','1','2024-08-30 14:24:52','2024-08-30 14:24:52'),(28,5,'Marketing','1','2024-08-30 14:24:52','2024-08-30 14:24:52'),(29,5,'Vendas','1','2024-08-30 14:24:52','2024-08-30 14:24:52'),(30,5,'Tecnologia da Informação','1','2024-08-30 14:24:52','2024-08-30 14:24:52'),(31,6,'Administrativo','1','2024-08-30 14:28:23','2024-08-30 14:28:23'),(32,6,'Recursos Humanos','1','2024-08-30 14:28:23','2024-08-30 14:28:23'),(33,6,'Financeiro','1','2024-08-30 14:28:23','2024-08-30 14:28:23'),(34,6,'Marketing','1','2024-08-30 14:28:23','2024-08-30 14:28:23'),(35,6,'Vendas','1','2024-08-30 14:28:23','2024-08-30 14:28:23'),(36,6,'Tecnologia da Informação','1','2024-08-30 14:28:23','2024-08-30 14:28:23'),(37,7,'Administrativo','1','2024-09-04 09:55:33','2024-09-04 09:55:33'),(38,7,'Recursos Humanos','1','2024-09-04 09:55:33','2024-09-04 09:55:33'),(39,7,'Financeiro','1','2024-09-04 09:55:33','2024-09-04 09:55:33'),(40,7,'Marketing','1','2024-09-04 09:55:33','2024-09-04 09:55:33'),(41,7,'Vendas','1','2024-09-04 09:55:33','2024-09-04 09:55:33'),(42,7,'Tecnologia da Informação','1','2024-09-04 09:55:33','2024-09-04 09:55:33'),(43,8,'Administrativo','1','2024-09-04 10:01:40','2024-09-04 10:01:40'),(44,8,'Recursos Humanos','1','2024-09-04 10:01:40','2024-09-04 10:01:40'),(45,8,'Financeiro','1','2024-09-04 10:01:40','2024-09-04 10:01:40'),(46,8,'Marketing','1','2024-09-04 10:01:40','2024-09-04 10:01:40'),(47,8,'Vendas','1','2024-09-04 10:01:40','2024-09-04 10:01:40'),(48,8,'Tecnologia da Informação','1','2024-09-04 10:01:40','2024-09-04 10:01:40'),(49,9,'Administrativo','1','2024-09-04 10:05:24','2024-09-04 10:05:24'),(50,9,'Recursos Humanos','1','2024-09-04 10:05:24','2024-09-04 10:05:24'),(51,9,'Financeiro','1','2024-09-04 10:05:24','2024-09-04 10:05:24'),(52,9,'Marketing','1','2024-09-04 10:05:24','2024-09-04 10:05:24'),(53,9,'Vendas','1','2024-09-04 10:05:24','2024-09-04 10:05:24'),(54,9,'Tecnologia da Informação','1','2024-09-04 10:05:24','2024-09-04 10:05:24'),(55,10,'Administrativo','1','2024-09-04 10:07:57','2024-09-04 10:07:57'),(56,10,'Recursos Humanos','1','2024-09-04 10:07:58','2024-09-04 10:07:58'),(57,10,'Financeiro','1','2024-09-04 10:07:58','2024-09-04 10:07:58'),(58,10,'Marketing','1','2024-09-04 10:07:58','2024-09-04 10:07:58'),(59,10,'Vendas','1','2024-09-04 10:07:58','2024-09-04 10:07:58'),(60,10,'Tecnologia da Informação','1','2024-09-04 10:07:58','2024-09-04 10:07:58'),(61,2,'Serviços Gerais','1','2024-09-20 12:44:45','2024-09-20 12:44:45'),(63,2,'Departamento de Vendas e Captação de Clientes','1','2024-09-20 12:59:13','2024-09-20 12:59:13'),(64,2,'Direcção de Administração e Finanças','1','2024-09-20 13:00:48','2024-09-20 13:00:48'),(65,2,'Departamento de Recursos Humanos','1','2024-09-20 13:07:02','2024-09-20 13:07:02'),(66,2,'Departamento Jurídico','1','2024-09-21 09:14:09','2024-09-21 09:14:09'),(67,2,'Departamento Jurídico','1','2024-09-21 09:15:15','2024-09-21 09:15:15'),(69,11,'Administrativo','1','2024-09-25 09:29:48','2024-09-25 09:29:48'),(70,11,'Recursos Humanos','1','2024-09-25 09:29:48','2024-09-25 09:29:48'),(71,11,'Financeiro','1','2024-09-25 09:29:48','2024-09-25 09:29:48'),(72,11,'Marketing','1','2024-09-25 09:29:48','2024-09-25 09:29:48'),(73,11,'Vendas','1','2024-09-25 09:29:48','2024-09-25 09:29:48'),(74,11,'Tecnologia da Informação','1','2024-09-25 09:29:49','2024-09-25 09:29:49'),(75,12,'Administrativo','1','2024-09-25 12:39:58','2024-09-25 12:39:58'),(76,12,'Recursos Humanos','1','2024-09-25 12:39:58','2024-09-25 12:39:58'),(77,12,'Financeiro','1','2024-09-25 12:39:58','2024-09-25 12:39:58'),(78,12,'Marketing','1','2024-09-25 12:39:58','2024-09-25 12:39:58'),(79,12,'Vendas','1','2024-09-25 12:39:59','2024-09-25 12:39:59'),(80,12,'Tecnologia da Informação','1','2024-09-25 12:39:59','2024-09-25 12:39:59'),(81,13,'Administrativo','1','2024-09-25 15:39:56','2024-09-25 15:39:56'),(82,13,'Recursos Humanos','1','2024-09-25 15:39:56','2024-09-25 15:39:56'),(83,13,'Financeiro','1','2024-09-25 15:39:56','2024-09-25 15:39:56'),(84,13,'Marketing','1','2024-09-25 15:39:56','2024-09-25 15:39:56'),(85,13,'Vendas','1','2024-09-25 15:39:56','2024-09-25 15:39:56'),(86,13,'Tecnologia da Informação','1','2024-09-25 15:39:56','2024-09-25 15:39:56'),(87,14,'Administrativo','1','2024-09-27 23:19:34','2024-09-27 23:19:34'),(88,14,'Recursos Humanos','1','2024-09-27 23:19:34','2024-09-27 23:19:34'),(89,14,'Financeiro','1','2024-09-27 23:19:34','2024-09-27 23:19:34'),(90,14,'Marketing','1','2024-09-27 23:19:34','2024-09-27 23:19:34'),(91,14,'Vendas','1','2024-09-27 23:19:34','2024-09-27 23:19:34'),(92,14,'Tecnologia da Informação','1','2024-09-27 23:19:34','2024-09-27 23:19:34'),(93,15,'Administrativo','1','2024-10-02 10:55:15','2024-10-02 10:55:15'),(94,15,'Recursos Humanos','1','2024-10-02 10:55:15','2024-10-02 10:55:15'),(95,15,'Financeiro','1','2024-10-02 10:55:15','2024-10-02 10:55:15'),(96,15,'Marketing','1','2024-10-02 10:55:15','2024-10-02 10:55:15'),(97,15,'Vendas','1','2024-10-02 10:55:15','2024-10-02 10:55:15'),(98,15,'Tecnologia da Informação','1','2024-10-02 10:55:16','2024-10-02 10:55:16'),(99,16,'Administrativo','1','2024-10-02 18:34:32','2024-10-02 18:34:32'),(100,16,'Recursos Humanos','1','2024-10-02 18:34:32','2024-10-02 18:34:32'),(101,16,'Financeiro','1','2024-10-02 18:34:32','2024-10-02 18:34:32'),(102,16,'Marketing','1','2024-10-02 18:34:32','2024-10-02 18:34:32'),(103,16,'Vendas','1','2024-10-02 18:34:33','2024-10-02 18:34:33'),(104,16,'Tecnologia da Informação','1','2024-10-02 18:34:33','2024-10-02 18:34:33'),(105,17,'Administrativo','1','2024-10-07 16:24:14','2024-10-07 16:24:14'),(106,17,'Recursos Humanos','1','2024-10-07 16:24:14','2024-10-07 16:24:14'),(107,17,'Financeiro','1','2024-10-07 16:24:14','2024-10-07 16:24:14'),(108,17,'Marketing','1','2024-10-07 16:24:14','2024-10-07 16:24:14'),(109,17,'Vendas','1','2024-10-07 16:24:14','2024-10-07 16:24:14'),(110,17,'Tecnologia da Informação','1','2024-10-07 16:24:14','2024-10-07 16:24:14'),(111,18,'Administrativo','1','2024-10-09 20:37:43','2024-10-09 20:37:43'),(112,18,'Recursos Humanos','1','2024-10-09 20:37:43','2024-10-09 20:37:43'),(113,18,'Financeiro','1','2024-10-09 20:37:43','2024-10-09 20:37:43'),(114,18,'Marketing','1','2024-10-09 20:37:43','2024-10-09 20:37:43'),(115,18,'Vendas','1','2024-10-09 20:37:43','2024-10-09 20:37:43'),(116,18,'Tecnologia da Informação','1','2024-10-09 20:37:43','2024-10-09 20:37:43'),(117,19,'Administrativo','1','2024-10-15 11:29:26','2024-10-15 11:29:26'),(118,19,'Recursos Humanos','1','2024-10-15 11:29:26','2024-10-15 11:29:26'),(119,19,'Financeiro','1','2024-10-15 11:29:26','2024-10-15 11:29:26'),(120,19,'Marketing','1','2024-10-15 11:29:26','2024-10-15 11:29:26'),(121,19,'Vendas','1','2024-10-15 11:29:26','2024-10-15 11:29:26'),(122,19,'Tecnologia da Informação','1','2024-10-15 11:29:27','2024-10-15 11:29:27'),(123,20,'Administrativo','1','2024-10-15 16:12:10','2024-10-15 16:12:10'),(124,20,'Recursos Humanos','1','2024-10-15 16:12:11','2024-10-15 16:12:11'),(125,20,'Financeiro','1','2024-10-15 16:12:11','2024-10-15 16:12:11'),(126,20,'Marketing','1','2024-10-15 16:12:11','2024-10-15 16:12:11'),(127,20,'Vendas','1','2024-10-15 16:12:11','2024-10-15 16:12:11'),(128,20,'Tecnologia da Informação','1','2024-10-15 16:12:11','2024-10-15 16:12:11'),(129,21,'Administrativo','1','2024-10-16 04:09:59','2024-10-16 04:09:59'),(130,21,'Recursos Humanos','1','2024-10-16 04:09:59','2024-10-16 04:09:59'),(131,21,'Financeiro','1','2024-10-16 04:09:59','2024-10-16 04:09:59'),(132,21,'Marketing','1','2024-10-16 04:09:59','2024-10-16 04:09:59'),(133,21,'Vendas','1','2024-10-16 04:09:59','2024-10-16 04:09:59'),(134,21,'Tecnologia da Informação','1','2024-10-16 04:09:59','2024-10-16 04:09:59'),(135,22,'Administrativo','1','2024-10-16 08:25:05','2024-10-16 08:25:05'),(136,22,'Recursos Humanos','1','2024-10-16 08:25:05','2024-10-16 08:25:05'),(137,22,'Financeiro','1','2024-10-16 08:25:05','2024-10-16 08:25:05'),(138,22,'Marketing','1','2024-10-16 08:25:05','2024-10-16 08:25:05'),(139,22,'Vendas','1','2024-10-16 08:25:05','2024-10-16 08:25:05'),(140,22,'Tecnologia da Informação','1','2024-10-16 08:25:05','2024-10-16 08:25:05'),(141,23,'Administrativo','1','2024-10-16 08:26:25','2024-10-16 08:26:25'),(142,23,'Recursos Humanos','1','2024-10-16 08:26:25','2024-10-16 08:26:25'),(143,23,'Financeiro','1','2024-10-16 08:26:25','2024-10-16 08:26:25'),(144,23,'Marketing','1','2024-10-16 08:26:25','2024-10-16 08:26:25'),(145,23,'Vendas','1','2024-10-16 08:26:25','2024-10-16 08:26:25'),(146,23,'Tecnologia da Informação','1','2024-10-16 08:26:25','2024-10-16 08:26:25'),(147,24,'Administrativo','1','2024-10-16 08:30:59','2024-10-16 08:30:59'),(148,24,'Recursos Humanos','1','2024-10-16 08:30:59','2024-10-16 08:30:59'),(149,24,'Financeiro','1','2024-10-16 08:30:59','2024-10-16 08:30:59'),(150,24,'Marketing','1','2024-10-16 08:30:59','2024-10-16 08:30:59'),(151,24,'Vendas','1','2024-10-16 08:30:59','2024-10-16 08:30:59'),(152,24,'Tecnologia da Informação','1','2024-10-16 08:30:59','2024-10-16 08:30:59'),(153,25,'Administrativo','1','2024-10-17 10:56:40','2024-10-17 10:56:40'),(154,25,'Recursos Humanos','1','2024-10-17 10:56:40','2024-10-17 10:56:40'),(155,25,'Financeiro','1','2024-10-17 10:56:40','2024-10-17 10:56:40'),(156,25,'Marketing','1','2024-10-17 10:56:40','2024-10-17 10:56:40'),(157,25,'Vendas','1','2024-10-17 10:56:40','2024-10-17 10:56:40'),(158,25,'Tecnologia da Informação','1','2024-10-17 10:56:40','2024-10-17 10:56:40'),(159,26,'Administrativo','1','2024-10-17 12:19:15','2024-10-17 12:19:15'),(160,26,'Recursos Humanos','1','2024-10-17 12:19:16','2024-10-17 12:19:16'),(161,26,'Financeiro','1','2024-10-17 12:19:16','2024-10-17 12:19:16'),(162,26,'Marketing','1','2024-10-17 12:19:16','2024-10-17 12:19:16'),(163,26,'Vendas','1','2024-10-17 12:19:16','2024-10-17 12:19:16'),(164,26,'Tecnologia da Informação','1','2024-10-17 12:19:16','2024-10-17 12:19:16'),(165,27,'Administrativo','1','2024-10-17 14:31:28','2024-10-17 14:31:28'),(166,27,'Recursos Humanos','1','2024-10-17 14:31:28','2024-10-17 14:31:28'),(167,27,'Financeiro','1','2024-10-17 14:31:28','2024-10-17 14:31:28'),(168,27,'Marketing','1','2024-10-17 14:31:28','2024-10-17 14:31:28'),(169,27,'Vendas','1','2024-10-17 14:31:28','2024-10-17 14:31:28'),(170,27,'Tecnologia da Informação','1','2024-10-17 14:31:28','2024-10-17 14:31:28'),(171,1,'Professor','1','2024-10-29 13:25:18','2024-10-29 13:25:18'),(172,28,'Administrativo','1','2024-10-30 07:12:58','2024-10-30 07:12:58'),(173,28,'Recursos Humanos','1','2024-10-30 07:12:58','2024-10-30 07:12:58'),(174,28,'Financeiro','1','2024-10-30 07:12:58','2024-10-30 07:12:58'),(175,28,'Marketing','1','2024-10-30 07:12:58','2024-10-30 07:12:58'),(176,28,'Vendas','1','2024-10-30 07:12:58','2024-10-30 07:12:58'),(177,28,'Tecnologia da Informação','1','2024-10-30 07:12:58','2024-10-30 07:12:58'),(178,22,'CONSTRUÇÃO CIVIL','1','2024-11-04 17:08:51','2024-11-04 17:08:51'),(179,22,'LIMPEZA E HIGIENE','1','2024-11-04 17:09:23','2024-11-04 17:09:23');
/*!40000 ALTER TABLE `departaments` ENABLE KEYS */;
UNLOCK TABLES;

--
-- Table structure for table `discounts`
--

DROP TABLE IF EXISTS `discounts`;
/*!40101 SET @saved_cs_client     = @@character_set_client */;
/*!40101 SET character_set_client = utf8 */;
CREATE TABLE `discounts` (
  `id` bigint(20) unsigned NOT NULL AUTO_INCREMENT,
  `companie_id` bigint(20) unsigned NOT NULL,
  `designation` varchar(255) NOT NULL,
  `amount` varchar(30) NOT NULL,
  `status` enum('0','1') NOT NULL DEFAULT '1' COMMENT 'status: 0=>disabled, 1=>enabled',
  `created_at` timestamp NULL DEFAULT NULL,
  `updated_at` timestamp NULL DEFAULT NULL,
  PRIMARY KEY (`id`)
) ENGINE=InnoDB AUTO_INCREMENT=9 DEFAULT CHARSET=utf8mb4 COLLATE=utf8mb4_unicode_ci;
/*!40101 SET character_set_client = @saved_cs_client */;

--
-- Dumping data for table `discounts`
--

LOCK TABLES `discounts` WRITE;
/*!40000 ALTER TABLE `discounts` DISABLE KEYS */;
INSERT INTO `discounts` VALUES (1,1,'Atraso','15.000,00','1','2024-08-16 12:02:08','2024-08-16 12:02:08'),(2,11,'Atrasos','1.000,00','1','2024-09-30 09:57:13','2024-09-30 09:57:13'),(3,15,'Falta','5.666,66','1','2024-10-02 11:41:59','2024-10-02 11:41:59'),(4,15,'INSS','5.100,00','1','2024-10-02 11:44:32','2024-10-02 11:44:32'),(5,22,'FALTA INJUSTIFICADA 1','11.538,00','1','2024-11-07 12:28:21','2024-11-07 12:28:21'),(6,22,'FALTA INJUSTIFICADA 2','1.538,00','1','2024-11-07 12:30:02','2024-11-07 12:30:02'),(7,22,'FALTA INJUSTIFICADA 3','3.077,00','1','2024-11-07 12:30:58','2024-11-07 12:30:58'),(8,22,'FALTA INJUSTIFICADA 4','3.846,00','1','2024-11-07 12:31:48','2024-11-07 12:31:48');
/*!40000 ALTER TABLE `discounts` ENABLE KEYS */;
UNLOCK TABLES;

--
-- Table structure for table `employees`
--

DROP TABLE IF EXISTS `employees`;
/*!40101 SET @saved_cs_client     = @@character_set_client */;
/*!40101 SET character_set_client = utf8 */;
CREATE TABLE `employees` (
  `id` bigint(20) unsigned NOT NULL AUTO_INCREMENT,
  `companie_id` bigint(20) unsigned NOT NULL,
  `departament_id` bigint(20) unsigned NOT NULL,
  `funtion_id` bigint(20) unsigned NOT NULL,
  `user_id` bigint(20) unsigned DEFAULT NULL,
  `user_name` varchar(255) DEFAULT NULL,
  `name` varchar(255) NOT NULL,
  `email` varchar(255) DEFAULT NULL,
  `identity` varchar(255) NOT NULL,
  `salary` varchar(255) NOT NULL,
  `dateOfBirth` varchar(255) NOT NULL,
  `entryDate` varchar(255) NOT NULL,
  `endDate` varchar(255) DEFAULT NULL,
  `type` enum('Estagiario','Efetivo','Terceirizado') NOT NULL DEFAULT 'Efetivo' COMMENT 'Tipo do funcionario',
  `gender` enum('M','F') NOT NULL DEFAULT 'M' COMMENT 'status: 0=>disabled, 1=>enabled',
  `status` enum('0','1') NOT NULL DEFAULT '1' COMMENT 'status: 0=>disabled, 1=>enabled',
  `created_at` timestamp NULL DEFAULT NULL,
  `updated_at` timestamp NULL DEFAULT NULL,
  PRIMARY KEY (`id`),
  UNIQUE KEY `employees_identity_unique` (`identity`),
  UNIQUE KEY `employees_email_unique` (`email`)
) ENGINE=InnoDB AUTO_INCREMENT=73 DEFAULT CHARSET=utf8mb4 COLLATE=utf8mb4_unicode_ci;
/*!40101 SET character_set_client = @saved_cs_client */;

--
-- Dumping data for table `employees`
--

LOCK TABLES `employees` WRITE;
/*!40000 ALTER TABLE `employees` DISABLE KEYS */;
INSERT INTO `employees` VALUES (1,1,3,8,1,'Usuario','Toma','antonio.baptista@atomo.co.ao','0578512365010','50.000,00','2024-08-07','2024-08-05','2024-08-12','Terceirizado','M','1','2024-08-16 11:38:07','2024-08-16 12:17:40'),(2,1,4,11,1,'Usuario','Gonçalves Nhanga','goncalves.nhanga09@gmail.com','54t678364578','200.000,00','1999-01-08','2024-08-16','2024-08-30','Terceirizado','M','1','2024-08-16 11:57:49','2024-08-18 12:18:39'),(3,1,1,1,1,'Usuario','Mondinho Periquito','mperiquito@officeone.co.ao','1320000UE288','300.000,00','1979-01-05','2019-01-01',NULL,'Efetivo','M','1','2024-08-19 08:44:38','2024-08-19 08:48:40'),(4,1,1,1,8,'Constantino Ulima','Antonio Simão','antoniosimao2004@gmail.com','00000000000HO0000','1.000.000,00','1900-08-08','2024-08-22','2024-08-30','Efetivo','M','1','2024-08-29 08:21:34','2024-08-29 08:21:34'),(5,2,11,35,4,'Josefina Beatriz Bonga','Alione Edmar Simão De Carvalho','alione@sageub.net','25','250.000,00','1999-12-19','2024-08-22',NULL,'Efetivo','M','1','2024-09-20 12:08:45','2024-10-18 09:54:42'),(6,11,69,198,15,'Otiniel Mivo','OTINIEL FRANCISCO MIVO','unikambas@gmail.com','00120814LA036','150.000,00','1986-03-04','2023-12-01','2029-12-01','Efetivo','M','1','2024-09-25 09:51:50','2024-09-25 09:51:50'),(7,12,75,214,16,'Claúdio Bunga','Banduenga piscinas, Lda','banduengapiscina1lda@gmail.com','5001392298','286.000,00','2023-01-20','2024-01-04','2030-03-14','Efetivo','M','1','2024-09-25 13:28:53','2024-09-25 13:28:53'),(8,15,93,283,20,'Maria Sebastiao','Maria Sebastiao','mavita24@gmail.com','000557254LA033','170.000,00','1984-08-24','2018-03-18',NULL,'Efetivo','F','1','2024-10-02 11:01:53','2024-10-02 11:01:53'),(9,17,106,322,22,'Aristides Chingolo','Aristides Bento Camboa Filipe Chingolo','arichingolo71@hotmail.com','000143227BA025','250.000,00','1971-07-24','2022-08-02','2028-08-02','Efetivo','M','1','2024-10-07 16:27:00','2024-10-07 16:27:00'),(10,14,87,264,18,'Nelson Francisco','Nelson Francisco','nelsonandrebomba@gmail.com','32','250.000,00','1992-04-12','2021-02-01','2037-02-12','Efetivo','M','1','2024-10-08 08:43:32','2024-10-08 08:43:32'),(11,2,7,20,3,'Pablo Paez','Geronicio','atomo2@atomo.co.ao','005742157','50.000,00','2024-10-14','2024-10-06','2024-10-11','Estagiario','M','0','2024-10-09 07:54:03','2024-10-23 06:08:22'),(12,18,114,348,23,'Herlander','Herlander','herlander.caseiro@vallorabeneficios.com.br','112233445566','7.543,43','1996-08-31','2024-02-01','2025-02-01','Efetivo','M','1','2024-10-09 20:41:31','2024-10-09 20:41:31'),(13,24,149,458,29,'Sebastião Panzo','exe','chelseaganga.bumbar@gmail.com','5403104240','120.000,00','1998-01-09','2020-09-13',NULL,'Efetivo','M','1','2024-10-16 08:33:09','2024-10-16 08:33:09'),(14,22,135,413,27,'Carlos Gazola','Carlos Valodia Faustino Gazola','valgazola@hotmail.com','000078009LA036','1.000.000,00','1975-10-24','2021-02-01','2030-12-31','Efetivo','M','1','2024-10-16 09:29:19','2024-11-06 14:32:49'),(15,20,123,377,25,'Pascoal Ngola','PASCOAL SAMUEL MUCONGO NGOLA','pascoalngola@gmail.com','35','95.000,00','1989-08-23','2021-09-21',NULL,'Efetivo','M','1','2024-10-16 11:26:02','2024-10-17 15:08:26'),(16,2,7,194,4,'Josefina Beatriz Bonga','TERESA CHILOMBO CAPOCO LUÍS','teresa@sageub.net','24','250.000,00','2000-08-28','2024-07-01',NULL,'Efetivo','F','1','2024-10-18 09:56:25','2024-10-18 09:56:25'),(17,2,7,22,4,'Josefina Beatriz Bonga','FELICIANA MUTALIFANGE ZEFERINO','felicianazeferina@sageub.net','30','400.000,00','1993-11-24','2022-01-01',NULL,'Efetivo','F','1','2024-10-21 07:15:40','2024-10-21 07:15:40'),(18,2,67,527,4,'Josefina Beatriz Bonga','MEURY CUTENBA YOMI ERNESTO','meuryernesto@sageub.net','22','125.000,00','2002-07-14','2022-01-01',NULL,'Efetivo','F','1','2024-10-21 07:26:26','2024-10-21 07:26:26'),(19,2,67,527,4,'Josefina Beatriz Bonga','LUCAS CACHIPIA SUNGULESSI','lucassungulessi@gmail.com','36','250.000,00','1988-05-09','2022-01-01',NULL,'Efetivo','M','1','2024-10-21 07:30:26','2024-10-21 07:30:26'),(32,2,64,531,4,'Josefina Beatriz Bonga','MAURA CANDUMBO CONTREIRA','maura@sageub.net','29','350.000,00','1995-06-16','2024-04-01',NULL,'Efetivo','F','1','2024-10-21 08:16:37','2024-10-21 08:16:37'),(37,26,159,489,31,'Geroncio','Valdimiro Domingos','valdieldstyfler@gmail.com','006327756la045','200.000,00','20002-08-20','2222-02-22','0222-02-22','Efetivo','M','1','2024-10-21 15:16:15','2024-10-22 13:58:40'),(40,26,159,489,31,'Geroncio','Valdimiro Domingos','salves@gmail.com','99','200.000,00','1111-11-11','1111-11-11','1222-11-11','Efetivo','M','1','2024-10-22 13:40:31','2024-10-22 13:40:31'),(44,26,159,489,31,'Geroncio','Angelina Manuela de Sousa','ange@gmail.com','9932','200.000,00','22222-02-22','2222-02-22','2222-02-22','Efetivo','M','1','2024-10-22 14:36:29','2024-10-22 14:36:29'),(45,2,67,527,2,'Feliciana Zeferino','Angelina Manuela de Sousa','aura@gmail.com','101','200.000,00','2222-02-22','0222-02-22','0222-02-22','Efetivo','M','0','2024-10-22 14:37:54','2024-10-22 14:37:58'),(46,2,11,33,2,'Feliciana Zeferino','Constantino  Camdumbo Ulima','rosa@gmail.com','3456','5.000.000,00','2024-10-03','2024-10-25','2024-10-25','Estagiario','M','0','2024-10-22 14:38:54','2024-10-22 14:43:17'),(53,1,4,18,8,'Constantino Ulima','Ang','gngh@gmail.com','36774t74','3.000.000,00','2024-10-25','2024-10-23',NULL,'Estagiario','M','0','2024-10-24 08:03:42','2024-10-24 08:04:08'),(55,2,61,191,2,'Feliciana Zeferino','LEANDRA TANDELA LEAL','leandratandelaleal@gmail.com','003416416LA034','100.000,00','1992-01-25','2024-01-01',NULL,'Efetivo','F','0','2024-10-25 09:56:51','2024-10-25 09:58:05'),(56,1,1,1,8,'Constantino Ulima','Elsa Caulo','nhangag38@gmail.com','0000000000000LO0000','120.000,00','2024-10-29','2024-10-29','2024-10-31','Efetivo','F','1','2024-10-29 13:17:10','2024-10-29 13:17:10'),(57,22,178,552,27,'Carlos Gazola','SILVIO DOS ANJOS ANTONIO DOMINGOS','carmargib2022@gmail.com','0000567789LA001','80.000,00','1999-09-01','2024-08-01','2024-12-31','Efetivo','M','1','2024-11-06 14:22:07','2024-11-06 14:29:12'),(58,22,178,553,27,'Carlos Gazola','AMUINENDE JOAO PINTO','nende_pinto88@hotmail.com','000567789LA001','300.000,00','1980-09-09','2024-08-01','2024-12-31','Efetivo','M','1','2024-11-06 14:46:41','2024-11-06 14:46:41'),(59,22,178,554,27,'Carlos Gazola','MARIO KOMBA VELA','mariovela@gmail.com','000567789LA002','100.000,00','1987-09-08','2024-08-01','2024-12-31','Efetivo','M','1','2024-11-06 14:55:56','2024-11-06 14:55:56'),(60,22,178,556,27,'Carlos Gazola','MATIAS SOMA MUNGONGO','matiamungongo@hotmail.com','000567789LA003','80.000,00','1989-07-09','2024-08-01','2024-12-31','Efetivo','M','1','2024-11-06 14:58:30','2024-11-06 14:58:30'),(61,22,178,555,27,'Carlos Gazola','PEDRO DOS SANTOS FREITAS','pedrofreitas@gmail.com','000567789LA004','100.000,00','1968-04-07','2024-09-01','2024-12-31','Efetivo','M','1','2024-11-06 15:07:24','2024-11-06 15:07:24'),(62,22,178,558,27,'Carlos Gazola','FERNANDO WACAHAMBA WAPOTA','fernando@gmail.com','000567789LA005','80.000,00','1989-12-30','2024-10-01','2024-12-31','Efetivo','M','1','2024-11-06 15:13:31','2024-11-06 15:13:31'),(63,22,178,552,27,'Carlos Gazola','MAURICIO ELMER TUTA ABRIGADA','mauriciotuta@gmail.com','000567789LA006','60.000,00','1995-12-09','2024-09-01','2024-12-31','Efetivo','M','1','2024-11-06 15:16:17','2024-11-06 15:24:36'),(64,22,178,557,27,'Carlos Gazola','ALBERTO ALBANO ZUNGUE','albertozungue@gmail.com','000567789LA007','40.000,00','2000-08-06','2024-08-01','2024-12-31','Efetivo','M','1','2024-11-06 15:27:43','2024-11-06 15:27:43'),(65,22,178,557,27,'Carlos Gazola','JOAO FARIA ERNESTO','joaoernesto@gmail.com','000567789LA008','40.000,00','2000-09-23','2024-08-01','2024-12-31','Efetivo','M','1','2024-11-06 15:30:45','2024-11-06 15:30:45'),(66,22,178,557,27,'Carlos Gazola','AFONSO JOAO CABANDA','afonsocabanda@gmail.com','000567789LA009','40.000,00','1998-08-01','2024-08-01','2024-12-31','Efetivo','M','1','2024-11-07 10:00:38','2024-11-07 10:00:38'),(67,22,178,557,27,'Carlos Gazola','EDUARDO CORREIA KIMUANI','eduardokimuani@gmail.com','000567789LA010','40.000,00','1990-07-12','2024-08-01','2024-12-31','Efetivo','M','1','2024-11-07 10:04:51','2024-11-07 10:04:51'),(68,22,178,557,27,'Carlos Gazola','JOSE ERNESTO','joseernesto@gmail.com','000567789LA011','40.000,00','1998-10-09','2024-08-01','2024-12-31','Efetivo','M','1','2024-11-07 10:07:05','2024-11-07 10:07:05'),(69,22,178,557,27,'Carlos Gazola','SEBASTIAO PINTO GONÇALVES','sebasgoncalves@gmail.com','000567789LA012','40.000,00','2000-09-04','2024-08-01','2024-12-31','Efetivo','M','1','2024-11-07 10:09:52','2024-11-07 10:09:52'),(70,22,178,557,27,'Carlos Gazola','ANTONIO JOÃO','antoniojoao@gmail.com','000567789LA013','40.000,00','2001-07-09','2024-08-01','2024-12-31','Efetivo','M','1','2024-11-07 10:12:47','2024-11-07 10:12:47'),(71,22,178,557,27,'Carlos Gazola','BENVINDO GABRIEL PAULO','benvindopaulo@gmail.com','000567789LA041','40.000,00','1999-09-08','2024-08-01','2024-12-31','Efetivo','M','1','2024-11-07 10:14:34','2024-11-07 10:14:34'),(72,22,178,559,27,'Carlos Gazola','MIRETE ESTEFANIA ANTONIO','mireteantonio@gmail.com','000567789LA034','40.000,00','2000-03-06','2024-10-01','2024-12-31','Efetivo','M','1','2024-11-07 10:17:46','2024-11-07 10:17:46');
/*!40000 ALTER TABLE `employees` ENABLE KEYS */;
UNLOCK TABLES;

--
-- Table structure for table `failed_jobs`
--

DROP TABLE IF EXISTS `failed_jobs`;
/*!40101 SET @saved_cs_client     = @@character_set_client */;
/*!40101 SET character_set_client = utf8 */;
CREATE TABLE `failed_jobs` (
  `id` bigint(20) unsigned NOT NULL AUTO_INCREMENT,
  `uuid` varchar(255) NOT NULL,
  `connection` text NOT NULL,
  `queue` text NOT NULL,
  `payload` longtext NOT NULL,
  `exception` longtext NOT NULL,
  `failed_at` timestamp NOT NULL DEFAULT current_timestamp(),
  PRIMARY KEY (`id`),
  UNIQUE KEY `failed_jobs_uuid_unique` (`uuid`)
) ENGINE=InnoDB DEFAULT CHARSET=utf8mb4 COLLATE=utf8mb4_unicode_ci;
/*!40101 SET character_set_client = @saved_cs_client */;

--
-- Dumping data for table `failed_jobs`
--

LOCK TABLES `failed_jobs` WRITE;
/*!40000 ALTER TABLE `failed_jobs` DISABLE KEYS */;
/*!40000 ALTER TABLE `failed_jobs` ENABLE KEYS */;
UNLOCK TABLES;

--
-- Table structure for table `funtions`
--

DROP TABLE IF EXISTS `funtions`;
/*!40101 SET @saved_cs_client     = @@character_set_client */;
/*!40101 SET character_set_client = utf8 */;
CREATE TABLE `funtions` (
  `id` bigint(20) unsigned NOT NULL AUTO_INCREMENT,
  `companie_id` bigint(20) unsigned NOT NULL,
  `departament_id` bigint(20) unsigned NOT NULL,
  `designation` varchar(255) NOT NULL,
  `status` enum('0','1') NOT NULL DEFAULT '1' COMMENT 'status: 0=>disabled, 1=>enabled',
  `created_at` timestamp NULL DEFAULT NULL,
  `updated_at` timestamp NULL DEFAULT NULL,
  PRIMARY KEY (`id`)
) ENGINE=InnoDB AUTO_INCREMENT=561 DEFAULT CHARSET=utf8mb4 COLLATE=utf8mb4_unicode_ci;
/*!40101 SET character_set_client = @saved_cs_client */;

--
-- Dumping data for table `funtions`
--

LOCK TABLES `funtions` WRITE;
/*!40000 ALTER TABLE `funtions` DISABLE KEYS */;
INSERT INTO `funtions` VALUES (1,1,1,'Ceo','1','2024-08-12 07:29:02','2024-08-12 07:29:02'),(2,1,1,'CTO','1','2024-08-12 07:29:02','2024-08-12 07:29:02'),(3,1,1,'Girector Geral','1','2024-08-12 07:29:02','2024-08-12 07:29:02'),(4,1,1,'Director Tecnico','1','2024-08-12 07:29:02','2024-08-12 07:29:02'),(5,1,2,'Analista de Recursos Humanos','1','2024-08-12 07:29:02','2024-08-12 07:29:02'),(6,1,2,'Especialista em Recrutamento e Seleção','1','2024-08-12 07:29:02','2024-08-12 07:29:02'),(7,1,2,'Analista de Treinamento e Desenvolvimento','1','2024-08-12 07:29:02','2024-08-12 07:29:02'),(8,1,3,'Analista Financeiro','1','2024-08-12 07:29:02','2024-08-12 07:29:02'),(9,1,3,'Contador','1','2024-08-12 07:29:02','2024-08-12 07:29:02'),(10,1,3,'Analista de Custos','1','2024-08-12 07:29:02','2024-08-12 07:29:02'),(11,1,4,'Analista de Marketing','1','2024-08-12 07:29:02','2024-08-12 07:29:02'),(12,1,4,'Gerente de Produto','1','2024-08-12 07:29:02','2024-08-12 07:29:02'),(13,1,4,'Especialista em Mídias Sociais','1','2024-08-12 07:29:02','2024-08-12 07:29:02'),(14,1,5,'Executivo de Vendas','1','2024-08-12 07:29:02','2024-08-12 07:29:02'),(15,1,5,'Gerente de Contas','1','2024-08-12 07:29:02','2024-08-12 07:29:02'),(16,1,5,'Representante Comercial','1','2024-08-12 07:29:02','2024-08-12 07:29:02'),(17,1,6,'Analista de Sistemas','1','2024-08-12 07:29:02','2024-08-12 07:29:02'),(18,1,6,'Administrador de Redes','1','2024-08-12 07:29:02','2024-08-12 07:29:02'),(19,1,6,'Especialista em Segurança da Informação','1','2024-08-12 07:29:02','2024-08-12 07:29:02'),(20,2,7,'Ceo','1','2024-08-12 07:34:14','2024-08-12 07:34:14'),(21,2,7,'CTO','1','2024-08-12 07:34:14','2024-08-12 07:34:14'),(22,2,7,'Girector Geral','1','2024-08-12 07:34:14','2024-08-12 07:34:14'),(23,2,7,'Director Tecnico','1','2024-08-12 07:34:14','2024-08-12 07:34:14'),(24,2,8,'Analista de Recursos Humanos','1','2024-08-12 07:34:14','2024-08-12 07:34:14'),(25,2,8,'Especialista em Recrutamento e Seleção','1','2024-08-12 07:34:14','2024-08-12 07:34:14'),(26,2,8,'Analista de Treinamento e Desenvolvimento','1','2024-08-12 07:34:14','2024-08-12 07:34:14'),(27,2,9,'Analista Financeiro','1','2024-08-12 07:34:14','2024-08-12 07:34:14'),(28,2,9,'Contador','1','2024-08-12 07:34:14','2024-08-12 07:34:14'),(29,2,9,'Analista de Custos','1','2024-08-12 07:34:14','2024-08-12 07:34:14'),(30,2,10,'Analista de Marketing','1','2024-08-12 07:34:14','2024-08-12 07:34:14'),(31,2,10,'Gerente de Produto','1','2024-08-12 07:34:14','2024-08-12 07:34:14'),(32,2,10,'Especialista em Mídias Sociais','1','2024-08-12 07:34:14','2024-08-12 07:34:14'),(33,2,11,'Executivo de Vendas','1','2024-08-12 07:34:14','2024-08-12 07:34:14'),(34,2,11,'Gerente de Contas','1','2024-08-12 07:34:14','2024-08-12 07:34:14'),(35,2,11,'Representante Comercial','1','2024-08-12 07:34:14','2024-08-12 07:34:14'),(36,2,12,'Analista de Sistemas','1','2024-08-12 07:34:14','2024-08-12 07:34:14'),(37,2,12,'Administrador de Redes','1','2024-08-12 07:34:14','2024-08-12 07:34:14'),(38,2,12,'Especialista em Segurança da Informação','1','2024-08-12 07:34:14','2024-08-12 07:34:14'),(58,4,19,'Ceo','1','2024-08-26 08:52:09','2024-08-26 08:52:09'),(59,4,19,'CTO','1','2024-08-26 08:52:09','2024-08-26 08:52:09'),(60,4,19,'Girector Geral','1','2024-08-26 08:52:09','2024-08-26 08:52:09'),(61,4,19,'Director Tecnico','1','2024-08-26 08:52:09','2024-08-26 08:52:09'),(62,4,20,'Analista de Recursos Humanos','1','2024-08-26 08:52:09','2024-08-26 08:52:09'),(63,4,20,'Especialista em Recrutamento e Seleço','1','2024-08-26 08:52:09','2024-08-26 08:52:09'),(64,4,20,'Analista de Treinamento e Desenvolvimento','1','2024-08-26 08:52:09','2024-08-26 08:52:09'),(65,4,21,'Analista Financeiro','1','2024-08-26 08:52:09','2024-08-26 08:52:09'),(66,4,21,'Contador','1','2024-08-26 08:52:09','2024-08-26 08:52:09'),(67,4,21,'Analista de Custos','1','2024-08-26 08:52:09','2024-08-26 08:52:09'),(68,4,22,'Analista de Marketing','1','2024-08-26 08:52:09','2024-08-26 08:52:09'),(69,4,22,'Gerente de Produto','1','2024-08-26 08:52:09','2024-08-26 08:52:09'),(70,4,22,'Especialista em Mídias Sociais','1','2024-08-26 08:52:10','2024-08-26 08:52:10'),(71,4,23,'Executivo de Vendas','1','2024-08-26 08:52:10','2024-08-26 08:52:10'),(72,4,23,'Gerente de Contas','1','2024-08-26 08:52:10','2024-08-26 08:52:10'),(73,4,23,'Representante Comercial','1','2024-08-26 08:52:10','2024-08-26 08:52:10'),(74,4,24,'Analista de Sistemas','1','2024-08-26 08:52:10','2024-08-26 08:52:10'),(75,4,24,'Administrador de Redes','1','2024-08-26 08:52:10','2024-08-26 08:52:10'),(76,4,24,'Especialista em Segurança da Informaão','1','2024-08-26 08:52:10','2024-08-26 08:52:10'),(77,5,25,'Ceo','1','2024-08-30 14:24:52','2024-08-30 14:24:52'),(78,5,25,'CTO','1','2024-08-30 14:24:52','2024-08-30 14:24:52'),(79,5,25,'Girector Geral','1','2024-08-30 14:24:52','2024-08-30 14:24:52'),(80,5,25,'Director Tecnico','1','2024-08-30 14:24:52','2024-08-30 14:24:52'),(81,5,26,'Analista de Recursos Humanos','1','2024-08-30 14:24:52','2024-08-30 14:24:52'),(82,5,26,'Especialista em Recrutamento e Seleço','1','2024-08-30 14:24:52','2024-08-30 14:24:52'),(83,5,26,'Analista de Treinamento e Desenvolvimento','1','2024-08-30 14:24:52','2024-08-30 14:24:52'),(84,5,27,'Analista Financeiro','1','2024-08-30 14:24:52','2024-08-30 14:24:52'),(85,5,27,'Contador','1','2024-08-30 14:24:52','2024-08-30 14:24:52'),(86,5,27,'Analista de Custos','1','2024-08-30 14:24:52','2024-08-30 14:24:52'),(87,5,28,'Analista de Marketing','1','2024-08-30 14:24:52','2024-08-30 14:24:52'),(88,5,28,'Gerente de Produto','1','2024-08-30 14:24:52','2024-08-30 14:24:52'),(89,5,28,'Especialista em Mídias Sociais','1','2024-08-30 14:24:52','2024-08-30 14:24:52'),(90,5,29,'Executivo de Vendas','1','2024-08-30 14:24:52','2024-08-30 14:24:52'),(91,5,29,'Gerente de Contas','1','2024-08-30 14:24:52','2024-08-30 14:24:52'),(92,5,29,'Representante Comercial','1','2024-08-30 14:24:52','2024-08-30 14:24:52'),(93,5,30,'Analista de Sistemas','1','2024-08-30 14:24:52','2024-08-30 14:24:52'),(94,5,30,'Administrador de Redes','1','2024-08-30 14:24:52','2024-08-30 14:24:52'),(95,5,30,'Especialista em Segurança da Informaão','1','2024-08-30 14:24:52','2024-08-30 14:24:52'),(96,6,31,'Ceo','1','2024-08-30 14:28:23','2024-08-30 14:28:23'),(97,6,31,'CTO','1','2024-08-30 14:28:23','2024-08-30 14:28:23'),(98,6,31,'Girector Geral','1','2024-08-30 14:28:23','2024-08-30 14:28:23'),(99,6,31,'Director Tecnico','1','2024-08-30 14:28:23','2024-08-30 14:28:23'),(100,6,32,'Analista de Recursos Humanos','1','2024-08-30 14:28:23','2024-08-30 14:28:23'),(101,6,32,'Especialista em Recrutamento e Seleço','1','2024-08-30 14:28:23','2024-08-30 14:28:23'),(102,6,32,'Analista de Treinamento e Desenvolvimento','1','2024-08-30 14:28:23','2024-08-30 14:28:23'),(103,6,33,'Analista Financeiro','1','2024-08-30 14:28:23','2024-08-30 14:28:23'),(104,6,33,'Contador','1','2024-08-30 14:28:23','2024-08-30 14:28:23'),(105,6,33,'Analista de Custos','1','2024-08-30 14:28:23','2024-08-30 14:28:23'),(106,6,34,'Analista de Marketing','1','2024-08-30 14:28:23','2024-08-30 14:28:23'),(107,6,34,'Gerente de Produto','1','2024-08-30 14:28:23','2024-08-30 14:28:23'),(108,6,34,'Especialista em Mídias Sociais','1','2024-08-30 14:28:23','2024-08-30 14:28:23'),(109,6,35,'Executivo de Vendas','1','2024-08-30 14:28:23','2024-08-30 14:28:23'),(110,6,35,'Gerente de Contas','1','2024-08-30 14:28:23','2024-08-30 14:28:23'),(111,6,35,'Representante Comercial','1','2024-08-30 14:28:23','2024-08-30 14:28:23'),(112,6,36,'Analista de Sistemas','1','2024-08-30 14:28:23','2024-08-30 14:28:23'),(113,6,36,'Administrador de Redes','1','2024-08-30 14:28:23','2024-08-30 14:28:23'),(114,6,36,'Especialista em Segurança da Informaão','1','2024-08-30 14:28:23','2024-08-30 14:28:23'),(115,7,37,'Ceo','1','2024-09-04 09:55:33','2024-09-04 09:55:33'),(116,7,37,'CTO','1','2024-09-04 09:55:33','2024-09-04 09:55:33'),(117,7,37,'Girector Geral','1','2024-09-04 09:55:33','2024-09-04 09:55:33'),(118,7,37,'Director Tecnico','1','2024-09-04 09:55:33','2024-09-04 09:55:33'),(119,7,38,'Analista de Recursos Humanos','1','2024-09-04 09:55:33','2024-09-04 09:55:33'),(120,7,38,'Especialista em Recrutamento e Seleço','1','2024-09-04 09:55:33','2024-09-04 09:55:33'),(121,7,38,'Analista de Treinamento e Desenvolvimento','1','2024-09-04 09:55:33','2024-09-04 09:55:33'),(122,7,39,'Analista Financeiro','1','2024-09-04 09:55:33','2024-09-04 09:55:33'),(123,7,39,'Contador','1','2024-09-04 09:55:33','2024-09-04 09:55:33'),(124,7,39,'Analista de Custos','1','2024-09-04 09:55:33','2024-09-04 09:55:33'),(125,7,40,'Analista de Marketing','1','2024-09-04 09:55:33','2024-09-04 09:55:33'),(126,7,40,'Gerente de Produto','1','2024-09-04 09:55:33','2024-09-04 09:55:33'),(127,7,40,'Especialista em Mídias Sociais','1','2024-09-04 09:55:33','2024-09-04 09:55:33'),(128,7,41,'Executivo de Vendas','1','2024-09-04 09:55:33','2024-09-04 09:55:33'),(129,7,41,'Gerente de Contas','1','2024-09-04 09:55:33','2024-09-04 09:55:33'),(130,7,41,'Representante Comercial','1','2024-09-04 09:55:33','2024-09-04 09:55:33'),(131,7,42,'Analista de Sistemas','1','2024-09-04 09:55:33','2024-09-04 09:55:33'),(132,7,42,'Administrador de Redes','1','2024-09-04 09:55:33','2024-09-04 09:55:33'),(133,7,42,'Especialista em Segurança da Informaão','1','2024-09-04 09:55:33','2024-09-04 09:55:33'),(134,8,43,'Ceo','1','2024-09-04 10:01:40','2024-09-04 10:01:40'),(135,8,43,'CTO','1','2024-09-04 10:01:40','2024-09-04 10:01:40'),(136,8,43,'Girector Geral','1','2024-09-04 10:01:40','2024-09-04 10:01:40'),(137,8,43,'Director Tecnico','1','2024-09-04 10:01:40','2024-09-04 10:01:40'),(138,8,44,'Analista de Recursos Humanos','1','2024-09-04 10:01:40','2024-09-04 10:01:40'),(139,8,44,'Especialista em Recrutamento e Seleço','1','2024-09-04 10:01:40','2024-09-04 10:01:40'),(140,8,44,'Analista de Treinamento e Desenvolvimento','1','2024-09-04 10:01:40','2024-09-04 10:01:40'),(141,8,45,'Analista Financeiro','1','2024-09-04 10:01:40','2024-09-04 10:01:40'),(142,8,45,'Contador','1','2024-09-04 10:01:40','2024-09-04 10:01:40'),(143,8,45,'Analista de Custos','1','2024-09-04 10:01:40','2024-09-04 10:01:40'),(144,8,46,'Analista de Marketing','1','2024-09-04 10:01:40','2024-09-04 10:01:40'),(145,8,46,'Gerente de Produto','1','2024-09-04 10:01:40','2024-09-04 10:01:40'),(146,8,46,'Especialista em Mídias Sociais','1','2024-09-04 10:01:40','2024-09-04 10:01:40'),(147,8,47,'Executivo de Vendas','1','2024-09-04 10:01:40','2024-09-04 10:01:40'),(148,8,47,'Gerente de Contas','1','2024-09-04 10:01:40','2024-09-04 10:01:40'),(149,8,47,'Representante Comercial','1','2024-09-04 10:01:40','2024-09-04 10:01:40'),(150,8,48,'Analista de Sistemas','1','2024-09-04 10:01:40','2024-09-04 10:01:40'),(151,8,48,'Administrador de Redes','1','2024-09-04 10:01:40','2024-09-04 10:01:40'),(152,8,48,'Especialista em Segurança da Informaão','1','2024-09-04 10:01:40','2024-09-04 10:01:40'),(153,9,49,'Ceo','1','2024-09-04 10:05:24','2024-09-04 10:05:24'),(154,9,49,'CTO','1','2024-09-04 10:05:24','2024-09-04 10:05:24'),(155,9,49,'Girector Geral','1','2024-09-04 10:05:24','2024-09-04 10:05:24'),(156,9,49,'Director Tecnico','1','2024-09-04 10:05:24','2024-09-04 10:05:24'),(157,9,50,'Analista de Recursos Humanos','1','2024-09-04 10:05:24','2024-09-04 10:05:24'),(158,9,50,'Especialista em Recrutamento e Seleço','1','2024-09-04 10:05:24','2024-09-04 10:05:24'),(159,9,50,'Analista de Treinamento e Desenvolvimento','1','2024-09-04 10:05:24','2024-09-04 10:05:24'),(160,9,51,'Analista Financeiro','1','2024-09-04 10:05:24','2024-09-04 10:05:24'),(161,9,51,'Contador','1','2024-09-04 10:05:24','2024-09-04 10:05:24'),(162,9,51,'Analista de Custos','1','2024-09-04 10:05:24','2024-09-04 10:05:24'),(163,9,52,'Analista de Marketing','1','2024-09-04 10:05:24','2024-09-04 10:05:24'),(164,9,52,'Gerente de Produto','1','2024-09-04 10:05:24','2024-09-04 10:05:24'),(165,9,52,'Especialista em Mídias Sociais','1','2024-09-04 10:05:24','2024-09-04 10:05:24'),(166,9,53,'Executivo de Vendas','1','2024-09-04 10:05:24','2024-09-04 10:05:24'),(167,9,53,'Gerente de Contas','1','2024-09-04 10:05:24','2024-09-04 10:05:24'),(168,9,53,'Representante Comercial','1','2024-09-04 10:05:24','2024-09-04 10:05:24'),(169,9,54,'Analista de Sistemas','1','2024-09-04 10:05:24','2024-09-04 10:05:24'),(170,9,54,'Administrador de Redes','1','2024-09-04 10:05:24','2024-09-04 10:05:24'),(171,9,54,'Especialista em Segurança da Informaão','1','2024-09-04 10:05:24','2024-09-04 10:05:24'),(172,10,55,'Ceo','1','2024-09-04 10:07:57','2024-09-04 10:07:57'),(173,10,55,'CTO','1','2024-09-04 10:07:58','2024-09-04 10:07:58'),(174,10,55,'Girector Geral','1','2024-09-04 10:07:58','2024-09-04 10:07:58'),(175,10,55,'Director Tecnico','1','2024-09-04 10:07:58','2024-09-04 10:07:58'),(176,10,56,'Analista de Recursos Humanos','1','2024-09-04 10:07:58','2024-09-04 10:07:58'),(177,10,56,'Especialista em Recrutamento e Seleço','1','2024-09-04 10:07:58','2024-09-04 10:07:58'),(178,10,56,'Analista de Treinamento e Desenvolvimento','1','2024-09-04 10:07:58','2024-09-04 10:07:58'),(179,10,57,'Analista Financeiro','1','2024-09-04 10:07:58','2024-09-04 10:07:58'),(180,10,57,'Contador','1','2024-09-04 10:07:58','2024-09-04 10:07:58'),(181,10,57,'Analista de Custos','1','2024-09-04 10:07:58','2024-09-04 10:07:58'),(182,10,58,'Analista de Marketing','1','2024-09-04 10:07:58','2024-09-04 10:07:58'),(183,10,58,'Gerente de Produto','1','2024-09-04 10:07:58','2024-09-04 10:07:58'),(184,10,58,'Especialista em Mídias Sociais','1','2024-09-04 10:07:58','2024-09-04 10:07:58'),(185,10,59,'Executivo de Vendas','1','2024-09-04 10:07:58','2024-09-04 10:07:58'),(186,10,59,'Gerente de Contas','1','2024-09-04 10:07:58','2024-09-04 10:07:58'),(187,10,59,'Representante Comercial','1','2024-09-04 10:07:58','2024-09-04 10:07:58'),(188,10,60,'Analista de Sistemas','1','2024-09-04 10:07:58','2024-09-04 10:07:58'),(189,10,60,'Administrador de Redes','1','2024-09-04 10:07:58','2024-09-04 10:07:58'),(190,10,60,'Especialista em Segurança da Informaão','1','2024-09-04 10:07:58','2024-09-04 10:07:58'),(191,2,61,'Cozinheira','1','2024-09-20 12:51:46','2024-09-20 12:51:46'),(192,2,61,'Auxiliar de Limpeza','1','2024-09-20 12:52:34','2024-09-20 12:52:34'),(193,2,61,'Jardineiro','1','2024-09-20 12:52:53','2024-09-20 12:52:53'),(194,2,7,'Secretária de Direcção','1','2024-09-20 12:55:06','2024-09-20 12:55:06'),(195,11,69,'Ceo','1','2024-09-25 09:29:48','2024-09-25 09:29:48'),(196,11,69,'CTO','1','2024-09-25 09:29:48','2024-09-25 09:29:48'),(197,11,69,'Girector Geral','1','2024-09-25 09:29:48','2024-09-25 09:29:48'),(198,11,69,'Director Tecnico','1','2024-09-25 09:29:48','2024-09-25 09:29:48'),(199,11,70,'Analista de Recursos Humanos','1','2024-09-25 09:29:48','2024-09-25 09:29:48'),(200,11,70,'Especialista em Recrutamento e Seleço','1','2024-09-25 09:29:48','2024-09-25 09:29:48'),(201,11,70,'Analista de Treinamento e Desenvolvimento','1','2024-09-25 09:29:48','2024-09-25 09:29:48'),(202,11,71,'Analista Financeiro','1','2024-09-25 09:29:48','2024-09-25 09:29:48'),(203,11,71,'Contador','1','2024-09-25 09:29:48','2024-09-25 09:29:48'),(204,11,71,'Analista de Custos','1','2024-09-25 09:29:48','2024-09-25 09:29:48'),(205,11,72,'Analista de Marketing','1','2024-09-25 09:29:48','2024-09-25 09:29:48'),(206,11,72,'Gerente de Produto','1','2024-09-25 09:29:48','2024-09-25 09:29:48'),(207,11,72,'Especialista em Mídias Sociais','1','2024-09-25 09:29:48','2024-09-25 09:29:48'),(208,11,73,'Executivo de Vendas','1','2024-09-25 09:29:48','2024-09-25 09:29:48'),(209,11,73,'Gerente de Contas','1','2024-09-25 09:29:49','2024-09-25 09:29:49'),(210,11,73,'Representante Comercial','1','2024-09-25 09:29:49','2024-09-25 09:29:49'),(211,11,74,'Analista de Sistemas','1','2024-09-25 09:29:49','2024-09-25 09:29:49'),(212,11,74,'Administrador de Redes','1','2024-09-25 09:29:49','2024-09-25 09:29:49'),(213,11,74,'Especialista em Segurança da Informaão','1','2024-09-25 09:29:49','2024-09-25 09:29:49'),(214,12,75,'Ceo','1','2024-09-25 12:39:58','2024-09-25 12:39:58'),(215,12,75,'CTO','1','2024-09-25 12:39:58','2024-09-25 12:39:58'),(216,12,75,'Girector Geral','1','2024-09-25 12:39:58','2024-09-25 12:39:58'),(217,12,75,'Director Tecnico','1','2024-09-25 12:39:58','2024-09-25 12:39:58'),(218,12,76,'Analista de Recursos Humanos','1','2024-09-25 12:39:58','2024-09-25 12:39:58'),(219,12,76,'Especialista em Recrutamento e Seleço','1','2024-09-25 12:39:58','2024-09-25 12:39:58'),(220,12,76,'Analista de Treinamento e Desenvolvimento','1','2024-09-25 12:39:58','2024-09-25 12:39:58'),(221,12,77,'Analista Financeiro','1','2024-09-25 12:39:58','2024-09-25 12:39:58'),(222,12,77,'Contador','1','2024-09-25 12:39:58','2024-09-25 12:39:58'),(223,12,77,'Analista de Custos','1','2024-09-25 12:39:58','2024-09-25 12:39:58'),(224,12,78,'Analista de Marketing','1','2024-09-25 12:39:58','2024-09-25 12:39:58'),(225,12,78,'Gerente de Produto','1','2024-09-25 12:39:59','2024-09-25 12:39:59'),(226,12,78,'Especialista em Mídias Sociais','1','2024-09-25 12:39:59','2024-09-25 12:39:59'),(227,12,79,'Executivo de Vendas','1','2024-09-25 12:39:59','2024-09-25 12:39:59'),(228,12,79,'Gerente de Contas','1','2024-09-25 12:39:59','2024-09-25 12:39:59'),(229,12,79,'Representante Comercial','1','2024-09-25 12:39:59','2024-09-25 12:39:59'),(230,12,80,'Analista de Sistemas','1','2024-09-25 12:39:59','2024-09-25 12:39:59'),(231,12,80,'Administrador de Redes','1','2024-09-25 12:39:59','2024-09-25 12:39:59'),(232,12,80,'Especialista em Segurança da Informaão','1','2024-09-25 12:39:59','2024-09-25 12:39:59'),(233,12,80,'contador','1','2024-09-25 13:45:24','2024-09-25 13:45:24'),(234,12,80,'contador','1','2024-09-25 13:45:25','2024-09-25 13:45:25'),(235,12,80,'contador','1','2024-09-25 13:45:26','2024-09-25 13:45:26'),(236,12,80,'contador','1','2024-09-25 13:45:27','2024-09-25 13:45:27'),(237,12,80,'contador','1','2024-09-25 13:45:27','2024-09-25 13:45:27'),(238,12,80,'contador','1','2024-09-25 13:45:28','2024-09-25 13:45:28'),(239,12,80,'contador','1','2024-09-25 13:45:29','2024-09-25 13:45:29'),(240,12,80,'contador','1','2024-09-25 13:45:30','2024-09-25 13:45:30'),(241,12,75,'Director Geral','1','2024-09-25 13:48:11','2024-09-25 13:48:11'),(242,13,81,'Ceo','1','2024-09-25 15:39:56','2024-09-25 15:39:56'),(243,13,81,'CTO','1','2024-09-25 15:39:56','2024-09-25 15:39:56'),(244,13,81,'Girector Geral','1','2024-09-25 15:39:56','2024-09-25 15:39:56'),(245,13,81,'Director Tecnico','1','2024-09-25 15:39:56','2024-09-25 15:39:56'),(246,13,82,'Analista de Recursos Humanos','1','2024-09-25 15:39:56','2024-09-25 15:39:56'),(247,13,82,'Especialista em Recrutamento e Seleço','1','2024-09-25 15:39:56','2024-09-25 15:39:56'),(248,13,82,'Analista de Treinamento e Desenvolvimento','1','2024-09-25 15:39:56','2024-09-25 15:39:56'),(249,13,83,'Analista Financeiro','1','2024-09-25 15:39:56','2024-09-25 15:39:56'),(250,13,83,'Contador','1','2024-09-25 15:39:56','2024-09-25 15:39:56'),(251,13,83,'Analista de Custos','1','2024-09-25 15:39:56','2024-09-25 15:39:56'),(252,13,84,'Analista de Marketing','1','2024-09-25 15:39:56','2024-09-25 15:39:56'),(253,13,84,'Gerente de Produto','1','2024-09-25 15:39:56','2024-09-25 15:39:56'),(254,13,84,'Especialista em Mídias Sociais','1','2024-09-25 15:39:56','2024-09-25 15:39:56'),(255,13,85,'Executivo de Vendas','1','2024-09-25 15:39:56','2024-09-25 15:39:56'),(256,13,85,'Gerente de Contas','1','2024-09-25 15:39:56','2024-09-25 15:39:56'),(257,13,85,'Representante Comercial','1','2024-09-25 15:39:56','2024-09-25 15:39:56'),(258,13,86,'Analista de Sistemas','1','2024-09-25 15:39:56','2024-09-25 15:39:56'),(259,13,86,'Administrador de Redes','1','2024-09-25 15:39:56','2024-09-25 15:39:56'),(260,13,86,'Especialista em Segurança da Informaão','1','2024-09-25 15:39:56','2024-09-25 15:39:56'),(261,14,87,'Ceo','1','2024-09-27 23:19:34','2024-09-27 23:19:34'),(262,14,87,'CTO','1','2024-09-27 23:19:34','2024-09-27 23:19:34'),(263,14,87,'Girector Geral','1','2024-09-27 23:19:34','2024-09-27 23:19:34'),(264,14,87,'Director Tecnico','1','2024-09-27 23:19:34','2024-09-27 23:19:34'),(265,14,88,'Analista de Recursos Humanos','1','2024-09-27 23:19:34','2024-09-27 23:19:34'),(266,14,88,'Especialista em Recrutamento e Seleço','1','2024-09-27 23:19:34','2024-09-27 23:19:34'),(267,14,88,'Analista de Treinamento e Desenvolvimento','1','2024-09-27 23:19:34','2024-09-27 23:19:34'),(268,14,89,'Analista Financeiro','1','2024-09-27 23:19:34','2024-09-27 23:19:34'),(269,14,89,'Contador','1','2024-09-27 23:19:34','2024-09-27 23:19:34'),(270,14,89,'Analista de Custos','1','2024-09-27 23:19:34','2024-09-27 23:19:34'),(271,14,90,'Analista de Marketing','1','2024-09-27 23:19:34','2024-09-27 23:19:34'),(272,14,90,'Gerente de Produto','1','2024-09-27 23:19:34','2024-09-27 23:19:34'),(273,14,90,'Especialista em Mídias Sociais','1','2024-09-27 23:19:34','2024-09-27 23:19:34'),(274,14,91,'Executivo de Vendas','1','2024-09-27 23:19:34','2024-09-27 23:19:34'),(275,14,91,'Gerente de Contas','1','2024-09-27 23:19:34','2024-09-27 23:19:34'),(276,14,91,'Representante Comercial','1','2024-09-27 23:19:34','2024-09-27 23:19:34'),(277,14,92,'Analista de Sistemas','1','2024-09-27 23:19:34','2024-09-27 23:19:34'),(278,14,92,'Administrador de Redes','1','2024-09-27 23:19:34','2024-09-27 23:19:34'),(279,14,92,'Especialista em Segurança da Informaão','1','2024-09-27 23:19:34','2024-09-27 23:19:34'),(280,15,93,'Ceo','1','2024-10-02 10:55:15','2024-10-02 10:55:15'),(281,15,93,'CTO','1','2024-10-02 10:55:15','2024-10-02 10:55:15'),(282,15,93,'Girector Geral','1','2024-10-02 10:55:15','2024-10-02 10:55:15'),(283,15,93,'Director Tecnico','1','2024-10-02 10:55:15','2024-10-02 10:55:15'),(284,15,94,'Analista de Recursos Humanos','1','2024-10-02 10:55:15','2024-10-02 10:55:15'),(285,15,94,'Especialista em Recrutamento e Seleço','1','2024-10-02 10:55:15','2024-10-02 10:55:15'),(286,15,94,'Analista de Treinamento e Desenvolvimento','1','2024-10-02 10:55:15','2024-10-02 10:55:15'),(287,15,95,'Analista Financeiro','1','2024-10-02 10:55:15','2024-10-02 10:55:15'),(288,15,95,'Contador','1','2024-10-02 10:55:15','2024-10-02 10:55:15'),(289,15,95,'Analista de Custos','1','2024-10-02 10:55:15','2024-10-02 10:55:15'),(290,15,96,'Analista de Marketing','1','2024-10-02 10:55:15','2024-10-02 10:55:15'),(291,15,96,'Gerente de Produto','1','2024-10-02 10:55:15','2024-10-02 10:55:15'),(292,15,96,'Especialista em Mídias Sociais','1','2024-10-02 10:55:15','2024-10-02 10:55:15'),(293,15,97,'Executivo de Vendas','1','2024-10-02 10:55:16','2024-10-02 10:55:16'),(294,15,97,'Gerente de Contas','1','2024-10-02 10:55:16','2024-10-02 10:55:16'),(295,15,97,'Representante Comercial','1','2024-10-02 10:55:16','2024-10-02 10:55:16'),(296,15,98,'Analista de Sistemas','1','2024-10-02 10:55:16','2024-10-02 10:55:16'),(297,15,98,'Administrador de Redes','1','2024-10-02 10:55:16','2024-10-02 10:55:16'),(298,15,98,'Especialista em Segurança da Informaão','1','2024-10-02 10:55:16','2024-10-02 10:55:16'),(299,16,99,'Ceo','1','2024-10-02 18:34:32','2024-10-02 18:34:32'),(300,16,99,'CTO','1','2024-10-02 18:34:32','2024-10-02 18:34:32'),(301,16,99,'Girector Geral','1','2024-10-02 18:34:32','2024-10-02 18:34:32'),(302,16,99,'Director Tecnico','1','2024-10-02 18:34:32','2024-10-02 18:34:32'),(303,16,100,'Analista de Recursos Humanos','1','2024-10-02 18:34:32','2024-10-02 18:34:32'),(304,16,100,'Especialista em Recrutamento e Seleço','1','2024-10-02 18:34:32','2024-10-02 18:34:32'),(305,16,100,'Analista de Treinamento e Desenvolvimento','1','2024-10-02 18:34:32','2024-10-02 18:34:32'),(306,16,101,'Analista Financeiro','1','2024-10-02 18:34:32','2024-10-02 18:34:32'),(307,16,101,'Contador','1','2024-10-02 18:34:32','2024-10-02 18:34:32'),(308,16,101,'Analista de Custos','1','2024-10-02 18:34:32','2024-10-02 18:34:32'),(309,16,102,'Analista de Marketing','1','2024-10-02 18:34:32','2024-10-02 18:34:32'),(310,16,102,'Gerente de Produto','1','2024-10-02 18:34:32','2024-10-02 18:34:32'),(311,16,102,'Especialista em Mídias Sociais','1','2024-10-02 18:34:33','2024-10-02 18:34:33'),(312,16,103,'Executivo de Vendas','1','2024-10-02 18:34:33','2024-10-02 18:34:33'),(313,16,103,'Gerente de Contas','1','2024-10-02 18:34:33','2024-10-02 18:34:33'),(314,16,103,'Representante Comercial','1','2024-10-02 18:34:33','2024-10-02 18:34:33'),(315,16,104,'Analista de Sistemas','1','2024-10-02 18:34:33','2024-10-02 18:34:33'),(316,16,104,'Administrador de Redes','1','2024-10-02 18:34:33','2024-10-02 18:34:33'),(317,16,104,'Especialista em Segurança da Informaão','1','2024-10-02 18:34:33','2024-10-02 18:34:33'),(318,17,105,'Ceo','1','2024-10-07 16:24:14','2024-10-07 16:24:14'),(319,17,105,'CTO','1','2024-10-07 16:24:14','2024-10-07 16:24:14'),(320,17,105,'Girector Geral','1','2024-10-07 16:24:14','2024-10-07 16:24:14'),(321,17,105,'Director Tecnico','1','2024-10-07 16:24:14','2024-10-07 16:24:14'),(322,17,106,'Analista de Recursos Humanos','1','2024-10-07 16:24:14','2024-10-07 16:24:14'),(323,17,106,'Especialista em Recrutamento e Seleço','1','2024-10-07 16:24:14','2024-10-07 16:24:14'),(324,17,106,'Analista de Treinamento e Desenvolvimento','1','2024-10-07 16:24:14','2024-10-07 16:24:14'),(325,17,107,'Analista Financeiro','1','2024-10-07 16:24:14','2024-10-07 16:24:14'),(326,17,107,'Contador','1','2024-10-07 16:24:14','2024-10-07 16:24:14'),(327,17,107,'Analista de Custos','1','2024-10-07 16:24:14','2024-10-07 16:24:14'),(328,17,108,'Analista de Marketing','1','2024-10-07 16:24:14','2024-10-07 16:24:14'),(329,17,108,'Gerente de Produto','1','2024-10-07 16:24:14','2024-10-07 16:24:14'),(330,17,108,'Especialista em Mídias Sociais','1','2024-10-07 16:24:14','2024-10-07 16:24:14'),(331,17,109,'Executivo de Vendas','1','2024-10-07 16:24:14','2024-10-07 16:24:14'),(332,17,109,'Gerente de Contas','1','2024-10-07 16:24:14','2024-10-07 16:24:14'),(333,17,109,'Representante Comercial','1','2024-10-07 16:24:14','2024-10-07 16:24:14'),(334,17,110,'Analista de Sistemas','1','2024-10-07 16:24:14','2024-10-07 16:24:14'),(335,17,110,'Administrador de Redes','1','2024-10-07 16:24:14','2024-10-07 16:24:14'),(336,17,110,'Especialista em Segurança da Informaão','1','2024-10-07 16:24:14','2024-10-07 16:24:14'),(337,18,111,'Ceo','1','2024-10-09 20:37:43','2024-10-09 20:37:43'),(338,18,111,'CTO','1','2024-10-09 20:37:43','2024-10-09 20:37:43'),(339,18,111,'Girector Geral','1','2024-10-09 20:37:43','2024-10-09 20:37:43'),(340,18,111,'Director Tecnico','1','2024-10-09 20:37:43','2024-10-09 20:37:43'),(341,18,112,'Analista de Recursos Humanos','1','2024-10-09 20:37:43','2024-10-09 20:37:43'),(342,18,112,'Especialista em Recrutamento e Seleço','1','2024-10-09 20:37:43','2024-10-09 20:37:43'),(343,18,112,'Analista de Treinamento e Desenvolvimento','1','2024-10-09 20:37:43','2024-10-09 20:37:43'),(344,18,113,'Analista Financeiro','1','2024-10-09 20:37:43','2024-10-09 20:37:43'),(345,18,113,'Contador','1','2024-10-09 20:37:43','2024-10-09 20:37:43'),(346,18,113,'Analista de Custos','1','2024-10-09 20:37:43','2024-10-09 20:37:43'),(347,18,114,'Analista de Marketing','1','2024-10-09 20:37:43','2024-10-09 20:37:43'),(348,18,114,'Gerente de Produto','1','2024-10-09 20:37:43','2024-10-09 20:37:43'),(349,18,114,'Especialista em Mídias Sociais','1','2024-10-09 20:37:43','2024-10-09 20:37:43'),(350,18,115,'Executivo de Vendas','1','2024-10-09 20:37:43','2024-10-09 20:37:43'),(351,18,115,'Gerente de Contas','1','2024-10-09 20:37:43','2024-10-09 20:37:43'),(352,18,115,'Representante Comercial','1','2024-10-09 20:37:43','2024-10-09 20:37:43'),(353,18,116,'Analista de Sistemas','1','2024-10-09 20:37:43','2024-10-09 20:37:43'),(354,18,116,'Administrador de Redes','1','2024-10-09 20:37:43','2024-10-09 20:37:43'),(355,18,116,'Especialista em Segurança da Informaão','1','2024-10-09 20:37:43','2024-10-09 20:37:43'),(356,19,117,'Ceo','1','2024-10-15 11:29:26','2024-10-15 11:29:26'),(357,19,117,'CTO','1','2024-10-15 11:29:26','2024-10-15 11:29:26'),(358,19,117,'Girector Geral','1','2024-10-15 11:29:26','2024-10-15 11:29:26'),(359,19,117,'Director Tecnico','1','2024-10-15 11:29:26','2024-10-15 11:29:26'),(360,19,118,'Analista de Recursos Humanos','1','2024-10-15 11:29:26','2024-10-15 11:29:26'),(361,19,118,'Especialista em Recrutamento e Seleço','1','2024-10-15 11:29:26','2024-10-15 11:29:26'),(362,19,118,'Analista de Treinamento e Desenvolvimento','1','2024-10-15 11:29:26','2024-10-15 11:29:26'),(363,19,119,'Analista Financeiro','1','2024-10-15 11:29:26','2024-10-15 11:29:26'),(364,19,119,'Contador','1','2024-10-15 11:29:26','2024-10-15 11:29:26'),(365,19,119,'Analista de Custos','1','2024-10-15 11:29:26','2024-10-15 11:29:26'),(366,19,120,'Analista de Marketing','1','2024-10-15 11:29:26','2024-10-15 11:29:26'),(367,19,120,'Gerente de Produto','1','2024-10-15 11:29:26','2024-10-15 11:29:26'),(368,19,120,'Especialista em Mídias Sociais','1','2024-10-15 11:29:26','2024-10-15 11:29:26'),(369,19,121,'Executivo de Vendas','1','2024-10-15 11:29:27','2024-10-15 11:29:27'),(370,19,121,'Gerente de Contas','1','2024-10-15 11:29:27','2024-10-15 11:29:27'),(371,19,121,'Representante Comercial','1','2024-10-15 11:29:27','2024-10-15 11:29:27'),(372,19,122,'Analista de Sistemas','1','2024-10-15 11:29:27','2024-10-15 11:29:27'),(373,19,122,'Administrador de Redes','1','2024-10-15 11:29:27','2024-10-15 11:29:27'),(374,19,122,'Especialista em Segurança da Informaão','1','2024-10-15 11:29:27','2024-10-15 11:29:27'),(375,20,123,'Ceo','1','2024-10-15 16:12:10','2024-10-15 16:12:10'),(376,20,123,'CTO','1','2024-10-15 16:12:10','2024-10-15 16:12:10'),(377,20,123,'Girector Geral','1','2024-10-15 16:12:11','2024-10-15 16:12:11'),(378,20,123,'Director Tecnico','1','2024-10-15 16:12:11','2024-10-15 16:12:11'),(379,20,124,'Analista de Recursos Humanos','1','2024-10-15 16:12:11','2024-10-15 16:12:11'),(380,20,124,'Especialista em Recrutamento e Seleço','1','2024-10-15 16:12:11','2024-10-15 16:12:11'),(381,20,124,'Analista de Treinamento e Desenvolvimento','1','2024-10-15 16:12:11','2024-10-15 16:12:11'),(382,20,125,'Analista Financeiro','1','2024-10-15 16:12:11','2024-10-15 16:12:11'),(383,20,125,'Contador','1','2024-10-15 16:12:11','2024-10-15 16:12:11'),(384,20,125,'Analista de Custos','1','2024-10-15 16:12:11','2024-10-15 16:12:11'),(385,20,126,'Analista de Marketing','1','2024-10-15 16:12:11','2024-10-15 16:12:11'),(386,20,126,'Gerente de Produto','1','2024-10-15 16:12:11','2024-10-15 16:12:11'),(387,20,126,'Especialista em Mídias Sociais','1','2024-10-15 16:12:11','2024-10-15 16:12:11'),(388,20,127,'Executivo de Vendas','1','2024-10-15 16:12:11','2024-10-15 16:12:11'),(389,20,127,'Gerente de Contas','1','2024-10-15 16:12:11','2024-10-15 16:12:11'),(390,20,127,'Representante Comercial','1','2024-10-15 16:12:11','2024-10-15 16:12:11'),(391,20,128,'Analista de Sistemas','1','2024-10-15 16:12:11','2024-10-15 16:12:11'),(392,20,128,'Administrador de Redes','1','2024-10-15 16:12:11','2024-10-15 16:12:11'),(393,20,128,'Especialista em Segurança da Informaão','1','2024-10-15 16:12:11','2024-10-15 16:12:11'),(394,21,129,'Ceo','1','2024-10-16 04:09:59','2024-10-16 04:09:59'),(395,21,129,'CTO','1','2024-10-16 04:09:59','2024-10-16 04:09:59'),(396,21,129,'Girector Geral','1','2024-10-16 04:09:59','2024-10-16 04:09:59'),(397,21,129,'Director Tecnico','1','2024-10-16 04:09:59','2024-10-16 04:09:59'),(398,21,130,'Analista de Recursos Humanos','1','2024-10-16 04:09:59','2024-10-16 04:09:59'),(399,21,130,'Especialista em Recrutamento e Seleço','1','2024-10-16 04:09:59','2024-10-16 04:09:59'),(400,21,130,'Analista de Treinamento e Desenvolvimento','1','2024-10-16 04:09:59','2024-10-16 04:09:59'),(401,21,131,'Analista Financeiro','1','2024-10-16 04:09:59','2024-10-16 04:09:59'),(402,21,131,'Contador','1','2024-10-16 04:09:59','2024-10-16 04:09:59'),(403,21,131,'Analista de Custos','1','2024-10-16 04:09:59','2024-10-16 04:09:59'),(404,21,132,'Analista de Marketing','1','2024-10-16 04:09:59','2024-10-16 04:09:59'),(405,21,132,'Gerente de Produto','1','2024-10-16 04:09:59','2024-10-16 04:09:59'),(406,21,132,'Especialista em Mídias Sociais','1','2024-10-16 04:09:59','2024-10-16 04:09:59'),(407,21,133,'Executivo de Vendas','1','2024-10-16 04:09:59','2024-10-16 04:09:59'),(408,21,133,'Gerente de Contas','1','2024-10-16 04:09:59','2024-10-16 04:09:59'),(409,21,133,'Representante Comercial','1','2024-10-16 04:09:59','2024-10-16 04:09:59'),(410,21,134,'Analista de Sistemas','1','2024-10-16 04:09:59','2024-10-16 04:09:59'),(411,21,134,'Administrador de Redes','1','2024-10-16 04:09:59','2024-10-16 04:09:59'),(412,21,134,'Especialista em Segurança da Informaão','1','2024-10-16 04:09:59','2024-10-16 04:09:59'),(413,22,135,'Ceo','1','2024-10-16 08:25:05','2024-10-16 08:25:05'),(414,22,135,'CTO','1','2024-10-16 08:25:05','2024-10-16 08:25:05'),(415,22,135,'Girector Geral','1','2024-10-16 08:25:05','2024-10-16 08:25:05'),(416,22,135,'Director Tecnico','1','2024-10-16 08:25:05','2024-10-16 08:25:05'),(417,22,136,'Analista de Recursos Humanos','1','2024-10-16 08:25:05','2024-10-16 08:25:05'),(418,22,136,'Especialista em Recrutamento e Seleço','1','2024-10-16 08:25:05','2024-10-16 08:25:05'),(419,22,136,'Analista de Treinamento e Desenvolvimento','1','2024-10-16 08:25:05','2024-10-16 08:25:05'),(420,22,137,'Analista Financeiro','1','2024-10-16 08:25:05','2024-10-16 08:25:05'),(421,22,137,'Contador','1','2024-10-16 08:25:05','2024-10-16 08:25:05'),(422,22,137,'Analista de Custos','1','2024-10-16 08:25:05','2024-10-16 08:25:05'),(423,22,138,'Analista de Marketing','1','2024-10-16 08:25:05','2024-10-16 08:25:05'),(424,22,138,'Gerente de Produto','1','2024-10-16 08:25:05','2024-10-16 08:25:05'),(425,22,138,'Especialista em Mídias Sociais','1','2024-10-16 08:25:05','2024-10-16 08:25:05'),(426,22,139,'Executivo de Vendas','1','2024-10-16 08:25:05','2024-10-16 08:25:05'),(427,22,139,'Gerente de Contas','1','2024-10-16 08:25:05','2024-10-16 08:25:05'),(428,22,139,'Representante Comercial','1','2024-10-16 08:25:05','2024-10-16 08:25:05'),(429,22,140,'Analista de Sistemas','1','2024-10-16 08:25:05','2024-10-16 08:25:05'),(430,22,140,'Administrador de Redes','1','2024-10-16 08:25:05','2024-10-16 08:25:05'),(431,22,140,'Especialista em Segurança da Informaão','1','2024-10-16 08:25:05','2024-10-16 08:25:05'),(432,23,141,'Ceo','1','2024-10-16 08:26:25','2024-10-16 08:26:25'),(433,23,141,'CTO','1','2024-10-16 08:26:25','2024-10-16 08:26:25'),(434,23,141,'Girector Geral','1','2024-10-16 08:26:25','2024-10-16 08:26:25'),(435,23,141,'Director Tecnico','1','2024-10-16 08:26:25','2024-10-16 08:26:25'),(436,23,142,'Analista de Recursos Humanos','1','2024-10-16 08:26:25','2024-10-16 08:26:25'),(437,23,142,'Especialista em Recrutamento e Seleço','1','2024-10-16 08:26:25','2024-10-16 08:26:25'),(438,23,142,'Analista de Treinamento e Desenvolvimento','1','2024-10-16 08:26:25','2024-10-16 08:26:25'),(439,23,143,'Analista Financeiro','1','2024-10-16 08:26:25','2024-10-16 08:26:25'),(440,23,143,'Contador','1','2024-10-16 08:26:25','2024-10-16 08:26:25'),(441,23,143,'Analista de Custos','1','2024-10-16 08:26:25','2024-10-16 08:26:25'),(442,23,144,'Analista de Marketing','1','2024-10-16 08:26:25','2024-10-16 08:26:25'),(443,23,144,'Gerente de Produto','1','2024-10-16 08:26:25','2024-10-16 08:26:25'),(444,23,144,'Especialista em Mídias Sociais','1','2024-10-16 08:26:25','2024-10-16 08:26:25'),(445,23,145,'Executivo de Vendas','1','2024-10-16 08:26:25','2024-10-16 08:26:25'),(446,23,145,'Gerente de Contas','1','2024-10-16 08:26:25','2024-10-16 08:26:25'),(447,23,145,'Representante Comercial','1','2024-10-16 08:26:25','2024-10-16 08:26:25'),(448,23,146,'Analista de Sistemas','1','2024-10-16 08:26:25','2024-10-16 08:26:25'),(449,23,146,'Administrador de Redes','1','2024-10-16 08:26:25','2024-10-16 08:26:25'),(450,23,146,'Especialista em Segurança da Informaão','1','2024-10-16 08:26:25','2024-10-16 08:26:25'),(451,24,147,'Ceo','1','2024-10-16 08:30:59','2024-10-16 08:30:59'),(452,24,147,'CTO','1','2024-10-16 08:30:59','2024-10-16 08:30:59'),(453,24,147,'Girector Geral','1','2024-10-16 08:30:59','2024-10-16 08:30:59'),(454,24,147,'Director Tecnico','1','2024-10-16 08:30:59','2024-10-16 08:30:59'),(455,24,148,'Analista de Recursos Humanos','1','2024-10-16 08:30:59','2024-10-16 08:30:59'),(456,24,148,'Especialista em Recrutamento e Seleço','1','2024-10-16 08:30:59','2024-10-16 08:30:59'),(457,24,148,'Analista de Treinamento e Desenvolvimento','1','2024-10-16 08:30:59','2024-10-16 08:30:59'),(458,24,149,'Analista Financeiro','1','2024-10-16 08:30:59','2024-10-16 08:30:59'),(459,24,149,'Contador','1','2024-10-16 08:30:59','2024-10-16 08:30:59'),(460,24,149,'Analista de Custos','1','2024-10-16 08:30:59','2024-10-16 08:30:59'),(461,24,150,'Analista de Marketing','1','2024-10-16 08:30:59','2024-10-16 08:30:59'),(462,24,150,'Gerente de Produto','1','2024-10-16 08:30:59','2024-10-16 08:30:59'),(463,24,150,'Especialista em Mídias Sociais','1','2024-10-16 08:30:59','2024-10-16 08:30:59'),(464,24,151,'Executivo de Vendas','1','2024-10-16 08:30:59','2024-10-16 08:30:59'),(465,24,151,'Gerente de Contas','1','2024-10-16 08:30:59','2024-10-16 08:30:59'),(466,24,151,'Representante Comercial','1','2024-10-16 08:30:59','2024-10-16 08:30:59'),(467,24,152,'Analista de Sistemas','1','2024-10-16 08:30:59','2024-10-16 08:30:59'),(468,24,152,'Administrador de Redes','1','2024-10-16 08:30:59','2024-10-16 08:30:59'),(469,24,152,'Especialista em Segurança da Informaão','1','2024-10-16 08:30:59','2024-10-16 08:30:59'),(470,25,153,'Ceo','1','2024-10-17 10:56:40','2024-10-17 10:56:40'),(471,25,153,'CTO','1','2024-10-17 10:56:40','2024-10-17 10:56:40'),(472,25,153,'Girector Geral','1','2024-10-17 10:56:40','2024-10-17 10:56:40'),(473,25,153,'Director Tecnico','1','2024-10-17 10:56:40','2024-10-17 10:56:40'),(474,25,154,'Analista de Recursos Humanos','1','2024-10-17 10:56:40','2024-10-17 10:56:40'),(475,25,154,'Especialista em Recrutamento e Seleço','1','2024-10-17 10:56:40','2024-10-17 10:56:40'),(476,25,154,'Analista de Treinamento e Desenvolvimento','1','2024-10-17 10:56:40','2024-10-17 10:56:40'),(477,25,155,'Analista Financeiro','1','2024-10-17 10:56:40','2024-10-17 10:56:40'),(478,25,155,'Contador','1','2024-10-17 10:56:40','2024-10-17 10:56:40'),(479,25,155,'Analista de Custos','1','2024-10-17 10:56:40','2024-10-17 10:56:40'),(480,25,156,'Analista de Marketing','1','2024-10-17 10:56:40','2024-10-17 10:56:40'),(481,25,156,'Gerente de Produto','1','2024-10-17 10:56:40','2024-10-17 10:56:40'),(482,25,156,'Especialista em Mídias Sociais','1','2024-10-17 10:56:40','2024-10-17 10:56:40'),(483,25,157,'Executivo de Vendas','1','2024-10-17 10:56:40','2024-10-17 10:56:40'),(484,25,157,'Gerente de Contas','1','2024-10-17 10:56:40','2024-10-17 10:56:40'),(485,25,157,'Representante Comercial','1','2024-10-17 10:56:40','2024-10-17 10:56:40'),(486,25,158,'Analista de Sistemas','1','2024-10-17 10:56:40','2024-10-17 10:56:40'),(487,25,158,'Administrador de Redes','1','2024-10-17 10:56:40','2024-10-17 10:56:40'),(488,25,158,'Especialista em Segurança da Informaão','1','2024-10-17 10:56:40','2024-10-17 10:56:40'),(489,26,159,'Ceo','1','2024-10-17 12:19:15','2024-10-17 12:19:15'),(490,26,159,'CTO','1','2024-10-17 12:19:16','2024-10-17 12:19:16'),(491,26,159,'Girector Geral','1','2024-10-17 12:19:16','2024-10-17 12:19:16'),(492,26,159,'Director Tecnico','1','2024-10-17 12:19:16','2024-10-17 12:19:16'),(493,26,160,'Analista de Recursos Humanos','1','2024-10-17 12:19:16','2024-10-17 12:19:16'),(494,26,160,'Especialista em Recrutamento e Seleço','1','2024-10-17 12:19:16','2024-10-17 12:19:16'),(495,26,160,'Analista de Treinamento e Desenvolvimento','1','2024-10-17 12:19:16','2024-10-17 12:19:16'),(496,26,161,'Analista Financeiro','1','2024-10-17 12:19:16','2024-10-17 12:19:16'),(497,26,161,'Contador','1','2024-10-17 12:19:16','2024-10-17 12:19:16'),(498,26,161,'Analista de Custos','1','2024-10-17 12:19:16','2024-10-17 12:19:16'),(499,26,162,'Analista de Marketing','1','2024-10-17 12:19:16','2024-10-17 12:19:16'),(500,26,162,'Gerente de Produto','1','2024-10-17 12:19:16','2024-10-17 12:19:16'),(501,26,162,'Especialista em Mídias Sociais','1','2024-10-17 12:19:16','2024-10-17 12:19:16'),(502,26,163,'Executivo de Vendas','1','2024-10-17 12:19:16','2024-10-17 12:19:16'),(503,26,163,'Gerente de Contas','1','2024-10-17 12:19:16','2024-10-17 12:19:16'),(504,26,163,'Representante Comercial','1','2024-10-17 12:19:16','2024-10-17 12:19:16'),(505,26,164,'Analista de Sistemas','1','2024-10-17 12:19:16','2024-10-17 12:19:16'),(506,26,164,'Administrador de Redes','1','2024-10-17 12:19:16','2024-10-17 12:19:16'),(507,26,164,'Especialista em Segurança da Informaão','1','2024-10-17 12:19:16','2024-10-17 12:19:16'),(508,27,165,'Ceo','1','2024-10-17 14:31:28','2024-10-17 14:31:28'),(509,27,165,'CTO','1','2024-10-17 14:31:28','2024-10-17 14:31:28'),(510,27,165,'Girector Geral','1','2024-10-17 14:31:28','2024-10-17 14:31:28'),(511,27,165,'Director Tecnico','1','2024-10-17 14:31:28','2024-10-17 14:31:28'),(512,27,166,'Analista de Recursos Humanos','1','2024-10-17 14:31:28','2024-10-17 14:31:28'),(513,27,166,'Especialista em Recrutamento e Seleço','1','2024-10-17 14:31:28','2024-10-17 14:31:28'),(514,27,166,'Analista de Treinamento e Desenvolvimento','1','2024-10-17 14:31:28','2024-10-17 14:31:28'),(515,27,167,'Analista Financeiro','1','2024-10-17 14:31:28','2024-10-17 14:31:28'),(516,27,167,'Contador','1','2024-10-17 14:31:28','2024-10-17 14:31:28'),(517,27,167,'Analista de Custos','1','2024-10-17 14:31:28','2024-10-17 14:31:28'),(518,27,168,'Analista de Marketing','1','2024-10-17 14:31:28','2024-10-17 14:31:28'),(519,27,168,'Gerente de Produto','1','2024-10-17 14:31:28','2024-10-17 14:31:28'),(520,27,168,'Especialista em Mídias Sociais','1','2024-10-17 14:31:28','2024-10-17 14:31:28'),(521,27,169,'Executivo de Vendas','1','2024-10-17 14:31:28','2024-10-17 14:31:28'),(522,27,169,'Gerente de Contas','1','2024-10-17 14:31:28','2024-10-17 14:31:28'),(523,27,169,'Representante Comercial','1','2024-10-17 14:31:28','2024-10-17 14:31:28'),(524,27,170,'Analista de Sistemas','1','2024-10-17 14:31:28','2024-10-17 14:31:28'),(525,27,170,'Administrador de Redes','1','2024-10-17 14:31:28','2024-10-17 14:31:28'),(526,27,170,'Especialista em Segurança da Informaão','1','2024-10-17 14:31:28','2024-10-17 14:31:28'),(527,2,67,'Assistente Jurídico','1','2024-10-21 07:21:11','2024-10-21 07:21:11'),(528,2,65,'Assistente de Recursos Humanos','1','2024-10-21 07:21:51','2024-10-21 07:21:51'),(529,2,63,'Coordenador de Vendas e Captação de Clientes','1','2024-10-21 07:36:54','2024-10-21 07:36:54'),(530,2,7,'Membro do Conselho Fiscal','1','2024-10-21 07:45:00','2024-10-21 07:45:00'),(531,2,64,'Contabilista','1','2024-10-21 08:15:15','2024-10-21 08:15:15'),(532,2,61,'Responsavel do Patrimonio','1','2024-10-21 08:26:45','2024-10-21 08:26:45'),(533,28,172,'Ceo','1','2024-10-30 07:12:58','2024-10-30 07:12:58'),(534,28,172,'CTO','1','2024-10-30 07:12:58','2024-10-30 07:12:58'),(535,28,172,'Girector Geral','1','2024-10-30 07:12:58','2024-10-30 07:12:58'),(536,28,172,'Director Tecnico','1','2024-10-30 07:12:58','2024-10-30 07:12:58'),(537,28,173,'Analista de Recursos Humanos','1','2024-10-30 07:12:58','2024-10-30 07:12:58'),(538,28,173,'Especialista em Recrutamento e Seleço','1','2024-10-30 07:12:58','2024-10-30 07:12:58'),(539,28,173,'Analista de Treinamento e Desenvolvimento','1','2024-10-30 07:12:58','2024-10-30 07:12:58'),(540,28,174,'Analista Financeiro','1','2024-10-30 07:12:58','2024-10-30 07:12:58'),(541,28,174,'Contador','1','2024-10-30 07:12:58','2024-10-30 07:12:58'),(542,28,174,'Analista de Custos','1','2024-10-30 07:12:58','2024-10-30 07:12:58'),(543,28,175,'Analista de Marketing','1','2024-10-30 07:12:58','2024-10-30 07:12:58'),(544,28,175,'Gerente de Produto','1','2024-10-30 07:12:58','2024-10-30 07:12:58'),(545,28,175,'Especialista em Mídias Sociais','1','2024-10-30 07:12:58','2024-10-30 07:12:58'),(546,28,176,'Executivo de Vendas','1','2024-10-30 07:12:58','2024-10-30 07:12:58'),(547,28,176,'Gerente de Contas','1','2024-10-30 07:12:58','2024-10-30 07:12:58'),(548,28,176,'Representante Comercial','1','2024-10-30 07:12:58','2024-10-30 07:12:58'),(549,28,177,'Analista de Sistemas','1','2024-10-30 07:12:58','2024-10-30 07:12:58'),(550,28,177,'Administrador de Redes','1','2024-10-30 07:12:58','2024-10-30 07:12:58'),(551,28,177,'Especialista em Segurança da Informaão','1','2024-10-30 07:12:58','2024-10-30 07:12:58'),(552,22,178,'GERENTE DE OBRA','1','2024-11-06 14:23:29','2024-11-06 14:23:29'),(553,22,178,'DIRECTOR DE OBRA','1','2024-11-06 14:24:09','2024-11-06 14:24:09'),(554,22,178,'ENCARREGADO DE OBRA','1','2024-11-06 14:24:41','2024-11-06 14:24:41'),(555,22,178,'MESTRE FERREIRO','1','2024-11-06 14:25:19','2024-11-06 14:25:19'),(556,22,178,'MESTRE PEDREIRO','1','2024-11-06 14:25:57','2024-11-06 14:25:57'),(557,22,178,'AJUDANTE DE PEDREIRO','1','2024-11-06 14:26:47','2024-11-06 14:26:47'),(558,22,178,'FERREIRO','1','2024-11-06 14:27:16','2024-11-06 14:27:16'),(559,22,178,'COZINHEIRA','1','2024-11-06 14:27:52','2024-11-06 14:27:52'),(560,22,178,'ORÇAMENTISTA','1','2024-11-06 14:28:24','2024-11-06 14:28:24');
/*!40000 ALTER TABLE `funtions` ENABLE KEYS */;
UNLOCK TABLES;

--
-- Table structure for table `managers`
--

DROP TABLE IF EXISTS `managers`;
/*!40101 SET @saved_cs_client     = @@character_set_client */;
/*!40101 SET character_set_client = utf8 */;
CREATE TABLE `managers` (
  `id` int(11) NOT NULL AUTO_INCREMENT,
  `link` varchar(255) DEFAULT NULL,
  PRIMARY KEY (`id`)
) ENGINE=InnoDB AUTO_INCREMENT=2 DEFAULT CHARSET=utf8 COLLATE=utf8_general_ci;
/*!40101 SET character_set_client = @saved_cs_client */;

--
-- Dumping data for table `managers`
--

LOCK TABLES `managers` WRITE;
/*!40000 ALTER TABLE `managers` DISABLE KEYS */;
INSERT INTO `managers` VALUES (1,'https://gestor.atomo.ao/api');
/*!40000 ALTER TABLE `managers` ENABLE KEYS */;
UNLOCK TABLES;

--
-- Table structure for table `migrations`
--

DROP TABLE IF EXISTS `migrations`;
/*!40101 SET @saved_cs_client     = @@character_set_client */;
/*!40101 SET character_set_client = utf8 */;
CREATE TABLE `migrations` (
  `id` int(10) unsigned NOT NULL AUTO_INCREMENT,
  `migration` varchar(255) NOT NULL,
  `batch` int(11) NOT NULL,
  PRIMARY KEY (`id`)
) ENGINE=InnoDB DEFAULT CHARSET=utf8mb4 COLLATE=utf8mb4_unicode_ci;
/*!40101 SET character_set_client = @saved_cs_client */;

--
-- Dumping data for table `migrations`
--

LOCK TABLES `migrations` WRITE;
/*!40000 ALTER TABLE `migrations` DISABLE KEYS */;
/*!40000 ALTER TABLE `migrations` ENABLE KEYS */;
UNLOCK TABLES;

--
-- Table structure for table `module_companies`
--

DROP TABLE IF EXISTS `module_companies`;
/*!40101 SET @saved_cs_client     = @@character_set_client */;
/*!40101 SET character_set_client = utf8 */;
CREATE TABLE `module_companies` (
  `id` bigint(20) unsigned NOT NULL AUTO_INCREMENT,
  `module_id` bigint(20) unsigned NOT NULL,
  `companie_id` bigint(20) unsigned NOT NULL,
  `created_at` timestamp NULL DEFAULT NULL,
  `updated_at` timestamp NULL DEFAULT NULL,
  PRIMARY KEY (`id`)
) ENGINE=InnoDB DEFAULT CHARSET=utf8mb4 COLLATE=utf8mb4_unicode_ci;
/*!40101 SET character_set_client = @saved_cs_client */;

--
-- Dumping data for table `module_companies`
--

LOCK TABLES `module_companies` WRITE;
/*!40000 ALTER TABLE `module_companies` DISABLE KEYS */;
/*!40000 ALTER TABLE `module_companies` ENABLE KEYS */;
UNLOCK TABLES;

--
-- Table structure for table `modules`
--

DROP TABLE IF EXISTS `modules`;
/*!40101 SET @saved_cs_client     = @@character_set_client */;
/*!40101 SET character_set_client = utf8 */;
CREATE TABLE `modules` (
  `id` bigint(20) unsigned NOT NULL AUTO_INCREMENT,
  `created_at` timestamp NULL DEFAULT NULL,
  `updated_at` timestamp NULL DEFAULT NULL,
  PRIMARY KEY (`id`)
) ENGINE=InnoDB DEFAULT CHARSET=utf8mb4 COLLATE=utf8mb4_unicode_ci;
/*!40101 SET character_set_client = @saved_cs_client */;

--
-- Dumping data for table `modules`
--

LOCK TABLES `modules` WRITE;
/*!40000 ALTER TABLE `modules` DISABLE KEYS */;
/*!40000 ALTER TABLE `modules` ENABLE KEYS */;
UNLOCK TABLES;

--
-- Table structure for table `operations`
--

DROP TABLE IF EXISTS `operations`;
/*!40101 SET @saved_cs_client     = @@character_set_client */;
/*!40101 SET character_set_client = utf8 */;
CREATE TABLE `operations` (
  `id` bigint(20) unsigned NOT NULL AUTO_INCREMENT,
  `companie_id` bigint(20) unsigned NOT NULL,
  `user_id` bigint(20) unsigned DEFAULT NULL,
  `user_name` varchar(255) DEFAULT NULL,
  `user_role` varchar(255) DEFAULT NULL,
  `user_departament` varchar(255) DEFAULT NULL,
  `type` varchar(255) DEFAULT NULL,
  `date` varchar(255) DEFAULT NULL,
  `descrition` varchar(255) DEFAULT NULL,
  `created_at` timestamp NULL DEFAULT NULL,
  `updated_at` timestamp NULL DEFAULT NULL,
  PRIMARY KEY (`id`)
) ENGINE=InnoDB AUTO_INCREMENT=159 DEFAULT CHARSET=utf8mb4 COLLATE=utf8mb4_unicode_ci;
/*!40101 SET character_set_client = @saved_cs_client */;

--
-- Dumping data for table `operations`
--

LOCK TABLES `operations` WRITE;
/*!40000 ALTER TABLE `operations` DISABLE KEYS */;
INSERT INTO `operations` VALUES (1,2,2,'Feliciana Severino','Director','Administrativo','Cadastro','2024-08-12 09:39:50','Utilizador','2024-08-12 07:39:50','2024-08-12 07:39:50'),(2,2,2,'Feliciana Severino','Director','Administrativo','Cadastro','2024-08-12 09:40:47','Utilizador','2024-08-12 07:40:47','2024-08-12 07:40:47'),(3,1,1,'Geronsio Quetas','Director','Administrativo','Cadastro','2024-08-12 15:52:14','Funcionário','2024-08-12 13:52:14','2024-08-12 13:52:14'),(4,1,1,'Geronsio Quetas','Director','Administrativo','Cadastro','2024-08-12 15:53:59','Salário','2024-08-12 13:53:59','2024-08-12 13:53:59'),(5,1,1,'Geronsio Quetas','Director','Administrativo','Cadastro','2024-08-12 16:11:42','Presença','2024-08-12 14:11:42','2024-08-12 14:11:42'),(6,1,1,'Geronsio Quetas','Director','Administrativo','Cadastro','2024-08-12 16:21:54','Férias','2024-08-12 14:21:54','2024-08-12 14:21:54'),(7,2,3,'Pablo Paez','gestor','Tecnologia da Informação','Correção','2024-08-14 15:08:47','Empresa','2024-08-14 13:08:47','2024-08-14 13:08:47'),(8,2,2,'Feliciana Severino','Director','Administrativo','Reset Password','2024-08-14 15:09:04','Utilizador','2024-08-14 13:09:04','2024-08-14 13:09:04'),(9,2,4,'Josefina Beatriz Bonga','Director','Recursos Humanos','Reset Password','2024-08-14 15:20:05','Utilizador','2024-08-14 13:20:05','2024-08-14 13:20:05'),(10,2,4,'Josefina Beatriz Bonga','Director','Recursos Humanos','Reset Password','2024-08-14 15:20:35','Utilizador','2024-08-14 13:20:35','2024-08-14 13:20:35'),(11,2,4,'Josefina Beatriz Bonga','Director','Recursos Humanos','Reset Password','2024-08-14 15:21:06','Utilizador','2024-08-14 13:21:06','2024-08-14 13:21:06'),(16,1,1,'Usuario','Director','Administrativo','Cadastro','2024-08-16 13:38:07','Funcionário','2024-08-16 11:38:07','2024-08-16 11:38:07'),(17,1,1,'Usuario','Director','Administrativo','Cadastro','2024-08-16 13:57:49','Funcionário','2024-08-16 11:57:49','2024-08-16 11:57:49'),(18,1,1,'Usuario','Director','Administrativo','Cadastro','2024-08-16 13:58:45','Presença','2024-08-16 11:58:45','2024-08-16 11:58:45'),(19,1,1,'Usuario','Director','Administrativo','Cadastro','2024-08-16 13:59:12','Férias','2024-08-16 11:59:12','2024-08-16 11:59:12'),(20,1,1,'Usuario','Director','Administrativo','Cadastro','2024-08-16 14:00:10','Salário','2024-08-16 12:00:10','2024-08-16 12:00:10'),(21,1,1,'Usuario','Director','Administrativo','Cadastro','2024-08-16 14:00:52','Carga Horaria','2024-08-16 12:00:52','2024-08-16 12:00:52'),(22,1,1,'Usuario','Director','Administrativo','Correção','2024-08-16 14:01:55','Funcionário','2024-08-16 12:01:55','2024-08-16 12:01:55'),(23,1,1,'Usuario','Director','Administrativo','Correção','2024-08-16 14:02:13','Funcionário','2024-08-16 12:02:13','2024-08-16 12:02:13'),(24,1,1,'Usuario','Director','Administrativo','Correção','2024-08-16 14:03:42','Funcionário','2024-08-16 12:03:42','2024-08-16 12:03:42'),(25,1,1,'Usuario','Director','Administrativo','Correção','2024-08-16 14:03:50','Funcionário','2024-08-16 12:03:50','2024-08-16 12:03:50'),(26,1,1,'Usuario','Director','Administrativo','Correção','2024-08-16 14:06:08','Funcionário','2024-08-16 12:06:08','2024-08-16 12:06:08'),(27,1,1,'Usuario','Director','Administrativo','Correção','2024-08-16 14:06:36','Funcionário','2024-08-16 12:06:36','2024-08-16 12:06:36'),(28,1,1,'Usuario','Director','Administrativo','Cadastro','2024-08-16 14:06:50','Utilizador','2024-08-16 12:06:50','2024-08-16 12:06:50'),(29,1,1,'Usuario','Director','Administrativo','Correção','2024-08-16 14:07:28','Funcionário','2024-08-16 12:07:28','2024-08-16 12:07:28'),(30,1,1,'Usuario','Director','Administrativo','Correção','2024-08-16 14:09:24','Funcionário','2024-08-16 12:09:24','2024-08-16 12:09:24'),(31,1,1,'Usuario','Director','Administrativo','Correção','2024-08-16 14:09:35','Funcionário','2024-08-16 12:09:35','2024-08-16 12:09:35'),(32,1,1,'Usuario','Director','Administrativo','Correção','2024-08-16 14:11:04','Funcionário','2024-08-16 12:11:04','2024-08-16 12:11:04'),(33,1,1,'Usuario','Director','Administrativo','Correção','2024-08-16 14:11:12','Funcionário','2024-08-16 12:11:12','2024-08-16 12:11:12'),(34,1,1,'Usuario','Director','Administrativo','Correção','2024-08-16 14:11:42','Funcionário','2024-08-16 12:11:42','2024-08-16 12:11:42'),(35,1,1,'Usuario','Director','Administrativo','Correção','2024-08-16 14:14:25','Funcionário','2024-08-16 12:14:25','2024-08-16 12:14:25'),(36,1,1,'Usuario','Director','Administrativo','Correção','2024-08-16 14:15:12','Funcionário','2024-08-16 12:15:12','2024-08-16 12:15:12'),(37,1,1,'Usuario','Director','Administrativo','Correção','2024-08-16 14:15:23','Funcionário','2024-08-16 12:15:23','2024-08-16 12:15:23'),(38,1,1,'Usuario','Director','Administrativo','Correção','2024-08-16 14:15:30','Funcionário','2024-08-16 12:15:30','2024-08-16 12:15:30'),(39,1,1,'Usuario','Director','Administrativo','Correção','2024-08-16 14:15:37','Funcionário','2024-08-16 12:15:37','2024-08-16 12:15:37'),(40,1,1,'Usuario','Director','Administrativo','Correção','2024-08-16 14:17:40','Funcionário','2024-08-16 12:17:40','2024-08-16 12:17:40'),(41,1,1,'Usuario','Director','Administrativo','Correção','2024-08-16 14:20:54','Funcionário','2024-08-16 12:20:54','2024-08-16 12:20:54'),(42,1,1,'Usuario','Director','Administrativo','Correção','2024-08-16 14:21:17','Funcionário','2024-08-16 12:21:17','2024-08-16 12:21:17'),(43,1,1,'Usuario','Director','Administrativo','Correção','2024-08-18 14:18:39','Funcionário','2024-08-18 12:18:39','2024-08-18 12:18:39'),(44,1,1,'Usuario','Director','Administrativo','Cadastro','2024-08-18 14:22:51','Presença','2024-08-18 12:22:51','2024-08-18 12:22:51'),(45,1,1,'Usuario','Director','Administrativo','Cadastro','2024-08-18 14:23:48','Férias','2024-08-18 12:23:48','2024-08-18 12:23:48'),(46,1,1,'Usuario','Director','Administrativo','Cadastro','2024-08-19 10:44:38','Funcionário','2024-08-19 08:44:38','2024-08-19 08:44:38'),(47,1,1,'Usuario','Director','Administrativo','Cadastro','2024-08-19 10:45:42','Presença','2024-08-19 08:45:42','2024-08-19 08:45:42'),(48,1,1,'Usuario','Director','Administrativo','Cadastro','2024-08-19 10:46:24','Férias','2024-08-19 08:46:24','2024-08-19 08:46:24'),(49,1,1,'Usuario','Director','Administrativo','Correção','2024-08-19 10:48:40','Funcionário','2024-08-19 08:48:40','2024-08-19 08:48:40'),(50,1,1,'Usuario','Director','Administrativo','Correção','2024-08-19 10:51:26','Carga Horaria','2024-08-19 08:51:26','2024-08-19 08:51:26'),(51,1,1,'Usuario','Director','Administrativo','Correção','2024-08-19 10:53:36','Carga Horaria','2024-08-19 08:53:36','2024-08-19 08:53:36'),(52,1,1,'Usuario','Director','Administrativo','Correção','2024-08-19 10:59:10','Funcionário','2024-08-19 08:59:10','2024-08-19 08:59:10'),(53,1,1,'Usuario','Director','Administrativo','Cadastro','2024-08-19 11:26:55','Salário','2024-08-19 09:26:55','2024-08-19 09:26:55'),(54,1,1,'Usuario','Director','Administrativo','Cadastro','2024-08-29 10:14:28','Utilizador','2024-08-29 08:14:28','2024-08-29 08:14:28'),(55,1,1,'Usuario','Director','Administrativo','Correção','2024-08-29 10:15:56','Empresa','2024-08-29 08:15:56','2024-08-29 08:15:56'),(56,1,8,'Constantino Ulima','Director','Administrativo','Cadastro','2024-08-29 10:21:34','Funcionário','2024-08-29 08:21:34','2024-08-29 08:21:34'),(57,1,8,'Constantino Ulima','Director','Administrativo','Cadastro','2024-08-30 15:23:18','Presença','2024-08-30 13:23:18','2024-08-30 13:23:18'),(58,1,8,'Constantino Ulima','Director','Administrativo','Cadastro','2024-08-30 15:23:36','Férias','2024-08-30 13:23:36','2024-08-30 13:23:36'),(59,1,1,'Usuario','Director','Administrativo','Correção','2024-08-30 15:49:03','Empresa','2024-08-30 13:49:03','2024-08-30 13:49:03'),(60,1,1,'Usuario','Director','Administrativo','Correção','2024-08-30 15:55:35','Empresa','2024-08-30 13:55:35','2024-08-30 13:55:35'),(61,1,1,'Usuario','Director','Administrativo','Correção','2024-08-30 15:57:06','Empresa','2024-08-30 13:57:06','2024-08-30 13:57:06'),(62,1,1,'Usuario','Director','Administrativo','Correção','2024-08-30 16:02:04','Empresa','2024-08-30 14:02:04','2024-08-30 14:02:04'),(63,1,1,'Usuario','Director','Administrativo','Correção','2024-08-30 16:03:02','Empresa','2024-08-30 14:03:02','2024-08-30 14:03:02'),(64,1,1,'Usuario','Director','Administrativo','Correção','2024-08-30 16:07:19','Empresa','2024-08-30 14:07:19','2024-08-30 14:07:19'),(65,1,1,'Usuario','Director','Administrativo','Correção','2024-08-30 16:07:59','Empresa','2024-08-30 14:07:59','2024-08-30 14:07:59'),(66,1,1,'Usuario','Director','Administrativo','Correção','2024-08-30 16:23:44','Empresa','2024-08-30 14:23:44','2024-08-30 14:23:44'),(67,2,4,'Josefina Beatriz Bonga','Director','Recursos Humanos','Cadastro','2024-09-20 14:08:45','Funcionário','2024-09-20 12:08:45','2024-09-20 12:08:45'),(68,2,4,'Josefina Beatriz Bonga','Director','Recursos Humanos','Cadastro','2024-09-20 14:44:45','Departamento','2024-09-20 12:44:45','2024-09-20 12:44:45'),(69,2,4,'Josefina Beatriz Bonga','Director','Recursos Humanos','Cadastro','2024-09-20 14:48:40','Departamento','2024-09-20 12:48:40','2024-09-20 12:48:40'),(70,2,4,'Josefina Beatriz Bonga','Director','Recursos Humanos','Cadastro','2024-09-20 14:50:34','Carga Horaria','2024-09-20 12:50:34','2024-09-20 12:50:34'),(71,2,4,'Josefina Beatriz Bonga','Director','Recursos Humanos','Cadastro','2024-09-20 14:59:13','Departamento','2024-09-20 12:59:13','2024-09-20 12:59:13'),(72,2,4,'Josefina Beatriz Bonga','Director','Recursos Humanos','Exclusão','2024-09-20 14:59:20','Departamento','2024-09-20 12:59:20','2024-09-20 12:59:20'),(73,2,4,'Josefina Beatriz Bonga','Director','Recursos Humanos','Cadastro','2024-09-20 15:00:48','Departamento','2024-09-20 13:00:48','2024-09-20 13:00:48'),(74,2,4,'Josefina Beatriz Bonga','Director','Recursos Humanos','Exclusão','2024-09-20 15:05:50','Departamento','2024-09-20 13:05:50','2024-09-20 13:05:50'),(75,2,4,'Josefina Beatriz Bonga','Director','Recursos Humanos','Exclusão','2024-09-20 15:06:08','Departamento','2024-09-20 13:06:08','2024-09-20 13:06:08'),(76,2,4,'Josefina Beatriz Bonga','Director','Recursos Humanos','Exclusão','2024-09-20 15:06:37','Departamento','2024-09-20 13:06:37','2024-09-20 13:06:37'),(77,2,4,'Josefina Beatriz Bonga','Director','Recursos Humanos','Cadastro','2024-09-20 15:07:02','Departamento','2024-09-20 13:07:02','2024-09-20 13:07:02'),(78,11,15,'Otiniel Mivo','Director','Administrativo','Cadastro','2024-09-25 11:51:50','Funcionário','2024-09-25 09:51:50','2024-09-25 09:51:50'),(79,11,15,'Otiniel Mivo','Director','Administrativo','Cadastro','2024-09-25 11:52:26','Presença','2024-09-25 09:52:26','2024-09-25 09:52:26'),(80,11,15,'Otiniel Mivo','Director','Administrativo','Cadastro','2024-09-25 11:53:10','Salário','2024-09-25 09:53:10','2024-09-25 09:53:10'),(81,11,15,'Otiniel Mivo','Director','Administrativo','Cadastro','2024-09-25 11:56:28','Férias','2024-09-25 09:56:28','2024-09-25 09:56:28'),(82,11,15,'Otiniel Mivo','Director','Administrativo','Cadastro','2024-09-25 11:58:38','Salário','2024-09-25 09:58:38','2024-09-25 09:58:38'),(83,11,15,'Otiniel Mivo','Director','Administrativo','Exlusão','2024-09-25 12:12:35','Salário','2024-09-25 10:12:35','2024-09-25 10:12:35'),(84,11,15,'Otiniel Mivo','Director','Administrativo','Exlusão','2024-09-25 12:12:40','Salário','2024-09-25 10:12:40','2024-09-25 10:12:40'),(85,12,16,'Claúdio Bunga','Director','Administrativo','Cadastro','2024-09-25 15:28:53','Funcionário','2024-09-25 13:28:53','2024-09-25 13:28:53'),(86,11,15,'Otiniel Mivo','Director','Administrativo','Cadastro','2024-09-30 11:56:37','Carga Horaria','2024-09-30 09:56:37','2024-09-30 09:56:37'),(87,11,15,'Otiniel Mivo','Director','Administrativo','Cadastro','2024-09-30 12:01:22','Utilizador','2024-09-30 10:01:22','2024-09-30 10:01:22'),(88,11,15,'Otiniel Mivo','Director','Administrativo','Exclusão','2024-09-30 12:01:43','Utilizador','2024-09-30 10:01:43','2024-09-30 10:01:43'),(89,11,15,'Otiniel Mivo','Director','Administrativo','Exclusão','2024-09-30 12:01:54','Utilizador','2024-09-30 10:01:54','2024-09-30 10:01:54'),(90,11,15,'Otiniel Mivo','Director','Administrativo','Exclusão','2024-09-30 12:01:59','Utilizador','2024-09-30 10:01:59','2024-09-30 10:01:59'),(91,11,15,'Otiniel Mivo','Director','Administrativo','Reset Password','2024-09-30 12:02:15','Utilizador','2024-09-30 10:02:15','2024-09-30 10:02:15'),(92,15,20,'Maria Sebastiao','Director','Administrativo','Cadastro','2024-10-02 13:01:54','Funcionário','2024-10-02 11:01:54','2024-10-02 11:01:54'),(93,15,20,'Maria Sebastiao','Director','Administrativo','Cadastro','2024-10-02 13:43:04','Férias','2024-10-02 11:43:04','2024-10-02 11:43:04'),(94,17,22,'Aristides Chingolo','Director','Administrativo','Cadastro','2024-10-07 18:27:00','Funcionário','2024-10-07 16:27:00','2024-10-07 16:27:00'),(95,17,22,'Aristides Chingolo','Director','Administrativo','Cadastro','2024-10-07 18:28:29','Presença','2024-10-07 16:28:29','2024-10-07 16:28:29'),(96,17,22,'Aristides Chingolo','Director','Administrativo','Cadastro','2024-10-07 18:30:18','Salário','2024-10-07 16:30:18','2024-10-07 16:30:18'),(97,17,22,'Aristides Chingolo','Director','Administrativo','Cadastro','2024-10-07 18:31:12','Carga Horaria','2024-10-07 16:31:12','2024-10-07 16:31:12'),(98,14,18,'Nelson Francisco','Director','Administrativo','Cadastro','2024-10-08 10:43:32','Funcionário','2024-10-08 08:43:32','2024-10-08 08:43:32'),(99,2,3,'Pablo Paez','Director','Tecnologia da Informação','Cadastro','2024-10-09 09:54:04','Funcionário','2024-10-09 07:54:04','2024-10-09 07:54:04'),(100,2,3,'Pablo Paez','Director','Tecnologia da Informação','Exclusão','2024-10-09 09:54:10','Funcionário','2024-10-09 07:54:10','2024-10-09 07:54:10'),(101,18,23,'Herlander','Director','Administrativo','Cadastro','2024-10-09 22:41:31','Funcionário','2024-10-09 20:41:31','2024-10-09 20:41:31'),(102,24,29,'Sebastião Panzo','Director','Administrativo','Cadastro','2024-10-16 10:33:09','Funcionário','2024-10-16 08:33:09','2024-10-16 08:33:09'),(103,22,27,'Carlos Gazola','Director','Administrativo','Cadastro','2024-10-16 11:29:19','Funcionário','2024-10-16 09:29:19','2024-10-16 09:29:19'),(104,20,25,'Pascoal Ngola','Director','Administrativo','Cadastro','2024-10-16 13:26:02','Funcionário','2024-10-16 11:26:02','2024-10-16 11:26:02'),(105,20,25,'Pascoal Ngola','Director','Administrativo','Cadastro','2024-10-17 16:46:21','Presença','2024-10-17 14:46:21','2024-10-17 14:46:21'),(106,20,25,'Pascoal Ngola','Director','Administrativo','Correção','2024-10-17 17:08:26','Funcionário','2024-10-17 15:08:26','2024-10-17 15:08:26'),(107,20,25,'Pascoal Ngola','Director','Administrativo','Correção','2024-10-17 17:08:27','Funcionário','2024-10-17 15:08:27','2024-10-17 15:08:27'),(108,20,25,'Pascoal Ngola','Director','Administrativo','Cadastro','2024-10-17 17:20:53','Salário','2024-10-17 15:20:53','2024-10-17 15:20:53'),(109,20,25,'Pascoal Ngola','Director','Administrativo','Correção','2024-10-17 18:08:12','Empresa','2024-10-17 16:08:12','2024-10-17 16:08:12'),(110,1,8,'Constantino Ulima','Director','Administrativo','Cadastro','2024-10-18 10:21:14','Salário','2024-10-18 08:21:14','2024-10-18 08:21:14'),(111,1,8,'Constantino Ulima','Director','Administrativo','Cadastro','2024-10-18 10:24:28','Salário','2024-10-18 08:24:28','2024-10-18 08:24:28'),(112,26,31,'Geroncio','Director','Administrativo','Cadastro','2024-10-21 17:16:15','Funcionário','2024-10-21 15:16:15','2024-10-21 15:16:15'),(113,26,31,'Geroncio','Director','Administrativo','Cadastro','2024-10-22 15:40:31','Funcionário','2024-10-22 13:40:31','2024-10-22 13:40:31'),(114,26,31,'Geroncio','Director','Administrativo','Exclusão','2024-10-22 15:58:41','Funcionário','2024-10-22 13:58:41','2024-10-22 13:58:41'),(115,26,31,'Geroncio','Director','Administrativo','Cadastro','2024-10-22 16:36:29','Funcionário','2024-10-22 14:36:29','2024-10-22 14:36:29'),(116,2,2,'Feliciana Zeferino','Director','Administrativo','Cadastro','2024-10-22 16:37:54','Funcionário','2024-10-22 14:37:54','2024-10-22 14:37:54'),(117,2,2,'Feliciana Zeferino','Director','Administrativo','Exclusão','2024-10-22 16:37:58','Funcionário','2024-10-22 14:37:58','2024-10-22 14:37:58'),(118,2,2,'Feliciana Zeferino','Director','Administrativo','Cadastro','2024-10-22 16:38:54','Funcionário','2024-10-22 14:38:54','2024-10-22 14:38:54'),(119,2,2,'Feliciana Zeferino','Director','Administrativo','Exclusão','2024-10-22 16:43:17','Funcionário','2024-10-22 14:43:17','2024-10-22 14:43:17'),(120,1,8,'Constantino Ulima','Director','Administrativo','Cadastro','2024-10-23 08:41:31','Salário','2024-10-23 06:41:31','2024-10-23 06:41:31'),(121,1,8,'Constantino Ulima','Director','Administrativo','Cadastro','2024-10-24 10:03:42','Funcionário','2024-10-24 08:03:42','2024-10-24 08:03:42'),(122,1,8,'Constantino Ulima','Director','Administrativo','Exclusão','2024-10-24 10:04:08','Funcionário','2024-10-24 08:04:08','2024-10-24 08:04:08'),(123,2,2,'Feliciana Zeferino','Director','Administrativo','Cadastro','2024-10-25 11:56:51','Funcionário','2024-10-25 09:56:51','2024-10-25 09:56:51'),(124,2,2,'Feliciana Zeferino','Director','Administrativo','Exclusão','2024-10-25 11:58:09','Funcionário','2024-10-25 09:58:09','2024-10-25 09:58:09'),(125,1,8,'Constantino Ulima','Director','Administrativo','Cadastro','2024-10-29 14:17:10','Funcionário','2024-10-29 13:17:10','2024-10-29 13:17:10'),(126,1,8,'Constantino Ulima','Director','Administrativo','Cadastro','2024-10-29 14:19:57','Salário','2024-10-29 13:19:57','2024-10-29 13:19:57'),(127,1,8,'Constantino Ulima','Director','Administrativo','Cadastro','2024-10-29 14:25:18','Departamento','2024-10-29 13:25:18','2024-10-29 13:25:18'),(128,22,27,'Carlos Gazola','Director','Administrativo','Cadastro','2024-11-04 18:08:51','Departamento','2024-11-04 17:08:51','2024-11-04 17:08:51'),(129,22,27,'Carlos Gazola','Director','Administrativo','Cadastro','2024-11-04 18:09:23','Departamento','2024-11-04 17:09:23','2024-11-04 17:09:23'),(130,22,27,'Carlos Gazola','Director','Administrativo','Exclusão','2024-11-04 18:11:56','Utilizador','2024-11-04 17:11:56','2024-11-04 17:11:56'),(131,22,27,'Carlos Gazola','Director','Administrativo','Reset Password','2024-11-04 18:13:12','Utilizador','2024-11-04 17:13:12','2024-11-04 17:13:12'),(132,22,27,'Carlos Gazola','Director','Administrativo','Reset Password','2024-11-04 18:13:14','Utilizador','2024-11-04 17:13:14','2024-11-04 17:13:14'),(133,22,27,'Carlos Gazola','Director','Administrativo','Cadastro','2024-11-06 15:22:07','Funcionário','2024-11-06 14:22:07','2024-11-06 14:22:07'),(134,22,27,'Carlos Gazola','Director','Administrativo','Correção','2024-11-06 15:29:12','Funcionário','2024-11-06 14:29:12','2024-11-06 14:29:12'),(135,22,27,'Carlos Gazola','Director','Administrativo','Correção','2024-11-06 15:32:49','Funcionário','2024-11-06 14:32:49','2024-11-06 14:32:49'),(136,22,27,'Carlos Gazola','Director','Administrativo','Cadastro','2024-11-06 15:46:41','Funcionário','2024-11-06 14:46:41','2024-11-06 14:46:41'),(137,22,27,'Carlos Gazola','Director','Administrativo','Cadastro','2024-11-06 15:55:56','Funcionário','2024-11-06 14:55:56','2024-11-06 14:55:56'),(138,22,27,'Carlos Gazola','Director','Administrativo','Cadastro','2024-11-06 15:58:30','Funcionário','2024-11-06 14:58:30','2024-11-06 14:58:30'),(139,22,27,'Carlos Gazola','Director','Administrativo','Cadastro','2024-11-06 16:07:24','Funcionário','2024-11-06 15:07:24','2024-11-06 15:07:24'),(140,22,27,'Carlos Gazola','Director','Administrativo','Cadastro','2024-11-06 16:13:31','Funcionário','2024-11-06 15:13:31','2024-11-06 15:13:31'),(141,22,27,'Carlos Gazola','Director','Administrativo','Cadastro','2024-11-06 16:16:17','Funcionário','2024-11-06 15:16:17','2024-11-06 15:16:17'),(142,22,27,'Carlos Gazola','Director','Administrativo','Correção','2024-11-06 16:24:36','Funcionário','2024-11-06 15:24:36','2024-11-06 15:24:36'),(143,22,27,'Carlos Gazola','Director','Administrativo','Cadastro','2024-11-06 16:27:43','Funcionário','2024-11-06 15:27:43','2024-11-06 15:27:43'),(144,22,27,'Carlos Gazola','Director','Administrativo','Cadastro','2024-11-06 16:30:45','Funcionário','2024-11-06 15:30:45','2024-11-06 15:30:45'),(145,22,27,'Carlos Gazola','Director','Administrativo','Cadastro','2024-11-07 11:00:38','Funcionário','2024-11-07 10:00:38','2024-11-07 10:00:38'),(146,22,27,'Carlos Gazola','Director','Administrativo','Cadastro','2024-11-07 11:04:51','Funcionário','2024-11-07 10:04:51','2024-11-07 10:04:51'),(147,22,27,'Carlos Gazola','Director','Administrativo','Cadastro','2024-11-07 11:07:05','Funcionário','2024-11-07 10:07:05','2024-11-07 10:07:05'),(148,22,27,'Carlos Gazola','Director','Administrativo','Cadastro','2024-11-07 11:09:52','Funcionário','2024-11-07 10:09:52','2024-11-07 10:09:52'),(149,22,27,'Carlos Gazola','Director','Administrativo','Cadastro','2024-11-07 11:12:47','Funcionário','2024-11-07 10:12:47','2024-11-07 10:12:47'),(150,22,27,'Carlos Gazola','Director','Administrativo','Cadastro','2024-11-07 11:14:34','Funcionário','2024-11-07 10:14:34','2024-11-07 10:14:34'),(151,22,27,'Carlos Gazola','Director','Administrativo','Cadastro','2024-11-07 11:17:46','Funcionário','2024-11-07 10:17:46','2024-11-07 10:17:46'),(152,22,27,'Carlos Gazola','Director','Administrativo','Cadastro','2024-11-07 11:20:10','Salário','2024-11-07 10:20:10','2024-11-07 10:20:10'),(153,22,27,'Carlos Gazola','Director','Administrativo','Cadastro','2024-11-07 11:21:00','Salário','2024-11-07 10:21:00','2024-11-07 10:21:00'),(154,22,27,'Carlos Gazola','Director','Administrativo','Cadastro','2024-11-07 11:22:30','Presença','2024-11-07 10:22:30','2024-11-07 10:22:30'),(155,22,27,'Carlos Gazola','Director','Administrativo','Cadastro','2024-11-07 11:24:59','Presença','2024-11-07 10:24:59','2024-11-07 10:24:59'),(156,22,27,'Carlos Gazola','Director','Administrativo','Cadastro','2024-11-07 11:39:19','Carga Horaria','2024-11-07 10:39:19','2024-11-07 10:39:19'),(157,22,27,'Carlos Gazola','Director','Administrativo','Cadastro','2024-11-07 13:34:13','Salário','2024-11-07 12:34:13','2024-11-07 12:34:13'),(158,22,27,'Carlos Gazola','Director','Administrativo','Exlusão','2024-11-07 13:44:51','Salário','2024-11-07 12:44:51','2024-11-07 12:44:51');
/*!40000 ALTER TABLE `operations` ENABLE KEYS */;
UNLOCK TABLES;

--
-- Table structure for table `password_reset_tokens`
--

DROP TABLE IF EXISTS `password_reset_tokens`;
/*!40101 SET @saved_cs_client     = @@character_set_client */;
/*!40101 SET character_set_client = utf8 */;
CREATE TABLE `password_reset_tokens` (
  `email` varchar(255) NOT NULL,
  `token` varchar(255) NOT NULL,
  `created_at` timestamp NULL DEFAULT NULL,
  PRIMARY KEY (`email`)
) ENGINE=InnoDB DEFAULT CHARSET=utf8mb4 COLLATE=utf8mb4_unicode_ci;
/*!40101 SET character_set_client = @saved_cs_client */;

--
-- Dumping data for table `password_reset_tokens`
--

LOCK TABLES `password_reset_tokens` WRITE;
/*!40000 ALTER TABLE `password_reset_tokens` DISABLE KEYS */;
/*!40000 ALTER TABLE `password_reset_tokens` ENABLE KEYS */;
UNLOCK TABLES;

--
-- Table structure for table `permission_users`
--

DROP TABLE IF EXISTS `permission_users`;
/*!40101 SET @saved_cs_client     = @@character_set_client */;
/*!40101 SET character_set_client = utf8 */;
CREATE TABLE `permission_users` (
  `id` bigint(20) unsigned NOT NULL AUTO_INCREMENT,
  `user_id` bigint(20) unsigned NOT NULL,
  `companie_id` bigint(20) unsigned NOT NULL,
  `permission_id` bigint(20) unsigned NOT NULL,
  `created_at` timestamp NULL DEFAULT NULL,
  `updated_at` timestamp NULL DEFAULT NULL,
  PRIMARY KEY (`id`)
) ENGINE=InnoDB DEFAULT CHARSET=utf8mb4 COLLATE=utf8mb4_unicode_ci;
/*!40101 SET character_set_client = @saved_cs_client */;

--
-- Dumping data for table `permission_users`
--

LOCK TABLES `permission_users` WRITE;
/*!40000 ALTER TABLE `permission_users` DISABLE KEYS */;
/*!40000 ALTER TABLE `permission_users` ENABLE KEYS */;
UNLOCK TABLES;

--
-- Table structure for table `permissions`
--

DROP TABLE IF EXISTS `permissions`;
/*!40101 SET @saved_cs_client     = @@character_set_client */;
/*!40101 SET character_set_client = utf8 */;
CREATE TABLE `permissions` (
  `id` bigint(20) unsigned NOT NULL AUTO_INCREMENT,
  `name` varchar(255) NOT NULL,
  `guard_name` varchar(255) NOT NULL,
  `companie_id` bigint(20) unsigned NOT NULL,
  `status` enum('0','1') NOT NULL DEFAULT '1' COMMENT 'status: 0=>disabled, 1=>enabled',
  `created_at` timestamp NULL DEFAULT NULL,
  `updated_at` timestamp NULL DEFAULT NULL,
  PRIMARY KEY (`id`)
) ENGINE=InnoDB DEFAULT CHARSET=utf8mb4 COLLATE=utf8mb4_unicode_ci;
/*!40101 SET character_set_client = @saved_cs_client */;

--
-- Dumping data for table `permissions`
--

LOCK TABLES `permissions` WRITE;
/*!40000 ALTER TABLE `permissions` DISABLE KEYS */;
/*!40000 ALTER TABLE `permissions` ENABLE KEYS */;
UNLOCK TABLES;

--
-- Table structure for table `personal_access_tokens`
--

DROP TABLE IF EXISTS `personal_access_tokens`;
/*!40101 SET @saved_cs_client     = @@character_set_client */;
/*!40101 SET character_set_client = utf8 */;
CREATE TABLE `personal_access_tokens` (
  `id` bigint(20) unsigned NOT NULL AUTO_INCREMENT,
  `tokenable_type` varchar(255) NOT NULL,
  `tokenable_id` bigint(20) unsigned NOT NULL,
  `name` varchar(255) NOT NULL,
  `token` varchar(64) NOT NULL,
  `abilities` text DEFAULT NULL,
  `last_used_at` timestamp NULL DEFAULT NULL,
  `expires_at` timestamp NULL DEFAULT NULL,
  `created_at` timestamp NULL DEFAULT NULL,
  `updated_at` timestamp NULL DEFAULT NULL,
  PRIMARY KEY (`id`),
  UNIQUE KEY `personal_access_tokens_token_unique` (`token`),
  KEY `personal_access_tokens_tokenable_type_tokenable_id_index` (`tokenable_type`,`tokenable_id`)
) ENGINE=InnoDB AUTO_INCREMENT=163 DEFAULT CHARSET=utf8mb4 COLLATE=utf8mb4_unicode_ci;
/*!40101 SET character_set_client = @saved_cs_client */;

--
-- Dumping data for table `personal_access_tokens`
--

LOCK TABLES `personal_access_tokens` WRITE;
/*!40000 ALTER TABLE `personal_access_tokens` DISABLE KEYS */;
INSERT INTO `personal_access_tokens` VALUES (10,'App\\Models\\User',3,'login_token','f96c8ef4594c8ff477046f58dc9bfbb7561ef19017e5cd182466d464222419f9','[\"*\"]',NULL,NULL,'2024-08-14 13:10:52','2024-08-14 13:10:52'),(15,'App\\Models\\User',4,'login_token','cedf0d790a434fb1999a24c792f90f1168a6430dfa669d72461f26e6988e850a','[\"*\"]',NULL,NULL,'2024-08-15 05:48:27','2024-08-15 05:48:27'),(17,'App\\Models\\User',5,'login_token','dd416423fa6068913ca23f7cbd4be24156b6db15be7aace9658d9b3d117fb739','[\"*\"]',NULL,NULL,'2024-08-16 11:17:51','2024-08-16 11:17:51'),(26,'App\\Models\\User',6,'login_token','829e0c8c76b561dec49004570ff80f2e24f979076bd86a12b69be5f091601231','[\"*\"]',NULL,NULL,'2024-08-19 13:46:46','2024-08-19 13:46:46'),(41,'App\\Models\\User',8,'login_token','443ca037dbd0b52f8295dda0fd58f61f34d88ecb6aadc7731e3b3f9ea871616b','[\"*\"]',NULL,NULL,'2024-08-30 13:22:34','2024-08-30 13:22:34'),(44,'App\\Models\\User',1,'login_token','dd8d97869335f4413e00cfef6e6d2218dda07a3083af18cef4cae4c5bd1fd47b','[\"*\"]',NULL,NULL,'2024-09-04 10:21:19','2024-09-04 10:21:19'),(47,'App\\Models\\User',7,'login_token','4f29b66a8fe95b5a7e3d12dd282af76f1777dde6f9a0387bf6f1f6c1cdf0a246','[\"*\"]',NULL,NULL,'2024-09-04 10:32:16','2024-09-04 10:32:16'),(48,'App\\Models\\User',2,'login_token','ff7ded7d77703719c60eb57b204d6175a2b57e4b1456edd86c58f1970d44772e','[\"*\"]',NULL,NULL,'2024-09-04 10:33:12','2024-09-04 10:33:12'),(57,'App\\Models\\User',10,'login_token','9c199bb40fdcae84144c3cefc20b84ab7eaa6de45263e6e331e0ace073e3b8e5','[\"*\"]',NULL,NULL,'2024-09-04 12:20:36','2024-09-04 12:20:36'),(58,'App\\Models\\User',14,'login_token','56c8cd48896a19ee803397a42f0e9206228c2d8830d409720580e783c9c8b01b','[\"*\"]',NULL,NULL,'2024-09-06 07:11:08','2024-09-06 07:11:08'),(59,'App\\Models\\User',1,'login_token','85727a8d33d6ab4a72fc39b762551ccaa114cff19ec210c292888be45c6c0053','[\"*\"]',NULL,NULL,'2024-09-13 07:36:37','2024-09-13 07:36:37'),(60,'App\\Models\\User',3,'login_token','e4e2c7fdc9cd7ae4c0dca724aa5d2ebc7d7a3f82e1500b0c82c5ab2e93a09f2e','[\"*\"]',NULL,NULL,'2024-09-20 09:41:25','2024-09-20 09:41:25'),(61,'App\\Models\\User',3,'login_token','541d093a60ade9145ab4e07c8c05bbed8c1097c91ef4df95dd6b5bb26a3daafe','[\"*\"]',NULL,NULL,'2024-09-20 09:44:19','2024-09-20 09:44:19'),(62,'App\\Models\\User',3,'login_token','6d8fbfb793c1365c58538b9d0d6e07887808398ed3bf6fcb5abe4ec0b43b1264','[\"*\"]',NULL,NULL,'2024-09-20 09:48:25','2024-09-20 09:48:25'),(63,'App\\Models\\User',4,'login_token','6e13dec2ca6eacce5fa352c70da9ece8d9696c1492042becc61df0286a809965','[\"*\"]',NULL,NULL,'2024-09-20 11:31:08','2024-09-20 11:31:08'),(64,'App\\Models\\User',4,'login_token','16fd8ce7550fc4702b642e0770f74c8f85b57f77a1fc3385b6b224582b7b9a33','[\"*\"]',NULL,NULL,'2024-09-21 07:50:24','2024-09-21 07:50:24'),(65,'App\\Models\\User',4,'login_token','a33fdba998e36231df8bdc6e3e586c354aef9a6aed9404f1eed371082dd1aa54','[\"*\"]',NULL,NULL,'2024-09-22 13:41:16','2024-09-22 13:41:16'),(66,'App\\Models\\User',4,'login_token','ca7bce9d9567bcc84ddf99928e658c749cacd8fbf2d09538d0596738a885999b','[\"*\"]',NULL,NULL,'2024-09-22 13:41:26','2024-09-22 13:41:26'),(67,'App\\Models\\User',4,'login_token','b7f0cf53d9d403008e7a3eda86668aa1a200aa5227bc55ab42391ad0644f5c21','[\"*\"]',NULL,NULL,'2024-09-23 09:43:54','2024-09-23 09:43:54'),(68,'App\\Models\\User',3,'login_token','5d5ece4b38826a8643ef5ec0947ccd2ebccd21dc412146e6666b3269a7f5e5d7','[\"*\"]',NULL,NULL,'2024-09-23 09:49:07','2024-09-23 09:49:07'),(69,'App\\Models\\User',8,'login_token','e609c15d363f3a1d73fb4ae93cf1be6f31c18e21182867afa0243647343896b4','[\"*\"]',NULL,NULL,'2024-09-23 12:01:12','2024-09-23 12:01:12'),(70,'App\\Models\\User',8,'login_token','699ed91775904525c10d00c4344b256e8982733119d058c29b9a2f5226ba8e75','[\"*\"]',NULL,NULL,'2024-09-23 12:04:31','2024-09-23 12:04:31'),(71,'App\\Models\\User',8,'login_token','0b4899b3eeb57795e4e339fce15b9f96a2c3041a4e5d4e6440b03e36413bcd07','[\"*\"]',NULL,NULL,'2024-09-23 12:04:54','2024-09-23 12:04:54'),(72,'App\\Models\\User',8,'login_token','5c3ec8290267803b28a6b53f0a5428c3877707f9ea44318d25401f808366dbac','[\"*\"]',NULL,NULL,'2024-09-23 12:15:56','2024-09-23 12:15:56'),(73,'App\\Models\\User',8,'login_token','8aee74849da5c4da3dfdf5ed4468329b9a7d06daac2cf273c42c1f82830553c2','[\"*\"]',NULL,NULL,'2024-09-23 12:36:59','2024-09-23 12:36:59'),(74,'App\\Models\\User',4,'login_token','68674b7b22dc6eae70fdee862f46498a43c9244b6664750bca2cf62c01ac6db9','[\"*\"]',NULL,NULL,'2024-09-23 12:48:46','2024-09-23 12:48:46'),(75,'App\\Models\\User',8,'login_token','96cfb7c08d9ee0a94da99bbeaaffeb8c5daf5c0987e83b463922dd045aabdf0e','[\"*\"]',NULL,NULL,'2024-09-24 11:40:32','2024-09-24 11:40:32'),(76,'App\\Models\\User',4,'login_token','ea969f654a8127ecde481244a404b2c2329e46710442ea7d845bab69d6e55271','[\"*\"]',NULL,NULL,'2024-09-25 08:54:28','2024-09-25 08:54:28'),(77,'App\\Models\\User',15,'login_token','904081588ab16e4fb8c8108b21e52b5e033e57a6f5da69c61885505f5cf7b80f','[\"*\"]',NULL,NULL,'2024-09-25 09:30:00','2024-09-25 09:30:00'),(78,'App\\Models\\User',15,'login_token','eb8e7c17d326d0b512d81b2dfc6b5efab03444f9aae75e884ce2e345ae7484cd','[\"*\"]',NULL,NULL,'2024-09-25 10:08:14','2024-09-25 10:08:14'),(79,'App\\Models\\User',8,'login_token','59c6838b39c9017760a197065ea57dde9991053fc952d5f74d8a744ca4b42f99','[\"*\"]',NULL,NULL,'2024-09-25 11:46:38','2024-09-25 11:46:38'),(80,'App\\Models\\User',15,'login_token','bc6c3e3eff5c0680c61d19fc06c60899e5005880c91a2e6f50df44652a381e6f','[\"*\"]',NULL,NULL,'2024-09-25 12:28:13','2024-09-25 12:28:13'),(81,'App\\Models\\User',8,'login_token','d7457face2d03b059b7bd87184a8be908e542c84f359c135eacbb06482492aab','[\"*\"]',NULL,NULL,'2024-09-25 12:29:30','2024-09-25 12:29:30'),(82,'App\\Models\\User',16,'login_token','8cec925cdc0d8dd84cc60422a1df925829b27c762a35d2f7b4110c86c7d55387','[\"*\"]',NULL,NULL,'2024-09-25 12:41:19','2024-09-25 12:41:19'),(83,'App\\Models\\User',8,'login_token','4f8e3098a02f5a00105302b4c858b300ebb66cb8c3a4f59b58b0acd896d98261','[\"*\"]',NULL,NULL,'2024-09-25 13:01:24','2024-09-25 13:01:24'),(84,'App\\Models\\User',8,'login_token','df932d200786f28a815db29475dfa59c9fe54114e43ddb724755df28911999c3','[\"*\"]',NULL,NULL,'2024-09-25 13:03:38','2024-09-25 13:03:38'),(85,'App\\Models\\User',16,'login_token','9e8fe0b604aa6b98e361976f9a7ba330acee6f1150a4baa7881730a3cfa6daa8','[\"*\"]',NULL,NULL,'2024-09-26 06:34:35','2024-09-26 06:34:35'),(86,'App\\Models\\User',8,'login_token','ba2cc00963ff77fcaef9d78b58ed514f15f281490e714b4613b3aa855a5666c4','[\"*\"]',NULL,NULL,'2024-09-26 06:35:12','2024-09-26 06:35:12'),(87,'App\\Models\\User',17,'login_token','4455bf50075c8792852621baeb2cd559030f685aa2a62b648d67e50ffac457e1','[\"*\"]',NULL,NULL,'2024-09-26 06:43:52','2024-09-26 06:43:52'),(88,'App\\Models\\User',8,'login_token','37cad45ef3208e63e556185e804207cc3a20d265bbedd47752dfc834d6b5eb0b','[\"*\"]',NULL,NULL,'2024-09-27 12:22:46','2024-09-27 12:22:46'),(89,'App\\Models\\User',15,'login_token','373a8892b7854c1f72d089c439d57d15acbcd56eef8df725a964abc7fee27adb','[\"*\"]',NULL,NULL,'2024-09-30 09:50:47','2024-09-30 09:50:47'),(90,'App\\Models\\User',20,'login_token','b0d0783fd53e7860693ac3ee7156ae572768263eaaa90a1297adf1fa420c7b3a','[\"*\"]',NULL,NULL,'2024-10-02 10:55:37','2024-10-02 10:55:37'),(91,'App\\Models\\User',20,'login_token','55bf548157b36c6f5216ff13003699c7a163ec31a61cba2663d53928d5b1f0e6','[\"*\"]',NULL,NULL,'2024-10-02 13:15:02','2024-10-02 13:15:02'),(92,'App\\Models\\User',22,'login_token','51cfa59303f54aca48d39aee87ef04a572cfa47e517623ec6be5274446e93481','[\"*\"]',NULL,NULL,'2024-10-07 16:24:23','2024-10-07 16:24:23'),(93,'App\\Models\\User',22,'login_token','ba05a408d030abb46fa0e0854dddb818ab64ed0755553e750ae9bfb35dd40fd7','[\"*\"]',NULL,NULL,'2024-10-07 17:08:52','2024-10-07 17:08:52'),(94,'App\\Models\\User',18,'login_token','c6210b91c1114a292aafba76bd476b19e16ddd7bc410808c725f1e4dde80946c','[\"*\"]',NULL,NULL,'2024-10-08 08:33:08','2024-10-08 08:33:08'),(95,'App\\Models\\User',18,'login_token','8b8f546c72457c7093d4df7c088e65209dcfce63e9a23dcc54f99ddee265079c','[\"*\"]',NULL,NULL,'2024-10-08 08:36:08','2024-10-08 08:36:08'),(96,'App\\Models\\User',3,'login_token','e47705107221e45c082a6647ae329875ea7711e166a53fc920c487d2a19830e0','[\"*\"]',NULL,NULL,'2024-10-09 07:21:33','2024-10-09 07:21:33'),(97,'App\\Models\\User',3,'login_token','527376402ee9e7d4e90c067ad00b1eceb6903ccadfa8b87a9e73900d24e91e7f','[\"*\"]',NULL,NULL,'2024-10-09 07:21:58','2024-10-09 07:21:58'),(98,'App\\Models\\User',3,'login_token','13bfc458ca777ee9b120da0d7606c293209f4e3e92eb794a10aea40220d6c3e1','[\"*\"]',NULL,NULL,'2024-10-09 07:47:12','2024-10-09 07:47:12'),(99,'App\\Models\\User',23,'login_token','4c8055e3ad5d050e76a3a059f02e01f93187ccad852b2b37aed9488e31ff102f','[\"*\"]',NULL,NULL,'2024-10-09 20:38:08','2024-10-09 20:38:08'),(100,'App\\Models\\User',8,'login_token','91ad44267801465456fe734076e2d9c7d817fadfd2574ca526478556f3390cbb','[\"*\"]',NULL,NULL,'2024-10-10 08:02:50','2024-10-10 08:02:50'),(101,'App\\Models\\User',24,'login_token','2086032d530db9cfb0d82a631f40aafb0f8462e2feac9e75ae6a4f463fbc4c32','[\"*\"]',NULL,NULL,'2024-10-16 07:46:14','2024-10-16 07:46:14'),(102,'App\\Models\\User',4,'login_token','0c572145a48a8376290e09ffe831c8dd2e1ae06b39d3d1d364d6fcca6439e061','[\"*\"]',NULL,NULL,'2024-10-16 07:56:48','2024-10-16 07:56:48'),(103,'App\\Models\\User',29,'login_token','6765e33143af22238432952a03807f488481330a52ea5f99f80cb779903db55e','[\"*\"]',NULL,NULL,'2024-10-16 08:31:22','2024-10-16 08:31:22'),(104,'App\\Models\\User',27,'login_token','516e971c6c30b5b5b85351a9a0dfa46e91924625f8f872c7b6c6037eead39f30','[\"*\"]',NULL,NULL,'2024-10-16 08:47:45','2024-10-16 08:47:45'),(105,'App\\Models\\User',27,'login_token','8b4c13766360c88740ad2d30c910c9ecccfe984c3f20e8ff29c70e3d75a75c22','[\"*\"]',NULL,NULL,'2024-10-16 08:49:27','2024-10-16 08:49:27'),(106,'App\\Models\\User',27,'login_token','01c0568505a79b243b1e127db88483ac03ec157644d2d80f129fc53db7e05173','[\"*\"]',NULL,NULL,'2024-10-16 09:35:35','2024-10-16 09:35:35'),(107,'App\\Models\\User',25,'login_token','a31f533c0132703b89e6d4ffa9eec0ca5316d54dc8daa1db67d9627e52767b7f','[\"*\"]',NULL,NULL,'2024-10-16 11:15:56','2024-10-16 11:15:56'),(108,'App\\Models\\User',25,'login_token','511ef11f711505860ed2ca77a23b846291db3187b363c19594f5c817ed221e46','[\"*\"]',NULL,NULL,'2024-10-16 13:51:57','2024-10-16 13:51:57'),(109,'App\\Models\\User',28,'login_token','42b21760f314f618d4bcaf5684c86df4ec0b3cf44b0be10830674003e59a7438','[\"*\"]',NULL,NULL,'2024-10-16 13:58:02','2024-10-16 13:58:02'),(110,'App\\Models\\User',8,'login_token','cf9b7424e66acef7539bf7c7866d144be61093133af8184405acbf30705f6a9c','[\"*\"]',NULL,NULL,'2024-10-16 14:49:19','2024-10-16 14:49:19'),(111,'App\\Models\\User',21,'login_token','5709638022fa5fee31429ba1f046bb0a92addc154987ca1a7c10ae75bf619da4','[\"*\"]',NULL,NULL,'2024-10-17 09:05:09','2024-10-17 09:05:09'),(112,'App\\Models\\User',31,'login_token','08b707494a35198848ab43078473659eeafd560b2642359dc3fafd1637cfa02c','[\"*\"]',NULL,NULL,'2024-10-17 12:19:30','2024-10-17 12:19:30'),(113,'App\\Models\\User',8,'login_token','e7a7070009e3568388a41a2f9eebda58d812f456dff8a84a187728d963f56095','[\"*\"]',NULL,NULL,'2024-10-17 13:25:23','2024-10-17 13:25:23'),(114,'App\\Models\\User',25,'login_token','443b95596b820eafafeb19f1ece50b4b78950cc63d0482a8228394c92f40c15e','[\"*\"]',NULL,NULL,'2024-10-17 13:25:30','2024-10-17 13:25:30'),(115,'App\\Models\\User',25,'login_token','f5283a1b9ed629da791f3587778b3c24320edaeba307c68320a2951d31585fc6','[\"*\"]',NULL,NULL,'2024-10-17 13:26:37','2024-10-17 13:26:37'),(116,'App\\Models\\User',32,'login_token','0a673668dde5f4579108fc27c7f6c8cbeb47ce6732ab773b6e7617a6ff81f09f','[\"*\"]',NULL,NULL,'2024-10-17 14:31:47','2024-10-17 14:31:47'),(117,'App\\Models\\User',25,'login_token','8f47bb617be0902ff4a4b3639b9e392b91d99ae499560231ece37484e88e360a','[\"*\"]',NULL,NULL,'2024-10-17 16:04:53','2024-10-17 16:04:53'),(118,'App\\Models\\User',8,'login_token','96a7b1e6d1e62ffe7f76d1fc2387630895125983eab3127b6b94fed9643cc9a8','[\"*\"]',NULL,NULL,'2024-10-17 16:11:52','2024-10-17 16:11:52'),(119,'App\\Models\\User',31,'login_token','6c4ab133c6b564574a9ffd4d626af23630c44a236ed7ec95e5494fd4a0bb21c3','[\"*\"]',NULL,NULL,'2024-10-18 08:05:26','2024-10-18 08:05:26'),(120,'App\\Models\\User',8,'login_token','acdc9655a2e3b868dcdf1300209db7f36d346553dcddd710d42dd4d85192cc53','[\"*\"]',NULL,NULL,'2024-10-18 08:06:49','2024-10-18 08:06:49'),(121,'App\\Models\\User',25,'login_token','269855543870a1b4320237399be8fa507b465b7b88f1ab640417fe9f281f577d','[\"*\"]',NULL,NULL,'2024-10-18 09:02:46','2024-10-18 09:02:46'),(122,'App\\Models\\User',4,'login_token','28688a8cc7f066876b4a0cd872bf8140bbfd9dab91a48a1c2ef23c323dc2ee6b','[\"*\"]',NULL,NULL,'2024-10-18 09:33:43','2024-10-18 09:33:43'),(123,'App\\Models\\User',4,'login_token','0add471054cd5d76fd4482ef1c6f3b8ed8ef259841983feb480454ef659d6957','[\"*\"]',NULL,NULL,'2024-10-18 09:48:01','2024-10-18 09:48:01'),(124,'App\\Models\\User',6,'login_token','904c2e6215118ab5521dec107c1f3b37ceab5920f26ed8f210f74782b61deb64','[\"*\"]',NULL,NULL,'2024-10-18 11:45:21','2024-10-18 11:45:21'),(125,'App\\Models\\User',6,'login_token','fc79bd661a4faf1fb6c576ab17c17504dfc90eca2d1662b2d55f45fe4ef7a901','[\"*\"]',NULL,NULL,'2024-10-18 11:45:45','2024-10-18 11:45:45'),(126,'App\\Models\\User',4,'login_token','34cd6f509e04217f2f8c6c0df3ff294ebabedb0da961a79e217b169fc1a903fb','[\"*\"]',NULL,NULL,'2024-10-21 07:07:13','2024-10-21 07:07:13'),(127,'App\\Models\\User',4,'login_token','cd978179d3cf48d0c8e5a20a83f96cd18b380fb6de00b8819c6061356120ff1c','[\"*\"]',NULL,NULL,'2024-10-21 08:18:50','2024-10-21 08:18:50'),(128,'App\\Models\\User',31,'login_token','eba4534ba24100cec49d39cabd80a2699c2d96449f4433cea6459efda5118433','[\"*\"]',NULL,NULL,'2024-10-21 11:57:51','2024-10-21 11:57:51'),(129,'App\\Models\\User',31,'login_token','7c6c1f7160ef2eed4638c49bbc846c9139237acddd32607a195f5d6def1fbfef','[\"*\"]',NULL,NULL,'2024-10-21 12:16:41','2024-10-21 12:16:41'),(130,'App\\Models\\User',31,'login_token','a7a1066f75a1becf0597a6926f4468a1a5b93eaf27a2b68a6f4c749dc032f633','[\"*\"]',NULL,NULL,'2024-10-21 15:13:56','2024-10-21 15:13:56'),(131,'App\\Models\\User',2,'login_token','9acff55b7cf74b8b31134fb89b4f9369d637bc9fc1bb817283dfab9338aede6f','[\"*\"]',NULL,NULL,'2024-10-22 08:54:40','2024-10-22 08:54:40'),(132,'App\\Models\\User',8,'login_token','523217c4980f16e9cc9c50c66ce21f4d993e3e4235e454d081bd6c8c3ad4ee28','[\"*\"]',NULL,NULL,'2024-10-22 08:57:54','2024-10-22 08:57:54'),(133,'App\\Models\\User',25,'login_token','1d1c18362fd31c71e632faef82685d940d2152fd731b6de6c6fe0fa79d52a9db','[\"*\"]',NULL,NULL,'2024-10-22 09:12:30','2024-10-22 09:12:30'),(134,'App\\Models\\User',25,'login_token','65a121033558ef6cd2bb4c944ae04ac0fc48db69acd9215823e869c85c0dc0bf','[\"*\"]',NULL,NULL,'2024-10-22 13:32:02','2024-10-22 13:32:02'),(135,'App\\Models\\User',31,'login_token','fa7122d339c80ff35b5d0ddcdd4e0529a859f7d6c657934fa6621ed5f86b17ef','[\"*\"]',NULL,NULL,'2024-10-22 13:39:09','2024-10-22 13:39:09'),(136,'App\\Models\\User',4,'login_token','11553e3014436de02a344971e00e9c7861f15e22364b3c90836847b63350fe71','[\"*\"]',NULL,NULL,'2024-10-22 14:25:57','2024-10-22 14:25:57'),(137,'App\\Models\\User',31,'login_token','83eb846661074bdf848fa66dcf815dd798e9035dde614eefc601491db6bc981b','[\"*\"]',NULL,NULL,'2024-10-22 14:36:04','2024-10-22 14:36:04'),(138,'App\\Models\\User',2,'login_token','cb9668b2196b76fe1ece2d1ca77e8b30b3b1a1e720a3837549fbe51eaeddb080','[\"*\"]',NULL,NULL,'2024-10-22 14:36:57','2024-10-22 14:36:57'),(139,'App\\Models\\User',2,'login_token','8741f25a3bb79539e821f3e1a17ad8fd47d3d5873b00b2c85fa41979548ce6f1','[\"*\"]',NULL,NULL,'2024-10-22 14:38:24','2024-10-22 14:38:24'),(140,'App\\Models\\User',4,'login_token','58fb1e80c96149e419e215341390c72e673fb88de329cb65bfd8c3abfebc55c3','[\"*\"]',NULL,NULL,'2024-10-23 06:04:18','2024-10-23 06:04:18'),(141,'App\\Models\\User',4,'login_token','fbef08e1f09c617076997b125173314f20ca5d84a89ce42114e239fb7f52fdbe','[\"*\"]',NULL,NULL,'2024-10-23 06:06:25','2024-10-23 06:06:25'),(142,'App\\Models\\User',25,'login_token','866f6a517ff81a5eed51db8e96335f8ef704d6a95bc8539f1a226c56147e6028','[\"*\"]',NULL,NULL,'2024-10-23 06:06:43','2024-10-23 06:06:43'),(143,'App\\Models\\User',8,'login_token','f534a76f2b6934d65cb0c392757cc19b3a3aa4a1098d1ed6f00e6c6d65a3c907','[\"*\"]',NULL,NULL,'2024-10-23 06:11:45','2024-10-23 06:11:45'),(144,'App\\Models\\User',4,'login_token','1519f76ccfcb21461b9b3916b5219555cf330da9f65508c2d945786092eddcae','[\"*\"]',NULL,NULL,'2024-10-23 07:08:23','2024-10-23 07:08:23'),(145,'App\\Models\\User',4,'login_token','6eb5af11d99e0f1f64ca4a7d076e185a5bec89a883d372194562f2028e281cae','[\"*\"]',NULL,NULL,'2024-10-24 07:41:23','2024-10-24 07:41:23'),(146,'App\\Models\\User',8,'login_token','8ca0c1afbb38fd4696337ddf723d77bad52973422e91ff46d873b10df275e3ed','[\"*\"]',NULL,NULL,'2024-10-24 08:02:26','2024-10-24 08:02:26'),(147,'App\\Models\\User',6,'login_token','e6cd56d7ff472314732233d4f09600e4afb3df645d9a3c97838c712157ea2f06','[\"*\"]',NULL,NULL,'2024-10-24 08:08:44','2024-10-24 08:08:44'),(148,'App\\Models\\User',6,'login_token','972d7ecdeb1fe7c105bdef0b9f575965162bd0a864e6745ddfcba39f0b7c9fb7','[\"*\"]',NULL,NULL,'2024-10-25 07:48:10','2024-10-25 07:48:10'),(149,'App\\Models\\User',4,'login_token','c5eee19ba8aed4e7a8000cd511fc6a1dbc22e690096547132d9e85b27719b6c4','[\"*\"]',NULL,NULL,'2024-10-25 09:51:26','2024-10-25 09:51:26'),(150,'App\\Models\\User',2,'login_token','2960d50f13b4a2b53f2180da6570a39291dadcc57442058e5050d1447f296e61','[\"*\"]',NULL,NULL,'2024-10-25 09:52:39','2024-10-25 09:52:39'),(151,'App\\Models\\User',27,'login_token','5037155b05dd6e669733f22b725a78bafb522ed865672120001e185e04d82c1e','[\"*\"]',NULL,NULL,'2024-10-27 21:02:59','2024-10-27 21:02:59'),(152,'App\\Models\\User',8,'login_token','bcfdbdd929d047be3f3a216548ccbc1ffef12d74dd5e005d92ef00b04dc1adde','[\"*\"]',NULL,NULL,'2024-10-28 13:09:17','2024-10-28 13:09:17'),(153,'App\\Models\\User',2,'login_token','703d4d208086ca8f353e93a153f3733013d7336a0787e9ec65c8b7588d93438e','[\"*\"]',NULL,NULL,'2024-10-28 16:32:55','2024-10-28 16:32:55'),(154,'App\\Models\\User',8,'login_token','e3bfe8200637860a90c580955871da69f5b3774ff1e95b991725dfd59b751cfd','[\"*\"]',NULL,NULL,'2024-10-29 12:25:37','2024-10-29 12:25:37'),(155,'App\\Models\\User',27,'login_token','735e8e9f36cf0669823e3cb04ca6bef44c3f68fc491eaefc176980dfe1d7852f','[\"*\"]',NULL,NULL,'2024-10-30 06:14:26','2024-10-30 06:14:26'),(156,'App\\Models\\User',8,'login_token','6f09ccbb1dd5fb007f7f5a9a792ca0234ad60ad4b7539d215e41ec9dab096d8c','[\"*\"]',NULL,NULL,'2024-10-31 14:13:35','2024-10-31 14:13:35'),(157,'App\\Models\\User',8,'login_token','884db86132bcdf9e319e6065c6aa39a9c5fd3f23e2beba8616661f46e1c2bb42','[\"*\"]',NULL,NULL,'2024-11-02 16:18:00','2024-11-02 16:18:00'),(158,'App\\Models\\User',27,'login_token','5136afefabb023d796c9cb92c45534b5d1e6beee491d3f49eb16b9b29089e1fb','[\"*\"]',NULL,NULL,'2024-11-04 16:27:23','2024-11-04 16:27:23'),(159,'App\\Models\\User',27,'login_token','a4fb0f408e082f3a3bc6c0a320f607456e3ea46c10333e9d36d76bda9198f20e','[\"*\"]',NULL,NULL,'2024-11-04 17:07:20','2024-11-04 17:07:20'),(160,'App\\Models\\User',27,'login_token','83c939179221fe4c12055ac160dc72ad40f9e6760b9a8ab478b2f9ea3afab1a8','[\"*\"]',NULL,NULL,'2024-11-06 14:16:13','2024-11-06 14:16:13'),(161,'App\\Models\\User',27,'login_token','2e0f1bdf0a08049dcd29f8b7cf96e2ee672254591edf064c3cf3f0115687e0d1','[\"*\"]',NULL,NULL,'2024-11-07 09:41:29','2024-11-07 09:41:29'),(162,'App\\Models\\User',1,'login_token','3b83d9170b8228b8a27ed518818a6e62c2989dcf704f0837dc4c700bae8c7c56','[\"*\"]',NULL,NULL,'2024-11-12 14:32:20','2024-11-12 14:32:20');
/*!40000 ALTER TABLE `personal_access_tokens` ENABLE KEYS */;
UNLOCK TABLES;

--
-- Table structure for table `roles`
--

DROP TABLE IF EXISTS `roles`;
/*!40101 SET @saved_cs_client     = @@character_set_client */;
/*!40101 SET character_set_client = utf8 */;
CREATE TABLE `roles` (
  `id` bigint(20) unsigned NOT NULL AUTO_INCREMENT,
  `companie_id` bigint(20) unsigned NOT NULL,
  `designation` varchar(255) NOT NULL,
  `description` varchar(255) DEFAULT NULL,
  `status` enum('0','1') NOT NULL DEFAULT '1' COMMENT 'status: 0=>disabled, 1=>enabled',
  `created_at` timestamp NULL DEFAULT NULL,
  `updated_at` timestamp NULL DEFAULT NULL,
  PRIMARY KEY (`id`)
) ENGINE=InnoDB AUTO_INCREMENT=85 DEFAULT CHARSET=utf8mb4 COLLATE=utf8mb4_unicode_ci;
/*!40101 SET character_set_client = @saved_cs_client */;

--
-- Dumping data for table `roles`
--

LOCK TABLES `roles` WRITE;
/*!40000 ALTER TABLE `roles` DISABLE KEYS */;
INSERT INTO `roles` VALUES (1,1,'super admin',NULL,'1','2024-08-12 07:29:02','2024-08-12 07:29:02'),(2,1,'admin',NULL,'1','2024-08-12 07:29:02','2024-08-12 07:29:02'),(3,1,'gestor',NULL,'1','2024-08-12 07:29:02','2024-08-12 07:29:02'),(4,2,'super admin',NULL,'1','2024-08-12 07:34:14','2024-08-12 07:34:14'),(5,2,'admin',NULL,'1','2024-08-12 07:34:14','2024-08-12 07:34:14'),(6,2,'gestor',NULL,'1','2024-08-12 07:34:14','2024-08-12 07:34:14'),(10,4,'super admin',NULL,'1','2024-08-26 08:52:09','2024-08-26 08:52:09'),(11,4,'admin',NULL,'1','2024-08-26 08:52:09','2024-08-26 08:52:09'),(12,4,'gestor',NULL,'1','2024-08-26 08:52:09','2024-08-26 08:52:09'),(13,5,'super admin',NULL,'1','2024-08-30 14:24:52','2024-08-30 14:24:52'),(14,5,'admin',NULL,'1','2024-08-30 14:24:52','2024-08-30 14:24:52'),(15,5,'gestor',NULL,'1','2024-08-30 14:24:52','2024-08-30 14:24:52'),(16,6,'super admin',NULL,'1','2024-08-30 14:28:23','2024-08-30 14:28:23'),(17,6,'admin',NULL,'1','2024-08-30 14:28:23','2024-08-30 14:28:23'),(18,6,'gestor',NULL,'1','2024-08-30 14:28:23','2024-08-30 14:28:23'),(19,7,'super admin',NULL,'1','2024-09-04 09:55:33','2024-09-04 09:55:33'),(20,7,'admin',NULL,'1','2024-09-04 09:55:33','2024-09-04 09:55:33'),(21,7,'gestor',NULL,'1','2024-09-04 09:55:33','2024-09-04 09:55:33'),(22,8,'super admin',NULL,'1','2024-09-04 10:01:40','2024-09-04 10:01:40'),(23,8,'admin',NULL,'1','2024-09-04 10:01:40','2024-09-04 10:01:40'),(24,8,'gestor',NULL,'1','2024-09-04 10:01:40','2024-09-04 10:01:40'),(25,9,'super admin',NULL,'1','2024-09-04 10:05:24','2024-09-04 10:05:24'),(26,9,'admin',NULL,'1','2024-09-04 10:05:24','2024-09-04 10:05:24'),(27,9,'gestor',NULL,'1','2024-09-04 10:05:24','2024-09-04 10:05:24'),(28,10,'super admin',NULL,'1','2024-09-04 10:07:57','2024-09-04 10:07:57'),(29,10,'admin',NULL,'1','2024-09-04 10:07:57','2024-09-04 10:07:57'),(30,10,'gestor',NULL,'1','2024-09-04 10:07:57','2024-09-04 10:07:57'),(31,11,'super admin',NULL,'1','2024-09-25 09:29:48','2024-09-25 09:29:48'),(32,11,'admin',NULL,'1','2024-09-25 09:29:48','2024-09-25 09:29:48'),(33,11,'gestor',NULL,'1','2024-09-25 09:29:48','2024-09-25 09:29:48'),(34,12,'super admin',NULL,'1','2024-09-25 12:39:58','2024-09-25 12:39:58'),(35,12,'admin',NULL,'1','2024-09-25 12:39:58','2024-09-25 12:39:58'),(36,12,'gestor',NULL,'1','2024-09-25 12:39:58','2024-09-25 12:39:58'),(37,13,'super admin',NULL,'1','2024-09-25 15:39:56','2024-09-25 15:39:56'),(38,13,'admin',NULL,'1','2024-09-25 15:39:56','2024-09-25 15:39:56'),(39,13,'gestor',NULL,'1','2024-09-25 15:39:56','2024-09-25 15:39:56'),(40,14,'super admin',NULL,'1','2024-09-27 23:19:34','2024-09-27 23:19:34'),(41,14,'admin',NULL,'1','2024-09-27 23:19:34','2024-09-27 23:19:34'),(42,14,'gestor',NULL,'1','2024-09-27 23:19:34','2024-09-27 23:19:34'),(43,15,'super admin',NULL,'1','2024-10-02 10:55:15','2024-10-02 10:55:15'),(44,15,'admin',NULL,'1','2024-10-02 10:55:15','2024-10-02 10:55:15'),(45,15,'gestor',NULL,'1','2024-10-02 10:55:15','2024-10-02 10:55:15'),(46,16,'super admin',NULL,'1','2024-10-02 18:34:32','2024-10-02 18:34:32'),(47,16,'admin',NULL,'1','2024-10-02 18:34:32','2024-10-02 18:34:32'),(48,16,'gestor',NULL,'1','2024-10-02 18:34:32','2024-10-02 18:34:32'),(49,17,'super admin',NULL,'1','2024-10-07 16:24:14','2024-10-07 16:24:14'),(50,17,'admin',NULL,'1','2024-10-07 16:24:14','2024-10-07 16:24:14'),(51,17,'gestor',NULL,'1','2024-10-07 16:24:14','2024-10-07 16:24:14'),(52,18,'super admin',NULL,'1','2024-10-09 20:37:43','2024-10-09 20:37:43'),(53,18,'admin',NULL,'1','2024-10-09 20:37:43','2024-10-09 20:37:43'),(54,18,'gestor',NULL,'1','2024-10-09 20:37:43','2024-10-09 20:37:43'),(55,19,'super admin',NULL,'1','2024-10-15 11:29:26','2024-10-15 11:29:26'),(56,19,'admin',NULL,'1','2024-10-15 11:29:26','2024-10-15 11:29:26'),(57,19,'gestor',NULL,'1','2024-10-15 11:29:26','2024-10-15 11:29:26'),(58,20,'super admin',NULL,'1','2024-10-15 16:12:10','2024-10-15 16:12:10'),(59,20,'admin',NULL,'1','2024-10-15 16:12:10','2024-10-15 16:12:10'),(60,20,'gestor',NULL,'1','2024-10-15 16:12:10','2024-10-15 16:12:10'),(61,21,'super admin',NULL,'1','2024-10-16 04:09:58','2024-10-16 04:09:58'),(62,21,'admin',NULL,'1','2024-10-16 04:09:59','2024-10-16 04:09:59'),(63,21,'gestor',NULL,'1','2024-10-16 04:09:59','2024-10-16 04:09:59'),(64,22,'super admin',NULL,'1','2024-10-16 08:25:05','2024-10-16 08:25:05'),(65,22,'admin',NULL,'1','2024-10-16 08:25:05','2024-10-16 08:25:05'),(66,22,'gestor',NULL,'1','2024-10-16 08:25:05','2024-10-16 08:25:05'),(67,23,'super admin',NULL,'1','2024-10-16 08:26:24','2024-10-16 08:26:24'),(68,23,'admin',NULL,'1','2024-10-16 08:26:24','2024-10-16 08:26:24'),(69,23,'gestor',NULL,'1','2024-10-16 08:26:24','2024-10-16 08:26:24'),(70,24,'super admin',NULL,'1','2024-10-16 08:30:59','2024-10-16 08:30:59'),(71,24,'admin',NULL,'1','2024-10-16 08:30:59','2024-10-16 08:30:59'),(72,24,'gestor',NULL,'1','2024-10-16 08:30:59','2024-10-16 08:30:59'),(73,25,'super admin',NULL,'1','2024-10-17 10:56:40','2024-10-17 10:56:40'),(74,25,'admin',NULL,'1','2024-10-17 10:56:40','2024-10-17 10:56:40'),(75,25,'gestor',NULL,'1','2024-10-17 10:56:40','2024-10-17 10:56:40'),(76,26,'super admin',NULL,'1','2024-10-17 12:19:15','2024-10-17 12:19:15'),(77,26,'admin',NULL,'1','2024-10-17 12:19:15','2024-10-17 12:19:15'),(78,26,'gestor',NULL,'1','2024-10-17 12:19:15','2024-10-17 12:19:15'),(79,27,'super admin',NULL,'1','2024-10-17 14:31:28','2024-10-17 14:31:28'),(80,27,'admin',NULL,'1','2024-10-17 14:31:28','2024-10-17 14:31:28'),(81,27,'gestor',NULL,'1','2024-10-17 14:31:28','2024-10-17 14:31:28'),(82,28,'super admin',NULL,'1','2024-10-30 07:12:58','2024-10-30 07:12:58'),(83,28,'admin',NULL,'1','2024-10-30 07:12:58','2024-10-30 07:12:58'),(84,28,'gestor',NULL,'1','2024-10-30 07:12:58','2024-10-30 07:12:58');
/*!40000 ALTER TABLE `roles` ENABLE KEYS */;
UNLOCK TABLES;

--
-- Table structure for table `salarie_items`
--

DROP TABLE IF EXISTS `salarie_items`;
/*!40101 SET @saved_cs_client     = @@character_set_client */;
/*!40101 SET character_set_client = utf8 */;
CREATE TABLE `salarie_items` (
  `id` bigint(20) unsigned NOT NULL AUTO_INCREMENT,
  `companie_id` bigint(20) unsigned NOT NULL,
  `salarie_id` bigint(20) unsigned NOT NULL,
  `coin` varchar(255) DEFAULT 'AOA',
  `designation` varchar(255) DEFAULT NULL,
  `quantity` double(8,2) DEFAULT NULL,
  `amount` varchar(255) DEFAULT NULL,
  `subtotal` varchar(255) DEFAULT NULL,
  `type` enum('subsidy','discount') NOT NULL DEFAULT 'subsidy' COMMENT 'type: 0=>subsidy, 1=>discount',
  `created_at` timestamp NULL DEFAULT NULL,
  `updated_at` timestamp NULL DEFAULT NULL,
  PRIMARY KEY (`id`)
) ENGINE=InnoDB AUTO_INCREMENT=15 DEFAULT CHARSET=utf8mb4 COLLATE=utf8mb4_unicode_ci;
/*!40101 SET character_set_client = @saved_cs_client */;

--
-- Dumping data for table `salarie_items`
--

LOCK TABLES `salarie_items` WRITE;
/*!40000 ALTER TABLE `salarie_items` DISABLE KEYS */;
INSERT INTO `salarie_items` VALUES (1,1,3,'AOA','Transporte',1.00,'0','0','subsidy',NULL,NULL),(2,1,3,'AOA','Natal',1.00,'0','0','subsidy',NULL,NULL),(3,1,4,'AOA','Transporte',1.00,'30000','30000.00','subsidy',NULL,NULL),(4,1,4,'AOA','Alimentação',1.00,'20000','20000.00','subsidy',NULL,NULL),(5,1,4,'AOA','Natal',1.00,'300000','300000.00','subsidy',NULL,NULL),(6,11,6,'AOA','Alimentação',1.00,'15000','15000.00','subsidy',NULL,NULL),(7,17,7,'AOA','Transporte',1.00,'0','0','subsidy',NULL,NULL),(8,20,8,'AOA','Alimentação',1.00,'10000','10000.00','subsidy',NULL,NULL),(9,20,8,'AOA','Transporte',1.00,'10000','10000.00','subsidy',NULL,NULL),(10,20,8,'AOA','Abono de família',1.00,'10000','10000.00','subsidy',NULL,NULL),(11,1,9,'AOA','Transporte',1.00,'30000','30000.00','subsidy',NULL,NULL),(12,1,10,'AOA','Alimentação',1.00,'25000','25000.00','subsidy',NULL,NULL),(13,1,11,'AOA','Natal',1.00,'300000','300000.00','subsidy',NULL,NULL),(14,1,12,'AOA','Transporte',1.00,'30000','30000.00','subsidy',NULL,NULL);
/*!40000 ALTER TABLE `salarie_items` ENABLE KEYS */;
UNLOCK TABLES;

--
-- Table structure for table `salaries`
--

DROP TABLE IF EXISTS `salaries`;
/*!40101 SET @saved_cs_client     = @@character_set_client */;
/*!40101 SET character_set_client = utf8 */;
CREATE TABLE `salaries` (
  `id` bigint(20) unsigned NOT NULL AUTO_INCREMENT,
  `companie_id` bigint(20) unsigned NOT NULL,
  `employee_id` bigint(20) unsigned DEFAULT NULL,
  `user_id` bigint(20) unsigned DEFAULT NULL,
  `user_name` varchar(255) DEFAULT NULL,
  `employee_name` varchar(255) DEFAULT NULL,
  `employee_identity` varchar(255) DEFAULT NULL,
  `funtion_designation` varchar(255) DEFAULT NULL,
  `departament_designation` varchar(255) DEFAULT NULL,
  `manufacture_date` varchar(255) NOT NULL,
  `month` varchar(255) NOT NULL,
  `subsidy` varchar(255) DEFAULT NULL,
  `discount` varchar(255) DEFAULT NULL,
  `total` varchar(255) DEFAULT NULL,
  `salary_scale` varchar(255) DEFAULT NULL,
  `base_salary` varchar(255) DEFAULT NULL,
  `net_salary` varchar(255) DEFAULT NULL,
  `irt` varchar(255) DEFAULT NULL,
  `inss` varchar(255) DEFAULT NULL,
  `created_at` timestamp NULL DEFAULT NULL,
  `updated_at` timestamp NULL DEFAULT NULL,
  PRIMARY KEY (`id`)
) ENGINE=InnoDB AUTO_INCREMENT=16 DEFAULT CHARSET=utf8mb4 COLLATE=utf8mb4_unicode_ci;
/*!40101 SET character_set_client = @saved_cs_client */;

--
-- Dumping data for table `salaries`
--

LOCK TABLES `salaries` WRITE;
/*!40000 ALTER TABLE `salaries` DISABLE KEYS */;
INSERT INTO `salaries` VALUES (1,1,1,1,'Geronsio Quetas','Ulima Constantino','1234556l458','Ceo','Administrativo','2024-08-12 03:53:59','1',NULL,NULL,'7887502','6ª Escalão','1.000.000,00','788750.2','181249.8','30000','2024-08-12 13:53:59','2024-08-12 13:53:59'),(3,1,2,1,'Usuario','Gonçalves Nhanga','54t678364578','Analista de Marketing','Marketing','2024-08-16 02:00:10','1',NULL,NULL,'2513460124296','11ª Escalão','5.487.574,43','2513460.124296','2809487.072804','1646272329','2024-08-16 12:00:10','2024-08-16 12:00:10'),(4,1,3,1,'Usuario','Mondinho Periquito','1320000UE288','Ceo','Administrativo','2024-08-19 11:26:55','8',NULL,NULL,'24637818','4ª Escalão','300.000,00','242878.18','47521.82','9600','2024-08-19 09:26:55','2024-08-19 09:26:55'),(7,17,9,22,'Aristides Chingolo','Aristides Bento Camboa Filipe Chingolo','000143227BA025','Analista de Recursos Humanos','Recursos Humanos','2024-10-07 06:30:18','9',NULL,NULL,'20360018','4ª Escalão','250.000,00','203600.18','38899.82','7500','2024-10-07 16:30:18','2024-10-07 16:30:18'),(8,20,15,25,'Pascoal Ngola','PASCOAL SAMUEL MUCONGO NGOLA','35','Girector Geral','Administrativo','2024-10-17 05:20:53','10',NULL,NULL,'121850','1ª Escalão','95.000,00','91850','0','3150','2024-10-17 15:20:53','2024-10-17 15:20:53'),(9,1,2,8,'Constantino Ulima','Gonçalves Nhanga','54t678364578','Analista de Marketing','Marketing','2024-10-18 10:21:14','6',NULL,NULL,'17476016','3ª Escalão','200.000,00','174460.16','19539.84','6000','2024-10-18 08:21:14','2024-10-18 08:21:14'),(10,1,3,8,'Constantino Ulima','Mondinho Periquito','1320000UE288','Ceo','Administrativo','2024-10-18 10:24:27','1',NULL,NULL,'24300518','4ª Escalão','300.000,00','242755.18','47494.82','9750','2024-10-18 08:24:27','2024-10-18 08:24:27'),(11,1,3,8,'Constantino Ulima','Mondinho Periquito','1320000UE288','Ceo','Administrativo','2024-10-23 08:41:31','3',NULL,NULL,'24637018','4ª Escalão','300.000,00','243370.18','47629.82','9000','2024-10-23 06:41:31','2024-10-23 06:41:31'),(12,1,56,8,'Constantino Ulima','Elsa Caulo','0000000000000LO0000','Ceo','Administrativo','2024-10-29 02:19:57','1',NULL,NULL,'11456813','2ª Escalão','120.000,00','114268.13','2131.87','3600','2024-10-29 13:19:57','2024-10-29 13:19:57'),(13,22,14,27,'Carlos Gazola','Carlos Valodia Faustino Gazola','000078009LA036','Ceo','Administrativo','2024-11-07 11:20:10','8',NULL,NULL,'7887502','6ª Escalão','1.000.000,00','788750.2','181249.8','30000','2024-11-07 10:20:10','2024-11-07 10:20:10'),(14,22,57,27,'Carlos Gazola','SILVIO DOS ANJOS ANTONIO DOMINGOS','0000567789LA001','GERENTE DE OBRA','CONSTRUÇÃO CIVIL','2024-11-07 11:21:00','8',NULL,NULL,'77600','1ª Escalão','80.000,00','77600','0','2400','2024-11-07 10:21:00','2024-11-07 10:21:00');
/*!40000 ALTER TABLE `salaries` ENABLE KEYS */;
UNLOCK TABLES;

--
-- Table structure for table `sessions`
--

DROP TABLE IF EXISTS `sessions`;
/*!40101 SET @saved_cs_client     = @@character_set_client */;
/*!40101 SET character_set_client = utf8 */;
CREATE TABLE `sessions` (
  `id` varchar(255) NOT NULL,
  `user_id` bigint(20) unsigned DEFAULT NULL,
  `ip_address` varchar(45) DEFAULT NULL,
  `user_agent` text DEFAULT NULL,
  `payload` longtext NOT NULL,
  `last_activity` int(11) NOT NULL,
  PRIMARY KEY (`id`),
  KEY `sessions_user_id_index` (`user_id`),
  KEY `sessions_last_activity_index` (`last_activity`)
) ENGINE=InnoDB DEFAULT CHARSET=utf8mb4 COLLATE=utf8mb4_unicode_ci;
/*!40101 SET character_set_client = @saved_cs_client */;

--
-- Dumping data for table `sessions`
--

LOCK TABLES `sessions` WRITE;
/*!40000 ALTER TABLE `sessions` DISABLE KEYS */;
/*!40000 ALTER TABLE `sessions` ENABLE KEYS */;
UNLOCK TABLES;

--
-- Table structure for table `subsidies`
--

DROP TABLE IF EXISTS `subsidies`;
/*!40101 SET @saved_cs_client     = @@character_set_client */;
/*!40101 SET character_set_client = utf8 */;
CREATE TABLE `subsidies` (
  `id` bigint(20) unsigned NOT NULL AUTO_INCREMENT,
  `companie_id` bigint(20) unsigned NOT NULL,
  `designation` varchar(255) NOT NULL,
  `amount` varchar(30) NOT NULL,
  `type` enum('default','personal') NOT NULL DEFAULT 'default' COMMENT 'status: 0=>default, 1=>personal',
  `status` enum('0','1') NOT NULL DEFAULT '1' COMMENT 'status: 0=>disabled, 1=>enabled',
  `created_at` timestamp NULL DEFAULT NULL,
  `updated_at` timestamp NULL DEFAULT NULL,
  PRIMARY KEY (`id`)
) ENGINE=InnoDB AUTO_INCREMENT=146 DEFAULT CHARSET=utf8mb4 COLLATE=utf8mb4_unicode_ci;
/*!40101 SET character_set_client = @saved_cs_client */;

--
-- Dumping data for table `subsidies`
--

LOCK TABLES `subsidies` WRITE;
/*!40000 ALTER TABLE `subsidies` DISABLE KEYS */;
INSERT INTO `subsidies` VALUES (1,1,'Transporte','30.000,00','default','1','2024-08-12 07:29:02','2024-08-19 08:50:14'),(2,1,'Natal','300.000,00','default','1','2024-08-12 07:29:02','2024-08-19 08:50:02'),(3,1,'Férias','30.000,00','default','1','2024-08-12 07:29:02','2024-08-19 08:49:52'),(4,1,'Abono de Família','2.500,00','default','1','2024-08-12 07:29:02','2024-08-19 08:49:29'),(5,1,'Alimentação','25.000,00','default','1','2024-08-12 07:29:02','2024-10-17 13:25:47'),(6,2,'Transporte','0','default','1','2024-08-12 07:34:14','2024-08-12 07:34:14'),(7,2,'Natal','0','default','1','2024-08-12 07:34:14','2024-08-12 07:34:14'),(8,2,'Férias','0','default','1','2024-08-12 07:34:14','2024-08-12 07:34:14'),(9,2,'Abono de Família','0','default','1','2024-08-12 07:34:14','2024-08-12 07:34:14'),(10,2,'Alimentação','0','default','1','2024-08-12 07:34:14','2024-08-12 07:34:14'),(16,4,'Transporte','0','default','1','2024-08-26 08:52:10','2024-08-26 08:52:10'),(17,4,'Natal','0','default','1','2024-08-26 08:52:10','2024-08-26 08:52:10'),(18,4,'Férias','0','default','1','2024-08-26 08:52:10','2024-08-26 08:52:10'),(19,4,'Abono de Famlia','0','default','1','2024-08-26 08:52:10','2024-08-26 08:52:10'),(20,4,'Alimentação','0','default','1','2024-08-26 08:52:10','2024-08-26 08:52:10'),(21,5,'Transporte','0','default','1','2024-08-30 14:24:52','2024-08-30 14:24:52'),(22,5,'Natal','0','default','1','2024-08-30 14:24:52','2024-08-30 14:24:52'),(23,5,'Férias','0','default','1','2024-08-30 14:24:52','2024-08-30 14:24:52'),(24,5,'Abono de Famlia','0','default','1','2024-08-30 14:24:52','2024-08-30 14:24:52'),(25,5,'Alimentação','0','default','1','2024-08-30 14:24:52','2024-08-30 14:24:52'),(26,6,'Transporte','0','default','1','2024-08-30 14:28:23','2024-08-30 14:28:23'),(27,6,'Natal','0','default','1','2024-08-30 14:28:23','2024-08-30 14:28:23'),(28,6,'Férias','0','default','1','2024-08-30 14:28:23','2024-08-30 14:28:23'),(29,6,'Abono de Famlia','0','default','1','2024-08-30 14:28:23','2024-08-30 14:28:23'),(30,6,'Alimentação','0','default','1','2024-08-30 14:28:23','2024-08-30 14:28:23'),(31,7,'Transporte','0','default','1','2024-09-04 09:55:33','2024-09-04 09:55:33'),(32,7,'Natal','0','default','1','2024-09-04 09:55:33','2024-09-04 09:55:33'),(33,7,'Férias','0','default','1','2024-09-04 09:55:33','2024-09-04 09:55:33'),(34,7,'Abono de Famlia','0','default','1','2024-09-04 09:55:33','2024-09-04 09:55:33'),(35,7,'Alimentação','0','default','1','2024-09-04 09:55:33','2024-09-04 09:55:33'),(36,8,'Transporte','0','default','1','2024-09-04 10:01:40','2024-09-04 10:01:40'),(37,8,'Natal','0','default','1','2024-09-04 10:01:40','2024-09-04 10:01:40'),(38,8,'Férias','0','default','1','2024-09-04 10:01:40','2024-09-04 10:01:40'),(39,8,'Abono de Famlia','0','default','1','2024-09-04 10:01:40','2024-09-04 10:01:40'),(40,8,'Alimentação','0','default','1','2024-09-04 10:01:40','2024-09-04 10:01:40'),(41,9,'Transporte','0','default','1','2024-09-04 10:05:25','2024-09-04 10:05:25'),(42,9,'Natal','0','default','1','2024-09-04 10:05:25','2024-09-04 10:05:25'),(43,9,'Férias','0','default','1','2024-09-04 10:05:25','2024-09-04 10:05:25'),(44,9,'Abono de Famlia','0','default','1','2024-09-04 10:05:25','2024-09-04 10:05:25'),(45,9,'Alimentação','0','default','1','2024-09-04 10:05:25','2024-09-04 10:05:25'),(46,10,'Transporte','0','default','1','2024-09-04 10:07:58','2024-09-04 10:07:58'),(47,10,'Natal','0','default','1','2024-09-04 10:07:58','2024-09-04 10:07:58'),(48,10,'Férias','0','default','1','2024-09-04 10:07:58','2024-09-04 10:07:58'),(49,10,'Abono de Famlia','0','default','1','2024-09-04 10:07:58','2024-09-04 10:07:58'),(50,10,'Alimentação','0','default','1','2024-09-04 10:07:58','2024-09-04 10:07:58'),(51,11,'Transporte','0','default','1','2024-09-25 09:29:49','2024-09-25 09:29:49'),(52,11,'Natal','0','default','1','2024-09-25 09:29:49','2024-09-25 09:29:49'),(53,11,'Frias','0','default','1','2024-09-25 09:29:49','2024-09-25 09:29:49'),(54,11,'Abono de Famlia','0','default','1','2024-09-25 09:29:49','2024-09-25 09:29:49'),(55,11,'Alimentação','15.000,00','default','1','2024-09-25 09:29:49','2024-09-25 09:32:58'),(56,12,'Transporte','0','default','1','2024-09-25 12:39:59','2024-09-25 12:39:59'),(57,12,'Natal','0','default','1','2024-09-25 12:39:59','2024-09-25 12:39:59'),(58,12,'Frias','0','default','1','2024-09-25 12:39:59','2024-09-25 12:39:59'),(59,12,'Abono de Famlia','0','default','1','2024-09-25 12:39:59','2024-09-25 12:39:59'),(60,12,'Alimentação','0','default','1','2024-09-25 12:39:59','2024-09-25 12:39:59'),(61,13,'Transporte','0','default','1','2024-09-25 15:39:56','2024-09-25 15:39:56'),(62,13,'Natal','0','default','1','2024-09-25 15:39:56','2024-09-25 15:39:56'),(63,13,'Frias','0','default','1','2024-09-25 15:39:56','2024-09-25 15:39:56'),(64,13,'Abono de Famlia','0','default','1','2024-09-25 15:39:56','2024-09-25 15:39:56'),(65,13,'Alimentação','0','default','1','2024-09-25 15:39:56','2024-09-25 15:39:56'),(66,14,'Transporte','0','default','1','2024-09-27 23:19:34','2024-09-27 23:19:34'),(67,14,'Natal','0','default','1','2024-09-27 23:19:34','2024-09-27 23:19:34'),(68,14,'Frias','0','default','1','2024-09-27 23:19:34','2024-09-27 23:19:34'),(69,14,'Abono de Famlia','0','default','1','2024-09-27 23:19:34','2024-09-27 23:19:34'),(70,14,'Alimentação','0','default','1','2024-09-27 23:19:34','2024-09-27 23:19:34'),(71,15,'Transporte','10.000,00','default','1','2024-10-02 10:55:16','2024-10-02 11:22:23'),(72,15,'Natal','85.000,00','default','1','2024-10-02 10:55:16','2024-10-02 11:47:06'),(73,15,'Ferias','10.000,00','default','1','2024-10-02 10:55:16','2024-10-02 11:48:44'),(74,15,'Abono de Famlia','10.000,00','default','1','2024-10-02 10:55:16','2024-10-02 11:48:07'),(75,15,'Alimentação','10.000,00','default','1','2024-10-02 10:55:16','2024-10-02 11:47:46'),(77,16,'Transporte','0','default','1','2024-10-02 18:34:33','2024-10-02 18:34:33'),(78,16,'Natal','0','default','1','2024-10-02 18:34:33','2024-10-02 18:34:33'),(79,16,'Frias','0','default','1','2024-10-02 18:34:33','2024-10-02 18:34:33'),(80,16,'Abono de Famlia','0','default','1','2024-10-02 18:34:33','2024-10-02 18:34:33'),(81,16,'Alimentação','0','default','1','2024-10-02 18:34:33','2024-10-02 18:34:33'),(82,17,'Transporte','0','default','1','2024-10-07 16:24:14','2024-10-07 16:24:14'),(83,17,'Natal','0','default','1','2024-10-07 16:24:14','2024-10-07 16:24:14'),(84,17,'Frias','0','default','1','2024-10-07 16:24:14','2024-10-07 16:24:14'),(85,17,'Abono de Famlia','0','default','1','2024-10-07 16:24:14','2024-10-07 16:24:14'),(86,17,'Alimentação','0','default','1','2024-10-07 16:24:14','2024-10-07 16:24:14'),(87,18,'Transporte','0','default','1','2024-10-09 20:37:43','2024-10-09 20:37:43'),(88,18,'Natal','0','default','1','2024-10-09 20:37:43','2024-10-09 20:37:43'),(89,18,'Frias','0','default','1','2024-10-09 20:37:43','2024-10-09 20:37:43'),(90,18,'Abono de Famlia','0','default','1','2024-10-09 20:37:43','2024-10-09 20:37:43'),(91,18,'Alimentação','0','default','1','2024-10-09 20:37:43','2024-10-09 20:37:43'),(92,19,'Transporte','0','default','1','2024-10-15 11:29:27','2024-10-15 11:29:27'),(93,19,'Natal','0','default','1','2024-10-15 11:29:27','2024-10-15 11:29:27'),(94,19,'Frias','0','default','1','2024-10-15 11:29:27','2024-10-15 11:29:27'),(95,19,'Abono de Famlia','0','default','1','2024-10-15 11:29:27','2024-10-15 11:29:27'),(96,19,'Alimentação','0','default','1','2024-10-15 11:29:27','2024-10-15 11:29:27'),(97,20,'Transporte','0','default','1','2024-10-15 16:12:11','2024-10-15 16:12:11'),(98,20,'Natal','0','default','1','2024-10-15 16:12:11','2024-10-15 16:12:11'),(99,20,'Frias','0','default','1','2024-10-15 16:12:11','2024-10-15 16:12:11'),(100,20,'Abono de Famlia','0','default','1','2024-10-15 16:12:11','2024-10-15 16:12:11'),(101,20,'Alimentação','0','default','1','2024-10-15 16:12:11','2024-10-15 16:12:11'),(102,21,'Transporte','0','default','1','2024-10-16 04:09:59','2024-10-16 04:09:59'),(103,21,'Natal','0','default','1','2024-10-16 04:10:00','2024-10-16 04:10:00'),(104,21,'Frias','0','default','1','2024-10-16 04:10:00','2024-10-16 04:10:00'),(105,21,'Abono de Famlia','0','default','1','2024-10-16 04:10:00','2024-10-16 04:10:00'),(106,21,'Alimentação','0','default','1','2024-10-16 04:10:00','2024-10-16 04:10:00'),(107,22,'Transporte','0','default','1','2024-10-16 08:25:05','2024-10-16 08:25:05'),(108,22,'Natal','0','default','1','2024-10-16 08:25:05','2024-10-16 08:25:05'),(109,22,'Frias','0','default','1','2024-10-16 08:25:05','2024-10-16 08:25:05'),(110,22,'Abono de Famlia','0','default','1','2024-10-16 08:25:05','2024-10-16 08:25:05'),(111,22,'Alimentação','0','default','1','2024-10-16 08:25:06','2024-10-16 08:25:06'),(112,23,'Transporte','0','default','1','2024-10-16 08:26:25','2024-10-16 08:26:25'),(113,23,'Natal','0','default','1','2024-10-16 08:26:25','2024-10-16 08:26:25'),(114,23,'Frias','0','default','1','2024-10-16 08:26:25','2024-10-16 08:26:25'),(115,23,'Abono de Famlia','0','default','1','2024-10-16 08:26:25','2024-10-16 08:26:25'),(116,23,'Alimentação','0','default','1','2024-10-16 08:26:25','2024-10-16 08:26:25'),(117,24,'Transporte','0','default','1','2024-10-16 08:30:59','2024-10-16 08:30:59'),(118,24,'Natal','0','default','1','2024-10-16 08:30:59','2024-10-16 08:30:59'),(119,24,'Frias','0','default','1','2024-10-16 08:30:59','2024-10-16 08:30:59'),(120,24,'Abono de Famlia','0','default','1','2024-10-16 08:30:59','2024-10-16 08:30:59'),(121,24,'Alimentação','0','default','1','2024-10-16 08:30:59','2024-10-16 08:30:59'),(122,25,'Transporte','0','default','1','2024-10-17 10:56:40','2024-10-17 10:56:40'),(123,25,'Natal','0','default','1','2024-10-17 10:56:40','2024-10-17 10:56:40'),(124,25,'Frias','0','default','1','2024-10-17 10:56:40','2024-10-17 10:56:40'),(125,25,'Abono de Famlia','0','default','1','2024-10-17 10:56:40','2024-10-17 10:56:40'),(126,25,'Alimentação','0','default','1','2024-10-17 10:56:40','2024-10-17 10:56:40'),(127,26,'Transporte','0','default','1','2024-10-17 12:19:16','2024-10-17 12:19:16'),(128,26,'Natal','0','default','1','2024-10-17 12:19:16','2024-10-17 12:19:16'),(129,26,'Frias','0','default','1','2024-10-17 12:19:16','2024-10-17 12:19:16'),(130,26,'Abono de Famlia','0','default','1','2024-10-17 12:19:16','2024-10-17 12:19:16'),(131,26,'Alimentação','0','default','1','2024-10-17 12:19:16','2024-10-17 12:19:16'),(132,20,'Alimentação','10.000,00','personal','1','2024-10-17 14:27:04','2024-10-17 14:27:04'),(133,20,'Transporte','10.000,00','personal','1','2024-10-17 14:27:35','2024-10-17 14:27:35'),(134,27,'Transporte','0','default','1','2024-10-17 14:31:28','2024-10-17 14:31:28'),(135,27,'Natal','0','default','1','2024-10-17 14:31:28','2024-10-17 14:31:28'),(136,27,'Frias','0','default','1','2024-10-17 14:31:29','2024-10-17 14:31:29'),(137,27,'Abono de Famlia','0','default','1','2024-10-17 14:31:29','2024-10-17 14:31:29'),(138,27,'Alimentação','0','default','1','2024-10-17 14:31:29','2024-10-17 14:31:29'),(139,20,'Abono de família','10.000,00','personal','1','2024-10-17 15:14:29','2024-10-17 15:14:29'),(140,20,'Abono de família','10.000,00','personal','1','2024-10-17 15:14:30','2024-10-17 15:14:30'),(141,28,'Transporte','0','default','1','2024-10-30 07:12:58','2024-10-30 07:12:58'),(142,28,'Natal','0','default','1','2024-10-30 07:12:58','2024-10-30 07:12:58'),(143,28,'Frias','0','default','1','2024-10-30 07:12:58','2024-10-30 07:12:58'),(144,28,'Abono de Famlia','0','default','1','2024-10-30 07:12:58','2024-10-30 07:12:58'),(145,28,'Alimentação','0','default','1','2024-10-30 07:12:58','2024-10-30 07:12:58');
/*!40000 ALTER TABLE `subsidies` ENABLE KEYS */;
UNLOCK TABLES;

--
-- Table structure for table `suports`
--

DROP TABLE IF EXISTS `suports`;
/*!40101 SET @saved_cs_client     = @@character_set_client */;
/*!40101 SET character_set_client = utf8 */;
CREATE TABLE `suports` (
  `id` bigint(20) unsigned NOT NULL AUTO_INCREMENT,
  `companie_id` bigint(20) unsigned NOT NULL,
  `user_id` bigint(20) unsigned DEFAULT NULL,
  `user_name` varchar(255) DEFAULT NULL,
  `suport_id` varchar(255) NOT NULL,
  `designation` varchar(255) NOT NULL,
  `file` text DEFAULT NULL,
  `status` enum('0','1','2') NOT NULL DEFAULT '1' COMMENT 'status: 0=>resolvid, 1=>process, 2=>pendent',
  `created_at` timestamp NULL DEFAULT NULL,
  `updated_at` timestamp NULL DEFAULT NULL,
  PRIMARY KEY (`id`)
) ENGINE=InnoDB DEFAULT CHARSET=utf8mb4 COLLATE=utf8mb4_unicode_ci;
/*!40101 SET character_set_client = @saved_cs_client */;

--
-- Dumping data for table `suports`
--

LOCK TABLES `suports` WRITE;
/*!40000 ALTER TABLE `suports` DISABLE KEYS */;
/*!40000 ALTER TABLE `suports` ENABLE KEYS */;
UNLOCK TABLES;

--
-- Table structure for table `users`
--

DROP TABLE IF EXISTS `users`;
/*!40101 SET @saved_cs_client     = @@character_set_client */;
/*!40101 SET character_set_client = utf8 */;
CREATE TABLE `users` (
  `id` bigint(20) unsigned NOT NULL AUTO_INCREMENT,
  `companie_id` bigint(20) unsigned DEFAULT NULL,
  `departament_id` bigint(20) unsigned DEFAULT NULL,
  `role_id` bigint(20) unsigned DEFAULT NULL,
  `name` varchar(255) NOT NULL,
  `email` varchar(255) NOT NULL,
  `email_verified_at` timestamp NULL DEFAULT NULL,
  `password` varchar(255) NOT NULL,
  `status` enum('0','1') NOT NULL DEFAULT '1' COMMENT 'status: 0=>disabled, 1=>enabled',
  `remember_token` varchar(100) DEFAULT NULL,
  `created_at` timestamp NULL DEFAULT NULL,
  `updated_at` timestamp NULL DEFAULT NULL,
  PRIMARY KEY (`id`),
  UNIQUE KEY `users_email_unique` (`email`)
) ENGINE=InnoDB AUTO_INCREMENT=34 DEFAULT CHARSET=utf8mb4 COLLATE=utf8mb4_unicode_ci;
/*!40101 SET character_set_client = @saved_cs_client */;

--
-- Dumping data for table `users`
--

LOCK TABLES `users` WRITE;
/*!40000 ALTER TABLE `users` DISABLE KEYS */;
INSERT INTO `users` VALUES (1,1,1,1,'Usuario','geral@atomo.co.ao',NULL,'$2y$12$F75b9zYaqmMOr1Q7ujNcYOgI4Sk0hlbWZgEUksWrEhq3n.UYcKvOu','1',NULL,'2024-08-12 07:29:02','2024-08-12 07:29:02'),(2,2,7,4,'Feliciana Zeferino','geral@sageub.net',NULL,'$2y$12$qef.P5yObjUg2T3v1OiWv.ppiMrVNlN00LPcslrstBNPBwM.XsGK6','1',NULL,'2024-08-12 07:34:14','2024-08-14 13:20:05'),(3,2,12,4,'Pablo Paez','pablo.paez@sageub.net',NULL,'$2y$12$9yooSRrdIqIDErFMdg.bQOkuS0OAj0nhwyqrU8ySpXIT2skaMQ82K','1',NULL,'2024-08-12 07:39:50','2024-08-14 13:09:04'),(4,2,8,4,'Josefina Beatriz Bonga','josefinabonga@cereformas.net',NULL,'$2y$12$bmbJ791lZHn0bFKhGpZVy.qL.VjKJN8F.yTqxISVap9VKMzWXBCIq','1',NULL,'2024-08-12 07:40:47','2024-08-12 07:40:47'),(6,1,4,1,'Gonçalves Nhanga','goncalves.nhanga09@gmail.com',NULL,'$2y$12$zlCguPPiJ.mNr.kiYunpauMYCLlv59EtdWDtO62cpv4OHT5.u9sUC','1',NULL,'2024-08-16 12:06:50','2024-08-16 12:06:50'),(7,4,19,10,'José Correia','jcorreiagm@cprovider.net',NULL,'$2y$12$A/q5ul3o3aYnRlpaDcOl.u9332Uqi1Yih1F2PYvhBBt4oZboNHgqO','1',NULL,'2024-08-26 08:52:09','2024-08-26 08:52:10'),(8,1,1,1,'Constantino Ulima','costaulima97@gmail.com',NULL,'$2y$12$e7bP6a27xWeELSyrWYNjRuZir1BPrwAlUwnhvrrdliTlhdTJ1g41u','1',NULL,'2024-08-29 08:14:28','2024-08-29 08:14:28'),(9,5,25,13,'BILGA','geral.groupoco@gmail.com',NULL,'$2y$12$dMmU/UQi7WkzwywLliwyYuSvglles/K8Avdxc6b8o6JMFZZYJ5dwu','1',NULL,'2024-08-30 14:24:52','2024-08-30 14:24:52'),(10,6,31,16,'BILGA','grupoco.comercial@gmail.com',NULL,'$2y$12$f8JIMX5pDE9bMQGlN.W5c.9dhWEzgPuOWSa9jb0owEJuMkPmNQS2W','1',NULL,'2024-08-30 14:28:23','2024-08-30 14:28:23'),(11,7,37,19,'Jose Augusto','antonio.baptista@atomo.co.ao',NULL,'$2y$12$u2LIMcJQ8r3ymvA3Vlh/mORk0xP8b4VWznK1I2Wig.RJpZto5YIFO','1',NULL,'2024-09-04 09:55:33','2024-09-04 09:55:33'),(12,8,43,22,'Feliciana Severino','constantinoul7@gmail.com',NULL,'$2y$12$CsmjEWSHGjRgY11loXMpluwtaM/etQephZiqDM.WxOLZ4H.MIXkKC','1',NULL,'2024-09-04 10:01:40','2024-09-04 10:01:40'),(13,9,49,25,'Feliciana Severino','constantinoul@gmail.com',NULL,'$2y$12$UabRQK9PqfzXfdYWQ.zKhOfg.9YaX0gBLmVmT97SM2qPrdNUlEDjO','1',NULL,'2024-09-04 10:05:24','2024-09-04 10:05:25'),(14,10,55,28,'Feliciana Severino','consantinoul@gmail.com',NULL,'$2y$12$JeD/Vy9Qk0a9bLDHbOIVc.uX.Bsgli7txWB4hFUcvhbaENE9RwSIe','1',NULL,'2024-09-04 10:07:57','2024-09-04 10:07:58'),(15,11,69,31,'Otiniel Mivo','unikambas@gmail.com',NULL,'$2y$12$h5QhQOzp0721pybYVwVnL.CxVg1RTXSR9LPLdUWgG596Z3Z6iuUY2','1',NULL,'2024-09-25 09:29:48','2024-09-25 09:29:49'),(16,12,75,34,'Claúdio Bunga','claudiomanuelbunga04@gmail.com',NULL,'$2y$12$1bOfCS9gmIkYyCGoLWv2NOXOy95Iy0Jb9zmWrt0uexBWR6vmx5qoe','1',NULL,'2024-09-25 12:39:58','2024-09-25 12:39:59'),(17,13,81,37,'Domingos Manuel','manueldomingos7890@gmail.com',NULL,'$2y$12$9NKMNWP0QKfXf0dX7pGBuOBxQuoaAxskMc/.XFkDh2r4/lt9zub9e','1',NULL,'2024-09-25 15:39:56','2024-09-25 15:39:57'),(18,14,87,40,'Nelson Francisco','nelsonandrebomba@gmail.com',NULL,'$2y$12$frMIPX2Ml89HphmckeE9FecRulh29UByKDOgVqmXFiRDQHyS5w/LW','1',NULL,'2024-09-27 23:19:34','2024-09-27 23:19:34'),(19,11,70,32,'TEste','s4uangola@gmail.com',NULL,'$2y$12$HSZyPpgOoj4TYL2OUlxJKeb9Cw5QEXlNS.AHvCIIFSxJkXvqmzkkW','1',NULL,'2024-09-30 10:01:22','2024-09-30 10:02:15'),(20,15,93,43,'Maria Sebastiao','Geral.rivs.lda@gmail.com',NULL,'$2y$12$wl/7zk0XkDnre2WrTHx.iuoTd0XTLLHAEjRYY9PtbJWGA1ebJ5dSO','1',NULL,'2024-10-02 10:55:15','2024-10-02 10:55:16'),(21,16,99,46,'Vlaudimiro Pequenino','7voltas.servicos@gmail.com',NULL,'$2y$12$sR5/mNuf8hqpMvBMIgmYp.e3ebMJ1.9rVQRLzPWllgzh6hmpXSvha','1',NULL,'2024-10-02 18:34:31','2024-10-02 18:34:33'),(22,17,105,49,'Aristides Chingolo','arichingolo71@hotmail.com',NULL,'$2y$12$y7YjKmnU20w8enuboTYxZ.xSaXGPnqAanOP2uGcPmXMaQcBplGL1W','1',NULL,'2024-10-07 16:24:14','2024-10-07 16:24:14'),(23,18,111,52,'Herlander','herlander00@gmail.com',NULL,'$2y$12$T8INa9x3lai5FxP.UX6hWe5kwtGsrkqOdnoI9bh6ivj22NVs1/Ysq','1',NULL,'2024-10-09 20:37:43','2024-10-09 20:37:44'),(24,19,117,55,'gui','osvaldogui744@gmail.com',NULL,'$2y$12$efKIyf/lV7aCdUxRStjVvuVS2XFTjHjWf7/v828L0GePu1JvneFMG','1',NULL,'2024-10-15 11:29:26','2024-10-15 11:29:27'),(25,20,123,58,'Pascoal Ngola','pascoalngola@gmail.com',NULL,'$2y$12$1Jv9BPzSQjaGi5g0sQOTSu7RJZuVBCkzLEHopqunEtIxGeOcpzUyO','1',NULL,'2024-10-15 16:12:10','2024-10-15 16:12:11'),(26,21,129,61,'Nelson João','nelsonmorais250@gmail.com',NULL,'$2y$12$V2sRwuW.nluX7hEWzvcixe5PTIa/ZSIMo.18E.9y.CxhXcL0gQnSy','1',NULL,'2024-10-16 04:09:58','2024-10-16 04:10:00'),(27,22,135,64,'Carlos Gazola','carmargib2022@gmail.com',NULL,'$2y$12$ImcUDDsKDow6hhRGOGalEuIPEIz2mpiGzctlQ9uxU54FjvI.9POB6','1',NULL,'2024-10-16 08:25:05','2024-11-04 17:13:12'),(28,23,141,67,'Samuel Paxe','aipainovare863@gmail.com',NULL,'$2y$12$k9trHLnVgks..q1iBMtOGeNi/uvhBYEtGHqVX5DD0b4Dr.zr3BXoe','1',NULL,'2024-10-16 08:26:24','2024-10-16 08:26:25'),(29,24,147,70,'Sebastião Panzo','chelseaganga.bumbar@gmail.com',NULL,'$2y$12$Yp9cmE0Czl3/EkZ11T2CVuv0rNz.x7P0SjIEHPMZ6EPOgeEo7AH4S','1',NULL,'2024-10-16 08:30:59','2024-10-16 08:30:59'),(30,25,153,73,'José Monteiro','nmonteirinho401@gmail.com',NULL,'$2y$12$gJmcRwxbKrFK3mTujCosaOkJIdUYVMFMt7FNB3PbbIuQ6.Cm/DJj.','1',NULL,'2024-10-17 10:56:40','2024-10-17 10:56:40'),(31,26,159,76,'Geroncio','valdieldstyfler@gmail.com',NULL,'$2y$12$VuNE2hYF4bw.UU/zyCZJvekyPMcylpXMkJTv127jXzwmMY4C2aJ6S','1',NULL,'2024-10-17 12:19:15','2024-10-17 12:19:16'),(32,27,165,79,'Francisco Palanca','sampaiopalanca46@gmail.com',NULL,'$2y$12$LKj3Sey1cZqDeRiqveNhhOzTwlrOoypzF7V3yaKOeRdtBvbHsdfkG','1',NULL,'2024-10-17 14:31:28','2024-10-17 14:31:29'),(33,28,172,82,'Paulo Fernandes','pjmservicelda@gmail.com',NULL,'$2y$12$h9mUQO55C/Wensg85FzO1e9zu/kstsWpWRzb2KDC4HIaW4Xe1I1VO','1',NULL,'2024-10-30 07:12:58','2024-10-30 07:12:58');
/*!40000 ALTER TABLE `users` ENABLE KEYS */;
UNLOCK TABLES;

--
-- Table structure for table `vacations`
--

DROP TABLE IF EXISTS `vacations`;
/*!40101 SET @saved_cs_client     = @@character_set_client */;
/*!40101 SET character_set_client = utf8 */;
CREATE TABLE `vacations` (
  `id` bigint(20) unsigned NOT NULL AUTO_INCREMENT,
  `companie_id` bigint(20) unsigned NOT NULL,
  `employee_id` bigint(20) unsigned NOT NULL,
  `user_id` bigint(20) unsigned NOT NULL,
  `user_name` varchar(255) NOT NULL,
  `startDate` varchar(255) NOT NULL,
  `endDate` varchar(255) NOT NULL,
  `created_at` timestamp NULL DEFAULT NULL,
  `updated_at` timestamp NULL DEFAULT NULL,
  PRIMARY KEY (`id`)
) ENGINE=InnoDB AUTO_INCREMENT=9 DEFAULT CHARSET=utf8mb4 COLLATE=utf8mb4_unicode_ci;
/*!40101 SET character_set_client = @saved_cs_client */;

--
-- Dumping data for table `vacations`
--

LOCK TABLES `vacations` WRITE;
/*!40000 ALTER TABLE `vacations` DISABLE KEYS */;
INSERT INTO `vacations` VALUES (1,1,1,1,'Geronsio Quetas','2024-08-07','2024-08-30','2024-08-12 14:21:54','2024-08-12 14:21:54'),(3,1,2,1,'Usuario','2024-08-17','2024-08-23','2024-08-16 11:59:12','2024-08-16 11:59:12'),(4,1,2,1,'Usuario','2024-08-14','2024-08-25','2024-08-18 12:23:48','2024-08-18 12:23:48'),(5,1,3,1,'Usuario','2024-09-15','2024-09-30','2024-08-19 08:46:24','2024-08-19 08:46:24'),(6,1,1,8,'Constantino Ulima','2024-08-06','2024-08-31','2024-08-30 13:23:36','2024-08-30 13:23:36'),(7,11,6,15,'Otiniel Mivo','2024-09-30','2024-10-20','2024-09-25 09:56:28','2024-09-25 09:56:28'),(8,15,8,20,'Maria Sebastiao','2024-12-31','2025-01-15','2024-10-02 11:43:04','2024-10-02 11:43:04');
/*!40000 ALTER TABLE `vacations` ENABLE KEYS */;
UNLOCK TABLES;

--
-- Table structure for table `workloads`
--

DROP TABLE IF EXISTS `workloads`;
/*!40101 SET @saved_cs_client     = @@character_set_client */;
/*!40101 SET character_set_client = utf8 */;
CREATE TABLE `workloads` (
  `id` bigint(20) unsigned NOT NULL AUTO_INCREMENT,
  `companie_id` bigint(20) unsigned NOT NULL,
  `startDate` varchar(255) NOT NULL,
  `endDate` varchar(255) NOT NULL,
  `created_at` timestamp NULL DEFAULT NULL,
  `updated_at` timestamp NULL DEFAULT NULL,
  PRIMARY KEY (`id`)
) ENGINE=InnoDB AUTO_INCREMENT=6 DEFAULT CHARSET=utf8mb4 COLLATE=utf8mb4_unicode_ci;
/*!40101 SET character_set_client = @saved_cs_client */;

--
-- Dumping data for table `workloads`
--

LOCK TABLES `workloads` WRITE;
/*!40000 ALTER TABLE `workloads` DISABLE KEYS */;
INSERT INTO `workloads` VALUES (1,1,'06:00','18:00','2024-08-16 12:00:52','2024-08-19 08:51:26'),(2,2,'08:00','17:00','2024-09-20 12:50:34','2024-09-20 12:50:34'),(3,11,'08:00','17:00','2024-09-30 09:56:37','2024-09-30 09:56:37'),(4,17,'08:00','17:00','2024-10-07 16:31:12','2024-10-07 16:31:12'),(5,22,'07:00','18:00','2024-11-07 10:39:19','2024-11-07 10:39:19');
/*!40000 ALTER TABLE `workloads` ENABLE KEYS */;
UNLOCK TABLES;
/*!40103 SET TIME_ZONE=@OLD_TIME_ZONE */;

/*!40101 SET SQL_MODE=@OLD_SQL_MODE */;
/*!40014 SET FOREIGN_KEY_CHECKS=@OLD_FOREIGN_KEY_CHECKS */;
/*!40014 SET UNIQUE_CHECKS=@OLD_UNIQUE_CHECKS */;
/*!40101 SET CHARACTER_SET_CLIENT=@OLD_CHARACTER_SET_CLIENT */;
/*!40101 SET CHARACTER_SET_RESULTS=@OLD_CHARACTER_SET_RESULTS */;
/*!40101 SET COLLATION_CONNECTION=@OLD_COLLATION_CONNECTION */;
/*!40111 SET SQL_NOTES=@OLD_SQL_NOTES */;

-- Dump completed on 2024-12-03 22:00:11
